{"score": 394.88, "_timestamp": 1709000124.9898527, "_runtime": 332.0039527416229, "_step": 0, "_wandb": {"runtime": 331}}