{"score": 9.37625, "_timestamp": 1709125877.4566925, "_runtime": 28.82074236869812, "_step": 0, "_wandb": {"runtime": 28}}