{"score": 441.33, "_timestamp": 1708995650.0710502, "_runtime": 219.35506916046143, "_step": 0, "_wandb": {"runtime": 218}}