{"score": 423.4435, "_timestamp": 1709069172.4753385, "_runtime": 1938.210685491562, "_step": 0, "_wandb": {"runtime": 1937}}