{"score": 9.31, "_timestamp": 1709054977.7984056, "_runtime": 29.39306664466858, "_step": 0, "_wandb": {"runtime": 28}}