{"score": 35.802, "_timestamp": 1707263536.3781457, "_runtime": 13.13382077217102, "_step": 0, "_wandb": {"runtime": 12}}