{"score": 9.31, "_timestamp": 1707319933.948318, "_runtime": 1795.9898600578308, "_step": 0, "_wandb": {"runtime": 1795}}