{"score": 116.04, "_timestamp": 1708988622.1060054, "_runtime": 166.9871745109558, "_step": 0, "_wandb": {"runtime": 166}}