{"score": 9.31, "_timestamp": 1709055150.475961, "_runtime": 111.94845700263977, "_step": 0, "_wandb": {"runtime": 111}}