{"score": 29.371999999999996, "_timestamp": 1707263481.2138133, "_runtime": 12.090363264083862, "_step": 0, "_wandb": {"runtime": 11}}