{"score": 13.837272727272728, "_timestamp": 1709082869.7202713, "_runtime": 44.90492844581604, "_step": 0, "_wandb": {"runtime": 43}}