{"score": 65.82269999999998, "_timestamp": 1709073027.3145034, "_runtime": 1217.5615854263306, "_step": 0, "_wandb": {"runtime": 1216}}