{"score": 487.11, "_timestamp": 1709026828.485394, "_runtime": 273.81933999061584, "_step": 0, "_wandb": {"runtime": 273}}