{"score": 471.22, "_timestamp": 1709018164.0813842, "_runtime": 445.55674624443054, "_step": 0, "_wandb": {"runtime": 444}}