{"score": 9.31, "_timestamp": 1707333386.4720078, "_runtime": 292.3935966491699, "_step": 0, "_wandb": {"runtime": 291}}