{"score": 9.31, "_timestamp": 1707270239.4665782, "_runtime": 492.434796333313, "_step": 0, "_wandb": {"runtime": 491}}