{"score": 9.31, "_timestamp": 1709127526.6145291, "_runtime": 25.53069305419922, "_step": 0, "_wandb": {"runtime": 24}}