{"score": 493.45, "_timestamp": 1708990054.5791304, "_runtime": 350.311297416687, "_step": 0, "_wandb": {"runtime": 349}}