{"score": 259.2, "_timestamp": 1709015669.4253538, "_runtime": 99.19808268547058, "_step": 0, "_wandb": {"runtime": 98}}