{"score": 9.31, "_timestamp": 1709057669.7122002, "_runtime": 116.5684962272644, "_step": 0, "_wandb": {"runtime": 115}}