{"score": 9.377369999999999, "_timestamp": 1707308562.9791672, "_runtime": 642.2507841587067, "_step": 0, "_wandb": {"runtime": 637}}