{"score": 466.22, "_timestamp": 1708983911.7202852, "_runtime": 241.73915815353394, "_step": 0, "_wandb": {"runtime": 241}}