{"score": 9.31, "_timestamp": 1709067215.5706148, "_runtime": 69.69433689117432, "_step": 0, "_wandb": {"runtime": 69}}