actor_1,actor_2
1.4401077032089233, 1.9730820655822754
1.6500673294067383, 2.0
1.5477793216705322, 2.0
1.561238169670105, 1.7873486280441284
1.4993270635604858, 1.3270524740219116
1.5773890018463135, 1.2974427938461304
1.6985194683074951, 1.2139973640441895
1.738896369934082, 1.2570658922195435
1.636608362197876, 1.232839822769165
1.1682368516921997, 0.8990578651428223
0.9071332216262817, 0.8021534085273743
0.8748317360877991, 0.7644683718681335
0.869448184967041, 0.8317631483078003
0.7752355337142944, 0.9017496705055237
0.6675639152526855, 1.1493943929672241
0.6029609441757202, 1.1897711753845215
0.5518169403076172, 1.2759084701538086
0.8640645742416382, 1.6096904277801514
1.2759084701538086, 2.0
1.3189771175384521, 2.0
1.3028264045715332, 1.9515477418899536
1.2651413679122925, 1.8842530250549316
1.3620457649230957, 1.9057873487472534
1.426648736000061, 1.8008075952529907
1.4993270635604858, 1.3270524740219116
1.5504710674285889, 1.1036338806152344
1.5504710674285889, 1.1036338806152344
1.4858680963516235, 1.0444145202636719
1.5477793216705322, 1.063257098197937
1.483176350593567, 0.9986541271209717
1.5397038459777832, 1.0417227745056152
1.2113054990768433, 0.8936743140220642
0.823687732219696, 0.6890982389450073
0.8156123757362366, 0.705249011516571
0.8156123757362366, 0.705249011516571
0.7886945009231567, 0.6917900443077087
0.8479138612747192, 0.7429340481758118
0.869448184967041, 0.8317631483078003
0.7752355337142944, 0.9017496705055237
0.5787348747253418, 1.1278600692749023
0.5195154547691345, 1.1224764585494995
0.5141319036483765, 1.0713324546813965
0.4845221936702728, 1.0094212293624878
0.4845221936702728, 1.0094212293624878
0.6271870732307434, 1.1951547861099243
0.9475101232528687, 1.5127860307693481
1.216689109802246, 1.7685060501098633
1.1628532409667969, 1.738896369934082
1.1924630403518677, 1.6931359767913818
1.165545105934143, 1.6608344316482544
1.1197847127914429, 1.5531628131866455
1.1763122081756592, 1.652759075164795
1.232839822769165, 1.6581426858901978
1.3378196954727173, 1.6742933988571167
1.4966353178024292, 1.2086137533187866
1.44279944896698, 1.095558524131775
1.4158815145492554, 0.9798115491867065
1.4158815145492554, 0.9798115491867065
1.4158815145492554, 0.9798115491867065
