actor_1,actor_2
1.6393001079559326, 1.636608362197876
1.0874831676483154, 1.0013458728790283
0.9313593506813049, 0.8829071521759033
0.8748317360877991, 0.8156123757362366
0.8048452138900757, 0.7994616627693176
0.8048452138900757, 0.7994616627693176
0.7456258535385132, 0.6890982389450073
0.7456258535385132, 0.6890982389450073
