actor_1,actor_2
1.7442799806594849, 2.0
1.8142664432525635, 2.0
1.755047082901001, 2.0
1.7469717264175415, 1.8654104471206665
1.6850606203079224, 1.3728128671646118
1.790040373802185, 1.3162853717803955
1.9004037380218506, 1.165545105934143
1.9542396068572998, 1.2139973640441895
1.9273216724395752, 1.2382234334945679
1.6096904277801514, 0.9959623217582703
1.4051144123077393, 0.8317631483078003
1.324360728263855, 0.7779273390769958
1.2086137533187866, 0.7913862466812134
1.1547778844833374, 0.8748317360877991
1.0740242004394531, 1.1278600692749023
0.9555854797363281, 1.130551815032959
0.9555854797363281, 1.130551815032959
0.915208637714386, 1.095558524131775
0.9313593506813049, 1.0928667783737183
1.095558524131775, 1.324360728263855
1.2678331136703491, 1.6258411407470703
1.4239569902420044, 1.7469717264175415
1.410498023033142, 1.6258411407470703
1.3997308015823364, 1.5800807476043701
1.3862718343734741, 1.636608362197876
1.5047106742858887, 1.7765814065933228
1.5047106742858887, 1.7765814065933228
1.6339164972305298, 1.932705283164978
1.7065949440002441, 1.7065949440002441
1.77119779586792, 1.2005383968353271
1.77119779586792, 1.0740242004394531
1.6554508209228516, 0.88559889793396
1.6554508209228516, 0.88559889793396
1.7308210134506226, 0.9340511560440063
1.77119779586792, 0.9528936743736267
1.8250336647033691, 1.02288019657135
1.7173620462417603, 0.9798115491867065
1.5235531330108643, 0.8371466994285583
1.3270524740219116, 0.6998654007911682
1.2570658922195435, 0.654105007648468
1.1870794296264648, 0.6191117167472839
1.1870794296264648, 0.6191117167472839
1.2139973640441895, 0.6621803641319275
1.2086137533187866, 0.7913862466812134
1.1870794296264648, 0.8425303101539612
1.090174913406372, 1.1278600692749023
0.9851951599121094, 1.216689109802246
0.8613728284835815, 1.0417227745056152
0.8613728284835815, 1.0417227745056152
