actor_1,actor_2
1.7254374027252197, 1.9353970289230347
1.7658143043518066, 1.9111709594726562
1.6339164972305298, 1.738896369934082
1.5800807476043701, 1.5047106742858887
1.569313645362854, 1.0659488439559937
1.687752366065979, 1.1870794296264648
1.5800807476043701, 1.095558524131775
1.2624495029449463, 0.8963660597801208
1.1924630403518677, 0.8963660597801208
1.1090174913406372, 0.8721399903297424
1.0336474180221558, 1.012113094329834
1.047106385231018, 1.0847914218902588
0.9394347071647644, 1.0363391637802124
1.0013458728790283, 1.1278600692749023
0.9771198034286499, 1.1574697494506836
1.028263807296753, 1.1736204624176025
1.2382234334945679, 1.4697173833847046
1.4454911947250366, 1.569313645362854
1.4131897687911987, 1.5800807476043701
1.391655445098877, 1.518169641494751
1.3270524740219116, 1.3943471908569336
1.3270524740219116, 1.3943471908569336
1.493943452835083, 1.6958277225494385
1.493943452835083, 1.6958277225494385
1.5316284894943237, 1.4643337726593018
1.4481830596923828, 0.7644683718681335
1.3701211214065552, 0.5948855876922607
1.3701211214065552, 0.5948855876922607
1.308210015296936, 0.5141319036483765
1.35127854347229, 0.5598923563957214
1.4131897687911987, 0.6164199113845825
1.4212651252746582, 0.6917900443077087
1.273216724395752, 0.7375504970550537
1.1197847127914429, 0.6352624297142029
1.0686405897140503, 0.5975773930549622
1.0148048400878906, 0.5706595182418823
0.9959623217582703, 0.5787348747253418
0.9959623217582703, 0.5787348747253418
0.982503354549408, 0.6191117167472839
0.9771198034286499, 0.7860026955604553
1.0444145202636719, 0.9986541271209717
0.9717361927032471, 1.0336474180221558
0.8963660597801208, 1.0605652332305908
