actor_1,actor_2
1.647375464439392, 1.8788694143295288
1.67160165309906, 1.857335090637207
1.5370121002197266, 1.7119784355163574
1.4643337726593018, 1.483176350593567
1.3943471908569336, 0.9448183178901672
1.4239569902420044, 0.8909825086593628
1.477792739868164, 0.7886945009231567
1.5208613872528076, 0.8452220559120178
1.5208613872528076, 0.9232839941978455
1.2086137533187866, 0.7644683718681335
0.9986541271209717, 0.6783310770988464
0.9340511560440063, 0.624495267868042
0.8802153468132019, 0.6271870732307434
0.8640645742416382, 0.7133243680000305
0.823687732219696, 0.9394347071647644
0.7240915298461914, 0.9475101232528687
0.7240915298461914, 0.9475101232528687
0.675639271736145, 0.9555854797363281
0.6971735954284668, 0.9448183178901672
0.9017496705055237, 1.1628532409667969
1.1736204624176025, 1.5020188093185425
1.3135935068130493, 1.4508748054504395
1.2409151792526245, 1.308210015296936
1.2247644662857056, 1.2624495029449463
1.2139973640441895, 1.3620457649230957
1.335127830505371, 1.4670255184173584
1.335127830505371, 1.4670255184173584
1.426648736000061, 1.6043068170547485
1.4131897687911987, 1.2974427938461304
1.3862718343734741, 0.7698519229888916
1.3835800886154175, 0.6971735954284668
1.2705248594284058, 0.5356662273406982
1.2705248594284058, 0.5356662273406982
1.308210015296936, 0.5841184258460999
1.340511441230774, 0.608344554901123
1.4239569902420044, 0.6837146878242493
1.289367437362671, 0.72139972448349
1.095558524131775, 0.6325706839561462
0.9232839941978455, 0.5787348747253418
0.8748317360877991, 0.5518169403076172
0.8506056666374207, 0.5222072601318359
0.8506056666374207, 0.5222072601318359
0.8667563796043396, 0.5598923563957214
0.8802153468132019, 0.6271870732307434
0.8721399903297424, 0.675639271736145
0.8290713429450989, 0.9394347071647644
0.7590848207473755, 1.0497981309890747
0.6514132022857666, 0.8721399903297424
0.6514132022857666, 0.8721399903297424
