actor_1,actor_2
1.4670255184173584, 1.9030956029891968
1.5316284894943237, 1.9246299266815186
1.4024226665496826, 1.7469717264175415
1.407806158065796, 1.5558546781539917
1.3109017610549927, 1.0713324546813965
1.375504732131958, 1.0740242004394531
1.3781964778900146, 0.9367429614067078
1.4562584161758423, 1.0551817417144775
1.4670255184173584, 1.1493943929672241
1.1574697494506836, 0.8802153468132019
0.966352641582489, 0.7537012100219727
0.8882907032966614, 0.705249011516571
0.8290713429450989, 0.7187079191207886
0.7994616627693176, 0.7967698574066162
0.7079407572746277, 0.9555854797363281
0.5895020365715027, 0.9259757995605469
0.5895020365715027, 0.9259757995605469
0.5545087456703186, 0.9286675453186035
0.6029609441757202, 0.9690443873405457
0.772543728351593, 1.2247644662857056
0.9959623217582703, 1.477792739868164
1.1547778844833374, 1.5423957109451294
1.0767160654067993, 1.4158815145492554
1.0713324546813965, 1.375504732131958
1.0551817417144775, 1.391655445098877
1.1951547861099243, 1.5020188093185425
1.1951547861099243, 1.5020188093185425
1.3162853717803955, 1.6150740385055542
1.3566621541976929, 1.3701211214065552
1.335127830505371, 0.9367429614067078
1.2759084701538086, 0.8371466994285583
1.1251682043075562, 0.6487213969230652
1.1251682043075562, 0.6487213969230652
