actor_1,actor_2
1.3674293756484985, 1.8950202465057373
1.528936743736267, 1.9623149633407593
1.4320323467254639, 1.841184377670288
1.458950161933899, 1.6608344316482544
1.4481830596923828, 1.1601614952087402
1.5531628131866455, 1.1440107822418213
1.6258411407470703, 1.0040377378463745
1.6931359767913818, 1.0713324546813965
1.6177657842636108, 1.165545105934143
1.2597577571868896, 0.8775235414505005
1.0659488439559937, 0.7806190848350525
0.9986541271209717, 0.7537012100219727
0.9179003834724426, 0.7779273390769958
0.8640645742416382, 0.8640645742416382
0.6944818496704102, 1.028263807296753
0.608344554901123, 0.982503354549408
0.608344554901123, 0.982503354549408
0.5841184258460999, 0.9448183178901672
0.6298788785934448, 1.0067294836044312
0.7967698574066162, 1.222072720527649
1.0174965858459473, 1.5397038459777832
1.216689109802246, 1.647375464439392
1.1601614952087402, 1.5154777765274048
1.1547778844833374, 1.4374158382415771
1.1332435607910156, 1.3997308015823364
1.222072720527649, 1.5773890018463135
1.222072720527649, 1.5773890018463135
1.3055181503295898, 1.6904441118240356
1.407806158065796, 1.4670255184173584
1.4885598421096802, 1.0255720615386963
1.4751009941101074, 0.9017496705055237
1.3324360847473145, 0.7294750809669495
1.3324360847473145, 0.7294750809669495
