actor_1,actor_2
1.248990535736084, 1.8115746974945068
1.4751009941101074, 1.9057873487472534
1.3889636993408203, 1.822341799736023
1.3862718343734741, 1.6500673294067383
1.4401077032089233, 1.1628532409667969
1.545087456703186, 1.1170928478240967
1.6931359767913818, 1.012113094329834
1.7658143043518066, 1.0713324546813965
1.620457649230957, 1.1278600692749023
1.2462987899780273, 0.8640645742416382
1.0309555530548096, 0.7402422428131104
0.966352641582489, 0.7133243680000305
0.8775235414505005, 0.7348586916923523
0.7994616627693176, 0.8156123757362366
0.6890982389450073, 0.9878869652748108
0.6917900443077087, 1.0201884508132935
0.6971735954284668, 1.079407811164856
0.9475101232528687, 1.4454911947250366
1.1924630403518677, 1.857335090637207
1.2759084701538086, 1.830417275428772
1.232839822769165, 1.7631224393844604
1.216689109802246, 1.7092866897583008
1.2866756916046143, 1.7146703004837036
1.3109017610549927, 1.596231460571289
1.4401077032089233, 1.1628532409667969
1.5477793216705322, 0.8882907032966614
1.5477793216705322, 0.8882907032966614
1.5585464239120483, 0.8667563796043396
1.6069986820220947, 0.9071332216262817
1.6096904277801514, 0.8425303101539612
1.6554508209228516, 0.9098250269889832
1.3566621541976929, 0.818304181098938
1.0067294836044312, 0.6514132022857666
0.9555854797363281, 0.6729475259780884
0.9555854797363281, 0.6729475259780884
0.9125168323516846, 0.6621803641319275
0.915208637714386, 0.6971735954284668
0.8775235414505005, 0.7348586916923523
0.7994616627693176, 0.8156123757362366
0.6460295915603638, 0.966352641582489
0.6164199113845825, 0.9528936743736267
0.6002691984176636, 0.9367429614067078
0.5841184258460999, 0.9125168323516846
0.5841184258460999, 0.9125168323516846
0.7160161733627319, 1.1440107822418213
0.8748317360877991, 1.4239569902420044
1.11440110206604, 1.6177657842636108
1.0928667783737183, 1.5477793216705322
1.1009421348571777, 1.5316284894943237
1.095558524131775, 1.4804844856262207
1.0767160654067993, 1.3701211214065552
1.1574697494506836, 1.518169641494751
1.2086137533187866, 1.545087456703186
1.2651413679122925, 1.4993270635604858
1.4562584161758423, 1.0201884508132935
1.4508748054504395, 0.9017496705055237
1.4858680963516235, 0.7940780520439148
1.4858680963516235, 0.7940780520439148
1.4858680963516235, 0.7940780520439148
