actor_1,actor_2
1.3055181503295898, 1.8250336647033691
1.5585464239120483, 1.9353970289230347
1.4535666704177856, 1.7873486280441284
1.4535666704177856, 1.6069986820220947
1.4724091291427612, 1.0524898767471313
1.596231460571289, 1.0174965858459473
1.738896369934082, 0.9394347071647644
1.7981157302856445, 0.9878869652748108
1.5746971368789673, 1.0605652332305908
1.2812920808792114, 0.7806190848350525
1.0094212293624878, 0.6971735954284668
0.9636608362197876, 0.6810228824615479
0.8721399903297424, 0.6998654007911682
0.8021534085273743, 0.7806190848350525
0.6917900443077087, 0.9259757995605469
0.5868102312088013, 0.8936743140220642
0.5868102312088013, 0.8936743140220642
0.5760430693626404, 0.8371466994285583
0.5895020365715027, 0.8613728284835815
0.7913862466812134, 1.028263807296753
0.9286675453186035, 1.3728128671646118
1.1924630403518677, 1.53432035446167
1.1386271715164185, 1.4131897687911987
1.1224764585494995, 1.3728128671646118
1.11440110206604, 1.3728128671646118
1.2005383968353271, 1.5235531330108643
1.2005383968353271, 1.5235531330108643
1.3216688632965088, 1.7173620462417603
1.44279944896698, 1.4374158382415771
1.5746971368789673, 0.9179003834724426
1.5908479690551758, 0.8263795375823975
1.5720053911209106, 0.7402422428131104
1.5720053911209106, 0.7402422428131104
1.67160165309906, 0.7940780520439148
1.7119784355163574, 0.8263795375823975
1.7604306936264038, 0.9044414758682251
1.4724091291427612, 0.8640645742416382
1.2651413679122925, 0.7106325626373291
1.0094212293624878, 0.6433378458023071
0.966352641582489, 0.6325706839561462
0.9259757995605469, 0.6218035221099854
0.9259757995605469, 0.6218035221099854
0.9340511560440063, 0.6352624297142029
0.8721399903297424, 0.6998654007911682
0.8209959864616394, 0.7402422428131104
0.6594885587692261, 0.9179003834724426
0.6110363602638245, 0.9636608362197876
0.5464333891868591, 0.8021534085273743
0.5464333891868591, 0.8021534085273743
