actor_1,actor_2
1.8358007669448853, 1.948855996131897
2.0, 1.9273216724395752
1.8358007669448853, 1.948855996131897
2.0, 1.9273216724395752
1.8358007669448853, 1.948855996131897
2.0, 1.9273216724395752
1.8250336647033691, 1.8384926319122314
2.0, 1.9273216724395752
1.8600269556045532, 1.6500673294067383
1.4562584161758423, 1.1224764585494995
1.232839822769165, 1.1170928478240967
1.1224764585494995, 1.1601614952087402
1.0928667783737183, 1.2113054990768433
1.1870794296264648, 1.2462987899780273
1.5074024200439453, 1.9004037380218506
1.7173620462417603, 2.0
1.6123822927474976, 1.7981157302856445
1.67160165309906, 1.8627187013626099
1.7012113332748413, 1.6554508209228516
1.7927321195602417, 1.8546433448791504
1.738896369934082, 1.4858680963516235
1.9165544509887695, 1.1763122081756592
1.9892328977584839, 1.1036338806152344
2.0, 1.146702527999878
1.8034993410110474, 1.0605652332305908
1.5262449979782104, 0.8882907032966614
1.3324360847473145, 0.8290713429450989
1.2274562120437622, 0.9340511560440063
1.1090174913406372, 1.0497981309890747
1.0094212293624878, 1.1036338806152344
1.0094212293624878, 1.1036338806152344
0.9609690308570862, 1.0336474180221558
0.9448183178901672, 1.0148048400878906
1.0928667783737183, 1.1090174913406372
1.1251682043075562, 1.1843875646591187
1.335127830505371, 1.4185733795166016
1.4804844856262207, 1.6742933988571167
1.4912517070770264, 1.5370121002197266
1.4562584161758423, 1.4643337726593018
1.4562584161758423, 1.4643337726593018
1.4697173833847046, 1.359354019165039
1.4697173833847046, 1.359354019165039
1.4697173833847046, 1.359354019165039
1.4804844856262207, 1.5020188093185425
1.5047106742858887, 1.3970390558242798
1.3997308015823364, 1.2786002159118652
1.1547778844833374, 0.9555854797363281
1.170928716659546, 1.0148048400878906
1.1682368516921997, 1.0524898767471313
1.0820995569229126, 0.9690443873405457
0.9905787110328674, 0.9044414758682251
