actor_1,actor_2
1.7523553371429443, 1.7685060501098633
1.9865410327911377, 1.7604306936264038
1.7523553371429443, 1.7685060501098633
1.9865410327911377, 1.7604306936264038
1.7523553371429443, 1.7685060501098633
1.9865410327911377, 1.7604306936264038
1.652759075164795, 1.6581426858901978
1.9865410327911377, 1.7604306936264038
1.67160165309906, 1.5208613872528076
1.181695818901062, 0.9851951599121094
1.0148048400878906, 0.9528936743736267
0.9179003834724426, 0.9690443873405457
0.9098250269889832, 1.0148048400878906
0.9555854797363281, 1.028263807296753
1.3485867977142334, 1.6339164972305298
1.6635262966156006, 1.7604306936264038
1.5316284894943237, 1.6258411407470703
1.5773890018463135, 1.6958277225494385
1.5989233255386353, 1.5639300346374512
1.67160165309906, 1.7281291484832764
1.6689097881317139, 1.410498023033142
1.8250336647033691, 1.1601614952087402
1.846567988395691, 1.090174913406372
1.9515477418899536, 1.0040377378463745
1.5262449979782104, 0.9394347071647644
1.2005383968353271, 0.7860026955604553
1.0740242004394531, 0.7348586916923523
0.9851951599121094, 0.7886945009231567
0.8586810231208801, 0.8532974720001221
0.8075370192527771, 0.9125168323516846
0.8075370192527771, 0.9125168323516846
0.7752355337142944, 0.8613728284835815
0.7779273390769958, 0.8667563796043396
0.8586810231208801, 0.9286675453186035
0.9098250269889832, 0.982503354549408
1.1601614952087402, 1.2274562120437622
1.4239569902420044, 1.4993270635604858
1.407806158065796, 1.4158815145492554
1.3889636993408203, 1.3674293756484985
1.493943452835083, 1.5585464239120483
1.3889636993408203, 1.3674293756484985
1.528936743736267, 1.4724091291427612
1.2409151792526245, 1.165545105934143
0.9932705163955688, 0.9071332216262817
0.9717361927032471, 0.9609690308570862
0.869448184967041, 0.8559892177581787
