actor_1,actor_2
1.6096904277801514, 2.0
1.7765814065933228, 2.0
1.6177657842636108, 1.9784656763076782
1.6069986820220947, 1.7362046241760254
1.601615071296692, 1.2193808555603027
1.7065949440002441, 1.1763122081756592
1.8115746974945068, 1.0740242004394531
1.913862705230713, 1.1063257455825806
1.8250336647033691, 1.1763122081756592
1.308210015296936, 0.8559892177581787
1.0740242004394531, 0.6864064335823059
1.0013458728790283, 0.6379542350769043
0.9179003834724426, 0.6729475259780884
0.8748317360877991, 0.7510094046592712
0.7860026955604553, 0.9878869652748108
0.6325706839561462, 1.0255720615386963
0.6325706839561462, 1.0255720615386963
0.5841184258460999, 0.9636608362197876
0.5975773930549622, 1.0148048400878906
0.772543728351593, 1.2624495029449463
1.0309555530548096, 1.6446837186813354
1.2597577571868896, 1.7173620462417603
1.1924630403518677, 1.6231493949890137
1.1682368516921997, 1.528936743736267
1.1628532409667969, 1.483176350593567
1.2651413679122925, 1.6419919729232788
1.2651413679122925, 1.6419919729232788
1.4454911947250366, 1.790040373802185
1.5827724933624268, 1.5370121002197266
1.6689097881317139, 1.0524898767471313
1.6554508209228516, 0.9448183178901672
1.5477793216705322, 0.818304181098938
1.5477793216705322, 0.818304181098938
1.6285330057144165, 0.8775235414505005
1.6689097881317139, 0.9259757995605469
1.7927321195602417, 0.9744279980659485
1.5235531330108643, 0.9421265125274658
1.2086137533187866, 0.7402422428131104
1.0174965858459473, 0.5921937823295593
0.9609690308570862, 0.55720055103302
0.9017496705055237, 0.5410497784614563
0.9017496705055237, 0.5410497784614563
0.9125168323516846, 0.5706595182418823
0.9179003834724426, 0.6729475259780884
0.9017496705055237, 0.7240915298461914
0.7563930153846741, 1.0309555530548096
0.6971735954284668, 1.079407811164856
0.55720055103302, 0.9098250269889832
0.55720055103302, 0.9098250269889832
