actor_1,actor_2
1.8008075952529907, 1.9865410327911377
1.9569313526153564, 2.0
1.8654104471206665, 1.8842530250549316
1.7846567630767822, 1.6150740385055542
1.841184377670288, 1.2462987899780273
1.9165544509887695, 1.3781964778900146
1.7308210134506226, 1.2570658922195435
1.2974427938461304, 0.8882907032966614
1.2247644662857056, 0.9044414758682251
1.216689109802246, 0.9125168323516846
1.197846531867981, 1.0363391637802124
1.165545105934143, 1.0928667783737183
1.0551817417144775, 1.0201884508132935
0.9986541271209717, 0.966352641582489
1.0013458728790283, 0.9582772254943848
