actor_1,actor_2
1.6419919729232788, 1.8734859228134155
1.8358007669448853, 1.983849287033081
1.7658143043518066, 1.8358007669448853
1.7012113332748413, 1.5827724933624268
1.7738896608352661, 1.216689109802246
1.8331090211868286, 1.3324360847473145
1.6231493949890137, 1.1763122081756592
1.1197847127914429, 0.8317631483078003
1.0578734874725342, 0.8452220559120178
1.0336474180221558, 0.8506056666374207
1.0040377378463745, 0.9609690308570862
0.9717361927032471, 1.012113094329834
0.8425303101539612, 0.9286675453186035
0.8640645742416382, 0.9905787110328674
0.8156123757362366, 0.9878869652748108
0.8479138612747192, 1.0444145202636719
1.1036338806152344, 1.3109017610549927
1.3970390558242798, 1.5531628131866455
1.4051144123077393, 1.5020188093185425
1.3835800886154175, 1.4212651252746582
1.3297443389892578, 1.3135935068130493
1.3835800886154175, 1.4212651252746582
1.3997308015823364, 1.4616420269012451
1.5047106742858887, 1.6339164972305298
1.5047106742858887, 1.6339164972305298
1.6689097881317139, 1.6446837186813354
1.6985194683074951, 1.1736204624176025
1.6985194683074951, 0.915208637714386
1.6043068170547485, 0.7806190848350525
1.6796770095825195, 0.8506056666374207
1.738896369934082, 0.9448183178901672
1.569313645362854, 0.9340511560440063
1.1278600692749023, 0.7510094046592712
1.0740242004394531, 0.7187079191207886
1.0201884508132935, 0.675639271736145
1.0255720615386963, 0.6810228824615479
0.9905787110328674, 0.6944818496704102
0.9771198034286499, 0.8613728284835815
1.0013458728790283, 0.9851951599121094
0.9259757995605469, 0.9851951599121094
0.8559892177581787, 0.9232839941978455
