actor_1,actor_2
1.795423984527588, 1.7308210134506226
1.1547778844833374, 0.9771198034286499
0.9555854797363281, 0.8129205703735352
0.9071332216262817, 0.767160177230835
0.818304181098938, 0.705249011516571
0.818304181098938, 0.705249011516571
0.7698519229888916, 0.6218035221099854
0.7698519229888916, 0.6218035221099854
