actor_1,actor_2
1.6096904277801514, 1.6985194683074951
1.8950202465057373, 1.9434723854064941
1.8519515991210938, 1.7496634721755981
1.9111709594726562, 1.7738896608352661
1.6069986820220947, 1.3970390558242798
0.9986541271209717, 0.8425303101539612
0.8667563796043396, 0.7510094046592712
0.7644683718681335, 0.8021534085273743
0.772543728351593, 0.7913862466812134
0.8048452138900757, 0.9475101232528687
1.2086137533187866, 1.4993270635604858
1.5989233255386353, 1.7846567630767822
1.5827724933624268, 1.5935397148132324
1.652759075164795, 1.7658143043518066
1.6931359767913818, 1.5989233255386353
1.8088829517364502, 1.6608344316482544
1.8600269556045532, 1.4616420269012451
1.9973082542419434, 1.483176350593567
1.4347240924835205, 1.0497981309890747
1.098250389099121, 0.7779273390769958
0.9340511560440063, 0.7402422428131104
0.7644683718681335, 0.8021534085273743
0.8129205703735352, 0.8559892177581787
0.8506056666374207, 1.047106385231018
1.1574697494506836, 1.5074024200439453
1.6096904277801514, 2.0
1.7254374027252197, 1.9353970289230347
1.652759075164795, 1.7658143043518066
1.5908479690551758, 1.5746971368789673
1.8842530250549316, 1.7927321195602417
1.9973082542419434, 1.9703903198242188
1.8600269556045532, 1.7604306936264038
1.1547778844833374, 1.039030909538269
1.039030909538269, 1.028263807296753
0.8802153468132019, 0.8398385047912598
0.7267833352088928, 0.7994616627693176
0.7779273390769958, 0.8532974720001221
0.7967698574066162, 0.8263795375823975
0.9071332216262817, 0.9609690308570862
1.232839822769165, 1.3109017610549927
1.5935397148132324, 1.7146703004837036
1.6608344316482544, 1.5800807476043701
1.5154777765274048, 1.5827724933624268
1.6500673294067383, 1.6285330057144165
1.3889636993408203, 1.4508748054504395
1.6096904277801514, 1.636608362197876
1.5881561040878296, 1.375504732131958
1.5127860307693481, 1.4912517070770264
1.0820995569229126, 0.9717361927032471
0.9609690308570862, 0.9259757995605469
0.88559889793396, 0.9125168323516846
0.9232839941978455, 0.9367429614067078
0.9744279980659485, 0.8640645742416382
0.9232839941978455, 0.9367429614067078
0.9744279980659485, 0.8640645742416382
0.9232839941978455, 0.9367429614067078
