actor_1,actor_2
1.8681023120880127, 2.0
1.897711992263794, 2.0
1.7012113332748413, 1.948855996131897
1.5800807476043701, 1.6662180423736572
1.5047106742858887, 1.1197847127914429
1.6285330057144165, 1.146702527999878
1.7981157302856445, 1.0713324546813965
1.913862705230713, 1.1493943929672241
1.9380887746810913, 1.1736204624176025
1.5585464239120483, 0.9609690308570862
1.3109017610549927, 0.8829071521759033
1.2624495029449463, 0.8532974720001221
1.2759084701538086, 0.8667563796043396
1.2355316877365112, 0.9690443873405457
1.1601614952087402, 1.2624495029449463
1.0336474180221558, 1.300134539604187
1.0336474180221558, 1.300134539604187
0.9959623217582703, 1.3216688632965088
1.0013458728790283, 1.359354019165039
1.165545105934143, 1.5773890018463135
1.3808883428573608, 1.8384926319122314
1.4562584161758423, 1.9730820655822754
1.3297443389892578, 1.8384926319122314
1.2624495029449463, 1.7469717264175415
1.222072720527649, 1.596231460571289
1.283983826637268, 1.6850606203079224
1.283983826637268, 1.6850606203079224
1.426648736000061, 1.7577389478683472
1.5370121002197266, 1.426648736000061
1.5908479690551758, 0.9744279980659485
1.53432035446167, 0.8775235414505005
1.4697173833847046, 0.7429340481758118
1.4697173833847046, 0.7429340481758118
1.5773890018463135, 0.8667563796043396
1.6985194683074951, 0.9179003834724426
1.8519515991210938, 1.028263807296753
1.720053791999817, 0.9636608362197876
1.4697173833847046, 0.8586810231208801
1.2597577571868896, 0.8075370192527771
1.216689109802246, 0.7833108901977539
1.2059218883514404, 0.7617765665054321
1.2059218883514404, 0.7617765665054321
1.216689109802246, 0.7967698574066162
1.2759084701538086, 0.8667563796043396
1.273216724395752, 0.9340511560440063
1.1574697494506836, 1.2920591831207275
1.063257098197937, 1.340511441230774
0.9771198034286499, 1.2247644662857056
0.9771198034286499, 1.2247644662857056
