actor_1,actor_2
1.4158815145492554, 1.7577389478683472
1.6312247514724731, 1.8331090211868286
1.53432035446167, 1.6608344316482544
1.4401077032089233, 1.3701211214065552
1.636608362197876, 1.0444145202636719
1.738896369934082, 1.170928716659546
1.5020188093185425, 1.1117092370986938
1.012113094329834, 0.823687732219696
0.869448184967041, 0.8317631483078003
0.7537012100219727, 0.8425303101539612
0.7833108901977539, 1.1386271715164185
1.0013458728790283, 1.4374158382415771
1.375504732131958, 1.9192463159561157
1.5935397148132324, 2.0
1.5074024200439453, 1.8142664432525635
1.4454911947250366, 1.545087456703186
1.3432031869888306, 1.0767160654067993
1.6689097881317139, 0.8667563796043396
1.7873486280441284, 0.9528936743736267
1.8115746974945068, 0.920592188835144
1.6096904277801514, 0.9771198034286499
1.2462987899780273, 0.8156123757362366
0.9905787110328674, 0.7617765665054321
0.915208637714386, 0.7079407572746277
0.8102288246154785, 0.7025572061538696
0.6944818496704102, 0.8425303101539612
0.624495267868042, 1.012113094329834
0.6056527495384216, 1.095558524131775
0.624495267868042, 1.1278600692749023
0.8317631483078003, 1.308210015296936
1.170928716659546, 1.7335127592086792
1.3647375106811523, 1.806191086769104
1.3216688632965088, 1.6446837186813354
1.2597577571868896, 1.545087456703186
1.2355316877365112, 1.510094165802002
1.3162853717803955, 1.5127860307693481
1.3378196954727173, 1.375504732131958
1.518169641494751, 0.8371466994285583
1.493943452835083, 0.7079407572746277
1.4293404817581177, 0.5975773930549622
1.4293404817581177, 0.5975773930549622
1.5397038459777832, 0.6675639152526855
1.6393001079559326, 0.7348586916923523
1.7065949440002441, 0.767160177230835
1.6850606203079224, 0.7994616627693176
1.3647375106811523, 0.767160177230835
0.9475101232528687, 0.6218035221099854
0.8882907032966614, 0.6002691984176636
0.8882907032966614, 0.6002691984176636
0.8452220559120178, 0.5814266204833984
0.8452220559120178, 0.5814266204833984
0.8721399903297424, 0.6460295915603638
0.8721399903297424, 0.6460295915603638
0.8102288246154785, 0.7025572061538696
0.624495267868042, 1.012113094329834
0.5383580327033997, 0.9313593506813049
0.5087482929229736, 0.7886945009231567
0.5087482929229736, 0.7886945009231567
