actor_1,actor_2
1.7173620462417603, 1.9353970289230347
1.755047082901001, 1.90847909450531
1.596231460571289, 1.7496634721755981
1.510094165802002, 1.4454911947250366
1.585464358329773, 1.1036338806152344
1.722745656967163, 1.2113054990768433
1.6069986820220947, 1.1682368516921997
1.1682368516921997, 0.8909825086593628
1.0767160654067993, 0.8936743140220642
1.0013458728790283, 0.8882907032966614
0.9421265125274658, 0.9932705163955688
1.02288019657135, 1.1440107822418213
0.9986541271209717, 1.165545105934143
1.11440110206604, 1.3162853717803955
1.483176350593567, 1.846567988395691
1.5423957109451294, 1.795423984527588
1.4320323467254639, 1.636608362197876
1.3674293756484985, 1.5370121002197266
1.4374158382415771, 1.6043068170547485
1.4374158382415771, 1.6043068170547485
1.4562584161758423, 1.1520861387252808
1.477792739868164, 0.8425303101539612
1.4051144123077393, 0.7563930153846741
1.4643337726593018, 0.8075370192527771
1.4374158382415771, 0.772543728351593
1.4912517070770264, 0.7644683718681335
1.3835800886154175, 0.8586810231208801
1.095558524131775, 0.7456258535385132
0.9017496705055237, 0.6594885587692261
0.88559889793396, 0.6675639152526855
0.8613728284835815, 0.6944818496704102
0.8909825086593628, 0.7483176589012146
0.9232839941978455, 0.7940780520439148
0.9475101232528687, 0.9878869652748108
0.8990578651428223, 1.079407811164856
0.8640645742416382, 1.02288019657135
0.7806190848350525, 0.966352641582489
0.823687732219696, 1.0255720615386963
0.8882907032966614, 1.090174913406372
0.9932705163955688, 1.1359354257583618
1.2947510480880737, 1.5504710674285889
1.375504732131958, 1.493943452835083
1.3189771175384521, 1.3889636993408203
1.2759084701538086, 1.4239569902420044
1.2274562120437622, 1.3028264045715332
1.2274562120437622, 1.3028264045715332
1.289367437362671, 1.4885598421096802
1.289367437362671, 1.4885598421096802
1.426648736000061, 1.596231460571289
1.4912517070770264, 1.601615071296692
1.44279944896698, 0.8209959864616394
1.359354019165039, 0.6648721694946289
1.2812920808792114, 0.6110363602638245
1.2812920808792114, 0.6110363602638245
1.2812920808792114, 0.6110363602638245
