actor_1,actor_2
1.7658143043518066, 1.8331090211868286
1.8088829517364502, 1.846567988395691
1.636608362197876, 1.6958277225494385
1.5827724933624268, 1.4670255184173584
1.6796770095825195, 1.1413190364837646
1.8169583082199097, 1.248990535736084
1.7173620462417603, 1.181695818901062
1.1924630403518677, 0.9232839941978455
1.028263807296753, 0.9017496705055237
0.966352641582489, 0.9313593506813049
0.8640645742416382, 1.0201884508132935
0.8882907032966614, 1.1197847127914429
0.7779273390769958, 1.1090174913406372
0.9367429614067078, 1.2247644662857056
1.3297443389892578, 1.6904441118240356
1.4481830596923828, 1.7335127592086792
1.3324360847473145, 1.5773890018463135
1.2705248594284058, 1.5127860307693481
1.4347240924835205, 1.5908479690551758
1.4347240924835205, 1.5908479690551758
1.5262449979782104, 1.2274562120437622
1.6231493949890137, 0.9421265125274658
1.5585464239120483, 0.8398385047912598
1.652759075164795, 0.8990578651428223
1.5773890018463135, 0.8452220559120178
1.6796770095825195, 0.9179003834724426
1.6043068170547485, 0.966352641582489
1.2543741464614868, 0.8479138612747192
0.9798115491867065, 0.7456258535385132
0.9798115491867065, 0.7617765665054321
0.9421265125274658, 0.7537012100219727
0.9582772254943848, 0.7886945009231567
0.9609690308570862, 0.818304181098938
0.9340511560440063, 1.0040377378463745
0.7348586916923523, 1.063257098197937
0.6783310770988464, 0.9932705163955688
0.5787348747253418, 0.9286675453186035
0.608344554901123, 0.9771198034286499
0.6514132022857666, 1.02288019657135
0.767160177230835, 1.063257098197937
1.0928667783737183, 1.4185733795166016
1.2436070442199707, 1.4643337726593018
1.1924630403518677, 1.3889636993408203
1.130551815032959, 1.3808883428573608
1.1009421348571777, 1.2759084701538086
1.1009421348571777, 1.2759084701538086
1.1924630403518677, 1.4293404817581177
1.1924630403518677, 1.4293404817581177
1.4374158382415771, 1.601615071296692
1.5558546781539917, 1.6096904277801514
1.6096904277801514, 0.9878869652748108
1.5127860307693481, 0.8129205703735352
1.3835800886154175, 0.7456258535385132
1.3835800886154175, 0.7456258535385132
1.3835800886154175, 0.7456258535385132
