actor_1,actor_2
1.7658143043518066, 1.846567988395691
1.738896369934082, 1.8950202465057373
1.5935397148132324, 1.8169583082199097
1.5423957109451294, 1.5397038459777832
1.5800807476043701, 1.095558524131775
1.7442799806594849, 1.1790040731430054
1.6769851446151733, 1.095558524131775
1.2355316877365112, 0.8129205703735352
1.1009421348571777, 0.8156123757362366
1.0336474180221558, 0.8452220559120178
0.9502018690109253, 0.9798115491867065
0.982503354549408, 1.1197847127914429
0.9528936743736267, 1.11440110206604
1.1224764585494995, 1.2409151792526245
1.493943452835083, 1.7442799806594849
1.4966353178024292, 1.8492597341537476
1.3808883428573608, 1.7577389478683472
1.3324360847473145, 1.7012113332748413
1.407806158065796, 1.7496634721755981
1.407806158065796, 1.7496634721755981
1.44279944896698, 1.2086137533187866
1.4374158382415771, 0.8479138612747192
1.3162853717803955, 0.7752355337142944
1.4024226665496826, 0.8479138612747192
1.3055181503295898, 0.7860026955604553
1.359354019165039, 0.7940780520439148
1.3835800886154175, 0.8344548940658569
1.1117092370986938, 0.7025572061538696
0.88559889793396, 0.6191117167472839
0.9313593506813049, 0.6325706839561462
0.9367429614067078, 0.6379542350769043
0.9932705163955688, 0.6864064335823059
1.0363391637802124, 0.7160161733627319
0.9932705163955688, 0.9582772254943848
0.8936743140220642, 1.0363391637802124
0.7806190848350525, 0.8990578651428223
0.7806190848350525, 0.8990578651428223
0.7590848207473755, 0.8775235414505005
