actor_1,actor_2
1.5773890018463135, 1.9004037380218506
1.7092866897583008, 1.8358007669448853
1.5639300346374512, 1.7415881156921387
1.5074024200439453, 1.4562584161758423
1.5585464239120483, 1.1278600692749023
1.6931359767913818, 1.1924630403518677
1.5235531330108643, 1.1332435607910156
0.9744279980659485, 0.8263795375823975
0.8721399903297424, 0.8129205703735352
0.818304181098938, 0.8532974720001221
0.8640645742416382, 1.1413190364837646
1.11440110206604, 1.5504710674285889
1.561238169670105, 2.0
1.703903079032898, 2.0
1.5531628131866455, 1.8842530250549316
1.4858680963516235, 1.6419919729232788
1.426648736000061, 1.222072720527649
1.6069986820220947, 0.9582772254943848
1.6689097881317139, 1.0094212293624878
1.6689097881317139, 0.9502018690109253
1.5585464239120483, 1.0094212293624878
1.1251682043075562, 0.8048452138900757
0.9313593506813049, 0.7375504970550537
0.869448184967041, 0.6998654007911682
0.7967698574066162, 0.705249011516571
0.7510094046592712, 0.8479138612747192
0.7079407572746277, 1.0417227745056152
0.6729475259780884, 1.1359354257583618
0.6890982389450073, 1.0928667783737183
0.9098250269889832, 1.3701211214065552
1.289367437362671, 1.8169583082199097
1.4347240924835205, 1.7442799806594849
1.3324360847473145, 1.6393001079559326
1.283983826637268, 1.561238169670105
1.283983826637268, 1.6339164972305298
1.3997308015823364, 1.6339164972305298
1.4185733795166016, 1.5154777765274048
1.53432035446167, 0.982503354549408
1.4697173833847046, 0.8021534085273743
1.3970390558242798, 0.705249011516571
1.3970390558242798, 0.705249011516571
1.4643337726593018, 0.7375504970550537
1.5154777765274048, 0.7752355337142944
1.5558546781539917, 0.8075370192527771
1.5477793216705322, 0.8613728284835815
1.2786002159118652, 0.7913862466812134
0.8748317360877991, 0.608344554901123
0.818304181098938, 0.5841184258460999
0.818304181098938, 0.5841184258460999
0.767160177230835, 0.5598923563957214
0.767160177230835, 0.5598923563957214
0.7806190848350525, 0.6325706839561462
0.7806190848350525, 0.6325706839561462
0.7967698574066162, 0.705249011516571
0.7079407572746277, 1.0417227745056152
0.5975773930549622, 0.9340511560440063
0.5222072601318359, 0.7779273390769958
0.5222072601318359, 0.7779273390769958
