actor_1,actor_2
1.7362046241760254, 1.9434723854064941
1.8034993410110474, 1.8384926319122314
1.6500673294067383, 1.7631224393844604
1.5935397148132324, 1.4993270635604858
1.6796770095825195, 1.2759084701538086
1.846567988395691, 1.3162853717803955
1.7873486280441284, 1.2812920808792114
1.35127854347229, 0.982503354549408
1.2382234334945679, 0.982503354549408
1.1763122081756592, 1.0040377378463745
1.012113094329834, 1.11440110206604
1.0605652332305908, 1.300134539604187
0.9555854797363281, 1.3378196954727173
1.0497981309890747, 1.44279944896698
1.3835800886154175, 1.8358007669448853
1.510094165802002, 1.779273271560669
1.3889636993408203, 1.6796770095825195
1.3378196954727173, 1.5531628131866455
1.4374158382415771, 1.5720053911209106
1.4374158382415771, 1.5720053911209106
1.510094165802002, 1.2624495029449463
1.5881561040878296, 0.915208637714386
1.5423957109451294, 0.8156123757362366
1.652759075164795, 0.9098250269889832
1.6285330057144165, 0.9071332216262817
1.7254374027252197, 0.88559889793396
1.6446837186813354, 0.9932705163955688
1.3458950519561768, 0.8317631483078003
1.1763122081756592, 0.7510094046592712
1.1924630403518677, 0.7644683718681335
1.165545105934143, 0.7537012100219727
1.181695818901062, 0.7994616627693176
1.1628532409667969, 0.8263795375823975
1.0417227745056152, 1.0847914218902588
0.9179003834724426, 1.1951547861099243
0.8559892177581787, 1.1224764585494995
0.7483176589012146, 1.0040377378463745
0.7994616627693176, 1.1063257455825806
0.8317631483078003, 1.197846531867981
0.8721399903297424, 1.232839822769165
1.1763122081756592, 1.5370121002197266
1.300134539604187, 1.4912517070770264
1.2678331136703491, 1.4158815145492554
1.2139973640441895, 1.359354019165039
1.146702527999878, 1.2516824007034302
1.146702527999878, 1.2516824007034302
1.2274562120437622, 1.3728128671646118
1.2274562120437622, 1.3728128671646118
1.4185733795166016, 1.528936743736267
1.5127860307693481, 1.53432035446167
1.545087456703186, 0.9932705163955688
1.5074024200439453, 0.772543728351593
1.4320323467254639, 0.6971735954284668
1.4320323467254639, 0.6971735954284668
1.4320323467254639, 0.6971735954284668
