actor_1,actor_2
1.5827724933624268, 1.9623149633407593
1.6339164972305298, 2.0
1.4670255184173584, 1.8950202465057373
1.4347240924835205, 1.6285330057144165
1.4374158382415771, 1.1870794296264648
1.5154777765274048, 1.1790040731430054
1.6662180423736572, 1.098250389099121
1.7685060501098633, 1.170928716659546
1.755047082901001, 1.2059218883514404
1.335127830505371, 0.966352641582489
1.0524898767471313, 0.8075370192527771
0.9528936743736267, 0.7833108901977539
0.8640645742416382, 0.8102288246154785
0.7752355337142944, 0.8613728284835815
0.7025572061538696, 1.0336474180221558
0.6917900443077087, 1.063257098197937
0.675639271736145, 1.170928716659546
0.9851951599121094, 1.6285330057144165
1.2462987899780273, 1.9973082542419434
1.216689109802246, 1.9246299266815186
1.1440107822418213, 1.8358007669448853
1.1117092370986938, 1.6931359767913818
1.2759084701538086, 1.7415881156921387
1.3324360847473145, 1.6339164972305298
1.4374158382415771, 1.1870794296264648
1.528936743736267, 0.9340511560440063
1.528936743736267, 0.9340511560440063
1.510094165802002, 0.8775235414505005
1.5531628131866455, 0.9717361927032471
1.5935397148132324, 0.9555854797363281
1.7335127592086792, 1.063257098197937
1.4454911947250366, 0.9798115491867065
0.9986541271209717, 0.7644683718681335
0.8936743140220642, 0.7375504970550537
0.8936743140220642, 0.7375504970550537
0.8075370192527771, 0.7025572061538696
0.8613728284835815, 0.7402422428131104
0.8640645742416382, 0.8102288246154785
0.7752355337142944, 0.8613728284835815
0.608344554901123, 0.9851951599121094
0.5464333891868591, 1.0094212293624878
0.5302826166152954, 0.9394347071647644
0.5195154547691345, 0.9125168323516846
0.5195154547691345, 0.9125168323516846
0.7160161733627319, 1.1790040731430054
0.9636608362197876, 1.4697173833847046
1.0847914218902588, 1.6554508209228516
1.012113094329834, 1.4993270635604858
1.0067294836044312, 1.4885598421096802
0.982503354549408, 1.375504732131958
0.9394347071647644, 1.2947510480880737
1.0309555530548096, 1.410498023033142
1.1063257455825806, 1.4024226665496826
1.1951547861099243, 1.483176350593567
1.4347240924835205, 1.1036338806152344
1.410498023033142, 0.9744279980659485
1.4320323467254639, 0.8317631483078003
1.4320323467254639, 0.8317631483078003
1.4320323467254639, 0.8317631483078003
