actor_1,actor_2
1.4158815145492554, 2.0
1.5558546781539917, 2.0
1.3997308015823364, 1.9246299266815186
1.407806158065796, 1.6177657842636108
1.4239569902420044, 1.1036338806152344
1.5397038459777832, 1.0767160654067993
1.6958277225494385, 1.0148048400878906
1.8034993410110474, 1.098250389099121
1.7846567630767822, 1.1332435607910156
1.4239569902420044, 0.8829071521759033
1.1413190364837646, 0.7187079191207886
1.0309555530548096, 0.6514132022857666
0.9448183178901672, 0.6594885587692261
0.8559892177581787, 0.7375504970550537
0.6837146878242493, 1.0094212293624878
0.5437415838241577, 0.9609690308570862
0.5437415838241577, 0.9609690308570862
0.5302826166152954, 0.8990578651428223
0.5464333891868591, 0.8963660597801208
0.6890982389450073, 1.1197847127914429
0.8640645742416382, 1.3781964778900146
1.0309555530548096, 1.4966353178024292
0.966352641582489, 1.3889636993408203
0.9475101232528687, 1.2866756916046143
0.9582772254943848, 1.3701211214065552
1.0497981309890747, 1.5208613872528076
1.0497981309890747, 1.5208613872528076
1.2059218883514404, 1.7254374027252197
1.3970390558242798, 1.4751009941101074
1.5397038459777832, 0.9744279980659485
1.4912517070770264, 0.8371466994285583
1.4293404817581177, 0.6783310770988464
1.4293404817581177, 0.6783310770988464
