actor_1,actor_2
1.67160165309906, 1.857335090637207
1.703903079032898, 1.9569313526153564
1.569313645362854, 1.8519515991210938
1.5370121002197266, 1.585464358329773
1.483176350593567, 0.9798115491867065
1.5047106742858887, 0.9582772254943848
1.5423957109451294, 0.8640645742416382
1.6312247514724731, 0.9179003834724426
1.6931359767913818, 1.012113094329834
1.3862718343734741, 0.8452220559120178
1.165545105934143, 0.7644683718681335
1.1359354257583618, 0.7160161733627319
1.1170928478240967, 0.767160177230835
1.0820995569229126, 0.8479138612747192
1.0309555530548096, 1.1009421348571777
0.9071332216262817, 1.11440110206604
0.9071332216262817, 1.11440110206604
0.8748317360877991, 1.1278600692749023
0.88559889793396, 1.1493943929672241
1.0524898767471313, 1.3135935068130493
1.2355316877365112, 1.5477793216705322
1.3324360847473145, 1.6796770095825195
1.2516824007034302, 1.569313645362854
1.232839822769165, 1.4993270635604858
1.273216724395752, 1.5074024200439453
1.3189771175384521, 1.5800807476043701
1.3189771175384521, 1.5800807476043701
1.4643337726593018, 1.7146703004837036
1.5262449979782104, 1.4212651252746582
1.5074024200439453, 0.8425303101539612
1.4481830596923828, 0.6944818496704102
1.3539704084396362, 0.6056527495384216
1.3539704084396362, 0.6056527495384216
1.3943471908569336, 0.6917900443077087
1.4239569902420044, 0.7510094046592712
1.585464358329773, 0.8317631483078003
1.518169641494751, 0.8452220559120178
1.3109017610549927, 0.7402422428131104
1.1197847127914429, 0.6890982389450073
1.090174913406372, 0.6433378458023071
1.0551817417144775, 0.6298788785934448
1.0551817417144775, 0.6298788785934448
1.0713324546813965, 0.6567967534065247
1.1170928478240967, 0.767160177230835
1.1278600692749023, 0.8156123757362366
1.0497981309890747, 1.1009421348571777
0.9555854797363281, 1.1763122081756592
0.8371466994285583, 1.0659488439559937
0.8371466994285583, 1.0659488439559937
