actor_1,actor_2
1.790040373802185, 1.846567988395691
1.9057873487472534, 2.0
1.779273271560669, 1.8788694143295288
1.7496634721755981, 1.6096904277801514
1.8492597341537476, 1.2193808555603027
1.9730820655822754, 1.3297443389892578
1.7873486280441284, 1.165545105934143
1.3297443389892578, 0.9475101232528687
1.2382234334945679, 0.9071332216262817
1.130551815032959, 0.8775235414505005
1.012113094329834, 0.9717361927032471
0.9878869652748108, 1.0255720615386963
0.8425303101539612, 0.9340511560440063
0.8963660597801208, 1.0094212293624878
0.8506056666374207, 1.0740242004394531
0.8882907032966614, 1.0847914218902588
1.1601614952087402, 1.3432031869888306
1.3835800886154175, 1.6043068170547485
1.4454911947250366, 1.6958277225494385
1.4212651252746582, 1.652759075164795
1.3701211214065552, 1.5477793216705322
1.3701211214065552, 1.5477793216705322
1.5504710674285889, 1.8438761234283447
1.5504710674285889, 1.8438761234283447
1.738896369934082, 1.687752366065979
1.7765814065933228, 1.0309555530548096
1.6769851446151733, 0.8613728284835815
1.6769851446151733, 0.8613728284835815
1.6285330057144165, 0.7833108901977539
1.687752366065979, 0.818304181098938
1.795423984527588, 0.8721399903297424
1.7658143043518066, 0.8936743140220642
1.5935397148132324, 0.8209959864616394
1.3055181503295898, 0.7429340481758118
1.2032301425933838, 0.6864064335823059
1.1440107822418213, 0.6460295915603638
1.1224764585494995, 0.654105007648468
1.1224764585494995, 0.654105007648468
1.1520861387252808, 0.6864064335823059
1.0740242004394531, 0.8425303101539612
1.0417227745056152, 0.9986541271209717
0.9528936743736267, 0.9851951599121094
0.8263795375823975, 0.9367429614067078
