actor_1,actor_2
1.5827724933624268, 1.7523553371429443
1.6043068170547485, 1.8384926319122314
1.4616420269012451, 1.6554508209228516
1.4158815145492554, 1.3889636993408203
1.4293404817581177, 1.0497981309890747
1.545087456703186, 1.1736204624176025
1.4562584161758423, 1.0444145202636719
1.0578734874725342, 0.7563930153846741
0.9528936743736267, 0.7375504970550537
0.8102288246154785, 0.7402422428131104
0.818304181098938, 0.818304181098938
0.8156123757362366, 0.8882907032966614
0.6998654007911682, 0.8317631483078003
0.7294750809669495, 0.9179003834724426
0.7160161733627319, 0.9367429614067078
0.767160177230835, 0.9636608362197876
1.0067294836044312, 1.3162853717803955
1.1870794296264648, 1.6177657842636108
1.1736204624176025, 1.6635262966156006
1.1682368516921997, 1.6177657842636108
1.1332435607910156, 1.5047106742858887
1.1332435607910156, 1.5047106742858887
1.3297443389892578, 1.779273271560669
1.3297443389892578, 1.779273271560669
1.4401077032089233, 1.4751009941101074
1.3970390558242798, 0.8156123757362366
1.335127830505371, 0.6837146878242493
1.2570658922195435, 0.6056527495384216
1.2570658922195435, 0.6056527495384216
1.2570658922195435, 0.6056527495384216
1.2570658922195435, 0.6056527495384216
