actor_1,actor_2
1.4670255184173584, 1.8950202465057373
1.5989233255386353, 2.0
1.5020188093185425, 1.8950202465057373
1.4804844856262207, 1.67160165309906
1.4320323467254639, 1.1843875646591187
1.4697173833847046, 1.1224764585494995
1.5370121002197266, 1.0551817417144775
1.5800807476043701, 1.098250389099121
1.4508748054504395, 1.0659488439559937
1.0551817417144775, 0.7940780520439148
0.7967698574066162, 0.6594885587692261
0.7375504970550537, 0.6271870732307434
0.6944818496704102, 0.6002691984176636
0.670255720615387, 0.6810228824615479
0.6783310770988464, 0.8802153468132019
0.6890982389450073, 0.9609690308570862
0.7133243680000305, 1.0578734874725342
1.0013458728790283, 1.5370121002197266
1.3378196954727173, 1.965006709098816
1.3781964778900146, 1.9569313526153564
1.335127830505371, 1.8600269556045532
1.3216688632965088, 1.806191086769104
1.4643337726593018, 1.881561279296875
1.4508748054504395, 1.7308210134506226
1.4320323467254639, 1.1843875646591187
1.5020188093185425, 0.9744279980659485
1.5020188093185425, 0.9744279980659485
1.4293404817581177, 0.8532974720001221
1.4374158382415771, 0.8802153468132019
1.4185733795166016, 0.823687732219696
1.4185733795166016, 0.8667563796043396
1.1278600692749023, 0.7294750809669495
0.7429340481758118, 0.5383580327033997
0.6890982389450073, 0.5545087456703186
0.6890982389450073, 0.5545087456703186
0.6567967534065247, 0.5275908708572388
0.6944818496704102, 0.5868102312088013
0.6944818496704102, 0.6002691984176636
0.670255720615387, 0.6810228824615479
0.6460295915603638, 0.8909825086593628
0.5948855876922607, 0.9044414758682251
0.5868102312088013, 0.8613728284835815
0.5518169403076172, 0.8667563796043396
0.5518169403076172, 0.8667563796043396
0.7294750809669495, 1.1197847127914429
0.9851951599121094, 1.4481830596923828
1.2113054990768433, 1.6689097881317139
1.1790040731430054, 1.585464358329773
1.1870794296264648, 1.5746971368789673
1.1843875646591187, 1.5262449979782104
1.1628532409667969, 1.44279944896698
1.2678331136703491, 1.5127860307693481
1.3432031869888306, 1.510094165802002
1.3620457649230957, 1.5720053911209106
1.44279944896698, 1.063257098197937
1.4239569902420044, 0.9717361927032471
1.410498023033142, 0.8075370192527771
1.410498023033142, 0.8075370192527771
1.410498023033142, 0.8075370192527771
