actor_1,actor_2
1.7119784355163574, 1.9273216724395752
1.795423984527588, 2.0
1.6500673294067383, 1.8681023120880127
1.6150740385055542, 1.6258411407470703
1.5020188093185425, 1.170928716659546
1.5585464239120483, 1.1251682043075562
1.6796770095825195, 1.0497981309890747
1.7469717264175415, 1.1009421348571777
1.6850606203079224, 1.1170928478240967
1.2624495029449463, 0.8452220559120178
0.9717361927032471, 0.7187079191207886
0.8936743140220642, 0.6837146878242493
0.8344548940658569, 0.6514132022857666
0.818304181098938, 0.7294750809669495
0.8290713429450989, 0.9179003834724426
0.7617765665054321, 0.9394347071647644
0.7617765665054321, 0.9394347071647644
0.7375504970550537, 0.9717361927032471
0.7886945009231567, 0.982503354549408
0.982503354549408, 1.2086137533187866
1.2274562120437622, 1.5316284894943237
1.407806158065796, 1.6742933988571167
1.3432031869888306, 1.5531628131866455
1.3162853717803955, 1.493943452835083
1.300134539604187, 1.5989233255386353
1.3862718343734741, 1.6769851446151733
1.3862718343734741, 1.6769851446151733
1.5531628131866455, 1.857335090637207
1.636608362197876, 1.5154777765274048
1.6069986820220947, 1.0578734874725342
1.6096904277801514, 0.9717361927032471
1.5397038459777832, 0.7806190848350525
1.5397038459777832, 0.7806190848350525
1.5800807476043701, 0.818304181098938
1.596231460571289, 0.8479138612747192
1.6662180423736572, 0.9340511560440063
1.4724091291427612, 0.8721399903297424
1.197846531867981, 0.7375504970550537
0.9313593506813049, 0.6325706839561462
0.8586810231208801, 0.6002691984176636
0.8156123757362366, 0.5625841021537781
0.8156123757362366, 0.5625841021537781
0.8425303101539612, 0.5975773930549622
0.8344548940658569, 0.6514132022857666
0.8398385047912598, 0.6890982389450073
0.8613728284835815, 0.9367429614067078
0.7833108901977539, 0.9878869652748108
0.6890982389450073, 0.8882907032966614
0.6890982389450073, 0.8882907032966614
