actor_1,actor_2
1.7335127592086792, 1.8681023120880127
1.8519515991210938, 1.9569313526153564
1.7092866897583008, 1.8358007669448853
1.6177657842636108, 1.5800807476043701
1.6985194683074951, 1.2947510480880737
1.8250336647033691, 1.4158815145492554
1.6931359767913818, 1.283983826637268
1.1870794296264648, 0.9125168323516846
1.0820995569229126, 0.9044414758682251
0.9878869652748108, 0.88559889793396
0.9448183178901672, 0.9905787110328674
0.9771198034286499, 1.1278600692749023
0.9528936743736267, 1.1574697494506836
1.0659488439559937, 1.2920591831207275
1.4401077032089233, 1.7819650173187256
1.5935397148132324, 1.9380887746810913
1.483176350593567, 1.822341799736023
1.4239569902420044, 1.7442799806594849
1.5639300346374512, 1.7685060501098633
1.5639300346374512, 1.7685060501098633
1.5208613872528076, 1.3539704084396362
1.6043068170547485, 1.039030909538269
1.5800807476043701, 0.9717361927032471
1.652759075164795, 1.0605652332305908
1.6581426858901978, 0.9851951599121094
1.7362046241760254, 1.028263807296753
1.6312247514724731, 1.0067294836044312
1.2543741464614868, 0.8317631483078003
1.0201884508132935, 0.6971735954284668
0.9905787110328674, 0.6917900443077087
0.9851951599121094, 0.6783310770988464
0.9959623217582703, 0.7079407572746277
1.0067294836044312, 0.7698519229888916
0.966352641582489, 0.9609690308570862
0.9017496705055237, 1.079407811164856
0.7967698574066162, 0.966352641582489
0.7967698574066162, 0.966352641582489
0.7994616627693176, 0.9421265125274658
