actor_1,actor_2
1.7415881156921387, 2.0
1.8250336647033691, 1.9865410327911377
1.6742933988571167, 1.8734859228134155
1.5881561040878296, 1.6096904277801514
1.4993270635604858, 1.11440110206604
1.596231460571289, 1.0713324546813965
1.6796770095825195, 0.9878869652748108
1.7873486280441284, 1.0551817417144775
1.806191086769104, 1.1493943929672241
1.4051144123077393, 1.0067294836044312
1.248990535736084, 0.9017496705055237
1.1924630403518677, 0.869448184967041
1.2032301425933838, 0.9017496705055237
1.1763122081756592, 1.0094212293624878
1.0444145202636719, 1.2678331136703491
0.8829071521759033, 1.3055181503295898
0.8829071521759033, 1.3055181503295898
0.8048452138900757, 1.2786002159118652
0.8102288246154785, 1.2624495029449463
0.9502018690109253, 1.4670255184173584
1.1628532409667969, 1.6850606203079224
1.3162853717803955, 1.6689097881317139
1.232839822769165, 1.5746971368789673
1.1843875646591187, 1.4993270635604858
1.1413190364837646, 1.4993270635604858
1.2516824007034302, 1.6312247514724731
1.2516824007034302, 1.6312247514724731
1.426648736000061, 1.8142664432525635
1.5316284894943237, 1.4481830596923828
1.5154777765274048, 0.9555854797363281
1.4320323467254639, 0.8425303101539612
1.2274562120437622, 0.7160161733627319
1.2274562120437622, 0.7160161733627319
1.3432031869888306, 0.7752355337142944
1.4401077032089233, 0.8263795375823975
1.585464358329773, 0.9313593506813049
1.410498023033142, 0.9582772254943848
1.2139973640441895, 0.8613728284835815
1.0820995569229126, 0.7886945009231567
1.0444145202636719, 0.7617765665054321
1.0040377378463745, 0.7375504970550537
1.0040377378463745, 0.7375504970550537
1.0767160654067993, 0.7779273390769958
1.2032301425933838, 0.9017496705055237
1.2139973640441895, 0.9744279980659485
1.047106385231018, 1.3458950519561768
0.9313593506813049, 1.3781964778900146
0.7886945009231567, 1.2059218883514404
0.7886945009231567, 1.2059218883514404
