actor_1,actor_2
1.4751009941101074, 1.8438761234283447
1.703903079032898, 2.0
1.596231460571289, 2.0
1.53432035446167, 1.7523553371429443
1.528936743736267, 1.146702527999878
1.6339164972305298, 1.1332435607910156
1.8492597341537476, 1.0767160654067993
1.9623149633407593, 1.1682368516921997
1.7846567630767822, 1.063257098197937
1.1924630403518677, 0.7698519229888916
0.9179003834724426, 0.6567967534065247
0.8802153468132019, 0.6352624297142029
0.8317631483078003, 0.6379542350769043
0.7698519229888916, 0.6864064335823059
0.670255720615387, 0.9017496705055237
0.5437415838241577, 0.8963660597801208
0.5437415838241577, 0.8963660597801208
0.5087482929229736, 0.8990578651428223
0.5302826166152954, 0.8963660597801208
0.7079407572746277, 1.098250389099121
0.9528936743736267, 1.4131897687911987
1.232839822769165, 1.7523553371429443
1.1601614952087402, 1.6662180423736572
1.1117092370986938, 1.5773890018463135
1.0767160654067993, 1.5316284894943237
1.1682368516921997, 1.647375464439392
1.1682368516921997, 1.647375464439392
1.3539704084396362, 1.8358007669448853
1.510094165802002, 1.5800807476043701
1.6339164972305298, 1.0148048400878906
1.6446837186813354, 0.9179003834724426
1.4616420269012451, 0.7348586916923523
1.4616420269012451, 0.7348586916923523
