actor_1,actor_2
1.5800807476043701, 1.8358007669448853
1.7012113332748413, 2.0
1.5881561040878296, 1.857335090637207
1.5020188093185425, 1.5154777765274048
1.4320323467254639, 0.8613728284835815
1.4885598421096802, 0.8398385047912598
1.6446837186813354, 0.7833108901977539
1.7442799806594849, 0.9098250269889832
1.6635262966156006, 0.9098250269889832
1.2032301425933838, 0.7025572061538696
0.9582772254943848, 0.608344554901123
0.9340511560440063, 0.5814266204833984
0.9071332216262817, 0.5895020365715027
0.8721399903297424, 0.6298788785934448
0.8263795375823975, 0.8667563796043396
0.7187079191207886, 0.8936743140220642
0.7187079191207886, 0.8936743140220642
0.7025572061538696, 0.8963660597801208
0.7240915298461914, 0.9017496705055237
0.8990578651428223, 1.1063257455825806
1.11440110206604, 1.407806158065796
1.3189771175384521, 1.6500673294067383
1.2436070442199707, 1.4966353178024292
1.1897711753845215, 1.3862718343734741
1.1574697494506836, 1.3943471908569336
1.2247644662857056, 1.53432035446167
1.2247644662857056, 1.53432035446167
1.3943471908569336, 1.6985194683074951
1.4966353178024292, 1.335127830505371
1.493943452835083, 0.7187079191207886
1.4697173833847046, 0.6298788785934448
1.2597577571868896, 0.4845221936702728
1.2597577571868896, 0.4845221936702728
1.3189771175384521, 0.5464333891868591
1.391655445098877, 0.5895020365715027
1.4724091291427612, 0.6864064335823059
1.2812920808792114, 0.6487213969230652
1.0417227745056152, 0.5679677128791809
0.8586810231208801, 0.5033647418022156
0.8452220559120178, 0.48990577459335327
0.8290713429450989, 0.4818304181098938
0.8290713429450989, 0.4818304181098938
0.8613728284835815, 0.5275908708572388
0.9071332216262817, 0.5895020365715027
0.8963660597801208, 0.608344554901123
0.8317631483078003, 0.8802153468132019
0.7537012100219727, 0.9421265125274658
0.6837146878242493, 0.8344548940658569
0.6837146878242493, 0.8344548940658569
