actor_1,actor_2
1.687752366065979, 1.9515477418899536
1.8142664432525635, 2.0
1.6850606203079224, 2.0
1.6635262966156006, 1.779273271560669
1.652759075164795, 1.222072720527649
1.7335127592086792, 1.2301480770111084
1.881561279296875, 1.1736204624176025
1.9865410327911377, 1.2651413679122925
1.9273216724395752, 1.1628532409667969
1.4293404817581177, 0.8506056666374207
1.1117092370986938, 0.6810228824615479
1.0309555530548096, 0.6514132022857666
0.9528936743736267, 0.6433378458023071
0.8882907032966614, 0.7079407572746277
0.818304181098938, 0.9448183178901672
0.6487213969230652, 0.9421265125274658
0.6487213969230652, 0.9421265125274658
0.6433378458023071, 0.9582772254943848
0.670255720615387, 0.9771198034286499
0.8559892177581787, 1.2382234334945679
1.1036338806152344, 1.561238169670105
1.2678331136703491, 1.830417275428772
1.2005383968353271, 1.7415881156921387
1.1870794296264648, 1.6554508209228516
1.2059218883514404, 1.6823687553405762
1.300134539604187, 1.8277254104614258
1.300134539604187, 1.8277254104614258
1.5370121002197266, 1.965006709098816
1.6635262966156006, 1.636608362197876
1.7604306936264038, 1.1170928478240967
1.7523553371429443, 1.0148048400878906
1.601615071296692, 0.8317631483078003
1.601615071296692, 0.8317631483078003
1.6662180423736572, 0.915208637714386
1.7146703004837036, 0.9555854797363281
1.8546433448791504, 1.0255720615386963
1.6339164972305298, 0.8721399903297424
1.3189771175384521, 0.6944818496704102
1.0336474180221558, 0.5679677128791809
0.966352641582489, 0.5491251945495605
0.9232839941978455, 0.5222072601318359
0.9232839941978455, 0.5222072601318359
0.9609690308570862, 0.5598923563957214
0.9528936743736267, 0.6433378458023071
0.9179003834724426, 0.6783310770988464
0.8021534085273743, 0.9421265125274658
0.6890982389450073, 1.0067294836044312
0.6056527495384216, 0.8802153468132019
0.6056527495384216, 0.8802153468132019
