actor_1,actor_2
1.3835800886154175, 1.90847909450531
1.620457649230957, 2.0
1.5127860307693481, 1.9811574220657349
1.510094165802002, 1.6850606203079224
1.4616420269012451, 1.0874831676483154
1.585464358329773, 1.095558524131775
1.7469717264175415, 1.02288019657135
1.8142664432525635, 1.0686405897140503
1.620457649230957, 1.0309555530548096
1.1547778844833374, 0.7510094046592712
0.8775235414505005, 0.5841184258460999
0.823687732219696, 0.5464333891868591
0.7644683718681335, 0.5356662273406982
0.705249011516571, 0.6056527495384216
0.6621803641319275, 0.8209959864616394
0.5652759075164795, 0.8102288246154785
0.5652759075164795, 0.8102288246154785
0.5491251945495605, 0.8317631483078003
0.55720055103302, 0.8290713429450989
0.7563930153846741, 1.0686405897140503
0.9421265125274658, 1.3943471908569336
1.1870794296264648, 1.6150740385055542
1.1386271715164185, 1.5370121002197266
1.1251682043075562, 1.4724091291427612
1.1170928478240967, 1.4616420269012451
1.1790040731430054, 1.6043068170547485
1.1790040731430054, 1.6043068170547485
1.3620457649230957, 1.841184377670288
1.483176350593567, 1.4912517070770264
1.561238169670105, 0.9636608362197876
1.569313645362854, 0.8748317360877991
1.493943452835083, 0.6810228824615479
1.493943452835083, 0.6810228824615479
