actor_1,actor_2
1.283983826637268, 1.8196500539779663
1.4374158382415771, 1.967698574066162
1.3808883428573608, 1.7846567630767822
1.3862718343734741, 1.5020188093185425
1.4562584161758423, 1.0148048400878906
1.4912517070770264, 0.9690443873405457
1.5558546781539917, 0.9044414758682251
1.5531628131866455, 1.012113094329834
1.5154777765274048, 1.0067294836044312
1.248990535736084, 0.8048452138900757
1.02288019657135, 0.6864064335823059
0.9609690308570862, 0.654105007648468
0.9044414758682251, 0.6514132022857666
0.8398385047912598, 0.6971735954284668
0.7321668863296509, 0.9340511560440063
0.6325706839561462, 0.9744279980659485
0.6325706839561462, 0.9744279980659485
0.6110363602638245, 0.9878869652748108
0.6379542350769043, 0.9905787110328674
0.7886945009231567, 1.1897711753845215
0.920592188835144, 1.4885598421096802
1.0928667783737183, 1.6769851446151733
1.0767160654067993, 1.518169641494751
1.0713324546813965, 1.44279944896698
1.1036338806152344, 1.4697173833847046
1.1870794296264648, 1.53432035446167
1.1870794296264648, 1.53432035446167
1.335127830505371, 1.7254374027252197
1.4562584161758423, 1.35127854347229
1.5720053911209106, 0.869448184967041
1.5127860307693481, 0.7886945009231567
1.4993270635604858, 0.6998654007911682
1.4993270635604858, 0.6998654007911682
1.5154777765274048, 0.7590848207473755
1.5316284894943237, 0.8102288246154785
1.5935397148132324, 0.9017496705055237
1.4212651252746582, 0.8506056666374207
1.2274562120437622, 0.7375504970550537
1.012113094329834, 0.6433378458023071
0.9528936743736267, 0.6137281060218811
0.9044414758682251, 0.5921937823295593
0.9044414758682251, 0.5921937823295593
0.915208637714386, 0.6191117167472839
0.9044414758682251, 0.6514132022857666
0.8640645742416382, 0.6783310770988464
0.7321668863296509, 0.9690443873405457
0.670255720615387, 1.039030909538269
0.5787348747253418, 0.915208637714386
0.5787348747253418, 0.915208637714386
