actor_1,actor_2
1.518169641494751, 1.9273216724395752
1.6581426858901978, 1.967698574066162
1.5881561040878296, 1.7873486280441284
1.5881561040878296, 1.4697173833847046
1.7281291484832764, 1.1843875646591187
1.8034993410110474, 1.3270524740219116
1.6312247514724731, 1.197846531867981
1.3028264045715332, 0.869448184967041
1.197846531867981, 0.8532974720001221
1.0497981309890747, 0.8532974720001221
0.9232839941978455, 0.9582772254943848
0.9582772254943848, 1.1278600692749023
0.9367429614067078, 1.1493943929672241
1.0336474180221558, 1.3378196954727173
1.248990535736084, 1.830417275428772
1.3997308015823364, 1.9273216724395752
1.3566621541976929, 1.790040373802185
1.3297443389892578, 1.6796770095825195
1.4697173833847046, 1.722745656967163
1.4697173833847046, 1.722745656967163
1.5531628131866455, 1.2759084701538086
1.7308210134506226, 0.9071332216262817
1.687752366065979, 0.8021534085273743
1.755047082901001, 0.8452220559120178
1.7658143043518066, 0.8263795375823975
1.8358007669448853, 0.8909825086593628
1.6339164972305298, 0.9259757995605469
1.4401077032089233, 0.7510094046592712
1.2409151792526245, 0.6514132022857666
1.1601614952087402, 0.6567967534065247
1.0847914218902588, 0.6110363602638245
1.0874831676483154, 0.654105007648468
1.0686405897140503, 0.7079407572746277
0.9555854797363281, 0.920592188835144
0.8559892177581787, 1.0551817417144775
0.767160177230835, 0.9502018690109253
0.767160177230835, 0.9502018690109253
0.7429340481758118, 0.8829071521759033
