actor_1,actor_2
1.3135935068130493, 1.9353970289230347
1.4993270635604858, 1.9515477418899536
1.4535666704177856, 1.795423984527588
1.4508748054504395, 1.483176350593567
1.5020188093185425, 0.9609690308570862
1.5666217803955078, 0.8990578651428223
1.7146703004837036, 0.8425303101539612
1.7523553371429443, 0.9071332216262817
1.5720053911209106, 1.0094212293624878
1.289367437362671, 0.8102288246154785
1.0767160654067993, 0.6729475259780884
1.0174965858459473, 0.6406460404396057
0.9609690308570862, 0.6325706839561462
0.8775235414505005, 0.7025572061538696
0.7348586916923523, 0.9636608362197876
0.608344554901123, 0.982503354549408
0.608344554901123, 0.982503354549408
0.6002691984176636, 0.9959623217582703
0.6379542350769043, 0.9798115491867065
0.7913862466812134, 1.2812920808792114
0.9340511560440063, 1.5881561040878296
1.1170928478240967, 1.6312247514724731
1.0874831676483154, 1.4858680963516235
1.0605652332305908, 1.391655445098877
1.1009421348571777, 1.4616420269012451
1.1601614952087402, 1.5504710674285889
1.1601614952087402, 1.5504710674285889
1.3270524740219116, 1.6985194683074951
1.4858680963516235, 1.3028264045715332
1.6285330057144165, 0.8075370192527771
1.5881561040878296, 0.7240915298461914
1.5397038459777832, 0.6110363602638245
1.5397038459777832, 0.6110363602638245
1.596231460571289, 0.6594885587692261
1.6554508209228516, 0.7025572061538696
1.687752366065979, 0.7913862466812134
1.4185733795166016, 0.8209959864616394
1.2570658922195435, 0.6944818496704102
1.0659488439559937, 0.5948855876922607
1.012113094329834, 0.5679677128791809
0.966352641582489, 0.5383580327033997
0.966352641582489, 0.5383580327033997
0.9798115491867065, 0.5760430693626404
0.9609690308570862, 0.6325706839561462
0.9394347071647644, 0.6621803641319275
0.7644683718681335, 0.9636608362197876
0.6621803641319275, 1.0578734874725342
0.5706595182418823, 0.920592188835144
0.5706595182418823, 0.920592188835144
