actor_1,actor_2
1.7765814065933228, 1.7658143043518066
1.2247644662857056, 1.2920591831207275
1.5666217803955078, 1.790040373802185
1.5504710674285889, 1.8008075952529907
1.5773890018463135, 1.948855996131897
1.528936743736267, 1.6150740385055542
1.407806158065796, 1.0713324546813965
1.5047106742858887, 0.9340511560440063
1.7415881156921387, 0.9905787110328674
1.8438761234283447, 0.9421265125274658
1.8896366357803345, 0.9851951599121094
1.4751009941101074, 0.8290713429450989
1.2086137533187866, 0.8048452138900757
1.098250389099121, 0.7590848207473755
0.9125168323516846, 0.7537012100219727
0.8721399903297424, 0.9017496705055237
0.8263795375823975, 1.047106385231018
0.767160177230835, 1.039030909538269
0.8479138612747192, 1.1251682043075562
1.095558524131775, 1.3970390558242798
1.4562584161758423, 1.7981157302856445
1.4535666704177856, 1.8277254104614258
1.3647375106811523, 1.7362046241760254
1.3189771175384521, 1.647375464439392
1.2113054990768433, 1.5423957109451294
1.3647375106811523, 1.7119784355163574
1.3862718343734741, 1.4885598421096802
1.5262449979782104, 0.9555854797363281
1.407806158065796, 0.7510094046592712
1.407806158065796, 0.7510094046592712
1.3270524740219116, 0.624495267868042
1.4508748054504395, 0.6864064335823059
1.528936743736267, 0.7240915298461914
1.6393001079559326, 0.772543728351593
1.7496634721755981, 0.8452220559120178
1.4858680963516235, 0.7913862466812134
1.090174913406372, 0.6514132022857666
1.0013458728790283, 0.6137281060218811
0.9286675453186035, 0.5868102312088013
0.9286675453186035, 0.5868102312088013
0.9475101232528687, 0.654105007648468
0.9475101232528687, 0.654105007648468
0.9932705163955688, 0.7106325626373291
0.8586810231208801, 0.966352641582489
0.7510094046592712, 1.0524898767471313
0.6271870732307434, 0.88559889793396
0.6137281060218811, 0.8452220559120178
0.6137281060218811, 0.8452220559120178
0.6137281060218811, 0.8452220559120178
