actor_1,actor_2
1.3297443389892578, 1.9192463159561157
1.5800807476043701, 2.0
1.5020188093185425, 1.8869447708129883
1.4804844856262207, 1.67160165309906
1.545087456703186, 1.1790040731430054
1.6312247514724731, 1.1386271715164185
1.806191086769104, 1.090174913406372
1.8250336647033691, 1.1520861387252808
1.6231493949890137, 1.1601614952087402
1.3055181503295898, 0.9771198034286499
1.0847914218902588, 0.8586810231208801
1.02288019657135, 0.818304181098938
0.9555854797363281, 0.823687732219696
0.8344548940658569, 0.8909825086593628
0.7025572061538696, 1.1278600692749023
0.6487213969230652, 1.2032301425933838
0.6298788785934448, 1.2570658922195435
0.8371466994285583, 1.5935397148132324
1.1574697494506836, 1.8950202465057373
1.222072720527649, 1.8707940578460693
1.2113054990768433, 1.7631224393844604
1.181695818901062, 1.6850606203079224
1.3324360847473145, 1.7469717264175415
1.3943471908569336, 1.6662180423736572
1.545087456703186, 1.1790040731430054
1.6850606203079224, 0.9555854797363281
1.6850606203079224, 0.9555854797363281
1.7012113332748413, 0.9394347071647644
1.7442799806594849, 0.9851951599121094
1.703903079032898, 0.9259757995605469
1.6635262966156006, 0.9959623217582703
1.4212651252746582, 0.9098250269889832
1.0713324546813965, 0.7644683718681335
0.9986541271209717, 0.7752355337142944
0.9986541271209717, 0.7752355337142944
0.9421265125274658, 0.7375504970550537
0.9609690308570862, 0.7806190848350525
0.9555854797363281, 0.823687732219696
0.8344548940658569, 0.8909825086593628
0.6056527495384216, 1.1170928478240967
0.5598923563957214, 1.1117092370986938
0.55720055103302, 1.0551817417144775
0.55720055103302, 1.0578734874725342
0.55720055103302, 1.0578734874725342
0.6675639152526855, 1.2436070442199707
0.8990578651428223, 1.518169641494751
1.090174913406372, 1.6554508209228516
1.0928667783737183, 1.5370121002197266
1.11440110206604, 1.5154777765274048
1.0928667783737183, 1.4481830596923828
1.0659488439559937, 1.3378196954727173
1.1278600692749023, 1.4185733795166016
1.232839822769165, 1.4616420269012451
1.300134539604187, 1.5262449979782104
1.5773890018463135, 1.0578734874725342
1.5585464239120483, 0.9636608362197876
1.6393001079559326, 0.8721399903297424
1.6393001079559326, 0.8721399903297424
1.6393001079559326, 0.8721399903297424
