actor_1,actor_2
1.4966353178024292, 1.8519515991210938
1.6608344316482544, 2.0
1.5235531330108643, 1.881561279296875
1.493943452835083, 1.6393001079559326
1.5235531330108643, 1.1359354257583618
1.6096904277801514, 1.1036338806152344
1.8331090211868286, 1.0605652332305908
1.9407806396484375, 1.146702527999878
1.8438761234283447, 1.1386271715164185
1.4481830596923828, 0.8586810231208801
1.170928716659546, 0.7429340481758118
1.1009421348571777, 0.72139972448349
1.0067294836044312, 0.7160161733627319
0.9017496705055237, 0.767160177230835
0.7510094046592712, 0.9448183178901672
0.5706595182418823, 0.9394347071647644
0.5706595182418823, 0.9394347071647644
0.5491251945495605, 0.8963660597801208
0.5545087456703186, 0.8963660597801208
0.7402422428131104, 1.0686405897140503
0.9502018690109253, 1.3943471908569336
1.1520861387252808, 1.5773890018463135
1.095558524131775, 1.4347240924835205
1.0713324546813965, 1.3566621541976929
1.079407811164856, 1.3620457649230957
1.1520861387252808, 1.5127860307693481
1.1520861387252808, 1.5127860307693481
1.3432031869888306, 1.6958277225494385
1.528936743736267, 1.4643337726593018
1.652759075164795, 1.0067294836044312
1.6689097881317139, 0.9098250269889832
1.5908479690551758, 0.772543728351593
1.5908479690551758, 0.772543728351593
1.67160165309906, 0.8290713429450989
1.7442799806594849, 0.88559889793396
1.8842530250549316, 0.982503354549408
1.6608344316482544, 0.8963660597801208
1.410498023033142, 0.7456258535385132
1.1440107822418213, 0.6460295915603638
1.0847914218902588, 0.6352624297142029
1.0309555530548096, 0.6002691984176636
1.0309555530548096, 0.6002691984176636
1.0255720615386963, 0.6379542350769043
1.0067294836044312, 0.7160161733627319
0.9690443873405457, 0.7483176589012146
0.7294750809669495, 0.9690443873405457
0.6137281060218811, 0.9932705163955688
0.5275908708572388, 0.8317631483078003
0.5275908708572388, 0.8317631483078003
