actor_1,actor_2
1.528936743736267, 1.7308210134506226
1.6635262966156006, 1.8734859228134155
1.5020188093185425, 1.6231493949890137
1.4643337726593018, 1.3781964778900146
1.53432035446167, 1.130551815032959
1.687752366065979, 1.2705248594284058
1.5423957109451294, 1.0713324546813965
1.0874831676483154, 0.7563930153846741
1.0040377378463745, 0.7563930153846741
0.920592188835144, 0.7644683718681335
0.8559892177581787, 0.8640645742416382
0.8317631483078003, 1.0094212293624878
0.7429340481758118, 0.9771198034286499
0.8344548940658569, 1.0578734874725342
1.1870794296264648, 1.596231460571289
1.3674293756484985, 1.7819650173187256
1.2759084701538086, 1.561238169670105
1.2436070442199707, 1.44279944896698
1.3647375106811523, 1.4616420269012451
1.3647375106811523, 1.4616420269012451
1.4024226665496826, 1.1332435607910156
1.5558546781539917, 0.8452220559120178
1.5154777765274048, 0.7913862466812134
1.5639300346374512, 0.8506056666374207
1.5558546781539917, 0.8129205703735352
1.67160165309906, 0.818304181098938
1.5666217803955078, 0.7913862466812134
1.2786002159118652, 0.6406460404396057
1.079407811164856, 0.5814266204833984
1.0255720615386963, 0.573351263999939
0.9959623217582703, 0.6002691984176636
1.0013458728790283, 0.6325706839561462
0.9798115491867065, 0.6594885587692261
0.8936743140220642, 0.8129205703735352
0.6998654007911682, 0.9259757995605469
0.624495267868042, 0.7321668863296509
0.624495267868042, 0.7321668863296509
0.6110363602638245, 0.6944818496704102
