actor_1,actor_2
1.53432035446167, 1.897711992263794
1.7173620462417603, 2.0
1.5585464239120483, 1.8707940578460693
1.5262449979782104, 1.5881561040878296
1.4858680963516235, 1.1117092370986938
1.5262449979782104, 1.063257098197937
1.6554508209228516, 1.02288019657135
1.7738896608352661, 1.11440110206604
1.6581426858901978, 1.0928667783737183
1.283983826637268, 0.823687732219696
1.0417227745056152, 0.7133243680000305
0.982503354549408, 0.6729475259780884
0.9367429614067078, 0.675639271736145
0.8802153468132019, 0.7563930153846741
0.7860026955604553, 0.9179003834724426
0.6729475259780884, 0.8936743140220642
0.6729475259780884, 0.8936743140220642
0.6487213969230652, 0.8532974720001221
0.6783310770988464, 0.8613728284835815
0.8532974720001221, 1.047106385231018
1.0820995569229126, 1.391655445098877
1.308210015296936, 1.620457649230957
1.2436070442199707, 1.4562584161758423
1.2247644662857056, 1.3539704084396362
1.2059218883514404, 1.3539704084396362
1.2759084701538086, 1.510094165802002
1.2759084701538086, 1.510094165802002
1.4481830596923828, 1.6985194683074951
1.5639300346374512, 1.4051144123077393
1.5773890018463135, 0.9582772254943848
1.5531628131866455, 0.8936743140220642
1.4912517070770264, 0.7510094046592712
1.4912517070770264, 0.7510094046592712
1.528936743736267, 0.7967698574066162
1.5800807476043701, 0.8613728284835815
1.7362046241760254, 0.9340511560440063
1.493943452835083, 0.8667563796043396
1.2570658922195435, 0.7079407572746277
1.0444145202636719, 0.6325706839561462
0.982503354549408, 0.6002691984176636
0.9475101232528687, 0.5706595182418823
0.9475101232528687, 0.5706595182418823
0.9528936743736267, 0.6002691984176636
0.9367429614067078, 0.675639271736145
0.9232839941978455, 0.7160161733627319
0.7967698574066162, 0.9286675453186035
0.6998654007911682, 0.9851951599121094
0.6218035221099854, 0.7994616627693176
0.6218035221099854, 0.7994616627693176
