actor_1,actor_2
1.5881561040878296, 1.6231493949890137
1.652759075164795, 1.703903079032898
1.5020188093185425, 1.6069986820220947
1.4293404817581177, 1.324360728263855
1.5074024200439453, 0.9959623217582703
1.6608344316482544, 1.0255720615386963
1.5504710674285889, 0.8990578651428223
0.9905787110328674, 0.7483176589012146
0.8559892177581787, 0.7510094046592712
0.7537012100219727, 0.7375504970550537
0.6567967534065247, 0.8829071521759033
0.670255720615387, 1.0174965858459473
0.5921937823295593, 1.0255720615386963
0.7133243680000305, 1.1547778844833374
1.146702527999878, 1.647375464439392
1.340511441230774, 1.7685060501098633
1.2543741464614868, 1.6742933988571167
1.222072720527649, 1.6043068170547485
1.2920591831207275, 1.6339164972305298
1.2920591831207275, 1.6339164972305298
1.335127830505371, 1.0874831676483154
1.407806158065796, 0.7779273390769958
1.3566621541976929, 0.7133243680000305
1.458950161933899, 0.7779273390769958
1.4724091291427612, 0.7402422428131104
1.5800807476043701, 0.7348586916923523
1.4751009941101074, 0.7106325626373291
1.0928667783737183, 0.624495267868042
0.8532974720001221, 0.5814266204833984
0.818304181098938, 0.5652759075164795
0.7806190848350525, 0.5814266204833984
0.7860026955604553, 0.6137281060218811
0.7860026955604553, 0.6621803641319275
0.7187079191207886, 0.8613728284835815
0.5168237090110779, 0.9582772254943848
0.48990577459335327, 0.8829071521759033
0.4441453516483307, 0.7994616627693176
0.4737550616264343, 0.8613728284835815
0.5168237090110779, 0.9232839941978455
0.5679677128791809, 0.9555854797363281
0.9286675453186035, 1.2812920808792114
1.1413190364837646, 1.4051144123077393
1.098250389099121, 1.3485867977142334
1.1197847127914429, 1.4347240924835205
1.039030909538269, 1.3324360847473145
1.039030909538269, 1.3324360847473145
1.1090174913406372, 1.4751009941101074
1.1090174913406372, 1.4751009941101074
1.3135935068130493, 1.6635262966156006
1.3835800886154175, 1.6285330057144165
1.426648736000061, 0.823687732219696
1.340511441230774, 0.6783310770988464
1.2947510480880737, 0.6137281060218811
1.2947510480880737, 0.6137281060218811
1.2947510480880737, 0.6137281060218811
