actor_1,actor_2
1.289367437362671, 1.8115746974945068
1.5262449979782104, 1.90847909450531
1.5397038459777832, 1.790040373802185
1.5477793216705322, 1.5639300346374512
1.6123822927474976, 1.1251682043075562
1.67160165309906, 1.1117092370986938
1.8788694143295288, 1.0847914218902588
1.8869447708129883, 1.1197847127914429
1.6769851446151733, 1.11440110206604
1.2920591831207275, 0.7994616627693176
1.039030909538269, 0.6379542350769043
0.9717361927032471, 0.6002691984176636
0.8990578651428223, 0.5948855876922607
0.8021534085273743, 0.6298788785934448
0.6514132022857666, 0.7779273390769958
0.4925975799560547, 0.7860026955604553
0.4925975799560547, 0.7860026955604553
0.4925975799560547, 0.8021534085273743
0.5141319036483765, 0.8156123757362366
0.6837146878242493, 1.098250389099121
0.8613728284835815, 1.4724091291427612
1.1009421348571777, 1.6043068170547485
1.146702527999878, 1.4912517070770264
1.1197847127914429, 1.4454911947250366
1.1520861387252808, 1.5397038459777832
1.2113054990768433, 1.5746971368789673
1.2113054990768433, 1.5746971368789673
1.4158815145492554, 1.779273271560669
1.6258411407470703, 1.4858680963516235
1.7846567630767822, 1.0686405897140503
1.779273271560669, 0.9717361927032471
1.7146703004837036, 0.8667563796043396
1.7146703004837036, 0.8667563796043396
1.7658143043518066, 0.9179003834724426
1.806191086769104, 0.9502018690109253
1.806191086769104, 1.02288019657135
1.5127860307693481, 0.9044414758682251
1.2543741464614868, 0.6944818496704102
1.0094212293624878, 0.5652759075164795
0.9502018690109253, 0.5437415838241577
0.9017496705055237, 0.5168237090110779
0.9017496705055237, 0.5168237090110779
0.915208637714386, 0.5437415838241577
0.8990578651428223, 0.5948855876922607
0.8882907032966614, 0.6218035221099854
0.6514132022857666, 0.818304181098938
0.5437415838241577, 0.8586810231208801
0.46567967534065247, 0.7563930153846741
0.46567967534065247, 0.7563930153846741
