actor_1,actor_2
1.5531628131866455, 1.7173620462417603
1.6958277225494385, 1.7658143043518066
1.6581426858901978, 1.6339164972305298
1.7119784355163574, 1.5746971368789673
1.5477793216705322, 1.4401077032089233
1.090174913406372, 0.9771198034286499
0.9878869652748108, 0.9017496705055237
0.8963660597801208, 0.9582772254943848
0.9232839941978455, 0.9421265125274658
0.966352641582489, 1.1359354257583618
1.289367437362671, 1.601615071296692
1.4724091291427612, 1.687752366065979
1.4535666704177856, 1.585464358329773
1.5235531330108643, 1.7362046241760254
1.5235531330108643, 1.5666217803955078
1.5531628131866455, 1.4562584161758423
1.6958277225494385, 1.0417227745056152
1.7981157302856445, 1.0309555530548096
1.8250336647033691, 1.0605652332305908
1.7658143043518066, 1.0309555530548096
1.5316284894943237, 0.9905787110328674
1.1520861387252808, 0.7537012100219727
1.0713324546813965, 0.7402422428131104
0.9986541271209717, 0.6890982389450073
0.9582772254943848, 0.6675639152526855
0.9259757995605469, 0.7994616627693176
0.8479138612747192, 0.8559892177581787
0.7940780520439148, 0.8640645742416382
0.7187079191207886, 0.7590848207473755
0.7510094046592712, 0.8290713429450989
0.7940780520439148, 0.9044414758682251
0.8909825086593628, 1.0713324546813965
1.0578734874725342, 1.2543741464614868
1.2301480770111084, 1.483176350593567
1.3808883428573608, 1.5908479690551758
1.3674293756484985, 1.4724091291427612
1.335127830505371, 1.3620457649230957
1.335127830505371, 1.3620457649230957
1.4024226665496826, 1.510094165802002
1.4024226665496826, 1.510094165802002
1.4508748054504395, 1.5127860307693481
1.528936743736267, 1.601615071296692
1.4993270635604858, 1.5208613872528076
1.6393001079559326, 1.2651413679122925
1.6904441118240356, 0.9340511560440063
1.6339164972305298, 0.8425303101539612
1.5316284894943237, 0.7240915298461914
1.5316284894943237, 0.7240915298461914
1.5316284894943237, 0.7240915298461914
1.5316284894943237, 0.7240915298461914
