actor_1,actor_2
1.4239569902420044, 1.8331090211868286
1.6500673294067383, 1.967698574066162
1.5666217803955078, 1.8546433448791504
1.5531628131866455, 1.652759075164795
1.483176350593567, 1.2301480770111084
1.5746971368789673, 1.2139973640441895
1.6823687553405762, 1.1440107822418213
1.7281291484832764, 1.1736204624176025
1.5423957109451294, 1.1224764585494995
1.0524898767471313, 0.8209959864616394
0.8075370192527771, 0.6998654007911682
0.7429340481758118, 0.6648721694946289
0.7429340481758118, 0.6594885587692261
0.7133243680000305, 0.6810228824615479
0.675639271736145, 0.8075370192527771
0.6110363602638245, 0.7967698574066162
0.6110363602638245, 0.7967698574066162
0.5814266204833984, 0.823687732219696
0.6218035221099854, 0.8290713429450989
0.772543728351593, 1.028263807296753
0.982503354549408, 1.3889636993408203
1.2812920808792114, 1.5208613872528076
1.2516824007034302, 1.4239569902420044
1.2409151792526245, 1.4024226665496826
1.2436070442199707, 1.458950161933899
1.308210015296936, 1.528936743736267
1.308210015296936, 1.528936743736267
1.4535666704177856, 1.7846567630767822
1.5827724933624268, 1.5720053911209106
1.596231460571289, 1.1736204624176025
1.5585464239120483, 1.0578734874725342
1.5020188093185425, 0.9125168323516846
1.5020188093185425, 0.9125168323516846
1.5908479690551758, 0.9690443873405457
1.6177657842636108, 0.9851951599121094
1.6554508209228516, 1.02288019657135
1.3324360847473145, 0.8802153468132019
1.012113094329834, 0.6917900443077087
0.7913862466812134, 0.5895020365715027
0.7402422428131104, 0.5706595182418823
0.7133243680000305, 0.5491251945495605
0.7133243680000305, 0.5491251945495605
0.7160161733627319, 0.6056527495384216
0.7429340481758118, 0.6594885587692261
0.7294750809669495, 0.6864064335823059
0.6594885587692261, 0.8425303101539612
0.6218035221099854, 0.8506056666374207
0.5706595182418823, 0.7563930153846741
0.5706595182418823, 0.7563930153846741
