actor_1,actor_2
1.5666217803955078, 1.6312247514724731
1.7604306936264038, 1.6554508209228516
1.5666217803955078, 1.6312247514724731
1.7604306936264038, 1.6554508209228516
1.5666217803955078, 1.6312247514724731
1.7604306936264038, 1.6554508209228516
1.5154777765274048, 1.5935397148132324
1.7604306936264038, 1.6554508209228516
1.5020188093185425, 1.4158815145492554
1.1063257455825806, 0.9179003834724426
0.9878869652748108, 0.8613728284835815
0.8909825086593628, 0.8613728284835815
0.8156123757362366, 0.7940780520439148
0.7886945009231567, 0.7402422428131104
0.7348586916923523, 0.7133243680000305
0.7375504970550537, 0.6837146878242493
