actor_1,actor_2
1.44279944896698, 1.7523553371429443
1.6312247514724731, 1.8492597341537476
1.4643337726593018, 1.7254374027252197
1.4293404817581177, 1.4885598421096802
1.3647375106811523, 1.0040377378463745
1.4158815145492554, 0.9609690308570862
1.4347240924835205, 0.8559892177581787
1.5262449979782104, 0.9017496705055237
1.4131897687911987, 0.9582772254943848
1.090174913406372, 0.7994616627693176
0.8344548940658569, 0.675639271736145
0.7537012100219727, 0.6460295915603638
0.7375504970550537, 0.654105007648468
0.7025572061538696, 0.7079407572746277
0.675639271736145, 0.8532974720001221
0.6487213969230652, 0.9017496705055237
0.6621803641319275, 0.9878869652748108
1.0013458728790283, 1.391655445098877
1.3055181503295898, 1.7092866897583008
1.3135935068130493, 1.6446837186813354
1.2382234334945679, 1.5935397148132324
1.232839822769165, 1.5370121002197266
1.3970390558242798, 1.6796770095825195
1.3970390558242798, 1.5370121002197266
1.3647375106811523, 1.0040377378463745
1.3539704084396362, 0.7940780520439148
1.3539704084396362, 0.7940780520439148
1.3539704084396362, 0.7644683718681335
1.375504732131958, 0.772543728351593
1.35127854347229, 0.7483176589012146
1.4481830596923828, 0.8640645742416382
1.181695818901062, 0.8075370192527771
0.818304181098938, 0.6164199113845825
0.7456258535385132, 0.6056527495384216
0.7456258535385132, 0.6056527495384216
0.7187079191207886, 0.5868102312088013
0.72139972448349, 0.6218035221099854
0.7375504970550537, 0.654105007648468
0.7025572061538696, 0.7079407572746277
0.6164199113845825, 0.8506056666374207
0.5787348747253418, 0.8640645742416382
0.5760430693626404, 0.8129205703735352
0.5545087456703186, 0.823687732219696
0.5545087456703186, 0.823687732219696
0.7267833352088928, 1.012113094329834
0.9475101232528687, 1.2759084701538086
1.1601614952087402, 1.3997308015823364
1.1332435607910156, 1.3378196954727173
1.1520861387252808, 1.3216688632965088
1.1547778844833374, 1.2812920808792114
1.1386271715164185, 1.1924630403518677
1.1682368516921997, 1.2597577571868896
1.232839822769165, 1.2597577571868896
1.2866756916046143, 1.3162853717803955
1.3566621541976929, 0.9017496705055237
1.2920591831207275, 0.7860026955604553
1.3028264045715332, 0.7187079191207886
1.3028264045715332, 0.7187079191207886
1.3028264045715332, 0.7187079191207886
