actor_1,actor_2
1.5639300346374512, 1.647375464439392
1.7065949440002441, 1.7146703004837036
1.4885598421096802, 1.5639300346374512
1.4374158382415771, 1.2812920808792114
1.5127860307693481, 1.0309555530548096
1.7308210134506226, 1.1332435607910156
1.5504710674285889, 1.0578734874725342
1.0013458728790283, 0.8156123757362366
0.8048452138900757, 0.7967698574066162
0.7106325626373291, 0.7779273390769958
0.7644683718681335, 0.9986541271209717
1.0767160654067993, 1.3701211214065552
1.5154777765274048, 1.8519515991210938
1.6500673294067383, 1.9515477418899536
1.4347240924835205, 1.7981157302856445
1.4239569902420044, 1.477792739868164
1.3432031869888306, 1.1009421348571777
1.5908479690551758, 0.8936743140220642
1.6554508209228516, 0.9609690308570862
1.7092866897583008, 0.9179003834724426
1.6258411407470703, 1.0067294836044312
1.2059218883514404, 0.8398385047912598
0.9125168323516846, 0.7806190848350525
0.8048452138900757, 0.7375504970550537
0.7537012100219727, 0.7402422428131104
0.6648721694946289, 0.7752355337142944
0.5895020365715027, 0.9475101232528687
0.5437415838241577, 1.063257098197937
0.5760430693626404, 1.0740242004394531
0.8506056666374207, 1.308210015296936
1.232839822769165, 1.7415881156921387
1.3566621541976929, 1.7981157302856445
1.2005383968353271, 1.6393001079559326
1.165545105934143, 1.5639300346374512
1.1897711753845215, 1.6069986820220947
1.2759084701538086, 1.5423957109451294
1.3189771175384521, 1.3539704084396362
1.5020188093185425, 0.9232839941978455
1.4293404817581177, 0.7590848207473755
1.324360728263855, 0.6567967534065247
1.324360728263855, 0.6567967534065247
1.410498023033142, 0.6890982389450073
1.4508748054504395, 0.7429340481758118
1.5639300346374512, 0.7913862466812134
1.6393001079559326, 0.8667563796043396
1.335127830505371, 0.8156123757362366
0.8452220559120178, 0.6729475259780884
0.7563930153846741, 0.654105007648468
0.7563930153846741, 0.654105007648468
0.7133243680000305, 0.6406460404396057
0.7133243680000305, 0.6406460404396057
0.7456258535385132, 0.6890982389450073
0.7456258535385132, 0.6890982389450073
0.7537012100219727, 0.7402422428131104
0.5895020365715027, 0.9475101232528687
0.4845221936702728, 0.9475101232528687
0.4226110279560089, 0.8129205703735352
0.4226110279560089, 0.8129205703735352
