actor_1,actor_2
1.8331090211868286, 2.0
1.9434723854064941, 1.9703903198242188
1.806191086769104, 1.8734859228134155
1.779273271560669, 1.6662180423736572
1.7981157302856445, 1.2651413679122925
1.9353970289230347, 1.3674293756484985
1.790040373802185, 1.3297443389892578
1.3028264045715332, 1.0201884508132935
1.1493943929672241, 0.9986541271209717
1.098250389099121, 1.0255720615386963
1.063257098197937, 1.1251682043075562
1.063257098197937, 1.2974427938461304
0.9690443873405457, 1.3432031869888306
1.11440110206604, 1.4751009941101074
1.4885598421096802, 1.9973082542419434
1.6662180423736572, 1.9730820655822754
1.561238169670105, 1.857335090637207
1.5397038459777832, 1.7846567630767822
1.6554508209228516, 1.806191086769104
1.6554508209228516, 1.806191086769104
1.6742933988571167, 1.3781964778900146
1.7362046241760254, 1.028263807296753
1.652759075164795, 0.9179003834724426
1.7442799806594849, 0.9851951599121094
1.6823687553405762, 0.9448183178901672
1.779273271560669, 0.9636608362197876
1.6608344316482544, 1.012113094329834
1.3028264045715332, 0.8667563796043396
1.1009421348571777, 0.7510094046592712
1.1359354257583618, 0.7510094046592712
1.090174913406372, 0.767160177230835
1.1117092370986938, 0.8317631483078003
1.1170928478240967, 0.8721399903297424
1.1197847127914429, 1.0928667783737183
0.920592188835144, 1.2247644662857056
0.7994616627693176, 1.0874831676483154
0.7994616627693176, 1.0874831676483154
0.7752355337142944, 1.0417227745056152
