actor_1,actor_2
1.7173620462417603, 1.9165544509887695
1.8654104471206665, 1.9784656763076782
1.7415881156921387, 1.8115746974945068
1.7092866897583008, 1.483176350593567
1.6069986820220947, 1.012113094329834
1.7012113332748413, 1.1440107822418213
1.5477793216705322, 1.079407811164856
1.039030909538269, 0.772543728351593
0.9502018690109253, 0.7160161733627319
0.9071332216262817, 0.6917900443077087
0.8667563796043396, 0.8398385047912598
0.8506056666374207, 0.8802153468132019
0.7456258535385132, 0.8209959864616394
0.7806190848350525, 0.8882907032966614
0.7456258535385132, 0.8936743140220642
0.8209959864616394, 0.9502018690109253
1.0820995569229126, 1.2786002159118652
1.4374158382415771, 1.5154777765274048
1.4374158382415771, 1.545087456703186
1.4185733795166016, 1.4751009941101074
1.375504732131958, 1.3539704084396362
1.4185733795166016, 1.4751009941101074
1.4320323467254639, 1.4670255184173584
1.5074024200439453, 1.6769851446151733
1.5074024200439453, 1.6769851446151733
1.6850606203079224, 1.6258411407470703
1.6069986820220947, 0.9636608362197876
1.569313645362854, 0.7698519229888916
1.5666217803955078, 0.6271870732307434
1.6446837186813354, 0.6783310770988464
1.755047082901001, 0.8048452138900757
1.528936743736267, 0.8129205703735352
1.1170928478240967, 0.6864064335823059
1.0551817417144775, 0.6514132022857666
0.9582772254943848, 0.5841184258460999
0.9367429614067078, 0.5625841021537781
0.8802153468132019, 0.5491251945495605
0.88559889793396, 0.7483176589012146
0.8775235414505005, 0.8479138612747192
0.8102288246154785, 0.8506056666374207
0.7375504970550537, 0.767160177230835
