actor_1,actor_2
1.4481830596923828, 1.795423984527588
1.6581426858901978, 1.948855996131897
1.5127860307693481, 1.7631224393844604
1.4697173833847046, 1.4858680963516235
1.4239569902420044, 0.9771198034286499
1.5262449979782104, 0.9340511560440063
1.6150740385055542, 0.8640645742416382
1.6931359767913818, 0.9340511560440063
1.561238169670105, 0.9448183178901672
1.0578734874725342, 0.7240915298461914
0.8479138612747192, 0.624495267868042
0.8075370192527771, 0.5921937823295593
0.7752355337142944, 0.5921937823295593
0.72139972448349, 0.670255720615387
0.6460295915603638, 0.8963660597801208
0.5437415838241577, 0.9044414758682251
0.5437415838241577, 0.9044414758682251
0.4952893555164337, 0.9071332216262817
0.5168237090110779, 0.920592188835144
0.6675639152526855, 1.0659488439559937
0.9367429614067078, 1.3458950519561768
1.197846531867981, 1.493943452835083
1.146702527999878, 1.3674293756484985
1.1117092370986938, 1.300134539604187
1.0740242004394531, 1.3055181503295898
1.1736204624176025, 1.4401077032089233
1.1736204624176025, 1.4401077032089233
1.324360728263855, 1.636608362197876
1.4320323467254639, 1.375504732131958
1.493943452835083, 0.8559892177581787
1.4508748054504395, 0.7348586916923523
1.308210015296936, 0.5652759075164795
1.308210015296936, 0.5652759075164795
1.3889636993408203, 0.6137281060218811
1.4374158382415771, 0.6621803641319275
1.518169641494751, 0.7563930153846741
1.216689109802246, 0.7267833352088928
0.9313593506813049, 0.6164199113845825
0.7563930153846741, 0.5518169403076172
0.7187079191207886, 0.5302826166152954
0.6944818496704102, 0.5033647418022156
0.6944818496704102, 0.5033647418022156
0.7375504970550537, 0.5222072601318359
0.7752355337142944, 0.5921937823295593
0.7537012100219727, 0.6514132022857666
0.6433378458023071, 0.915208637714386
0.5652759075164795, 0.9528936743736267
0.4925975799560547, 0.8479138612747192
0.4925975799560547, 0.8479138612747192
