actor_1,actor_2
1.6500673294067383, 1.8923283815383911
1.8331090211868286, 1.9730820655822754
1.6850606203079224, 1.8331090211868286
1.67160165309906, 1.5558546781539917
1.8707940578460693, 1.2570658922195435
2.0, 1.3728128671646118
1.8600269556045532, 1.2462987899780273
1.3781964778900146, 0.9340511560440063
1.2974427938461304, 0.9098250269889832
1.1520861387252808, 0.9071332216262817
0.9717361927032471, 1.0363391637802124
0.9878869652748108, 1.165545105934143
0.9125168323516846, 1.2462987899780273
0.982503354549408, 1.3647375106811523
1.3055181503295898, 1.8842530250549316
1.5316284894943237, 1.967698574066162
1.426648736000061, 1.8115746974945068
1.3620457649230957, 1.6796770095825195
1.4320323467254639, 1.5639300346374512
1.4320323467254639, 1.5639300346374512
1.5989233255386353, 1.289367437362671
1.7146703004837036, 0.9528936743736267
1.6689097881317139, 0.8344548940658569
1.8008075952529907, 0.9125168323516846
1.7496634721755981, 0.869448184967041
1.8034993410110474, 0.8802153468132019
1.620457649230957, 0.8613728284835815
1.2597577571868896, 0.72139972448349
1.1224764585494995, 0.6514132022857666
1.1493943929672241, 0.6783310770988464
1.1493943929672241, 0.7025572061538696
1.1763122081756592, 0.7402422428131104
1.1547778844833374, 0.767160177230835
0.9744279980659485, 0.9851951599121094
0.8506056666374207, 1.0847914218902588
0.818304181098938, 1.0605652332305908
0.7429340481758118, 0.9851951599121094
0.7806190848350525, 1.0497981309890747
0.8209959864616394, 1.1493943929672241
0.8775235414505005, 1.216689109802246
1.1574697494506836, 1.6796770095825195
1.3216688632965088, 1.7442799806594849
1.289367437362671, 1.6339164972305298
1.2436070442199707, 1.5397038459777832
1.1843875646591187, 1.3701211214065552
1.1843875646591187, 1.3701211214065552
1.216689109802246, 1.4320323467254639
1.216689109802246, 1.4320323467254639
1.3701211214065552, 1.5235531330108643
1.4804844856262207, 1.518169641494751
1.5989233255386353, 0.9286675453186035
1.5827724933624268, 0.7617765665054321
1.4804844856262207, 0.6864064335823059
1.4804844856262207, 0.6864064335823059
1.4804844856262207, 0.6864064335823059
