actor_1,actor_2
1.6931359767913818, 1.959623098373413
1.9030956029891968, 2.0
1.7523553371429443, 1.9246299266815186
1.7281291484832764, 1.6312247514724731
1.8950202465057373, 1.3862718343734741
2.0, 1.5262449979782104
1.8142664432525635, 1.3378196954727173
1.3539704084396362, 0.9959623217582703
1.2920591831207275, 0.9959623217582703
1.1574697494506836, 1.0013458728790283
1.0174965858459473, 1.090174913406372
1.0363391637802124, 1.2274562120437622
0.9959623217582703, 1.308210015296936
1.0659488439559937, 1.4374158382415771
1.3835800886154175, 1.8869447708129883
1.6500673294067383, 2.0
1.5397038459777832, 1.8654104471206665
1.477792739868164, 1.722745656967163
1.5262449979782104, 1.6393001079559326
1.5262449979782104, 1.6393001079559326
1.6500673294067383, 1.3674293756484985
1.7281291484832764, 1.0309555530548096
1.6689097881317139, 0.9071332216262817
1.7927321195602417, 1.0013458728790283
1.77119779586792, 0.9905787110328674
1.8546433448791504, 1.0309555530548096
1.6608344316482544, 0.9959623217582703
1.3162853717803955, 0.8317631483078003
1.1547778844833374, 0.7429340481758118
1.1440107822418213, 0.7563930153846741
1.146702527999878, 0.7698519229888916
1.1682368516921997, 0.8129205703735352
1.1574697494506836, 0.8532974720001221
1.0255720615386963, 1.0551817417144775
0.9125168323516846, 1.1386271715164185
0.88559889793396, 1.1224764585494995
0.823687732219696, 1.0551817417144775
0.8586810231208801, 1.1359354257583618
0.915208637714386, 1.2274562120437622
0.9609690308570862, 1.3135935068130493
1.2409151792526245, 1.6931359767913818
1.4481830596923828, 1.8250336647033691
1.4239569902420044, 1.6850606203079224
1.3728128671646118, 1.5908479690551758
1.3135935068130493, 1.4212651252746582
1.3135935068130493, 1.4212651252746582
1.3485867977142334, 1.5208613872528076
1.3485867977142334, 1.5208613872528076
1.4858680963516235, 1.5989233255386353
1.5720053911209106, 1.5935397148132324
1.67160165309906, 1.0255720615386963
1.6177657842636108, 0.8344548940658569
1.5477793216705322, 0.7698519229888916
1.5477793216705322, 0.7698519229888916
1.5477793216705322, 0.7698519229888916
