actor_1,actor_2
1.7846567630767822, 1.9757739305496216
1.9004037380218506, 2.0
1.722745656967163, 1.8896366357803345
1.6285330057144165, 1.5235531330108643
1.7496634721755981, 1.2113054990768433
1.9004037380218506, 1.340511441230774
1.7173620462417603, 1.2382234334945679
1.1763122081756592, 0.9878869652748108
1.0363391637802124, 0.966352641582489
0.9717361927032471, 0.9986541271209717
1.0551817417144775, 1.335127830505371
1.2759084701538086, 1.7146703004837036
1.738896369934082, 2.0
1.846567988395691, 2.0
1.6769851446151733, 2.0
1.6043068170547485, 1.7496634721755981
1.5235531330108643, 1.2624495029449463
1.7092866897583008, 0.9340511560440063
1.8277254104614258, 1.0309555530548096
1.8546433448791504, 0.9932705163955688
1.779273271560669, 1.0740242004394531
1.3458950519561768, 0.915208637714386
1.090174913406372, 0.8775235414505005
1.0148048400878906, 0.8506056666374207
0.9582772254943848, 0.8398385047912598
0.88559889793396, 1.0094212293624878
0.8613728284835815, 1.2570658922195435
0.8398385047912598, 1.3808883428573608
0.8398385047912598, 1.4051144123077393
1.0336474180221558, 1.6635262966156006
1.4131897687911987, 2.0
1.5397038459777832, 2.0
1.4158815145492554, 1.9219380617141724
1.3378196954727173, 1.7765814065933228
1.3620457649230957, 1.7765814065933228
1.477792739868164, 1.755047082901001
1.5154777765274048, 1.5989233255386353
1.6312247514724731, 0.9932705163955688
1.5397038459777832, 0.7913862466812134
1.4158815145492554, 0.6594885587692261
1.4158815145492554, 0.6594885587692261
1.518169641494751, 0.6864064335823059
1.6096904277801514, 0.7537012100219727
1.6958277225494385, 0.8209959864616394
1.7308210134506226, 0.8963660597801208
1.426648736000061, 0.8586810231208801
1.0040377378463745, 0.7106325626373291
0.9448183178901672, 0.705249011516571
0.9448183178901672, 0.705249011516571
0.9098250269889832, 0.6810228824615479
0.9098250269889832, 0.6810228824615479
0.9609690308570862, 0.7563930153846741
0.9609690308570862, 0.7563930153846741
0.9582772254943848, 0.8398385047912598
0.8613728284835815, 1.2570658922195435
0.72139972448349, 1.2301480770111084
0.6379542350769043, 1.1278600692749023
0.6379542350769043, 1.1278600692749023
