actor_1,actor_2
1.483176350593567, 1.8088829517364502
1.6554508209228516, 1.8681023120880127
1.5477793216705322, 1.7415881156921387
1.545087456703186, 1.4562584161758423
1.596231460571289, 1.1790040731430054
1.6931359767913818, 1.2678331136703491
1.4562584161758423, 1.1117092370986938
0.9609690308570862, 0.818304181098938
0.8775235414505005, 0.8748317360877991
0.7913862466812134, 0.8802153468132019
0.8506056666374207, 1.1386271715164185
1.0444145202636719, 1.4643337726593018
1.4320323467254639, 1.932705283164978
1.585464358329773, 1.9811574220657349
1.4804844856262207, 1.8438761234283447
1.5127860307693481, 1.6123822927474976
1.4724091291427612, 1.1870794296264648
1.636608362197876, 0.9528936743736267
1.6904441118240356, 1.0094212293624878
1.687752366065979, 0.9448183178901672
1.528936743736267, 0.9690443873405457
1.1790040731430054, 0.7994616627693176
0.9690443873405457, 0.767160177230835
0.8936743140220642, 0.7456258535385132
0.8721399903297424, 0.7563930153846741
0.7590848207473755, 0.8909825086593628
0.6729475259780884, 1.0713324546813965
0.5921937823295593, 1.1547778844833374
0.5895020365715027, 1.1547778844833374
0.7860026955604553, 1.4024226665496826
1.1278600692749023, 1.8250336647033691
1.2920591831207275, 1.8358007669448853
1.2247644662857056, 1.7092866897583008
1.216689109802246, 1.5773890018463135
1.2274562120437622, 1.5154777765274048
1.3674293756484985, 1.510094165802002
1.4293404817581177, 1.4320323467254639
1.561238169670105, 0.9690443873405457
1.4724091291427612, 0.772543728351593
1.3701211214065552, 0.6406460404396057
1.3701211214065552, 0.6406460404396057
1.4535666704177856, 0.6917900443077087
1.4885598421096802, 0.7294750809669495
1.5504710674285889, 0.7617765665054321
1.5316284894943237, 0.7860026955604553
1.2543741464614868, 0.7483176589012146
0.8721399903297424, 0.6191117167472839
0.8263795375823975, 0.6056527495384216
0.8263795375823975, 0.6056527495384216
0.8102288246154785, 0.573351263999939
0.8102288246154785, 0.573351263999939
0.8479138612747192, 0.6460295915603638
0.8479138612747192, 0.6460295915603638
0.8721399903297424, 0.7563930153846741
0.6729475259780884, 1.0713324546813965
0.5302826166152954, 1.039030909538269
0.46567967534065247, 0.9636608362197876
0.46567967534065247, 0.9636608362197876
