actor_1,actor_2
1.6069986820220947, 1.7442799806594849
1.6581426858901978, 1.7065949440002441
1.4347240924835205, 1.53432035446167
1.3324360847473145, 1.2786002159118652
1.4697173833847046, 0.9905787110328674
1.6796770095825195, 1.1117092370986938
1.6258411407470703, 1.0605652332305908
1.1090174913406372, 0.8209959864616394
0.9798115491867065, 0.8425303101539612
0.8963660597801208, 0.8479138612747192
0.8317631483078003, 1.0201884508132935
0.8452220559120178, 1.1493943929672241
0.7133243680000305, 1.2409151792526245
0.8209959864616394, 1.340511441230774
1.181695818901062, 1.8519515991210938
1.335127830505371, 1.8492597341537476
1.2032301425933838, 1.6608344316482544
1.1251682043075562, 1.5208613872528076
1.2139973640441895, 1.3378196954727173
1.2139973640441895, 1.3378196954727173
1.283983826637268, 0.982503354549408
1.3055181503295898, 0.6298788785934448
1.2436070442199707, 0.5248990654945374
1.3189771175384521, 0.6191117167472839
1.3378196954727173, 0.6056527495384216
1.5154777765274048, 0.6406460404396057
1.493943452835083, 0.7267833352088928
1.1520861387252808, 0.6514132022857666
0.9717361927032471, 0.608344554901123
0.9475101232528687, 0.6271870732307434
0.920592188835144, 0.6325706839561462
0.9286675453186035, 0.6810228824615479
0.9125168323516846, 0.7240915298461914
0.8479138612747192, 0.9502018690109253
0.6810228824615479, 1.1547778844833374
0.6433378458023071, 1.1278600692749023
0.5868102312088013, 1.1090174913406372
0.6110363602638245, 1.1493943929672241
0.6514132022857666, 1.222072720527649
0.7187079191207886, 1.2866756916046143
1.0363391637802124, 1.7415881156921387
1.197846531867981, 1.7577389478683472
1.1413190364837646, 1.6393001079559326
1.0578734874725342, 1.4885598421096802
1.0148048400878906, 1.3135935068130493
1.0148048400878906, 1.3135935068130493
1.0309555530548096, 1.3620457649230957
1.0309555530548096, 1.3620457649230957
1.1170928478240967, 1.3028264045715332
1.2301480770111084, 1.2516824007034302
1.300134539604187, 0.6271870732307434
1.222072720527649, 0.4683714807033539
1.146702527999878, 0.3983849287033081
1.146702527999878, 0.3983849287033081
1.146702527999878, 0.3983849287033081
