actor_1,actor_2
1.6608344316482544, 1.8358007669448853
1.8196500539779663, 1.9192463159561157
1.6177657842636108, 1.841184377670288
1.5558546781539917, 1.5773890018463135
1.4993270635604858, 1.0686405897140503
1.5800807476043701, 1.1063257455825806
1.6742933988571167, 1.0067294836044312
1.795423984527588, 1.0659488439559937
1.7658143043518066, 1.0874831676483154
1.35127854347229, 0.8748317360877991
1.0605652332305908, 0.7510094046592712
0.9771198034286499, 0.7187079191207886
0.966352641582489, 0.7348586916923523
0.920592188835144, 0.8048452138900757
0.8479138612747192, 0.9986541271209717
0.6783310770988464, 1.0686405897140503
0.6783310770988464, 1.0686405897140503
0.6433378458023071, 1.1009421348571777
0.6917900443077087, 1.1493943929672241
0.8721399903297424, 1.3970390558242798
1.1009421348571777, 1.795423984527588
1.359354019165039, 1.8627187013626099
1.248990535736084, 1.8008075952529907
1.1897711753845215, 1.6958277225494385
1.1870794296264648, 1.6069986820220947
1.2516824007034302, 1.647375464439392
1.2516824007034302, 1.647375464439392
1.410498023033142, 1.6931359767913818
1.518169641494751, 1.3781964778900146
1.5585464239120483, 0.9744279980659485
1.4912517070770264, 0.8506056666374207
1.3781964778900146, 0.7267833352088928
1.3781964778900146, 0.7267833352088928
1.4562584161758423, 0.7994616627693176
1.5316284894943237, 0.8479138612747192
1.7523553371429443, 0.9071332216262817
1.4966353178024292, 0.8990578651428223
1.2570658922195435, 0.7806190848350525
1.0174965858459473, 0.6648721694946289
0.9502018690109253, 0.6352624297142029
0.9259757995605469, 0.6056527495384216
0.9259757995605469, 0.6056527495384216
0.9394347071647644, 0.6379542350769043
0.966352641582489, 0.7348586916923523
0.9367429614067078, 0.7563930153846741
0.8209959864616394, 0.9932705163955688
0.6998654007911682, 1.1170928478240967
0.6218035221099854, 1.0551817417144775
0.6218035221099854, 1.0551817417144775
