actor_1,actor_2
1.5639300346374512, 1.6150740385055542
1.7146703004837036, 1.7658143043518066
1.647375464439392, 1.647375464439392
1.7415881156921387, 1.5666217803955078
1.5666217803955078, 1.324360728263855
1.098250389099121, 0.915208637714386
0.9636608362197876, 0.8990578651428223
0.88559889793396, 0.9690443873405457
0.869448184967041, 0.9690443873405457
0.915208637714386, 1.1063257455825806
1.2139973640441895, 1.652759075164795
1.3970390558242798, 1.8896366357803345
1.359354019165039, 1.7819650173187256
1.4212651252746582, 1.8681023120880127
1.5316284894943237, 1.6581426858901978
1.5531628131866455, 1.4320323467254639
1.6850606203079224, 0.9609690308570862
1.7012113332748413, 0.9502018690109253
1.7658143043518066, 0.9932705163955688
1.7469717264175415, 0.9017496705055237
1.5262449979782104, 0.8748317360877991
1.130551815032959, 0.705249011516571
1.028263807296753, 0.7429340481758118
0.9475101232528687, 0.7079407572746277
0.8802153468132019, 0.7133243680000305
0.8667563796043396, 0.823687732219696
0.8290713429450989, 0.9259757995605469
0.7402422428131104, 0.9744279980659485
0.6379542350769043, 0.8532974720001221
0.6594885587692261, 0.8775235414505005
0.705249011516571, 0.9313593506813049
0.8290713429450989, 1.0201884508132935
0.9528936743736267, 1.2382234334945679
1.130551815032959, 1.5370121002197266
1.2974427938461304, 1.7119784355163574
1.2409151792526245, 1.585464358329773
1.2193808555603027, 1.4454911947250366
1.2193808555603027, 1.4454911947250366
1.2947510480880737, 1.5585464239120483
1.2947510480880737, 1.5585464239120483
1.3620457649230957, 1.510094165802002
1.4697173833847046, 1.647375464439392
1.4347240924835205, 1.4454911947250366
1.6177657842636108, 1.130551815032959
1.6231493949890137, 0.8048452138900757
1.5558546781539917, 0.675639271736145
1.4454911947250366, 0.608344554901123
1.4454911947250366, 0.608344554901123
1.4454911947250366, 0.608344554901123
1.4454911947250366, 0.608344554901123
