actor_1,actor_2
1.510094165802002, 1.7173620462417603
1.6985194683074951, 1.881561279296875
1.6312247514724731, 1.7577389478683472
1.6258411407470703, 1.5020188093185425
1.6500673294067383, 1.1547778844833374
1.7092866897583008, 1.2059218883514404
1.4885598421096802, 1.02288019657135
1.0820995569229126, 0.6864064335823059
0.9851951599121094, 0.6514132022857666
0.9098250269889832, 0.6379542350769043
0.8344548940658569, 0.7590848207473755
0.823687732219696, 0.8640645742416382
0.7079407572746277, 0.8532974720001221
0.7375504970550537, 0.9071332216262817
0.7402422428131104, 0.915208637714386
0.8129205703735352, 0.9959623217582703
0.9744279980659485, 1.3728128671646118
1.2301480770111084, 1.6662180423736572
1.2651413679122925, 1.7146703004837036
1.2436070442199707, 1.6285330057144165
1.2274562120437622, 1.5020188093185425
1.2274562120437622, 1.5020188093185425
1.3943471908569336, 1.8142664432525635
1.3943471908569336, 1.8142664432525635
1.6150740385055542, 1.493943452835083
1.6258411407470703, 0.8829071521759033
1.5047106742858887, 0.6621803641319275
1.5047106742858887, 0.6621803641319275
1.4212651252746582, 0.6002691984176636
1.477792739868164, 0.6352624297142029
1.545087456703186, 0.6810228824615479
1.4697173833847046, 0.6944818496704102
1.2193808555603027, 0.6621803641319275
0.9878869652748108, 0.5329744219779968
0.8936743140220642, 0.49798116087913513
0.8559892177581787, 0.4737550616264343
0.8479138612747192, 0.48721399903297424
0.8479138612747192, 0.48721399903297424
0.8721399903297424, 0.5087482929229736
0.8344548940658569, 0.6029609441757202
0.8506056666374207, 0.8263795375823975
0.7806190848350525, 0.8586810231208801
0.72139972448349, 0.8263795375823975
