actor_1,actor_2
1.3889636993408203, 1.6635262966156006
1.6069986820220947, 1.8169583082199097
1.5262449979782104, 1.6769851446151733
1.5423957109451294, 1.4024226665496826
1.561238169670105, 1.090174913406372
1.636608362197876, 1.1547778844833374
1.3943471908569336, 0.9986541271209717
0.9502018690109253, 0.654105007648468
0.8425303101539612, 0.6029609441757202
0.7644683718681335, 0.5921937823295593
0.6890982389450073, 0.6971735954284668
0.7079407572746277, 0.869448184967041
0.6433378458023071, 0.9071332216262817
0.7456258535385132, 1.0740242004394531
1.0255720615386963, 1.6958277225494385
1.2678331136703491, 1.90847909450531
1.232839822769165, 1.7846567630767822
1.2059218883514404, 1.6958277225494385
1.375504732131958, 1.703903079032898
1.375504732131958, 1.703903079032898
1.4670255184173584, 1.1520861387252808
1.5127860307693481, 0.8344548940658569
1.4158815145492554, 0.6998654007911682
1.4966353178024292, 0.7563930153846741
1.4454911947250366, 0.6944818496704102
1.4724091291427612, 0.670255720615387
1.2651413679122925, 0.6944818496704102
0.9502018690109253, 0.5491251945495605
0.772543728351593, 0.4818304181098938
0.7510094046592712, 0.4845221936702728
0.7429340481758118, 0.4925975799560547
0.7698519229888916, 0.5141319036483765
0.7833108901977539, 0.5356662273406982
0.7160161733627319, 0.6675639152526855
0.6056527495384216, 0.823687732219696
0.5329744219779968, 0.7267833352088928
0.5329744219779968, 0.7267833352088928
0.5329744219779968, 0.7079407572746277
