actor_1,actor_2
1.340511441230774, 1.790040373802185
1.5208613872528076, 1.897711992263794
1.4320323467254639, 1.77119779586792
1.4212651252746582, 1.569313645362854
1.3539704084396362, 1.028263807296753
1.4751009941101074, 0.9986541271209717
1.5881561040878296, 0.8721399903297424
1.6500673294067383, 0.9367429614067078
1.4858680963516235, 0.9771198034286499
1.1386271715164185, 0.772543728351593
0.966352641582489, 0.675639271736145
0.88559889793396, 0.6352624297142029
0.9017496705055237, 0.6944818496704102
0.8344548940658569, 0.7348586916923523
0.7806190848350525, 0.9717361927032471
0.6675639152526855, 1.0578734874725342
0.6675639152526855, 1.0578734874725342
0.6352624297142029, 1.0417227745056152
0.6594885587692261, 1.0874831676483154
0.7779273390769958, 1.2759084701538086
0.9125168323516846, 1.6177657842636108
1.1332435607910156, 1.7496634721755981
1.1036338806152344, 1.6339164972305298
1.0847914218902588, 1.5585464239120483
1.0767160654067993, 1.5316284894943237
1.1251682043075562, 1.6096904277801514
1.1251682043075562, 1.6096904277801514
1.2759084701538086, 1.7173620462417603
1.4158815145492554, 1.4347240924835205
1.4670255184173584, 0.9286675453186035
1.3970390558242798, 0.767160177230835
1.2570658922195435, 0.5706595182418823
1.2570658922195435, 0.5706595182418823
