actor_1,actor_2
1.5881561040878296, 1.9919246435165405
1.795423984527588, 1.9892328977584839
1.6446837186813354, 1.8034993410110474
1.561238169670105, 1.4912517070770264
1.6500673294067383, 1.0605652332305908
1.7981157302856445, 1.2113054990768433
1.5504710674285889, 1.1063257455825806
1.047106385231018, 0.8209959864616394
0.920592188835144, 0.8156123757362366
0.8156123757362366, 0.8263795375823975
0.88559889793396, 1.1870794296264648
1.1197847127914429, 1.5989233255386353
1.528936743736267, 2.0
1.7415881156921387, 2.0
1.6069986820220947, 1.9515477418899536
1.5531628131866455, 1.7146703004837036
1.4454911947250366, 1.2139973640441895
1.67160165309906, 0.8721399903297424
1.7819650173187256, 0.915208637714386
1.795423984527588, 0.8667563796043396
1.67160165309906, 0.9932705163955688
1.2866756916046143, 0.8290713429450989
1.0363391637802124, 0.7321668863296509
0.9421265125274658, 0.6944818496704102
0.8909825086593628, 0.6944818496704102
0.772543728351593, 0.7940780520439148
0.6998654007911682, 1.0148048400878906
0.6864064335823059, 1.1413190364837646
0.7106325626373291, 1.170928716659546
0.9232839941978455, 1.4724091291427612
1.2409151792526245, 1.9192463159561157
1.458950161933899, 1.9004037380218506
1.3728128671646118, 1.7119784355163574
1.3216688632965088, 1.6339164972305298
1.3270524740219116, 1.6904441118240356
1.4158815145492554, 1.7012113332748413
1.4374158382415771, 1.5720053911209106
1.6069986820220947, 0.9475101232528687
1.477792739868164, 0.6864064335823059
1.3189771175384521, 0.5841184258460999
1.3189771175384521, 0.5841184258460999
1.4212651252746582, 0.6218035221099854
1.5127860307693481, 0.6567967534065247
1.6123822927474976, 0.7160161733627319
1.6069986820220947, 0.7994616627693176
1.3485867977142334, 0.7860026955604553
0.9690443873405457, 0.6218035221099854
0.8882907032966614, 0.6002691984176636
0.8882907032966614, 0.6002691984176636
0.8506056666374207, 0.5545087456703186
0.8506056666374207, 0.5545087456703186
0.8990578651428223, 0.6029609441757202
0.8990578651428223, 0.6029609441757202
0.8909825086593628, 0.6944818496704102
0.6998654007911682, 1.0148048400878906
0.624495267868042, 0.9502018690109253
0.5679677128791809, 0.8209959864616394
0.5679677128791809, 0.8209959864616394
