actor_1,actor_2
1.738896369934082, 1.7631224393844604
1.9380887746810913, 1.8169583082199097
1.738896369934082, 1.7631224393844604
1.9380887746810913, 1.8169583082199097
1.738896369934082, 1.7631224393844604
1.9380887746810913, 1.8169583082199097
1.6581426858901978, 1.6823687553405762
1.9380887746810913, 1.8169583082199097
1.6635262966156006, 1.5262449979782104
1.1763122081756592, 1.090174913406372
1.028263807296753, 1.028263807296753
0.915208637714386, 1.0067294836044312
0.8748317360877991, 1.1224764585494995
0.8829071521759033, 1.11440110206604
1.3162853717803955, 1.5800807476043701
1.5935397148132324, 1.7308210134506226
1.4697173833847046, 1.652759075164795
1.5531628131866455, 1.8438761234283447
1.620457649230957, 1.6904441118240356
1.620457649230957, 1.6904441118240356
1.7577389478683472, 1.1897711753845215
1.7065949440002441, 0.8882907032966614
1.6635262966156006, 0.7967698574066162
1.7254374027252197, 0.9044414758682251
1.7308210134506226, 0.8640645742416382
1.77119779586792, 0.8506056666374207
1.4993270635604858, 0.8048452138900757
1.0605652332305908, 0.6567967534065247
0.9690443873405457, 0.6352624297142029
0.8882907032966614, 0.6110363602638245
0.8613728284835815, 0.6056527495384216
0.8640645742416382, 0.6271870732307434
0.8909825086593628, 0.7590848207473755
0.88559889793396, 0.9313593506813049
0.7375504970550537, 0.9125168323516846
0.6514132022857666, 0.818304181098938
0.6137281060218811, 0.7160161733627319
0.6433378458023071, 0.7833108901977539
0.6648721694946289, 0.8479138612747192
0.767160177230835, 0.9878869652748108
