actor_1,actor_2
1.5908479690551758, 2.0
1.8142664432525635, 2.0
1.7119784355163574, 1.9057873487472534
1.7012113332748413, 1.7577389478683472
1.6931359767913818, 1.3324360847473145
1.77119779586792, 1.340511441230774
1.9569313526153564, 1.2516824007034302
2.0, 1.3135935068130493
1.9515477418899536, 1.35127854347229
1.5047106742858887, 1.0928667783737183
1.2786002159118652, 0.9340511560440063
1.222072720527649, 0.8963660597801208
1.1278600692749023, 0.915208637714386
1.0255720615386963, 0.982503354549408
0.8882907032966614, 1.181695818901062
0.7348586916923523, 1.1278600692749023
0.7348586916923523, 1.1278600692749023
0.6783310770988464, 1.0740242004394531
0.6729475259780884, 1.095558524131775
0.8371466994285583, 1.2812920808792114
1.028263807296753, 1.5370121002197266
1.2812920808792114, 1.6285330057144165
1.232839822769165, 1.5423957109451294
1.2113054990768433, 1.4966353178024292
1.2436070442199707, 1.4724091291427612
1.3808883428573608, 1.6096904277801514
1.3808883428573608, 1.6096904277801514
1.5666217803955078, 1.7927321195602417
1.7281291484832764, 1.6123822927474976
1.8008075952529907, 1.2274562120437622
1.8088829517364502, 1.1170928478240967
1.7119784355163574, 0.9798115491867065
1.7119784355163574, 0.9798115491867065
1.7658143043518066, 1.0605652332305908
1.8358007669448853, 1.090174913406372
1.9246299266815186, 1.1413190364837646
1.6635262966156006, 1.1117092370986938
1.3997308015823364, 0.9744279980659485
1.1790040731430054, 0.8452220559120178
1.1413190364837646, 0.8102288246154785
1.0686405897140503, 0.7752355337142944
1.0686405897140503, 0.7752355337142944
1.11440110206604, 0.8075370192527771
1.1278600692749023, 0.915208637714386
1.090174913406372, 0.9771198034286499
0.8936743140220642, 1.2247644662857056
0.7617765665054321, 1.2301480770111084
0.6379542350769043, 1.02288019657135
0.6379542350769043, 1.02288019657135
