actor_1,actor_2
1.7308210134506226, 2.0
1.822341799736023, 2.0
1.7119784355163574, 1.9273216724395752
1.6904441118240356, 1.6850606203079224
1.8250336647033691, 1.458950161933899
1.9542396068572998, 1.5262449979782104
1.8734859228134155, 1.4454911947250366
1.5397038459777832, 1.1601614952087402
1.4320323467254639, 1.1036338806152344
1.3458950519561768, 1.1493943929672241
1.1628532409667969, 1.2651413679122925
1.1763122081756592, 1.4158815145492554
1.090174913406372, 1.3620457649230957
1.165545105934143, 1.493943452835083
1.4185733795166016, 1.9219380617141724
1.5531628131866455, 1.967698574066162
1.458950161933899, 1.8681023120880127
1.4185733795166016, 1.7658143043518066
1.4993270635604858, 1.755047082901001
1.4993270635604858, 1.755047082901001
1.6446837186813354, 1.3862718343734741
1.7981157302856445, 1.1790040731430054
1.7604306936264038, 1.0767160654067993
1.8519515991210938, 1.197846531867981
1.8088829517364502, 1.1520861387252808
1.8896366357803345, 1.0928667783737183
1.7846567630767822, 1.1170928478240967
1.5558546781539917, 0.9771198034286499
1.4024226665496826, 0.8559892177581787
1.4212651252746582, 0.88559889793396
1.3835800886154175, 0.9286675453186035
1.3835800886154175, 0.9771198034286499
1.35127854347229, 1.0094212293624878
1.2113054990768433, 1.2409151792526245
1.02288019657135, 1.3028264045715332
0.9959623217582703, 1.2086137533187866
0.8909825086593628, 1.0578734874725342
0.9340511560440063, 1.1278600692749023
0.9690443873405457, 1.1924630403518677
0.9717361927032471, 1.2436070442199707
1.1843875646591187, 1.5827724933624268
1.300134539604187, 1.6446837186813354
1.2705248594284058, 1.5639300346374512
1.2786002159118652, 1.5773890018463135
1.2247644662857056, 1.4454911947250366
1.2247644662857056, 1.4454911947250366
1.2812920808792114, 1.5827724933624268
1.2812920808792114, 1.5827724933624268
1.4912517070770264, 1.7442799806594849
1.5720053911209106, 1.7523553371429443
1.7685060501098633, 1.1251682043075562
1.7469717264175415, 0.9851951599121094
1.647375464439392, 0.8963660597801208
1.647375464439392, 0.8963660597801208
1.647375464439392, 0.8963660597801208
