actor_1,actor_2
1.5827724933624268, 1.6931359767913818
1.6500673294067383, 1.720053791999817
1.4347240924835205, 1.5666217803955078
1.3889636993408203, 1.3835800886154175
1.5800807476043701, 1.1278600692749023
1.8250336647033691, 1.2543741464614868
1.7981157302856445, 1.2193808555603027
1.2624495029449463, 0.9340511560440063
1.1224764585494995, 0.9394347071647644
1.0363391637802124, 0.9744279980659485
0.8829071521759033, 1.0363391637802124
0.9125168323516846, 1.1547778844833374
0.8344548940658569, 1.1090174913406372
0.915208637714386, 1.1870794296264648
1.2543741464614868, 1.5666217803955078
1.3432031869888306, 1.6823687553405762
1.2193808555603027, 1.53432035446167
1.1493943929672241, 1.4616420269012451
1.2005383968353271, 1.4670255184173584
1.2005383968353271, 1.4670255184173584
1.3216688632965088, 1.1063257455825806
1.458950161933899, 0.8506056666374207
1.3970390558242798, 0.7537012100219727
1.528936743736267, 0.8882907032966614
1.510094165802002, 0.8048452138900757
1.6554508209228516, 0.8263795375823975
1.6258411407470703, 0.9313593506813049
1.2974427938461304, 0.7994616627693176
1.0820995569229126, 0.7563930153846741
1.0713324546813965, 0.7833108901977539
1.0820995569229126, 0.8129205703735352
1.0928667783737183, 0.8452220559120178
1.0524898767471313, 0.8802153468132019
0.8990578651428223, 1.0174965858459473
0.8048452138900757, 1.0847914218902588
0.7752355337142944, 1.0255720615386963
0.7187079191207886, 0.9555854797363281
0.7456258535385132, 1.0040377378463745
0.7563930153846741, 1.0174965858459473
0.8129205703735352, 1.0417227745056152
1.0713324546813965, 1.2974427938461304
1.1547778844833374, 1.3728128671646118
1.1224764585494995, 1.2678331136703491
1.0767160654067993, 1.2812920808792114
1.0148048400878906, 1.1601614952087402
1.0148048400878906, 1.1601614952087402
1.079407811164856, 1.2597577571868896
1.079407811164856, 1.2597577571868896
1.197846531867981, 1.4374158382415771
1.2705248594284058, 1.4724091291427612
1.375504732131958, 0.8586810231208801
1.3324360847473145, 0.6890982389450073
1.2355316877365112, 0.6002691984176636
1.2355316877365112, 0.6002691984176636
1.2355316877365112, 0.6002691984176636
