actor_1,actor_2
1.53432035446167, 1.897711992263794
1.7308210134506226, 1.965006709098816
1.6096904277801514, 1.7496634721755981
1.5504710674285889, 1.4993270635604858
1.7146703004837036, 1.1870794296264648
1.8438761234283447, 1.3647375106811523
1.6635262966156006, 1.273216724395752
1.1493943929672241, 0.9636608362197876
1.0094212293624878, 0.9932705163955688
0.8990578651428223, 0.9905787110328674
0.8990578651428223, 1.2570658922195435
1.0551817417144775, 1.561238169670105
1.4643337726593018, 2.0
1.6285330057144165, 2.0
1.5262449979782104, 1.9111709594726562
1.5074024200439453, 1.6500673294067383
1.483176350593567, 1.1951547861099243
1.7927321195602417, 1.039030909538269
1.9165544509887695, 1.1009421348571777
1.881561279296875, 1.0740242004394531
1.738896369934082, 1.1440107822418213
1.3189771175384521, 0.9313593506813049
1.1440107822418213, 0.9232839941978455
1.0659488439559937, 0.88559889793396
0.9609690308570862, 0.8909825086593628
0.8317631483078003, 1.012113094329834
0.7537012100219727, 1.1682368516921997
0.7106325626373291, 1.216689109802246
0.7133243680000305, 1.232839822769165
0.8532974720001221, 1.4131897687911987
1.1897711753845215, 1.7846567630767822
1.3324360847473145, 1.8277254104614258
1.3028264045715332, 1.6231493949890137
1.2382234334945679, 1.53432035446167
1.2462987899780273, 1.528936743736267
1.35127854347229, 1.5800807476043701
1.4185733795166016, 1.4508748054504395
1.6339164972305298, 0.9851951599121094
1.585464358329773, 0.8156123757362366
1.426648736000061, 0.6487213969230652
1.426648736000061, 0.6487213969230652
1.5208613872528076, 0.7187079191207886
1.6150740385055542, 0.7537012100219727
1.652759075164795, 0.8425303101539612
1.6554508209228516, 0.9232839941978455
1.3862718343734741, 0.9017496705055237
0.9771198034286499, 0.7294750809669495
0.9367429614067078, 0.7079407572746277
0.9367429614067078, 0.7079407572746277
0.8936743140220642, 0.6864064335823059
0.8936743140220642, 0.6864064335823059
0.9905787110328674, 0.7967698574066162
0.9905787110328674, 0.7967698574066162
0.9609690308570862, 0.8909825086593628
0.7537012100219727, 1.1682368516921997
0.6487213969230652, 1.090174913406372
0.5975773930549622, 0.9636608362197876
0.5975773930549622, 0.9636608362197876
