actor_1,actor_2
1.426648736000061, 1.790040373802185
1.67160165309906, 1.9246299266815186
1.5047106742858887, 1.77119779586792
1.4616420269012451, 1.5773890018463135
1.4481830596923828, 1.0740242004394531
1.545087456703186, 1.1036338806152344
1.720053791999817, 1.0740242004394531
1.830417275428772, 1.130551815032959
1.6958277225494385, 1.1763122081756592
1.1736204624176025, 0.9179003834724426
0.8559892177581787, 0.7752355337142944
0.767160177230835, 0.7187079191207886
0.7617765665054321, 0.7133243680000305
0.6783310770988464, 0.7321668863296509
0.5787348747253418, 0.9125168323516846
0.5087482929229736, 0.9421265125274658
0.5033647418022156, 1.0094212293624878
0.8371466994285583, 1.3835800886154175
1.2005383968353271, 1.7819650173187256
1.2597577571868896, 1.7362046241760254
1.2139973640441895, 1.6796770095825195
1.1601614952087402, 1.6177657842636108
1.289367437362671, 1.652759075164795
1.3297443389892578, 1.53432035446167
1.4481830596923828, 1.0740242004394531
1.4966353178024292, 0.920592188835144
1.4966353178024292, 0.920592188835144
1.4481830596923828, 0.9071332216262817
1.5585464239120483, 0.9555854797363281
1.477792739868164, 0.8506056666374207
1.5208613872528076, 0.9555854797363281
1.1843875646591187, 0.8775235414505005
0.7160161733627319, 0.6783310770988464
0.7106325626373291, 0.6917900443077087
0.7106325626373291, 0.6917900443077087
0.6810228824615479, 0.6514132022857666
0.7294750809669495, 0.6783310770988464
0.7617765665054321, 0.7133243680000305
0.6783310770988464, 0.7321668863296509
0.4952893555164337, 0.88559889793396
0.44952893257141113, 0.8667563796043396
0.4333781898021698, 0.8371466994285583
0.4064602851867676, 0.8129205703735352
0.4064602851867676, 0.8129205703735352
0.5329744219779968, 1.028263807296753
0.7940780520439148, 1.324360728263855
1.047106385231018, 1.483176350593567
1.0417227745056152, 1.4212651252746582
1.0605652332305908, 1.4185733795166016
1.028263807296753, 1.3620457649230957
0.9851951599121094, 1.2570658922195435
1.0444145202636719, 1.3566621541976929
1.1278600692749023, 1.3701211214065552
1.216689109802246, 1.3970390558242798
1.4320323467254639, 0.9878869652748108
1.35127854347229, 0.8963660597801208
1.3539704084396362, 0.823687732219696
1.3539704084396362, 0.823687732219696
1.3539704084396362, 0.823687732219696
