actor_1,actor_2
1.4374158382415771, 1.636608362197876
1.652759075164795, 1.738896369934082
1.4481830596923828, 1.6177657842636108
1.3943471908569336, 1.3378196954727173
1.5262449979782104, 1.0363391637802124
1.720053791999817, 1.1413190364837646
1.4616420269012451, 1.0309555530548096
0.8990578651428223, 0.7698519229888916
0.7806190848350525, 0.7698519229888916
0.6917900443077087, 0.7510094046592712
0.6971735954284668, 0.9528936743736267
0.9313593506813049, 1.283983826637268
1.3943471908569336, 1.779273271560669
1.596231460571289, 1.9219380617141724
1.3943471908569336, 1.7981157302856445
1.3674293756484985, 1.493943452835083
1.335127830505371, 1.0417227745056152
1.5397038459777832, 0.8371466994285583
1.6419919729232788, 0.9071332216262817
1.6446837186813354, 0.8452220559120178
1.5208613872528076, 0.9313593506813049
1.098250389099121, 0.7590848207473755
0.8963660597801208, 0.6971735954284668
0.8021534085273743, 0.6487213969230652
0.7537012100219727, 0.6567967534065247
0.6433378458023071, 0.7429340481758118
0.5545087456703186, 0.8909825086593628
0.5033647418022156, 0.920592188835144
0.5437415838241577, 0.9394347071647644
0.7537012100219727, 1.1493943929672241
1.11440110206604, 1.545087456703186
1.308210015296936, 1.6419919729232788
1.165545105934143, 1.5504710674285889
1.1251682043075562, 1.4401077032089233
1.1359354257583618, 1.4670255184173584
1.2355316877365112, 1.493943452835083
1.2651413679122925, 1.3324360847473145
1.4535666704177856, 0.8532974720001221
1.3297443389892578, 0.6594885587692261
1.1117092370986938, 0.5222072601318359
1.1117092370986938, 0.5222072601318359
1.1763122081756592, 0.5814266204833984
1.2543741464614868, 0.6271870732307434
1.3378196954727173, 0.6648721694946289
1.3539704084396362, 0.7267833352088928
1.079407811164856, 0.7375504970550537
0.7240915298461914, 0.5787348747253418
0.6837146878242493, 0.5545087456703186
0.6837146878242493, 0.5545087456703186
0.6514132022857666, 0.5329744219779968
0.6514132022857666, 0.5329744219779968
0.7187079191207886, 0.5921937823295593
0.7187079191207886, 0.5921937823295593
0.7537012100219727, 0.6567967534065247
0.5545087456703186, 0.8909825086593628
0.4710632562637329, 0.8344548940658569
0.4226110279560089, 0.767160177230835
0.4226110279560089, 0.767160177230835
