actor_1,actor_2
1.647375464439392, 1.9273216724395752
1.8492597341537476, 2.0
1.6931359767913818, 1.9515477418899536
1.652759075164795, 1.7254374027252197
1.6123822927474976, 1.2516824007034302
1.6742933988571167, 1.2005383968353271
1.8196500539779663, 1.1170928478240967
1.8842530250549316, 1.1682368516921997
1.779273271560669, 1.1090174913406372
1.2597577571868896, 0.8317631483078003
1.0067294836044312, 0.6971735954284668
0.9609690308570862, 0.6567967534065247
0.9636608362197876, 0.6971735954284668
0.8532974720001221, 0.7644683718681335
0.818304181098938, 0.9582772254943848
0.624495267868042, 0.9313593506813049
0.624495267868042, 0.9313593506813049
0.5895020365715027, 0.88559889793396
0.573351263999939, 0.8802153468132019
0.7537012100219727, 1.11440110206604
1.012113094329834, 1.4804844856262207
1.2247644662857056, 1.6393001079559326
1.1628532409667969, 1.528936743736267
1.1197847127914429, 1.4724091291427612
1.1520861387252808, 1.5154777765274048
1.2274562120437622, 1.6446837186813354
1.2274562120437622, 1.6446837186813354
1.4912517070770264, 1.8492597341537476
1.720053791999817, 1.585464358329773
1.7415881156921387, 1.1197847127914429
1.6446837186813354, 1.0067294836044312
1.510094165802002, 0.8398385047912598
1.510094165802002, 0.8398385047912598
1.5827724933624268, 0.8882907032966614
1.6446837186813354, 0.915208637714386
1.7362046241760254, 0.9528936743736267
1.4508748054504395, 0.8425303101539612
1.1063257455825806, 0.6890982389450073
0.8909825086593628, 0.5868102312088013
0.8640645742416382, 0.5598923563957214
0.8317631483078003, 0.5437415838241577
0.8317631483078003, 0.5437415838241577
0.9044414758682251, 0.5706595182418823
0.9636608362197876, 0.6971735954284668
0.9528936743736267, 0.7590848207473755
0.8721399903297424, 1.0067294836044312
0.6890982389450073, 1.0201884508132935
0.5841184258460999, 0.823687732219696
0.5841184258460999, 0.823687732219696
