actor_1,actor_2
1.6796770095825195, 1.722745656967163
1.7469717264175415, 1.7738896608352661
1.5720053911209106, 1.6635262966156006
1.477792739868164, 1.44279944896698
1.5558546781539917, 1.0524898767471313
1.7119784355163574, 1.1197847127914429
1.569313645362854, 0.9394347071647644
1.0847914218902588, 0.6002691984176636
1.0013458728790283, 0.6029609441757202
0.9340511560440063, 0.6352624297142029
0.8802153468132019, 0.7537012100219727
0.8506056666374207, 0.8156123757362366
0.6837146878242493, 0.7510094046592712
0.624495267868042, 0.6810228824615479
0.6056527495384216, 0.6352624297142029
0.6298788785934448, 0.6621803641319275
0.6487213969230652, 0.7240915298461914
0.7267833352088928, 0.8452220559120178
0.8613728284835815, 1.0497981309890747
1.0551817417144775, 1.2947510480880737
1.1520861387252808, 1.3674293756484985
1.0820995569229126, 1.2516824007034302
1.0578734874725342, 1.170928716659546
1.0578734874725342, 1.170928716659546
1.1009421348571777, 1.300134539604187
1.1009421348571777, 1.300134539604187
1.1897711753845215, 1.5262449979782104
1.1897711753845215, 1.5262449979782104
1.3674293756484985, 1.703903079032898
1.4481830596923828, 1.4912517070770264
1.426648736000061, 0.7913862466812134
1.391655445098877, 0.6298788785934448
1.300134539604187, 0.5706595182418823
1.2651413679122925, 0.5625841021537781
