actor_1,actor_2
1.528936743736267, 1.913862705230713
1.6419919729232788, 1.983849287033081
1.5316284894943237, 1.8734859228134155
1.4966353178024292, 1.6500673294067383
1.5316284894943237, 1.1897711753845215
1.5397038459777832, 1.1117092370986938
1.6850606203079224, 1.0444145202636719
1.720053791999817, 1.0740242004394531
1.6823687553405762, 1.0417227745056152
1.2570658922195435, 0.7967698574066162
1.0013458728790283, 0.6594885587692261
0.920592188835144, 0.608344554901123
0.8748317360877991, 0.624495267868042
0.823687732219696, 0.705249011516571
0.7267833352088928, 0.8990578651428223
0.5814266204833984, 0.8721399903297424
0.5814266204833984, 0.8721399903297424
0.5518169403076172, 0.8506056666374207
0.55720055103302, 0.8640645742416382
0.7348586916923523, 1.1090174913406372
0.9851951599121094, 1.483176350593567
1.165545105934143, 1.5531628131866455
1.1197847127914429, 1.4751009941101074
1.1036338806152344, 1.4239569902420044
1.1493943929672241, 1.4804844856262207
1.2113054990768433, 1.5935397148132324
1.2113054990768433, 1.5935397148132324
1.3862718343734741, 1.8169583082199097
1.5827724933624268, 1.561238169670105
1.6285330057144165, 1.0524898767471313
1.5935397148132324, 0.9636608362197876
1.510094165802002, 0.7967698574066162
1.510094165802002, 0.7967698574066162
1.5397038459777832, 0.8290713429450989
1.5908479690551758, 0.8586810231208801
1.6285330057144165, 0.8802153468132019
1.4374158382415771, 0.8209959864616394
1.1547778844833374, 0.6648721694946289
0.9313593506813049, 0.5598923563957214
0.869448184967041, 0.5222072601318359
0.823687732219696, 0.49798116087913513
0.823687732219696, 0.49798116087913513
0.8586810231208801, 0.5356662273406982
0.8748317360877991, 0.624495267868042
0.8748317360877991, 0.6837146878242493
0.7106325626373291, 0.9286675453186035
0.6218035221099854, 0.966352641582489
0.5195154547691345, 0.7779273390769958
0.5195154547691345, 0.7779273390769958
