actor_1,actor_2
1.7146703004837036, 2.0
1.841184377670288, 2.0
1.7308210134506226, 1.9865410327911377
1.7065949440002441, 1.7604306936264038
1.620457649230957, 1.2705248594284058
1.6419919729232788, 1.1843875646591187
1.7604306936264038, 1.098250389099121
1.7981157302856445, 1.165545105934143
1.7092866897583008, 1.0820995569229126
1.216689109802246, 0.772543728351593
0.9690443873405457, 0.6002691984176636
0.9232839941978455, 0.5706595182418823
0.915208637714386, 0.5787348747253418
0.8936743140220642, 0.6298788785934448
0.869448184967041, 0.8586810231208801
0.72139972448349, 0.8263795375823975
0.72139972448349, 0.8263795375823975
0.6137281060218811, 0.7025572061538696
0.6137281060218811, 0.7025572061538696
0.6298788785934448, 0.7590848207473755
0.6621803641319275, 0.8317631483078003
