actor_1,actor_2
1.4697173833847046, 1.795423984527588
1.5720053911209106, 1.8842530250549316
1.44279944896698, 1.7496634721755981
1.3997308015823364, 1.6069986820220947
1.3297443389892578, 1.1036338806152344
1.3432031869888306, 1.0551817417144775
1.4051144123077393, 0.920592188835144
1.4481830596923828, 0.9717361927032471
1.4697173833847046, 1.0201884508132935
1.1117092370986938, 0.7348586916923523
0.8398385047912598, 0.6137281060218811
0.7913862466812134, 0.5868102312088013
0.7806190848350525, 0.6406460404396057
0.7644683718681335, 0.7106325626373291
0.7375504970550537, 0.869448184967041
0.6352624297142029, 0.8802153468132019
0.6352624297142029, 0.8802153468132019
0.6271870732307434, 0.8802153468132019
0.6325706839561462, 0.8640645742416382
0.818304181098938, 1.0309555530548096
1.02288019657135, 1.3970390558242798
1.1386271715164185, 1.5074024200439453
1.0740242004394531, 1.4131897687911987
1.0578734874725342, 1.3889636993408203
1.0578734874725342, 1.4185733795166016
1.1413190364837646, 1.5154777765274048
1.1413190364837646, 1.5154777765274048
1.3028264045715332, 1.7281291484832764
1.4131897687911987, 1.4481830596923828
1.3728128671646118, 0.9528936743736267
1.308210015296936, 0.8371466994285583
1.181695818901062, 0.6810228824615479
1.181695818901062, 0.6810228824615479
