actor_1,actor_2
1.5477793216705322, 1.7873486280441284
1.6931359767913818, 2.0
1.5397038459777832, 1.983849287033081
1.5208613872528076, 1.7846567630767822
1.5477793216705322, 1.2113054990768433
1.5423957109451294, 1.1090174913406372
1.7335127592086792, 1.0578734874725342
1.822341799736023, 1.098250389099121
1.7065949440002441, 0.9851951599121094
1.2624495029449463, 0.7510094046592712
0.920592188835144, 0.6675639152526855
0.8882907032966614, 0.6325706839561462
0.8936743140220642, 0.6675639152526855
0.7913862466812134, 0.6998654007911682
0.6944818496704102, 0.8398385047912598
0.5868102312088013, 0.7940780520439148
0.5868102312088013, 0.7940780520439148
0.5598923563957214, 0.7590848207473755
0.5652759075164795, 0.772543728351593
0.7967698574066162, 0.9098250269889832
1.0847914218902588, 1.2382234334945679
1.273216724395752, 1.5370121002197266
1.1924630403518677, 1.4643337726593018
1.181695818901062, 1.4239569902420044
1.2005383968353271, 1.4804844856262207
1.2759084701538086, 1.5989233255386353
1.2759084701538086, 1.5989233255386353
1.4374158382415771, 1.9165544509887695
1.687752366065979, 1.6500673294067383
1.7012113332748413, 1.0659488439559937
1.652759075164795, 0.9582772254943848
1.5531628131866455, 0.7806190848350525
1.5531628131866455, 0.7806190848350525
1.5666217803955078, 0.8102288246154785
1.6177657842636108, 0.8452220559120178
1.7173620462417603, 0.8829071521759033
1.5074024200439453, 0.7456258535385132
1.1843875646591187, 0.6164199113845825
0.8936743140220642, 0.5598923563957214
0.869448184967041, 0.5410497784614563
0.8506056666374207, 0.5329744219779968
0.8506056666374207, 0.5329744219779968
0.8613728284835815, 0.5625841021537781
0.8936743140220642, 0.6675639152526855
0.8963660597801208, 0.7025572061538696
0.7590848207473755, 0.8586810231208801
0.6191117167472839, 0.8532974720001221
0.5410497784614563, 0.7160161733627319
0.5410497784614563, 0.7160161733627319
