actor_1,actor_2
1.5074024200439453, 1.8008075952529907
1.7631224393844604, 1.9811574220657349
1.647375464439392, 1.8384926319122314
1.6339164972305298, 1.5666217803955078
1.6635262966156006, 1.11440110206604
1.7631224393844604, 1.1736204624176025
1.4858680963516235, 0.9555854797363281
0.9717361927032471, 0.6137281060218811
0.8452220559120178, 0.6325706839561462
0.8317631483078003, 0.6137281060218811
0.7563930153846741, 0.772543728351593
0.7267833352088928, 0.8398385047912598
0.624495267868042, 0.8156123757362366
0.7456258535385132, 0.9044414758682251
1.1359354257583618, 1.5262449979782104
1.4158815145492554, 1.8008075952529907
1.3485867977142334, 1.67160165309906
1.3135935068130493, 1.6258411407470703
1.518169641494751, 1.8707940578460693
1.518169641494751, 1.8707940578460693
1.6231493949890137, 1.300134539604187
1.7362046241760254, 0.9044414758682251
1.6931359767913818, 0.7940780520439148
1.7335127592086792, 0.7967698574066162
1.6258411407470703, 0.7240915298461914
1.6850606203079224, 0.72139972448349
1.4158815145492554, 0.6890982389450073
1.063257098197937, 0.4845221936702728
0.8640645742416382, 0.43068641424179077
0.869448184967041, 0.4468371570110321
0.8613728284835815, 0.4683714807033539
0.8721399903297424, 0.49798116087913513
0.8829071521759033, 0.5464333891868591
0.8425303101539612, 0.7348586916923523
0.6487213969230652, 0.7886945009231567
0.55720055103302, 0.6352624297142029
0.55720055103302, 0.6352624297142029
0.5464333891868591, 0.6002691984176636
