actor_1,actor_2
1.7173620462417603, 1.722745656967163
1.8250336647033691, 1.8761776685714722
1.7362046241760254, 1.8034993410110474
1.6796770095825195, 1.5558546781539917
1.67160165309906, 1.181695818901062
1.755047082901001, 1.2543741464614868
1.5989233255386353, 1.1063257455825806
1.1413190364837646, 0.8209959864616394
1.028263807296753, 0.8129205703735352
0.9851951599121094, 0.8344548940658569
0.9313593506813049, 0.9098250269889832
0.920592188835144, 0.9771198034286499
0.7779273390769958, 0.9098250269889832
0.818304181098938, 1.0013458728790283
0.7994616627693176, 1.0040377378463745
0.9017496705055237, 1.0551817417144775
1.1520861387252808, 1.3189771175384521
1.3970390558242798, 1.5397038459777832
1.4374158382415771, 1.647375464439392
1.4347240924835205, 1.5881561040878296
1.3458950519561768, 1.4858680963516235
1.3458950519561768, 1.4858680963516235
1.5208613872528076, 1.7577389478683472
1.5208613872528076, 1.7577389478683472
1.620457649230957, 1.5908479690551758
1.5370121002197266, 0.9878869652748108
1.4239569902420044, 0.823687732219696
1.4239569902420044, 0.823687732219696
1.3566621541976929, 0.7617765665054321
1.4320323467254639, 0.8021534085273743
1.483176350593567, 0.8452220559120178
1.4885598421096802, 0.8532974720001221
1.3028264045715332, 0.7886945009231567
1.0713324546813965, 0.6621803641319275
0.9609690308570862, 0.6298788785934448
0.9098250269889832, 0.624495267868042
0.9259757995605469, 0.6164199113845825
0.9259757995605469, 0.6164199113845825
0.9259757995605469, 0.654105007648468
0.9555854797363281, 0.8129205703735352
0.9555854797363281, 0.9717361927032471
0.869448184967041, 0.9717361927032471
0.7806190848350525, 0.9044414758682251
0.7806190848350525, 0.9044414758682251
