actor_1,actor_2
1.477792739868164, 1.6850606203079224
1.585464358329773, 1.6446837186813354
1.4454911947250366, 1.5370121002197266
1.4535666704177856, 1.335127830505371
1.4966353178024292, 0.8963660597801208
1.6312247514724731, 1.0094212293624878
1.5397038459777832, 0.9636608362197876
1.1763122081756592, 0.7860026955604553
1.0336474180221558, 0.8506056666374207
1.0148048400878906, 0.869448184967041
0.9340511560440063, 1.0417227745056152
0.9421265125274658, 1.1359354257583618
0.8398385047912598, 1.095558524131775
0.9259757995605469, 1.1682368516921997
1.2059218883514404, 1.6043068170547485
1.3781964778900146, 1.5746971368789673
1.273216724395752, 1.4697173833847046
1.2597577571868896, 1.426648736000061
1.3647375106811523, 1.5235531330108643
1.3647375106811523, 1.5235531330108643
1.4158815145492554, 1.090174913406372
1.5262449979782104, 0.654105007648468
1.4616420269012451, 0.5787348747253418
1.4858680963516235, 0.6056527495384216
1.3781964778900146, 0.5545087456703186
1.4131897687911987, 0.5787348747253418
1.3458950519561768, 0.670255720615387
1.1736204624176025, 0.6191117167472839
1.0094212293624878, 0.5975773930549622
1.0551817417144775, 0.6325706839561462
1.0713324546813965, 0.6810228824615479
1.098250389099121, 0.7160161733627319
1.0740242004394531, 0.772543728351593
0.9986541271209717, 0.9986541271209717
0.8344548940658569, 1.1170928478240967
0.7402422428131104, 0.9421265125274658
0.7402422428131104, 0.9421265125274658
0.7321668863296509, 0.9340511560440063
