actor_1,actor_2
1.4347240924835205, 1.8438761234283447
1.6581426858901978, 2.0
1.5720053911209106, 1.9165544509887695
1.5935397148132324, 1.6635262966156006
1.601615071296692, 0.9636608362197876
1.6689097881317139, 0.920592188835144
1.8600269556045532, 0.8936743140220642
1.9353970289230347, 0.9636608362197876
1.7738896608352661, 1.0013458728790283
1.3109017610549927, 0.8209959864616394
1.0040377378463745, 0.7240915298461914
0.9259757995605469, 0.6729475259780884
0.8640645742416382, 0.6971735954284668
0.7294750809669495, 0.705249011516571
0.5814266204833984, 0.9071332216262817
0.4791386127471924, 0.8721399903297424
0.4791386127471924, 0.8721399903297424
0.460296094417572, 0.8398385047912598
0.4845221936702728, 0.8452220559120178
0.6917900443077087, 1.0094212293624878
0.8936743140220642, 1.2678331136703491
1.095558524131775, 1.4347240924835205
1.0820995569229126, 1.3647375106811523
1.0740242004394531, 1.340511441230774
1.1117092370986938, 1.4051144123077393
1.2032301425933838, 1.5423957109451294
1.2032301425933838, 1.5423957109451294
1.3835800886154175, 1.8384926319122314
1.687752366065979, 1.585464358329773
1.7658143043518066, 0.8909825086593628
1.7012113332748413, 0.818304181098938
1.5881561040878296, 0.7294750809669495
1.5881561040878296, 0.7294750809669495
1.6769851446151733, 0.772543728351593
1.7146703004837036, 0.7779273390769958
1.8034993410110474, 0.8425303101539612
1.5666217803955078, 0.8398385047912598
1.2516824007034302, 0.7321668863296509
0.9851951599121094, 0.6621803641319275
0.9125168323516846, 0.6218035221099854
0.8721399903297424, 0.6164199113845825
0.8721399903297424, 0.6164199113845825
0.8829071521759033, 0.6379542350769043
0.8640645742416382, 0.6971735954284668
0.8425303101539612, 0.7187079191207886
0.6352624297142029, 0.9502018690109253
0.4952893555164337, 0.9313593506813049
0.4468371570110321, 0.8102288246154785
0.4468371570110321, 0.8102288246154785
