actor_1,actor_2
1.6500673294067383, 2.0
1.8384926319122314, 2.0
1.7308210134506226, 2.0
1.738896369934082, 1.806191086769104
1.6339164972305298, 1.2705248594284058
1.6796770095825195, 1.273216724395752
1.790040373802185, 1.1628532409667969
1.846567988395691, 1.2570658922195435
1.6823687553405762, 1.2005383968353271
1.170928716659546, 0.9313593506813049
0.9286675453186035, 0.7806190848350525
0.8802153468132019, 0.7429340481758118
0.8586810231208801, 0.7375504970550537
0.8156123757362366, 0.7967698574066162
0.7860026955604553, 1.063257098197937
0.6594885587692261, 0.9986541271209717
0.6594885587692261, 0.9986541271209717
0.6352624297142029, 1.0040377378463745
0.6594885587692261, 1.047106385231018
0.8398385047912598, 1.283983826637268
1.1197847127914429, 1.5800807476043701
1.3943471908569336, 1.6796770095825195
1.335127830505371, 1.5531628131866455
1.3324360847473145, 1.510094165802002
1.3620457649230957, 1.5531628131866455
1.4562584161758423, 1.6742933988571167
1.4562584161758423, 1.6742933988571167
1.636608362197876, 1.9515477418899536
1.795423984527588, 1.6769851446151733
1.7496634721755981, 1.1736204624176025
1.6931359767913818, 1.0605652332305908
1.601615071296692, 0.9125168323516846
1.601615071296692, 0.9125168323516846
1.6608344316482544, 0.9690443873405457
1.687752366065979, 0.9771198034286499
1.7281291484832764, 1.0363391637802124
1.407806158065796, 0.9582772254943848
1.0874831676483154, 0.7886945009231567
0.8613728284835815, 0.6864064335823059
0.8156123757362366, 0.6567967534065247
0.7860026955604553, 0.6271870732307434
0.7860026955604553, 0.6271870732307434
0.8290713429450989, 0.670255720615387
0.8586810231208801, 0.7375504970550537
0.869448184967041, 0.767160177230835
0.818304181098938, 1.0686405897140503
0.6998654007911682, 1.0686405897140503
0.6137281060218811, 0.9098250269889832
0.6137281060218811, 0.9098250269889832
