actor_1,actor_2
1.8169583082199097, 1.9192463159561157
1.983849287033081, 2.0
1.9111709594726562, 1.9703903198242188
1.8734859228134155, 1.7415881156921387
1.897711992263794, 1.3781964778900146
1.959623098373413, 1.4508748054504395
1.7442799806594849, 1.335127830505371
1.2570658922195435, 0.9851951599121094
1.1224764585494995, 0.9959623217582703
1.0686405897140503, 0.982503354549408
1.02288019657135, 1.0928667783737183
1.039030909538269, 1.232839822769165
0.9394347071647644, 1.2382234334945679
1.0767160654067993, 1.35127854347229
1.4562584161758423, 1.7738896608352661
1.7146703004837036, 1.983849287033081
1.652759075164795, 1.9246299266815186
1.6312247514724731, 1.8869447708129883
1.8088829517364502, 1.9273216724395752
1.8088829517364502, 1.9273216724395752
1.790040373802185, 1.483176350593567
1.806191086769104, 1.1440107822418213
1.738896369934082, 1.047106385231018
1.8142664432525635, 1.1251682043075562
1.7523553371429443, 1.0578734874725342
1.7631224393844604, 1.0578734874725342
1.6419919729232788, 1.0686405897140503
1.3162853717803955, 0.9125168323516846
1.0874831676483154, 0.7806190848350525
1.0767160654067993, 0.772543728351593
1.063257098197937, 0.772543728351593
1.0847914218902588, 0.8075370192527771
1.1009421348571777, 0.8721399903297424
1.0740242004394531, 1.0847914218902588
0.9555854797363281, 1.1547778844833374
0.9044414758682251, 1.0740242004394531
0.8398385047912598, 1.0255720615386963
0.8425303101539612, 1.090174913406372
0.869448184967041, 1.1736204624176025
0.9690443873405457, 1.197846531867981
1.3216688632965088, 1.53432035446167
1.5585464239120483, 1.6985194683074951
1.5370121002197266, 1.6823687553405762
1.5370121002197266, 1.8008075952529907
1.4912517070770264, 1.6823687553405762
1.4912517070770264, 1.6823687553405762
1.6069986820220947, 1.8654104471206665
1.6069986820220947, 1.8654104471206665
1.7846567630767822, 1.9407806396484375
1.8788694143295288, 1.913862705230713
1.822341799736023, 1.1843875646591187
1.7092866897583008, 0.9932705163955688
1.6393001079559326, 0.9394347071647644
1.6393001079559326, 0.9394347071647644
1.6393001079559326, 0.9394347071647644
