actor_1,actor_2
1.3889636993408203, 1.8331090211868286
1.6177657842636108, 2.0
1.5370121002197266, 1.8950202465057373
1.510094165802002, 1.6150740385055542
1.493943452835083, 1.047106385231018
1.5773890018463135, 1.0255720615386963
1.6850606203079224, 0.9986541271209717
1.7335127592086792, 1.063257098197937
1.5639300346374512, 1.0820995569229126
1.1386271715164185, 0.8882907032966614
0.8882907032966614, 0.7456258535385132
0.8209959864616394, 0.6890982389450073
0.818304181098938, 0.6837146878242493
0.7563930153846741, 0.7240915298461914
0.6783310770988464, 0.9448183178901672
0.5464333891868591, 0.9421265125274658
0.5464333891868591, 0.9421265125274658
0.5410497784614563, 0.9098250269889832
0.5652759075164795, 0.9259757995605469
0.7187079191207886, 1.090174913406372
0.9071332216262817, 1.324360728263855
1.1547778844833374, 1.4643337726593018
1.130551815032959, 1.340511441230774
1.095558524131775, 1.2786002159118652
1.0740242004394531, 1.289367437362671
1.1520861387252808, 1.4697173833847046
1.1520861387252808, 1.4697173833847046
1.3432031869888306, 1.7254374027252197
1.5316284894943237, 1.477792739868164
1.6177657842636108, 0.9475101232528687
1.5477793216705322, 0.8586810231208801
1.4616420269012451, 0.7590848207473755
1.4616420269012451, 0.7590848207473755
1.5262449979782104, 0.8102288246154785
1.5746971368789673, 0.8452220559120178
1.6500673294067383, 0.920592188835144
1.3432031869888306, 0.8882907032966614
1.090174913406372, 0.7698519229888916
0.8721399903297424, 0.6621803641319275
0.8102288246154785, 0.6218035221099854
0.772543728351593, 0.5868102312088013
0.772543728351593, 0.5868102312088013
0.8021534085273743, 0.6110363602638245
0.818304181098938, 0.6837146878242493
0.8129205703735352, 0.7133243680000305
0.670255720615387, 0.982503354549408
0.5706595182418823, 1.0201884508132935
0.5248990654945374, 0.8398385047912598
0.5248990654945374, 0.8398385047912598
