actor_1,actor_2
1.5477793216705322, 1.7496634721755981
1.67160165309906, 1.8923283815383911
1.510094165802002, 1.7119784355163574
1.458950161933899, 1.3728128671646118
1.6339164972305298, 1.0148048400878906
1.7927321195602417, 1.1493943929672241
1.652759075164795, 1.028263807296753
1.1063257455825806, 0.772543728351593
0.9098250269889832, 0.7752355337142944
0.8048452138900757, 0.7806190848350525
0.6810228824615479, 0.9071332216262817
0.7160161733627319, 1.0740242004394531
0.6487213969230652, 1.0740242004394531
0.8048452138900757, 1.181695818901062
1.197846531867981, 1.6312247514724731
1.3566621541976929, 1.841184377670288
1.2409151792526245, 1.67160165309906
1.181695818901062, 1.5208613872528076
1.2866756916046143, 1.4966353178024292
1.2866756916046143, 1.4966353178024292
1.375504732131958, 1.0363391637802124
1.53432035446167, 0.7133243680000305
1.3997308015823364, 0.6164199113845825
1.5370121002197266, 0.7160161733627319
1.4212651252746582, 0.6810228824615479
1.4454911947250366, 0.7240915298461914
1.3674293756484985, 0.7348586916923523
1.0174965858459473, 0.6433378458023071
0.7913862466812134, 0.5787348747253418
0.8317631483078003, 0.6191117167472839
0.8156123757362366, 0.6218035221099854
0.8479138612747192, 0.6567967534065247
0.8371466994285583, 0.6810228824615479
0.72139972448349, 0.8909825086593628
0.6029609441757202, 0.9878869652748108
0.5760430693626404, 0.9286675453186035
0.5329744219779968, 0.8479138612747192
0.5760430693626404, 0.9232839941978455
0.5975773930549622, 0.9798115491867065
0.7240915298461914, 0.9959623217582703
1.0363391637802124, 1.3270524740219116
1.1951547861099243, 1.4185733795166016
1.130551815032959, 1.3539704084396362
1.0820995569229126, 1.3297443389892578
1.0336474180221558, 1.1763122081756592
1.0336474180221558, 1.1763122081756592
1.0928667783737183, 1.3028264045715332
1.0928667783737183, 1.3028264045715332
1.2866756916046143, 1.4481830596923828
1.4024226665496826, 1.4724091291427612
1.4293404817581177, 0.6998654007911682
1.3135935068130493, 0.5598923563957214
1.1628532409667969, 0.5006729364395142
1.1628532409667969, 0.5006729364395142
1.1628532409667969, 0.5006729364395142
