actor_1,actor_2
1.620457649230957, 1.9004037380218506
1.6796770095825195, 1.8896366357803345
1.5504710674285889, 1.7173620462417603
1.528936743736267, 1.4804844856262207
1.720053791999817, 1.2193808555603027
1.8627187013626099, 1.359354019165039
1.7927321195602417, 1.2651413679122925
1.3674293756484985, 1.0040377378463745
1.2597577571868896, 1.079407811164856
1.1574697494506836, 1.090174913406372
1.028263807296753, 1.2705248594284058
1.0417227745056152, 1.4347240924835205
0.9313593506813049, 1.3943471908569336
1.0067294836044312, 1.4535666704177856
1.283983826637268, 1.8169583082199097
1.375504732131958, 1.8196500539779663
1.289367437362671, 1.636608362197876
1.2355316877365112, 1.5370121002197266
1.3862718343734741, 1.545087456703186
1.3862718343734741, 1.545087456703186
1.4966353178024292, 1.222072720527649
1.6742933988571167, 0.9448183178901672
1.6096904277801514, 0.8452220559120178
1.7012113332748413, 0.9313593506813049
1.7012113332748413, 0.9125168323516846
1.8115746974945068, 0.9394347071647644
1.722745656967163, 0.9744279980659485
1.426648736000061, 0.8506056666374207
1.2247644662857056, 0.7913862466812134
1.2247644662857056, 0.8344548940658569
1.222072720527649, 0.8667563796043396
1.232839822769165, 0.9232839941978455
1.222072720527649, 0.9717361927032471
1.0740242004394531, 1.232839822769165
0.9044414758682251, 1.3862718343734741
0.8640645742416382, 1.289367437362671
0.7752355337142944, 1.1736204624176025
0.8102288246154785, 1.2139973640441895
0.8344548940658569, 1.2543741464614868
0.869448184967041, 1.273216724395752
1.098250389099121, 1.5477793216705322
1.1897711753845215, 1.518169641494751
1.1413190364837646, 1.4347240924835205
1.1063257455825806, 1.359354019165039
1.0767160654067993, 1.2462987899780273
1.0767160654067993, 1.2462987899780273
1.1332435607910156, 1.3862718343734741
1.1332435607910156, 1.3862718343734741
1.3566621541976929, 1.545087456703186
1.4885598421096802, 1.53432035446167
1.6231493949890137, 0.9098250269889832
1.5746971368789673, 0.7617765665054321
1.4751009941101074, 0.705249011516571
1.4751009941101074, 0.705249011516571
1.4751009941101074, 0.705249011516571
