actor_1,actor_2
1.5746971368789673, 1.6231493949890137
1.7496634721755981, 1.897711992263794
1.5720053911209106, 1.7362046241760254
1.4374158382415771, 1.410498023033142
1.3835800886154175, 1.0847914218902588
1.5235531330108643, 1.1628532409667969
1.300134539604187, 0.8882907032966614
0.8990578651428223, 0.6729475259780884
0.8129205703735352, 0.6729475259780884
0.7940780520439148, 0.6783310770988464
0.8075370192527771, 0.8048452138900757
0.8021534085273743, 0.8317631483078003
0.7321668863296509, 0.8129205703735352
0.7483176589012146, 0.8829071521759033
0.7429340481758118, 0.869448184967041
0.8371466994285583, 0.8990578651428223
1.1251682043075562, 1.1601614952087402
1.4131897687911987, 1.5316284894943237
1.3135935068130493, 1.6231493949890137
1.2812920808792114, 1.5235531330108643
1.2113054990768433, 1.359354019165039
1.2113054990768433, 1.359354019165039
1.3674293756484985, 1.6850606203079224
1.3674293756484985, 1.6850606203079224
1.4966353178024292, 1.3647375106811523
1.2651413679122925, 0.8290713429450989
1.1413190364837646, 0.7240915298461914
1.1413190364837646, 0.7240915298461914
1.063257098197937, 0.6890982389450073
1.11440110206604, 0.7240915298461914
1.1897711753845215, 0.7860026955604553
1.197846531867981, 0.7483176589012146
0.9851951599121094, 0.6621803641319275
0.7886945009231567, 0.5760430693626404
0.7106325626373291, 0.5464333891868591
0.6783310770988464, 0.5329744219779968
0.7025572061538696, 0.5329744219779968
0.7025572061538696, 0.5329744219779968
0.7483176589012146, 0.5491251945495605
0.8048452138900757, 0.670255720615387
0.8452220559120178, 0.7913862466812134
0.8048452138900757, 0.8075370192527771
0.7160161733627319, 0.7698519229888916
