actor_1,actor_2
1.4616420269012451, 1.6096904277801514
1.7281291484832764, 1.8923283815383911
1.5881561040878296, 1.8115746974945068
1.5397038459777832, 1.5370121002197266
1.5639300346374512, 1.2005383968353271
1.687752366065979, 1.2247644662857056
1.3701211214065552, 0.9528936743736267
0.7752355337142944, 0.6864064335823059
0.7079407572746277, 0.6917900443077087
0.6298788785934448, 0.7240915298461914
0.6433378458023071, 0.9367429614067078
0.8936743140220642, 1.248990535736084
1.4697173833847046, 1.7927321195602417
1.7308210134506226, 2.0
1.5800807476043701, 1.9946163892745972
1.561238169670105, 1.7173620462417603
1.4993270635604858, 1.2705248594284058
1.585464358329773, 1.0201884508132935
1.6043068170547485, 1.047106385231018
1.5827724933624268, 0.9609690308570862
1.3728128671646118, 0.823687732219696
0.8775235414505005, 0.6621803641319275
0.7348586916923523, 0.6164199113845825
0.6810228824615479, 0.6002691984176636
0.6837146878242493, 0.6029609441757202
0.5895020365715027, 0.7025572061538696
0.5625841021537781, 0.8479138612747192
0.5168237090110779, 0.9394347071647644
0.5356662273406982, 0.9071332216262817
0.7563930153846741, 1.1063257455825806
1.248990535736084, 1.5773890018463135
1.5316284894943237, 1.8088829517364502
1.4185733795166016, 1.7119784355163574
1.3970390558242798, 1.6258411407470703
1.4051144123077393, 1.6662180423736572
1.4993270635604858, 1.6635262966156006
1.510094165802002, 1.5262449979782104
1.5773890018463135, 1.0174965858459473
1.458950161933899, 0.8882907032966614
1.3378196954727173, 0.7860026955604553
1.3378196954727173, 0.7860026955604553
1.3620457649230957, 0.8209959864616394
1.3781964778900146, 0.8290713429450989
1.4320323467254639, 0.8398385047912598
1.410498023033142, 0.8075370192527771
0.9744279980659485, 0.6837146878242493
0.624495267868042, 0.5329744219779968
0.5975773930549622, 0.5248990654945374
0.5975773930549622, 0.5248990654945374
0.5895020365715027, 0.511440098285675
0.5895020365715027, 0.511440098285675
0.6352624297142029, 0.5491251945495605
0.6352624297142029, 0.5491251945495605
0.6837146878242493, 0.6029609441757202
0.5625841021537781, 0.8479138612747192
0.4791386127471924, 0.7833108901977539
0.44145357608795166, 0.6890982389450073
0.44145357608795166, 0.6890982389450073
