actor_1,actor_2
1.3970390558242798, 1.8492597341537476
1.569313645362854, 2.0
1.5262449979782104, 1.8923283815383911
1.518169641494751, 1.5746971368789673
1.4643337726593018, 0.9636608362197876
1.4993270635604858, 0.9125168323516846
1.5881561040878296, 0.8425303101539612
1.620457649230957, 0.9340511560440063
1.4858680963516235, 0.8667563796043396
1.146702527999878, 0.6164199113845825
0.9125168323516846, 0.5087482929229736
0.8882907032966614, 0.4952893555164337
0.8371466994285583, 0.4952893555164337
0.7886945009231567, 0.55720055103302
0.7375504970550537, 0.7752355337142944
0.6352624297142029, 0.7429340481758118
0.6352624297142029, 0.7429340481758118
0.6298788785934448, 0.7294750809669495
0.6406460404396057, 0.7025572061538696
0.8075370192527771, 0.8990578651428223
1.0417227745056152, 1.2705248594284058
1.300134539604187, 1.4885598421096802
1.283983826637268, 1.35127854347229
1.2920591831207275, 1.2812920808792114
1.3135935068130493, 1.5127860307693481
1.3216688632965088, 1.4374158382415771
1.375504732131958, 1.477792739868164
1.375504732131958, 1.477792739868164
1.407806158065796, 1.7631224393844604
1.4858680963516235, 1.755047082901001
1.5558546781539917, 0.9394347071647644
1.5558546781539917, 0.8129205703735352
1.5235531330108643, 0.654105007648468
1.4966353178024292, 0.5948855876922607
1.4966353178024292, 0.5948855876922607
1.53432035446167, 0.6433378458023071
1.528936743736267, 0.6810228824615479
1.53432035446167, 0.7779273390769958
1.300134539604187, 0.6648721694946289
0.9744279980659485, 0.4952893555164337
0.8613728284835815, 0.45222073793411255
0.8479138612747192, 0.44145357608795166
0.823687732219696, 0.43068641424179077
0.823687732219696, 0.43068641424179077
0.8317631483078003, 0.4441453516483307
0.8317631483078003, 0.4441453516483307
0.8263795375823975, 0.5329744219779968
0.7537012100219727, 0.8021534085273743
0.6514132022857666, 0.8506056666374207
0.6271870732307434, 0.7617765665054321
0.6191117167472839, 0.6810228824615479
0.6191117167472839, 0.6810228824615479
