actor_1,actor_2
1.3378196954727173, 1.8115746974945068
1.561238169670105, 2.0
1.5397038459777832, 1.9030956029891968
1.5827724933624268, 1.6446837186813354
1.6312247514724731, 1.1440107822418213
1.703903079032898, 1.090174913406372
1.846567988395691, 1.039030909538269
1.8681023120880127, 1.1278600692749023
1.7254374027252197, 1.0094212293624878
1.232839822769165, 0.7483176589012146
1.0013458728790283, 0.6164199113845825
0.9582772254943848, 0.5841184258460999
0.9313593506813049, 0.5948855876922607
0.8048452138900757, 0.6487213969230652
0.6406460404396057, 0.8290713429450989
0.5275908708572388, 0.818304181098938
0.5275908708572388, 0.818304181098938
0.4818304181098938, 0.8102288246154785
0.5033647418022156, 0.8209959864616394
0.6594885587692261, 1.0174965858459473
0.915208637714386, 1.3835800886154175
1.2247644662857056, 1.6231493949890137
1.248990535736084, 1.4885598421096802
1.2516824007034302, 1.410498023033142
1.2570658922195435, 1.4401077032089233
1.3189771175384521, 1.569313645362854
1.3189771175384521, 1.569313645362854
1.4643337726593018, 1.8115746974945068
1.6177657842636108, 1.5127860307693481
1.7738896608352661, 1.0148048400878906
1.7658143043518066, 0.915208637714386
1.779273271560669, 0.767160177230835
1.779273271560669, 0.767160177230835
1.8277254104614258, 0.8102288246154785
1.841184377670288, 0.8613728284835815
1.8600269556045532, 0.9475101232528687
1.5504710674285889, 0.7994616627693176
1.2436070442199707, 0.6352624297142029
1.0174965858459473, 0.5410497784614563
0.982503354549408, 0.5141319036483765
0.966352641582489, 0.4952893555164337
0.966352641582489, 0.4952893555164337
0.9502018690109253, 0.511440098285675
0.9313593506813049, 0.5948855876922607
0.869448184967041, 0.6271870732307434
0.6567967534065247, 0.8613728284835815
0.5410497784614563, 0.9071332216262817
0.48990577459335327, 0.7402422428131104
0.48990577459335327, 0.7402422428131104
