actor_1,actor_2
1.3862718343734741, 1.90847909450531
1.6393001079559326, 2.0
1.53432035446167, 1.9192463159561157
1.5477793216705322, 1.6931359767913818
1.5127860307693481, 1.1117092370986938
1.6635262966156006, 1.1332435607910156
1.8034993410110474, 1.0363391637802124
1.8627187013626099, 1.1009421348571777
1.7146703004837036, 1.0659488439559937
1.273216724395752, 0.8102288246154785
1.0255720615386963, 0.6594885587692261
0.9582772254943848, 0.6218035221099854
0.8802153468132019, 0.6406460404396057
0.8075370192527771, 0.705249011516571
0.6944818496704102, 0.9475101232528687
0.6218035221099854, 0.9286675453186035
0.6218035221099854, 0.9286675453186035
0.5921937823295593, 0.9636608362197876
0.6191117167472839, 0.966352641582489
0.8156123757362366, 1.1897711753845215
1.012113094329834, 1.477792739868164
1.300134539604187, 1.6554508209228516
1.2462987899780273, 1.518169641494751
1.2382234334945679, 1.4454911947250366
1.2059218883514404, 1.426648736000061
1.2624495029449463, 1.528936743736267
1.2624495029449463, 1.528936743736267
1.3808883428573608, 1.722745656967163
1.5316284894943237, 1.4885598421096802
1.6393001079559326, 1.0013458728790283
1.6312247514724731, 0.8802153468132019
1.6123822927474976, 0.6621803641319275
1.6123822927474976, 0.6621803641319275
1.7254374027252197, 0.7348586916923523
1.7631224393844604, 0.7806190848350525
1.8169583082199097, 0.8667563796043396
1.5235531330108643, 0.7806190848350525
1.2193808555603027, 0.6890982389450073
1.0013458728790283, 0.5787348747253418
0.9448183178901672, 0.5518169403076172
0.9044414758682251, 0.5195154547691345
0.9044414758682251, 0.5195154547691345
0.915208637714386, 0.5491251945495605
0.8802153468132019, 0.6406460404396057
0.8317631483078003, 0.6864064335823059
0.6971735954284668, 0.966352641582489
0.6325706839561462, 1.0040377378463745
0.5814266204833984, 0.88559889793396
0.5814266204833984, 0.88559889793396
