actor_1,actor_2
1.4374158382415771, 1.8761776685714722
1.652759075164795, 1.983849287033081
1.5235531330108643, 1.8115746974945068
1.5316284894943237, 1.5397038459777832
1.5154777765274048, 0.9609690308570862
1.6958277225494385, 0.9528936743736267
1.8707940578460693, 0.9071332216262817
1.9757739305496216, 0.9986541271209717
1.8250336647033691, 1.0040377378463745
1.3647375106811523, 0.8021534085273743
1.1440107822418213, 0.6917900443077087
1.0928667783737183, 0.6460295915603638
1.0417227745056152, 0.6594885587692261
0.9232839941978455, 0.7106325626373291
0.7860026955604553, 0.9851951599121094
0.6783310770988464, 0.9636608362197876
0.6783310770988464, 0.9636608362197876
0.6514132022857666, 0.9986541271209717
0.6729475259780884, 1.012113094329834
0.8317631483078003, 1.2193808555603027
1.02288019657135, 1.477792739868164
1.3109017610549927, 1.5881561040878296
1.222072720527649, 1.4401077032089233
1.197846531867981, 1.3539704084396362
1.1736204624176025, 1.3701211214065552
1.222072720527649, 1.4535666704177856
1.222072720527649, 1.4535666704177856
1.3539704084396362, 1.6393001079559326
1.5208613872528076, 1.375504732131958
1.687752366065979, 0.8506056666374207
1.6635262966156006, 0.7483176589012146
1.6043068170547485, 0.5652759075164795
1.6043068170547485, 0.5652759075164795
1.722745656967163, 0.6218035221099854
1.790040373802185, 0.6810228824615479
1.857335090637207, 0.7940780520439148
1.545087456703186, 0.772543728351593
1.2759084701538086, 0.6810228824615479
1.0928667783737183, 0.6029609441757202
1.0524898767471313, 0.573351263999939
1.0309555530548096, 0.5356662273406982
1.0309555530548096, 0.5356662273406982
1.0578734874725342, 0.5652759075164795
1.0417227745056152, 0.6594885587692261
0.9690443873405457, 0.705249011516571
0.7833108901977539, 1.028263807296753
0.6998654007911682, 1.047106385231018
0.6487213969230652, 0.9232839941978455
0.6487213969230652, 0.9232839941978455
