actor_1,actor_2
1.596231460571289, 1.9973082542419434
1.722745656967163, 1.9919246435165405
1.596231460571289, 1.8169583082199097
1.5720053911209106, 1.5666217803955078
1.7469717264175415, 1.308210015296936
1.8842530250549316, 1.4185733795166016
1.7335127592086792, 1.2462987899780273
1.1440107822418213, 0.9286675453186035
1.0040377378463745, 0.8909825086593628
0.9044414758682251, 0.915208637714386
0.8775235414505005, 1.2247644662857056
1.090174913406372, 1.6339164972305298
1.5504710674285889, 2.0
1.6635262966156006, 2.0
1.5370121002197266, 1.9246299266815186
1.5208613872528076, 1.7146703004837036
1.4966353178024292, 1.35127854347229
1.8492597341537476, 1.1601614952087402
1.9219380617141724, 1.2139973640441895
2.0, 1.181695818901062
1.9004037380218506, 1.1736204624176025
1.3970390558242798, 0.9421265125274658
1.1251682043075562, 0.8344548940658569
1.0417227745056152, 0.7994616627693176
0.9528936743736267, 0.823687732219696
0.8371466994285583, 0.9421265125274658
0.7429340481758118, 1.1197847127914429
0.7267833352088928, 1.1547778844833374
0.7187079191207886, 1.1547778844833374
0.8882907032966614, 1.4454911947250366
1.2947510480880737, 1.8681023120880127
1.4024226665496826, 1.8654104471206665
1.3378196954727173, 1.6823687553405762
1.2786002159118652, 1.6096904277801514
1.2974427938461304, 1.6393001079559326
1.3808883428573608, 1.6796770095825195
1.4293404817581177, 1.5773890018463135
1.7092866897583008, 1.1628532409667969
1.7173620462417603, 0.9744279980659485
1.6554508209228516, 0.8209959864616394
1.6554508209228516, 0.8209959864616394
1.7738896608352661, 0.8990578651428223
1.8358007669448853, 0.9367429614067078
1.9380887746810913, 0.9986541271209717
1.9246299266815186, 1.0444145202636719
1.569313645362854, 0.920592188835144
1.0874831676483154, 0.6998654007911682
1.039030909538269, 0.675639271736145
1.039030909538269, 0.675639271736145
0.9905787110328674, 0.6460295915603638
0.9905787110328674, 0.6460295915603638
1.0094212293624878, 0.7402422428131104
1.0094212293624878, 0.7402422428131104
0.9528936743736267, 0.823687732219696
0.7429340481758118, 1.1197847127914429
0.6406460404396057, 1.0040377378463745
0.5868102312088013, 0.8829071521759033
0.5868102312088013, 0.8829071521759033
