actor_1,actor_2
1.5504710674285889, 2.0
1.6500673294067383, 1.9569313526153564
1.5720053911209106, 1.822341799736023
1.5208613872528076, 1.596231460571289
1.5262449979782104, 1.095558524131775
1.636608362197876, 1.0605652332305908
1.8088829517364502, 0.9878869652748108
1.8734859228134155, 1.0578734874725342
1.7604306936264038, 1.1601614952087402
1.2516824007034302, 0.9448183178901672
1.0094212293624878, 0.8559892177581787
0.9609690308570862, 0.8209959864616394
0.9098250269889832, 0.8021534085273743
0.8398385047912598, 0.8667563796043396
0.7321668863296509, 1.11440110206604
0.7321668863296509, 1.1493943929672241
0.6917900443077087, 1.2059218883514404
0.9582772254943848, 1.545087456703186
1.3432031869888306, 1.8896366357803345
1.375504732131958, 1.8169583082199097
1.3324360847473145, 1.7281291484832764
1.2705248594284058, 1.652759075164795
1.35127854347229, 1.7119784355163574
1.3781964778900146, 1.5773890018463135
1.5262449979782104, 1.095558524131775
1.5935397148132324, 0.8802153468132019
1.5935397148132324, 0.8802153468132019
1.561238169670105, 0.8452220559120178
1.6608344316482544, 0.8775235414505005
1.6393001079559326, 0.8317631483078003
1.6554508209228516, 0.9367429614067078
1.3566621541976929, 0.9017496705055237
0.9367429614067078, 0.7187079191207886
0.8963660597801208, 0.7644683718681335
0.8963660597801208, 0.7644683718681335
0.8559892177581787, 0.7160161733627319
0.915208637714386, 0.772543728351593
0.9098250269889832, 0.8021534085273743
0.8398385047912598, 0.8667563796043396
0.6971735954284668, 1.0659488439559937
0.6191117167472839, 1.0578734874725342
0.6137281060218811, 1.0148048400878906
0.5625841021537781, 1.0255720615386963
0.5625841021537781, 1.0255720615386963
0.705249011516571, 1.2247644662857056
0.966352641582489, 1.5370121002197266
1.1520861387252808, 1.545087456703186
1.1574697494506836, 1.4508748054504395
1.1682368516921997, 1.4374158382415771
1.1224764585494995, 1.3781964778900146
1.0686405897140503, 1.2866756916046143
1.1790040731430054, 1.3808883428573608
1.2570658922195435, 1.4024226665496826
1.3028264045715332, 1.4239569902420044
1.5262449979782104, 0.9690443873405457
1.510094165802002, 0.8721399903297424
1.458950161933899, 0.7886945009231567
1.458950161933899, 0.7886945009231567
1.458950161933899, 0.7886945009231567
