actor_1,actor_2
1.601615071296692, 1.8384926319122314
1.738896369934082, 1.9380887746810913
1.6904441118240356, 1.8788694143295288
1.6581426858901978, 1.67160165309906
1.6581426858901978, 1.1897711753845215
1.7523553371429443, 1.165545105934143
1.8600269556045532, 1.0524898767471313
1.8950202465057373, 1.0686405897140503
1.7738896608352661, 1.1063257455825806
1.2947510480880737, 0.8613728284835815
1.1009421348571777, 0.7860026955604553
1.0174965858459473, 0.7402422428131104
0.9744279980659485, 0.7187079191207886
0.9259757995605469, 0.7806190848350525
0.8506056666374207, 0.9259757995605469
0.705249011516571, 0.9179003834724426
0.705249011516571, 0.9179003834724426
0.6325706839561462, 0.8990578651428223
0.6594885587692261, 0.9071332216262817
0.7913862466812134, 1.0820995569229126
1.039030909538269, 1.391655445098877
1.248990535736084, 1.493943452835083
1.2355316877365112, 1.4858680963516235
1.2247644662857056, 1.458950161933899
1.216689109802246, 1.5047106742858887
1.308210015296936, 1.6150740385055542
1.308210015296936, 1.6150740385055542
1.4993270635604858, 1.830417275428772
1.6231493949890137, 1.5127860307693481
1.7308210134506226, 1.0767160654067993
1.7012113332748413, 0.966352641582489
1.518169641494751, 0.7994616627693176
1.518169641494751, 0.7994616627693176
1.6043068170547485, 0.8263795375823975
1.6662180423736572, 0.8506056666374207
1.722745656967163, 0.9017496705055237
1.477792739868164, 0.8586810231208801
1.170928716659546, 0.7240915298461914
0.9959623217582703, 0.6594885587692261
0.9286675453186035, 0.6325706839561462
0.8936743140220642, 0.5948855876922607
0.8936743140220642, 0.5948855876922607
0.9528936743736267, 0.6379542350769043
0.9744279980659485, 0.7187079191207886
0.9475101232528687, 0.7590848207473755
0.8263795375823975, 0.9232839941978455
0.7429340481758118, 0.9690443873405457
0.624495267868042, 0.8371466994285583
0.624495267868042, 0.8371466994285583
