actor_1,actor_2
1.5827724933624268, 1.8734859228134155
1.7308210134506226, 1.959623098373413
1.6958277225494385, 1.9030956029891968
1.6769851446151733, 1.6904441118240356
1.6850606203079224, 1.1897711753845215
1.7738896608352661, 1.165545105934143
1.8734859228134155, 1.0740242004394531
1.90847909450531, 1.090174913406372
1.7523553371429443, 1.1117092370986938
1.2812920808792114, 0.8532974720001221
1.079407811164856, 0.7698519229888916
1.0040377378463745, 0.72139972448349
0.9475101232528687, 0.7025572061538696
0.8882907032966614, 0.7779273390769958
0.8209959864616394, 0.9098250269889832
0.6648721694946289, 0.9071332216262817
0.6648721694946289, 0.9071332216262817
0.608344554901123, 0.8882907032966614
0.6379542350769043, 0.8963660597801208
0.7833108901977539, 1.098250389099121
1.02288019657135, 1.410498023033142
1.2462987899780273, 1.528936743736267
1.2516824007034302, 1.5127860307693481
1.2462987899780273, 1.4804844856262207
1.2301480770111084, 1.5235531330108643
1.3378196954727173, 1.6339164972305298
1.3378196954727173, 1.6339164972305298
1.5127860307693481, 1.8250336647033691
1.6554508209228516, 1.5208613872528076
1.7631224393844604, 1.0740242004394531
1.738896369934082, 0.982503354549408
1.5558546781539917, 0.8129205703735352
1.5558546781539917, 0.8129205703735352
1.6285330057144165, 0.8398385047912598
1.6823687553405762, 0.869448184967041
1.720053791999817, 0.9044414758682251
1.4616420269012451, 0.8425303101539612
1.1601614952087402, 0.7240915298461914
0.9771198034286499, 0.6514132022857666
0.9179003834724426, 0.6218035221099854
0.8775235414505005, 0.5895020365715027
0.8775235414505005, 0.5895020365715027
0.9313593506813049, 0.6164199113845825
0.9475101232528687, 0.7025572061538696
0.9179003834724426, 0.7456258535385132
0.8075370192527771, 0.8990578651428223
0.72139972448349, 0.9555854797363281
0.5895020365715027, 0.8263795375823975
0.5895020365715027, 0.8263795375823975
