actor_1,actor_2
1.44279944896698, 1.6635262966156006
1.6554508209228516, 1.8842530250549316
1.6231493949890137, 1.8492597341537476
1.5746971368789673, 1.6500673294067383
1.483176350593567, 1.1170928478240967
1.5746971368789673, 1.1251682043075562
1.6446837186813354, 1.0336474180221558
1.687752366065979, 1.0524898767471313
1.528936743736267, 0.9878869652748108
1.0713324546813965, 0.7429340481758118
0.8479138612747192, 0.6271870732307434
0.7994616627693176, 0.5948855876922607
0.7779273390769958, 0.5787348747253418
0.7483176589012146, 0.6406460404396057
0.7160161733627319, 0.7590848207473755
0.5921937823295593, 0.7752355337142944
0.5921937823295593, 0.7752355337142944
0.55720055103302, 0.7644683718681335
0.573351263999939, 0.7806190848350525
0.7590848207473755, 0.982503354549408
0.9878869652748108, 1.2947510480880737
1.2651413679122925, 1.5370121002197266
1.248990535736084, 1.518169641494751
1.2274562120437622, 1.4912517070770264
1.1897711753845215, 1.5262449979782104
1.300134539604187, 1.6258411407470703
1.300134539604187, 1.6258411407470703
1.458950161933899, 1.830417275428772
1.5504710674285889, 1.4697173833847046
1.5370121002197266, 1.0201884508132935
1.4993270635604858, 0.9502018690109253
1.3378196954727173, 0.772543728351593
1.3378196954727173, 0.772543728351593
1.4239569902420044, 0.8075370192527771
1.4670255184173584, 0.8263795375823975
1.5262449979782104, 0.8290713429450989
1.2086137533187866, 0.7348586916923523
0.966352641582489, 0.608344554901123
0.7752355337142944, 0.5248990654945374
0.7429340481758118, 0.5087482929229736
0.72139972448349, 0.47644683718681335
0.72139972448349, 0.47644683718681335
0.7617765665054321, 0.511440098285675
0.7779273390769958, 0.5787348747253418
0.7698519229888916, 0.6271870732307434
0.705249011516571, 0.7913862466812134
0.6379542350769043, 0.8263795375823975
0.5356662273406982, 0.7133243680000305
0.5356662273406982, 0.7133243680000305
