actor_1,actor_2
1.6796770095825195, 1.722745656967163
1.857335090637207, 1.9892328977584839
1.7496634721755981, 1.897711992263794
1.6635262966156006, 1.6931359767913818
1.5423957109451294, 1.1090174913406372
1.6285330057144165, 1.1090174913406372
1.7469717264175415, 1.0255720615386963
1.8008075952529907, 1.0497981309890747
1.67160165309906, 0.9798115491867065
1.2812920808792114, 0.7537012100219727
1.079407811164856, 0.6514132022857666
1.0148048400878906, 0.6110363602638245
0.9932705163955688, 0.6271870732307434
0.982503354549408, 0.7025572061538696
0.982503354549408, 0.8506056666374207
0.8479138612747192, 0.88559889793396
0.8479138612747192, 0.88559889793396
0.7483176589012146, 0.7913862466812134
0.7483176589012146, 0.7913862466812134
0.7752355337142944, 0.8344548940658569
0.8048452138900757, 0.8909825086593628
