actor_1,actor_2
1.569313645362854, 1.6985194683074951
1.6500673294067383, 1.9380887746810913
1.5935397148132324, 1.779273271560669
1.569313645362854, 1.5047106742858887
1.561238169670105, 1.095558524131775
1.6177657842636108, 1.1951547861099243
1.4643337726593018, 0.9555854797363281
1.0928667783737183, 0.6998654007911682
0.9851951599121094, 0.6810228824615479
0.920592188835144, 0.6837146878242493
0.8802153468132019, 0.8371466994285583
0.8829071521759033, 0.8909825086593628
0.8021534085273743, 0.8506056666374207
0.8452220559120178, 0.8963660597801208
0.8209959864616394, 0.9017496705055237
0.915208637714386, 1.0174965858459473
1.1493943929672241, 1.289367437362671
1.3189771175384521, 1.561238169670105
1.35127854347229, 1.5235531330108643
1.335127830505371, 1.4804844856262207
1.2786002159118652, 1.3701211214065552
1.2786002159118652, 1.3701211214065552
1.4185733795166016, 1.6823687553405762
1.4185733795166016, 1.6823687553405762
1.5316284894943237, 1.5423957109451294
1.4697173833847046, 0.823687732219696
1.4320323467254639, 0.7133243680000305
1.3485867977142334, 0.6271870732307434
1.3485867977142334, 0.6271870732307434
1.3485867977142334, 0.6271870732307434
1.3485867977142334, 0.6271870732307434
