actor_1,actor_2
1.7119784355163574, 2.0
1.8008075952529907, 2.0
1.6258411407470703, 2.0
1.5639300346374512, 1.8196500539779663
1.4912517070770264, 1.2355316877365112
1.5047106742858887, 1.1736204624176025
1.5585464239120483, 1.0740242004394531
1.6500673294067383, 1.1386271715164185
1.6823687553405762, 1.1278600692749023
1.528936743736267, 0.8748317360877991
1.3674293756484985, 0.7913862466812134
1.300134539604187, 0.767160177230835
1.2678331136703491, 0.7860026955604553
1.2355316877365112, 0.8344548940658569
1.1897711753845215, 1.1036338806152344
1.0551817417144775, 1.11440110206604
1.0551817417144775, 1.11440110206604
0.9717361927032471, 1.0013458728790283
0.9717361927032471, 1.0013458728790283
1.0094212293624878, 1.0363391637802124
1.0551817417144775, 1.095558524131775
