actor_1,actor_2
1.493943452835083, 1.510094165802002
1.738896369934082, 1.6904441118240356
1.493943452835083, 1.510094165802002
1.738896369934082, 1.6904441118240356
1.493943452835083, 1.510094165802002
1.738896369934082, 1.6904441118240356
1.4454911947250366, 1.3889636993408203
0.9582772254943848, 0.8802153468132019
0.823687732219696, 0.7860026955604553
0.7402422428131104, 0.8102288246154785
0.6406460404396057, 0.8075370192527771
0.7429340481758118, 0.8936743140220642
1.1574697494506836, 1.4051144123077393
1.3835800886154175, 1.620457649230957
1.2920591831207275, 1.3862718343734741
1.2570658922195435, 1.3297443389892578
1.3055181503295898, 1.4481830596923828
1.3943471908569336, 1.4535666704177856
1.4158815145492554, 1.181695818901062
1.4643337726593018, 0.7294750809669495
1.4454911947250366, 0.6406460404396057
1.5477793216705322, 0.6944818496704102
1.5746971368789673, 0.6890982389450073
1.6796770095825195, 0.7348586916923523
1.3189771175384521, 0.5948855876922607
0.9959623217582703, 0.4952893555164337
0.8882907032966614, 0.4818304181098938
0.8425303101539612, 0.457604318857193
0.7860026955604553, 0.4710632562637329
0.7860026955604553, 0.4710632562637329
0.7886945009231567, 0.5921937823295593
0.7590848207473755, 0.6864064335823059
0.624495267868042, 0.7402422428131104
0.5437415838241577, 0.624495267868042
0.5437415838241577, 0.624495267868042
