actor_1,actor_2
1.8923283815383911, 1.9004037380218506
1.9784656763076782, 1.897711992263794
1.8923283815383911, 1.9004037380218506
1.9784656763076782, 1.897711992263794
1.8923283815383911, 1.9004037380218506
1.9784656763076782, 1.897711992263794
1.8142664432525635, 1.8654104471206665
1.9784656763076782, 1.897711992263794
1.8008075952529907, 1.6769851446151733
1.3458950519561768, 1.1359354257583618
1.2059218883514404, 1.1036338806152344
1.039030909538269, 1.0524898767471313
1.0524898767471313, 1.222072720527649
1.0686405897140503, 1.2247644662857056
1.4616420269012451, 1.7927321195602417
1.6177657842636108, 1.8519515991210938
1.4724091291427612, 1.6339164972305298
1.545087456703186, 1.822341799736023
1.596231460571289, 1.6258411407470703
1.596231460571289, 1.6258411407470703
1.720053791999817, 1.2193808555603027
1.6500673294067383, 0.915208637714386
1.5935397148132324, 0.7967698574066162
1.6985194683074951, 0.8452220559120178
1.6958277225494385, 0.8209959864616394
1.7281291484832764, 0.8613728284835815
1.545087456703186, 0.8613728284835815
1.1520861387252808, 0.6514132022857666
1.0767160654067993, 0.6325706839561462
0.9851951599121094, 0.5921937823295593
0.9502018690109253, 0.5895020365715027
0.9878869652748108, 0.6325706839561462
1.0363391637802124, 0.7644683718681335
1.0013458728790283, 0.9609690308570862
0.869448184967041, 0.9959623217582703
0.7267833352088928, 0.8021534085273743
0.7267833352088928, 0.8021534085273743
