actor_1,actor_2
1.53432035446167, 1.755047082901001
1.6231493949890137, 1.7658143043518066
1.5074024200439453, 1.6823687553405762
1.4966353178024292, 1.3997308015823364
1.4912517070770264, 1.1009421348571777
1.5720053911209106, 1.181695818901062
1.4131897687911987, 1.098250389099121
0.9851951599121094, 0.7779273390769958
0.8506056666374207, 0.7590848207473755
0.7833108901977539, 0.7321668863296509
0.7375504970550537, 0.8102288246154785
0.7590848207473755, 0.966352641582489
0.7321668863296509, 1.0067294836044312
0.8721399903297424, 1.1278600692749023
1.2516824007034302, 1.6742933988571167
1.4051144123077393, 1.7415881156921387
1.324360728263855, 1.652759075164795
1.3216688632965088, 1.5531628131866455
1.4051144123077393, 1.636608362197876
1.4051144123077393, 1.636608362197876
1.4158815145492554, 1.1413190364837646
1.4185733795166016, 0.8344548940658569
1.391655445098877, 0.7375504970550537
1.458950161933899, 0.7913862466812134
1.359354019165039, 0.7617765665054321
1.4751009941101074, 0.8102288246154785
1.3297443389892578, 0.8290713429450989
1.0713324546813965, 0.6810228824615479
0.8559892177581787, 0.5948855876922607
0.8317631483078003, 0.6029609441757202
0.7537012100219727, 0.5948855876922607
0.7510094046592712, 0.6406460404396057
0.7402422428131104, 0.6648721694946289
0.7267833352088928, 0.7940780520439148
0.670255720615387, 0.9340511560440063
0.6433378458023071, 0.8559892177581787
0.6110363602638245, 0.7563930153846741
0.6298788785934448, 0.8021534085273743
0.6810228824615479, 0.8829071521759033
0.7752355337142944, 0.9394347071647644
1.0874831676483154, 1.375504732131958
1.232839822769165, 1.4374158382415771
1.2113054990768433, 1.3781964778900146
1.2462987899780273, 1.3970390558242798
1.2059218883514404, 1.289367437362671
1.2059218883514404, 1.289367437362671
1.2516824007034302, 1.5020188093185425
1.2516824007034302, 1.5020188093185425
1.359354019165039, 1.636608362197876
1.4374158382415771, 1.596231460571289
1.4670255184173584, 0.8586810231208801
1.4158815145492554, 0.7025572061538696
1.3216688632965088, 0.6514132022857666
1.3216688632965088, 0.6514132022857666
1.3216688632965088, 0.6514132022857666
