actor_1,actor_2
1.5504710674285889, 1.8358007669448853
1.6608344316482544, 1.8761776685714722
1.528936743736267, 1.7442799806594849
1.5154777765274048, 1.4374158382415771
1.477792739868164, 1.1009421348571777
1.5666217803955078, 1.2113054990768433
1.3808883428573608, 1.0767160654067993
0.9636608362197876, 0.7617765665054321
0.8371466994285583, 0.7429340481758118
0.7940780520439148, 0.7456258535385132
0.7483176589012146, 0.8640645742416382
0.7886945009231567, 1.0040377378463745
0.7402422428131104, 1.0363391637802124
0.8829071521759033, 1.1547778844833374
1.2920591831207275, 1.7442799806594849
1.483176350593567, 1.795423984527588
1.3970390558242798, 1.647375464439392
1.3862718343734741, 1.53432035446167
1.4347240924835205, 1.6581426858901978
1.4347240924835205, 1.6581426858901978
1.4185733795166016, 1.1493943929672241
1.3997308015823364, 0.8102288246154785
1.3539704084396362, 0.7025572061538696
1.4239569902420044, 0.7590848207473755
1.340511441230774, 0.7375504970550537
1.4239569902420044, 0.7806190848350525
1.2597577571868896, 0.7940780520439148
1.0040377378463745, 0.6433378458023071
0.8021534085273743, 0.5598923563957214
0.7886945009231567, 0.5814266204833984
0.7402422428131104, 0.5921937823295593
0.7483176589012146, 0.6379542350769043
0.7402422428131104, 0.6675639152526855
0.7321668863296509, 0.8425303101539612
0.6998654007911682, 0.9744279980659485
0.6648721694946289, 0.9017496705055237
0.624495267868042, 0.818304181098938
0.6514132022857666, 0.8667563796043396
0.6864064335823059, 0.9286675453186035
0.7860026955604553, 0.9609690308570862
1.1251682043075562, 1.4185733795166016
1.3270524740219116, 1.4697173833847046
1.283983826637268, 1.3889636993408203
1.300134539604187, 1.3862718343734741
1.248990535736084, 1.2651413679122925
1.248990535736084, 1.2651413679122925
1.283983826637268, 1.493943452835083
1.283983826637268, 1.493943452835083
1.3889636993408203, 1.6069986820220947
1.4670255184173584, 1.601615071296692
1.426648736000061, 0.8532974720001221
1.3728128671646118, 0.6675639152526855
1.2866756916046143, 0.6218035221099854
1.2866756916046143, 0.6218035221099854
1.2866756916046143, 0.6218035221099854
