actor_1,actor_2
1.703903079032898, 2.0
1.755047082901001, 2.0
1.6419919729232788, 1.8788694143295288
1.6581426858901978, 1.6554508209228516
1.7981157302856445, 1.3162853717803955
1.9353970289230347, 1.4374158382415771
1.8923283815383911, 1.3970390558242798
1.4858680963516235, 1.1036338806152344
1.3458950519561768, 1.1170928478240967
1.222072720527649, 1.1251682043075562
1.0847914218902588, 1.273216724395752
1.1090174913406372, 1.3997308015823364
1.012113094329834, 1.3458950519561768
1.1090174913406372, 1.4212651252746582
1.359354019165039, 1.8169583082199097
1.4508748054504395, 1.8034993410110474
1.3701211214065552, 1.6500673294067383
1.3485867977142334, 1.585464358329773
1.510094165802002, 1.7362046241760254
1.510094165802002, 1.7362046241760254
1.6339164972305298, 1.375504732131958
1.7604306936264038, 1.0928667783737183
1.7442799806594849, 0.9609690308570862
1.8438761234283447, 1.0578734874725342
1.8250336647033691, 1.0040377378463745
1.9300134181976318, 1.0363391637802124
1.8384926319122314, 1.1036338806152344
1.5827724933624268, 0.982503354549408
1.3728128671646118, 0.8586810231208801
1.324360728263855, 0.8802153468132019
1.273216724395752, 0.8829071521759033
1.2705248594284058, 0.9475101232528687
1.2382234334945679, 0.9959623217582703
1.11440110206604, 1.273216724395752
0.9717361927032471, 1.2947510480880737
0.8936743140220642, 1.197846531867981
0.818304181098938, 1.095558524131775
0.8479138612747192, 1.1520861387252808
0.9017496705055237, 1.2247644662857056
0.9636608362197876, 1.2193808555603027
1.1897711753845215, 1.510094165802002
1.2597577571868896, 1.4804844856262207
1.2382234334945679, 1.3997308015823364
1.2301480770111084, 1.4131897687911987
1.2005383968353271, 1.3109017610549927
1.2005383968353271, 1.3109017610549927
1.300134539604187, 1.493943452835083
1.300134539604187, 1.493943452835083
1.4751009941101074, 1.6742933988571167
1.561238169670105, 1.7415881156921387
1.7146703004837036, 1.095558524131775
1.7146703004837036, 0.88559889793396
1.6769851446151733, 0.8156123757362366
1.6769851446151733, 0.8156123757362366
1.6769851446151733, 0.8156123757362366
