actor_1,actor_2
1.4454911947250366, 1.7927321195602417
1.510094165802002, 1.8358007669448853
1.4212651252746582, 1.7119784355163574
1.426648736000061, 1.4616420269012451
1.3539704084396362, 0.9421265125274658
1.4239569902420044, 0.966352641582489
1.5370121002197266, 0.9071332216262817
1.6231493949890137, 0.9744279980659485
1.596231460571289, 1.0201884508132935
1.181695818901062, 0.8021534085273743
1.0013458728790283, 0.6998654007911682
0.9125168323516846, 0.7106325626373291
0.8990578651428223, 0.7187079191207886
0.8586810231208801, 0.7752355337142944
0.7537012100219727, 0.9771198034286499
0.5948855876922607, 0.920592188835144
0.5948855876922607, 0.920592188835144
0.5437415838241577, 0.8317631483078003
0.5948855876922607, 0.8506056666374207
0.7240915298461914, 1.0174965858459473
0.9313593506813049, 1.2920591831207275
1.0444145202636719, 1.2974427938461304
1.012113094329834, 1.197846531867981
0.9878869652748108, 1.1224764585494995
0.9475101232528687, 1.1386271715164185
1.047106385231018, 1.3162853717803955
1.047106385231018, 1.3162853717803955
1.2247644662857056, 1.528936743736267
1.4024226665496826, 1.2705248594284058
1.4131897687911987, 0.8290713429450989
1.3674293756484985, 0.7402422428131104
1.2624495029449463, 0.5787348747253418
1.2624495029449463, 0.5787348747253418
1.3620457649230957, 0.6514132022857666
1.407806158065796, 0.7025572061538696
1.53432035446167, 0.8129205703735352
1.3458950519561768, 0.8129205703735352
1.0713324546813965, 0.6998654007911682
0.9313593506813049, 0.6164199113845825
0.8586810231208801, 0.6271870732307434
0.8452220559120178, 0.6029609441757202
0.8452220559120178, 0.6029609441757202
0.8613728284835815, 0.6325706839561462
0.8990578651428223, 0.7187079191207886
0.8936743140220642, 0.7483176589012146
0.7321668863296509, 0.9528936743736267
0.624495267868042, 0.9744279980659485
0.5275908708572388, 0.8021534085273743
0.5275908708572388, 0.8021534085273743
