actor_1,actor_2
1.3728128671646118, 1.6608344316482544
1.528936743736267, 1.8519515991210938
1.4131897687911987, 1.6823687553405762
1.4051144123077393, 1.4051144123077393
1.5666217803955078, 1.1117092370986938
1.703903079032898, 1.2597577571868896
1.5639300346374512, 1.0578734874725342
1.090174913406372, 0.7644683718681335
0.8963660597801208, 0.772543728351593
0.7940780520439148, 0.7698519229888916
0.670255720615387, 0.8506056666374207
0.6917900443077087, 0.9582772254943848
0.6137281060218811, 0.9232839941978455
0.7160161733627319, 1.028263807296753
1.0336474180221558, 1.5558546781539917
1.248990535736084, 1.7631224393844604
1.170928716659546, 1.601615071296692
1.130551815032959, 1.518169641494751
1.2570658922195435, 1.5746971368789673
1.2570658922195435, 1.5746971368789673
1.3647375106811523, 1.1170928478240967
1.5666217803955078, 0.7806190848350525
1.518169641494751, 0.6917900443077087
1.5800807476043701, 0.7752355337142944
1.5558546781539917, 0.7267833352088928
1.6339164972305298, 0.7806190848350525
1.4697173833847046, 0.7833108901977539
1.1332435607910156, 0.6487213969230652
0.9286675453186035, 0.6271870732307434
0.9125168323516846, 0.6487213969230652
0.8990578651428223, 0.6567967534065247
0.9179003834724426, 0.6648721694946289
0.8586810231208801, 0.6890982389450073
0.7106325626373291, 0.823687732219696
0.5787348747253418, 0.8936743140220642
0.5491251945495605, 0.8209959864616394
0.4952893555164337, 0.7321668863296509
0.5248990654945374, 0.7779273390769958
0.5518169403076172, 0.818304181098938
0.6110363602638245, 0.8775235414505005
0.88559889793396, 1.3162853717803955
1.0874831676483154, 1.4535666704177856
1.0363391637802124, 1.3943471908569336
1.039030909538269, 1.3566621541976929
1.0148048400878906, 1.222072720527649
1.0148048400878906, 1.222072720527649
1.0578734874725342, 1.3808883428573608
1.0578734874725342, 1.3808883428573608
1.2086137533187866, 1.4670255184173584
1.3270524740219116, 1.493943452835083
1.4670255184173584, 0.7698519229888916
1.458950161933899, 0.608344554901123
1.3970390558242798, 0.5383580327033997
1.3970390558242798, 0.5383580327033997
1.3970390558242798, 0.5383580327033997
