actor_1,actor_2
1.426648736000061, 1.7119784355163574
1.585464358329773, 1.959623098373413
1.510094165802002, 1.8546433448791504
1.4751009941101074, 1.5370121002197266
1.4993270635604858, 1.0148048400878906
1.5989233255386353, 1.0174965858459473
1.7873486280441284, 0.9259757995605469
1.8492597341537476, 0.9878869652748108
1.738896369934082, 0.9394347071647644
1.3378196954727173, 0.7913862466812134
1.1036338806152344, 0.7537012100219727
1.0551817417144775, 0.7429340481758118
0.982503354549408, 0.7644683718681335
0.8425303101539612, 0.818304181098938
0.6971735954284668, 0.9798115491867065
0.6110363602638245, 0.9609690308570862
0.6110363602638245, 0.9609690308570862
0.6056527495384216, 0.9528936743736267
0.6298788785934448, 0.9744279980659485
0.7967698574066162, 1.090174913406372
0.9744279980659485, 1.3862718343734741
1.216689109802246, 1.585464358329773
1.1790040731430054, 1.5020188093185425
1.1493943929672241, 1.4239569902420044
1.1547778844833374, 1.3781964778900146
1.2247644662857056, 1.4858680963516235
1.2247644662857056, 1.4858680963516235
1.35127854347229, 1.7254374027252197
1.5020188093185425, 1.35127854347229
1.620457649230957, 0.9098250269889832
1.6123822927474976, 0.8129205703735352
1.5235531330108643, 0.624495267868042
1.5235531330108643, 0.624495267868042
1.6096904277801514, 0.6729475259780884
1.6742933988571167, 0.705249011516571
1.7362046241760254, 0.7617765665054321
1.4724091291427612, 0.767160177230835
1.2570658922195435, 0.6864064335823059
1.0524898767471313, 0.670255720615387
1.0148048400878906, 0.670255720615387
0.9636608362197876, 0.6621803641319275
0.9636608362197876, 0.6621803641319275
0.9905787110328674, 0.6944818496704102
0.982503354549408, 0.7644683718681335
0.9313593506813049, 0.7806190848350525
0.7510094046592712, 0.9636608362197876
0.6460295915603638, 1.02288019657135
0.5706595182418823, 0.9044414758682251
0.5706595182418823, 0.9044414758682251
