actor_1,actor_2
1.289367437362671, 1.7981157302856445
1.596231460571289, 2.0
1.5746971368789673, 1.967698574066162
1.5316284894943237, 1.652759075164795
1.5074024200439453, 1.1009421348571777
1.545087456703186, 1.028263807296753
1.6931359767913818, 0.9367429614067078
1.7012113332748413, 1.0497981309890747
1.44279944896698, 0.9448183178901672
1.0659488439559937, 0.6433378458023071
0.8317631483078003, 0.5329744219779968
0.7806190848350525, 0.48990577459335327
0.7187079191207886, 0.5087482929229736
0.6567967534065247, 0.573351263999939
0.5652759075164795, 0.7402422428131104
0.4818304181098938, 0.7348586916923523
0.4818304181098938, 0.7348586916923523
0.4549125134944916, 0.7025572061538696
0.47644683718681335, 0.7456258535385132
0.6433378458023071, 0.9475101232528687
0.8398385047912598, 1.2866756916046143
1.1790040731430054, 1.703903079032898
1.1763122081756592, 1.5262449979782104
1.165545105934143, 1.4131897687911987
1.1843875646591187, 1.4158815145492554
1.273216724395752, 1.5639300346374512
1.273216724395752, 1.5639300346374512
1.4454911947250366, 1.790040373802185
1.5935397148132324, 1.4670255184173584
1.6123822927474976, 0.9232839941978455
1.5908479690551758, 0.818304181098938
1.493943452835083, 0.6514132022857666
1.493943452835083, 0.6514132022857666
1.5316284894943237, 0.7025572061538696
1.5746971368789673, 0.7563930153846741
1.5504710674285889, 0.8398385047912598
1.222072720527649, 0.6352624297142029
1.0040377378463745, 0.5329744219779968
0.8129205703735352, 0.4549125134944916
0.7698519229888916, 0.42799460887908936
0.7267833352088928, 0.41722744703292847
0.7267833352088928, 0.41722744703292847
0.7294750809669495, 0.44952893257141113
0.7187079191207886, 0.5087482929229736
0.7079407572746277, 0.5464333891868591
0.5921937823295593, 0.7510094046592712
0.5033647418022156, 0.7779273390769958
0.43876177072525024, 0.6675639152526855
0.43876177072525024, 0.6675639152526855
