actor_1,actor_2
1.2974427938461304, 1.5585464239120483
1.5558546781539917, 2.0
1.4481830596923828, 1.779273271560669
1.4212651252746582, 1.4616420269012451
1.3647375106811523, 0.9528936743736267
1.3970390558242798, 0.920592188835144
1.4697173833847046, 0.8425303101539612
1.5397038459777832, 0.915208637714386
1.3862718343734741, 0.8290713429450989
0.9959623217582703, 0.6917900443077087
0.818304181098938, 0.5948855876922607
0.7563930153846741, 0.5598923563957214
0.767160177230835, 0.5437415838241577
0.7483176589012146, 0.5948855876922607
0.6675639152526855, 0.7967698574066162
0.5518169403076172, 0.7860026955604553
0.5518169403076172, 0.7860026955604553
0.5302826166152954, 0.7833108901977539
0.573351263999939, 0.7886945009231567
0.705249011516571, 0.9475101232528687
0.9044414758682251, 1.1682368516921997
1.1951547861099243, 1.4804844856262207
1.1574697494506836, 1.3324360847473145
1.1359354257583618, 1.2651413679122925
1.11440110206604, 1.324360728263855
1.1682368516921997, 1.4481830596923828
1.1682368516921997, 1.4481830596923828
1.289367437362671, 1.6742933988571167
1.4239569902420044, 1.3378196954727173
1.426648736000061, 0.8452220559120178
1.3432031869888306, 0.7187079191207886
1.273216724395752, 0.5679677128791809
1.273216724395752, 0.5679677128791809
1.3485867977142334, 0.6002691984176636
1.3889636993408203, 0.6567967534065247
1.5020188093185425, 0.7267833352088928
1.1870794296264648, 0.6567967534065247
0.9448183178901672, 0.5921937823295593
0.8021534085273743, 0.5033647418022156
0.7402422428131104, 0.4791386127471924
0.7267833352088928, 0.45222073793411255
0.7267833352088928, 0.45222073793411255
0.7510094046592712, 0.4791386127471924
0.767160177230835, 0.5437415838241577
0.7967698574066162, 0.5814266204833984
0.6648721694946289, 0.8398385047912598
0.573351263999939, 0.8559892177581787
0.5275908708572388, 0.7375504970550537
0.5275908708572388, 0.7375504970550537
