actor_1,actor_2
1.3835800886154175, 1.913862705230713
1.7065949440002441, 2.0
1.6958277225494385, 2.0
1.6150740385055542, 1.755047082901001
1.5746971368789673, 1.2247644662857056
1.6554508209228516, 1.1897711753845215
1.8707940578460693, 1.1170928478240967
1.8869447708129883, 1.2113054990768433
1.601615071296692, 1.090174913406372
1.1682368516921997, 0.7940780520439148
0.9017496705055237, 0.6648721694946289
0.8344548940658569, 0.6218035221099854
0.7429340481758118, 0.6514132022857666
0.6298788785934448, 0.6837146878242493
0.5652759075164795, 0.88559889793396
0.5356662273406982, 0.9259757995605469
0.5195154547691345, 0.9932705163955688
0.8506056666374207, 1.4185733795166016
1.289367437362671, 2.0
1.410498023033142, 2.0
1.44279944896698, 1.9380887746810913
1.3997308015823364, 1.8196500539779663
1.4858680963516235, 1.8788694143295288
1.5504710674285889, 1.7819650173187256
1.5746971368789673, 1.2247644662857056
1.6958277225494385, 0.9932705163955688
1.6958277225494385, 0.9932705163955688
1.720053791999817, 0.9502018690109253
1.795423984527588, 1.0067294836044312
1.7927321195602417, 0.9798115491867065
1.720053791999817, 1.0013458728790283
1.3135935068130493, 0.7886945009231567
0.8963660597801208, 0.6002691984176636
0.8129205703735352, 0.5948855876922607
0.8129205703735352, 0.5948855876922607
0.7537012100219727, 0.5814266204833984
0.7617765665054321, 0.608344554901123
0.7429340481758118, 0.6514132022857666
0.6298788785934448, 0.6837146878242493
0.4952893555164337, 0.869448184967041
0.457604318857193, 0.8559892177581787
0.43876177072525024, 0.8075370192527771
0.43068641424179077, 0.7967698574066162
0.43068641424179077, 0.7967698574066162
0.6056527495384216, 1.0040377378463745
0.8640645742416382, 1.410498023033142
1.1870794296264648, 1.7469717264175415
1.2543741464614868, 1.6769851446151733
1.283983826637268, 1.6177657842636108
1.2597577571868896, 1.5154777765274048
1.222072720527649, 1.4051144123077393
1.2947510480880737, 1.561238169670105
1.359354019165039, 1.5908479690551758
1.477792739868164, 1.6177657842636108
1.5746971368789673, 1.11440110206604
1.5585464239120483, 0.9932705163955688
1.6393001079559326, 0.8963660597801208
1.6393001079559326, 0.8963660597801208
1.6393001079559326, 0.8963660597801208
