actor_1,actor_2
1.6581426858901978, 1.8923283815383911
1.8600269556045532, 2.0
1.7846567630767822, 1.967698574066162
1.7577389478683472, 1.6554508209228516
1.841184377670288, 1.2974427938461304
1.9246299266815186, 1.4401077032089233
1.687752366065979, 1.130551815032959
1.222072720527649, 0.7402422428131104
1.0928667783737183, 0.6998654007911682
1.0255720615386963, 0.7321668863296509
0.9098250269889832, 0.920592188835144
0.9044414758682251, 1.0444145202636719
0.8290713429450989, 1.1117092370986938
0.9421265125274658, 1.2651413679122925
1.3189771175384521, 1.822341799736023
1.585464358329773, 2.0
1.5208613872528076, 2.0
1.493943452835083, 1.8627187013626099
1.6043068170547485, 1.8277254104614258
1.6043068170547485, 1.8277254104614258
1.6823687553405762, 1.3862718343734741
1.77119779586792, 0.9690443873405457
1.7469717264175415, 0.8586810231208801
1.8384926319122314, 0.915208637714386
1.8142664432525635, 0.8613728284835815
1.8654104471206665, 0.9179003834724426
1.6608344316482544, 0.8209959864616394
1.3189771175384521, 0.608344554901123
1.098250389099121, 0.5248990654945374
1.0874831676483154, 0.5464333891868591
1.0578734874725342, 0.5464333891868591
1.0686405897140503, 0.5841184258460999
1.047106385231018, 0.608344554901123
0.9502018690109253, 0.8802153468132019
0.8156123757362366, 0.9744279980659485
0.7321668863296509, 0.8775235414505005
0.7321668863296509, 0.8775235414505005
0.7240915298461914, 0.8479138612747192
