actor_1,actor_2
1.6500673294067383, 1.755047082901001
1.857335090637207, 2.0
1.7415881156921387, 1.8950202465057373
1.6958277225494385, 1.569313645362854
1.8115746974945068, 1.1897711753845215
1.9569313526153564, 1.35127854347229
1.7281291484832764, 1.0148048400878906
1.063257098197937, 0.6379542350769043
0.9340511560440063, 0.654105007648468
0.8371466994285583, 0.6783310770988464
0.7187079191207886, 0.7806190848350525
0.7160161733627319, 0.8802153468132019
0.6567967534065247, 0.8829071521759033
0.7617765665054321, 0.9744279980659485
1.2301480770111084, 1.4616420269012451
1.4966353178024292, 1.9165544509887695
1.4401077032089233, 1.7092866897583008
1.3862718343734741, 1.5800807476043701
1.4751009941101074, 1.6446837186813354
1.4751009941101074, 1.6446837186813354
1.596231460571289, 1.2759084701538086
1.7254374027252197, 0.8963660597801208
1.6796770095825195, 0.8290713429450989
1.7765814065933228, 0.8882907032966614
1.7604306936264038, 0.8667563796043396
1.8438761234283447, 0.8802153468132019
1.6177657842636108, 0.7483176589012146
1.1413190364837646, 0.55720055103302
0.9044414758682251, 0.5087482929229736
0.9098250269889832, 0.5248990654945374
0.8909825086593628, 0.5248990654945374
0.9071332216262817, 0.55720055103302
0.8909825086593628, 0.5921937823295593
0.7833108901977539, 0.767160177230835
0.6433378458023071, 0.7940780520439148
0.573351263999939, 0.675639271736145
0.573351263999939, 0.675639271736145
0.5760430693626404, 0.6675639152526855
