actor_1,actor_2
1.5477793216705322, 1.6581426858901978
1.7362046241760254, 2.0
1.6177657842636108, 1.7927321195602417
1.5262449979782104, 1.3889636993408203
1.6123822927474976, 1.012113094329834
1.722745656967163, 1.1790040731430054
1.53432035446167, 0.88559889793396
0.9475101232528687, 0.6460295915603638
0.8290713429450989, 0.6164199113845825
0.7617765665054321, 0.6379542350769043
0.6567967534065247, 0.7483176589012146
0.6810228824615479, 0.8371466994285583
0.6271870732307434, 0.8425303101539612
0.7187079191207886, 0.9475101232528687
1.1574697494506836, 1.4320323467254639
1.407806158065796, 1.8950202465057373
1.359354019165039, 1.636608362197876
1.2974427938461304, 1.477792739868164
1.3458950519561768, 1.528936743736267
1.3458950519561768, 1.528936743736267
1.3862718343734741, 1.0686405897140503
1.4481830596923828, 0.6971735954284668
1.375504732131958, 0.624495267868042
1.5154777765274048, 0.7106325626373291
1.493943452835083, 0.7025572061538696
1.5235531330108643, 0.7644683718681335
1.35127854347229, 0.6810228824615479
0.9798115491867065, 0.5706595182418823
0.7833108901977539, 0.4952893555164337
0.8048452138900757, 0.506056547164917
0.7913862466812134, 0.511440098285675
0.8075370192527771, 0.5383580327033997
0.7967698574066162, 0.55720055103302
0.705249011516571, 0.7267833352088928
0.5841184258460999, 0.7860026955604553
0.5625841021537781, 0.7375504970550537
0.5383580327033997, 0.6890982389450073
0.5598923563957214, 0.7160161733627319
0.5868102312088013, 0.7644683718681335
0.6487213969230652, 0.8209959864616394
1.0174965858459473, 1.1574697494506836
1.2355316877365112, 1.4535666704177856
1.2409151792526245, 1.3620457649230957
1.2032301425933838, 1.2570658922195435
1.1117092370986938, 1.1197847127914429
1.1117092370986938, 1.1197847127914429
1.1520861387252808, 1.2597577571868896
1.1520861387252808, 1.2597577571868896
1.2947510480880737, 1.4347240924835205
1.4158815145492554, 1.4804844856262207
1.410498023033142, 0.6944818496704102
1.3378196954727173, 0.5625841021537781
1.2462987899780273, 0.5168237090110779
1.2462987899780273, 0.5168237090110779
1.2462987899780273, 0.5168237090110779
