actor_1,actor_2
1.6742933988571167, 1.9380887746810913
1.913862705230713, 2.0
1.6904441118240356, 1.9730820655822754
1.6312247514724731, 1.7012113332748413
1.483176350593567, 1.1924630403518677
1.5908479690551758, 1.1547778844833374
1.687752366065979, 1.1224764585494995
1.8169583082199097, 1.1843875646591187
1.6850606203079224, 1.146702527999878
1.1763122081756592, 0.9179003834724426
0.9259757995605469, 0.7967698574066162
0.869448184967041, 0.7752355337142944
0.9017496705055237, 0.7967698574066162
0.8479138612747192, 0.8371466994285583
0.8317631483078003, 1.1009421348571777
0.6783310770988464, 1.0740242004394531
0.6783310770988464, 1.0740242004394531
0.6218035221099854, 1.0201884508132935
0.6433378458023071, 1.0013458728790283
0.8317631483078003, 1.1897711753845215
1.063257098197937, 1.4185733795166016
1.3216688632965088, 1.6069986820220947
1.2382234334945679, 1.4966353178024292
1.2032301425933838, 1.4347240924835205
1.1628532409667969, 1.44279944896698
1.2705248594284058, 1.6258411407470703
1.2705248594284058, 1.6258411407470703
1.44279944896698, 1.841184377670288
1.6123822927474976, 1.601615071296692
1.5827724933624268, 1.1117092370986938
1.4724091291427612, 1.0174965858459473
1.3297443389892578, 0.8290713429450989
1.3297443389892578, 0.8290713429450989
1.426648736000061, 0.8721399903297424
1.5047106742858887, 0.9071332216262817
1.6339164972305298, 0.9851951599121094
1.340511441230774, 0.8802153468132019
1.047106385231018, 0.7860026955604553
0.8371466994285583, 0.6971735954284668
0.7940780520439148, 0.6810228824615479
0.7806190848350525, 0.6648721694946289
0.7806190848350525, 0.6648721694946289
0.8398385047912598, 0.7160161733627319
0.9017496705055237, 0.7967698574066162
0.9044414758682251, 0.8398385047912598
0.8532974720001221, 1.146702527999878
0.7187079191207886, 1.1413190364837646
0.6056527495384216, 0.9744279980659485
0.6056527495384216, 0.9744279980659485
