actor_1,actor_2
1.5989233255386353, 1.846567988395691
1.8842530250549316, 2.0
1.6904441118240356, 2.0
1.6258411407470703, 1.6958277225494385
1.477792739868164, 1.1251682043075562
1.5397038459777832, 1.090174913406372
1.647375464439392, 1.0255720615386963
1.790040373802185, 1.0605652332305908
1.596231460571289, 1.0040377378463745
1.0336474180221558, 0.6837146878242493
0.7348586916923523, 0.5383580327033997
0.6621803641319275, 0.5033647418022156
0.6352624297142029, 0.4818304181098938
0.6002691984176636, 0.5491251945495605
0.5895020365715027, 0.7348586916923523
0.457604318857193, 0.7375504970550537
0.457604318857193, 0.7375504970550537
0.44952893257141113, 0.7375504970550537
0.4737550616264343, 0.7563930153846741
0.670255720615387, 0.9798115491867065
0.9771198034286499, 1.35127854347229
1.2947510480880737, 1.7012113332748413
1.2005383968353271, 1.6096904277801514
1.1520861387252808, 1.5154777765274048
1.1628532409667969, 1.5154777765274048
1.2947510480880737, 1.6312247514724731
1.2947510480880737, 1.6312247514724731
1.4804844856262207, 1.8115746974945068
1.6043068170547485, 1.5370121002197266
1.5397038459777832, 0.9905787110328674
1.4481830596923828, 0.8882907032966614
1.2705248594284058, 0.7456258535385132
1.2705248594284058, 0.7456258535385132
1.3566621541976929, 0.8048452138900757
1.4239569902420044, 0.8479138612747192
1.545087456703186, 0.8829071521759033
1.2462987899780273, 0.7860026955604553
0.8936743140220642, 0.5921937823295593
0.6433378458023071, 0.4710632562637329
0.5814266204833984, 0.4468371570110321
0.5437415838241577, 0.411843866109848
0.5437415838241577, 0.411843866109848
0.5760430693626404, 0.42799460887908936
0.6352624297142029, 0.4818304181098938
0.6514132022857666, 0.5383580327033997
0.6029609441757202, 0.772543728351593
0.48721399903297424, 0.8075370192527771
0.41722744703292847, 0.6864064335823059
0.41722744703292847, 0.6864064335823059
