actor_1,actor_2
1.4993270635604858, 1.8196500539779663
1.7415881156921387, 1.9461642503738403
1.620457649230957, 1.8358007669448853
1.5666217803955078, 1.5531628131866455
1.620457649230957, 1.2005383968353271
1.7496634721755981, 1.283983826637268
1.510094165802002, 1.1117092370986938
0.9071332216262817, 0.7563930153846741
0.7833108901977539, 0.7348586916923523
0.7079407572746277, 0.7429340481758118
0.7294750809669495, 0.9690443873405457
0.9959623217582703, 1.3997308015823364
1.458950161933899, 2.0
1.6931359767913818, 2.0
1.5720053911209106, 2.0
1.5531628131866455, 1.738896369934082
1.4912517070770264, 1.3189771175384521
1.6393001079559326, 0.9851951599121094
1.7012113332748413, 1.0444145202636719
1.6904441118240356, 1.0040377378463745
1.5370121002197266, 0.9905787110328674
1.0740242004394531, 0.7537012100219727
0.8317631483078003, 0.6648721694946289
0.7752355337142944, 0.6191117167472839
0.7160161733627319, 0.6271870732307434
0.654105007648468, 0.7402422428131104
0.5787348747253418, 0.869448184967041
0.5329744219779968, 0.9421265125274658
0.5652759075164795, 0.9878869652748108
0.8425303101539612, 1.324360728263855
1.2705248594284058, 1.8788694143295288
1.477792739868164, 1.9784656763076782
1.3889636993408203, 1.857335090637207
1.335127830505371, 1.755047082901001
1.3458950519561768, 1.7631224393844604
1.4347240924835205, 1.7496634721755981
1.4724091291427612, 1.5935397148132324
1.561238169670105, 1.02288019657135
1.4966353178024292, 0.8532974720001221
1.359354019165039, 0.705249011516571
1.359354019165039, 0.705249011516571
1.3997308015823364, 0.7510094046592712
1.4454911947250366, 0.7913862466812134
1.493943452835083, 0.8156123757362366
1.510094165802002, 0.8425303101539612
1.165545105934143, 0.7294750809669495
0.7375504970550537, 0.5491251945495605
0.6998654007911682, 0.5195154547691345
0.6998654007911682, 0.5195154547691345
0.6567967534065247, 0.48721399903297424
0.6567967534065247, 0.48721399903297424
0.6971735954284668, 0.55720055103302
0.6971735954284668, 0.55720055103302
0.7160161733627319, 0.6271870732307434
0.5787348747253418, 0.869448184967041
0.47644683718681335, 0.8263795375823975
0.4199192523956299, 0.7375504970550537
0.4199192523956299, 0.7375504970550537
