actor_1,actor_2
1.4966353178024292, 1.8923283815383911
1.7496634721755981, 2.0
1.6285330057144165, 1.9865410327911377
1.6043068170547485, 1.7281291484832764
1.5127860307693481, 1.1736204624176025
1.5558546781539917, 1.130551815032959
1.6446837186813354, 1.0578734874725342
1.703903079032898, 1.1009421348571777
1.5423957109451294, 1.0820995569229126
1.0820995569229126, 0.8398385047912598
0.818304181098938, 0.6944818496704102
0.7644683718681335, 0.6621803641319275
0.7321668863296509, 0.6514132022857666
0.6944818496704102, 0.7456258535385132
0.654105007648468, 0.8990578651428223
0.6352624297142029, 1.0040377378463745
0.6433378458023071, 1.098250389099121
1.0201884508132935, 1.5423957109451294
1.4320323467254639, 2.0
1.4858680963516235, 2.0
1.4401077032089233, 1.9946163892745972
1.3970390558242798, 1.9057873487472534
1.493943452835083, 1.9111709594726562
1.5074024200439453, 1.7631224393844604
1.5127860307693481, 1.1736204624176025
1.53432035446167, 0.9421265125274658
1.53432035446167, 0.9421265125274658
1.493943452835083, 0.9394347071647644
1.53432035446167, 0.9744279980659485
1.4616420269012451, 0.8936743140220642
1.4858680963516235, 0.9313593506813049
1.1574697494506836, 0.8290713429450989
0.7240915298461914, 0.624495267868042
0.7294750809669495, 0.6379542350769043
0.7294750809669495, 0.6379542350769043
0.6810228824615479, 0.608344554901123
0.7133243680000305, 0.6325706839561462
0.7321668863296509, 0.6514132022857666
0.6944818496704102, 0.7456258535385132
0.6002691984176636, 0.920592188835144
0.5598923563957214, 0.9259757995605469
0.5410497784614563, 0.8909825086593628
0.5087482929229736, 0.9017496705055237
0.5087482929229736, 0.9017496705055237
0.705249011516571, 1.1790040731430054
1.0094212293624878, 1.5397038459777832
1.283983826637268, 1.7604306936264038
1.2624495029449463, 1.7173620462417603
1.2651413679122925, 1.7146703004837036
1.232839822769165, 1.6500673294067383
1.1924630403518677, 1.5558546781539917
1.289367437362671, 1.6258411407470703
1.3539704084396362, 1.6150740385055542
1.4347240924835205, 1.6096904277801514
1.4885598421096802, 1.0497981309890747
1.4481830596923828, 0.9771198034286499
1.4401077032089233, 0.8748317360877991
1.4401077032089233, 0.8748317360877991
1.4401077032089233, 0.8748317360877991
