actor_1,actor_2
1.7119784355163574, 1.9273216724395752
1.722745656967163, 1.9730820655822754
1.5800807476043701, 1.9004037380218506
1.510094165802002, 1.6393001079559326
1.4131897687911987, 1.02288019657135
1.4804844856262207, 1.028263807296753
1.6123822927474976, 0.9313593506813049
1.7092866897583008, 1.0067294836044312
1.6985194683074951, 1.0363391637802124
1.4293404817581177, 0.8613728284835815
1.1601614952087402, 0.7375504970550537
1.0740242004394531, 0.7133243680000305
1.0309555530548096, 0.7240915298461914
0.9905787110328674, 0.7967698574066162
0.9798115491867065, 1.0874831676483154
0.8317631483078003, 1.1036338806152344
0.8317631483078003, 1.1036338806152344
0.7590848207473755, 1.0928667783737183
0.7833108901977539, 1.11440110206604
0.9582772254943848, 1.2920591831207275
1.1359354257583618, 1.5746971368789673
1.197846531867981, 1.6554508209228516
1.1493943929672241, 1.5773890018463135
1.1224764585494995, 1.510094165802002
1.0928667783737183, 1.4858680963516235
1.1951547861099243, 1.6419919729232788
1.1951547861099243, 1.6419919729232788
1.3781964778900146, 1.779273271560669
1.4643337726593018, 1.4481830596923828
1.4724091291427612, 0.8829071521759033
1.4347240924835205, 0.7886945009231567
1.2759084701538086, 0.6433378458023071
1.2759084701538086, 0.6433378458023071
1.3539704084396362, 0.705249011516571
1.4293404817581177, 0.7429340481758118
1.545087456703186, 0.8263795375823975
1.4912517070770264, 0.8425303101539612
1.2866756916046143, 0.7321668863296509
1.095558524131775, 0.6271870732307434
1.0309555530548096, 0.6164199113845825
0.9851951599121094, 0.608344554901123
0.9851951599121094, 0.608344554901123
1.012113094329834, 0.6648721694946289
1.0309555530548096, 0.7240915298461914
1.0309555530548096, 0.7644683718681335
0.9798115491867065, 1.11440110206604
0.8802153468132019, 1.1520861387252808
0.7294750809669495, 1.02288019657135
0.7294750809669495, 1.02288019657135
