actor_1,actor_2
1.6043068170547485, 1.857335090637207
1.77119779586792, 2.0
1.687752366065979, 1.8034993410110474
1.6500673294067383, 1.5154777765274048
1.7119784355163574, 1.1601614952087402
1.806191086769104, 1.3162853717803955
1.5827724933624268, 1.098250389099121
1.1278600692749023, 0.7590848207473755
1.039030909538269, 0.7698519229888916
0.982503354549408, 0.7779273390769958
0.8829071521759033, 0.9044414758682251
0.8479138612747192, 1.047106385231018
0.7886945009231567, 1.1036338806152344
0.8802153468132019, 1.2301480770111084
1.2570658922195435, 1.7119784355163574
1.477792739868164, 1.959623098373413
1.4347240924835205, 1.7496634721755981
1.4131897687911987, 1.6312247514724731
1.5262449979782104, 1.5989233255386353
1.5262449979782104, 1.5989233255386353
1.6177657842636108, 1.1870794296264648
1.6446837186813354, 0.8263795375823975
1.585464358329773, 0.7375504970550537
1.647375464439392, 0.8398385047912598
1.6177657842636108, 0.7940780520439148
1.6500673294067383, 0.8640645742416382
1.5047106742858887, 0.8263795375823975
1.197846531867981, 0.675639271736145
1.012113094329834, 0.5760430693626404
0.9798115491867065, 0.5841184258460999
0.9744279980659485, 0.5921937823295593
1.0040377378463745, 0.6164199113845825
1.0255720615386963, 0.6729475259780884
0.9286675453186035, 0.8829071521759033
0.7267833352088928, 0.9798115491867065
0.6460295915603638, 0.8263795375823975
0.6460295915603638, 0.8263795375823975
0.6648721694946289, 0.7806190848350525
