actor_1,actor_2
1.5558546781539917, 1.6931359767913818
1.7819650173187256, 1.959623098373413
1.6043068170547485, 1.9030956029891968
1.5208613872528076, 1.601615071296692
1.4481830596923828, 1.0336474180221558
1.5020188093185425, 1.047106385231018
1.6096904277801514, 0.9636608362197876
1.687752366065979, 0.9905787110328674
1.5531628131866455, 0.8990578651428223
1.1601614952087402, 0.675639271736145
0.8829071521759033, 0.5356662273406982
0.8048452138900757, 0.48990577459335327
0.7967698574066162, 0.5222072601318359
0.772543728351593, 0.573351263999939
0.7294750809669495, 0.7456258535385132
0.6218035221099854, 0.7133243680000305
0.6218035221099854, 0.7133243680000305
0.5921937823295593, 0.705249011516571
0.6298788785934448, 0.7375504970550537
0.8479138612747192, 0.9690443873405457
1.0659488439559937, 1.248990535736084
1.3216688632965088, 1.4643337726593018
1.2651413679122925, 1.4185733795166016
1.2247644662857056, 1.3566621541976929
1.170928716659546, 1.3458950519561768
1.2759084701538086, 1.5397038459777832
1.2759084701538086, 1.5397038459777832
1.4239569902420044, 1.7927321195602417
1.5154777765274048, 1.4320323467254639
1.5047106742858887, 0.9448183178901672
1.44279944896698, 0.8479138612747192
1.3324360847473145, 0.72139972448349
1.3324360847473145, 0.72139972448349
1.3862718343734741, 0.7698519229888916
1.4535666704177856, 0.8021534085273743
1.5316284894943237, 0.7860026955604553
1.273216724395752, 0.7106325626373291
1.0363391637802124, 0.5787348747253418
0.8075370192527771, 0.457604318857193
0.7483176589012146, 0.42799460887908936
0.7375504970550537, 0.41722744703292847
0.7375504970550537, 0.41722744703292847
0.7590848207473755, 0.43876177072525024
0.7967698574066162, 0.5222072601318359
0.7913862466812134, 0.5464333891868591
0.7456258535385132, 0.7617765665054321
0.6514132022857666, 0.7994616627693176
0.5760430693626404, 0.6648721694946289
0.5760430693626404, 0.6648721694946289
