actor_1,actor_2
1.5666217803955078, 1.8734859228134155
1.6904441118240356, 1.948855996131897
1.5935397148132324, 1.779273271560669
1.5504710674285889, 1.4858680963516235
1.6069986820220947, 1.0767160654067993
1.7065949440002441, 1.2032301425933838
1.5989233255386353, 1.1359354257583618
1.2139973640441895, 0.8936743140220642
1.0713324546813965, 0.8640645742416382
1.0013458728790283, 0.9259757995605469
0.9582772254943848, 1.0820995569229126
0.9905787110328674, 1.222072720527649
0.88559889793396, 1.2301480770111084
1.0013458728790283, 1.3458950519561768
1.2786002159118652, 1.7765814065933228
1.4508748054504395, 1.8681023120880127
1.3862718343734741, 1.7065949440002441
1.3647375106811523, 1.652759075164795
1.5047106742858887, 1.6769851446151733
1.5047106742858887, 1.6769851446151733
1.510094165802002, 1.2436070442199707
1.596231460571289, 0.8452220559120178
1.5666217803955078, 0.7187079191207886
1.6177657842636108, 0.7913862466812134
1.6339164972305298, 0.7510094046592712
1.7119784355163574, 0.8048452138900757
1.5773890018463135, 0.8425303101539612
1.3270524740219116, 0.7321668863296509
1.095558524131775, 0.6433378458023071
1.0551817417144775, 0.6567967534065247
1.039030909538269, 0.6675639152526855
1.039030909538269, 0.7079407572746277
1.0148048400878906, 0.7348586916923523
0.9878869652748108, 1.0148048400878906
0.88559889793396, 1.181695818901062
0.8102288246154785, 1.1170928478240967
0.7429340481758118, 1.0148048400878906
0.767160177230835, 1.0605652332305908
0.8048452138900757, 1.1117092370986938
0.8721399903297424, 1.1332435607910156
1.1197847127914429, 1.4697173833847046
1.2920591831207275, 1.5666217803955078
1.2947510480880737, 1.44279944896698
1.2812920808792114, 1.4858680963516235
1.2570658922195435, 1.3701211214065552
1.2570658922195435, 1.3701211214065552
1.3162853717803955, 1.5423957109451294
1.3162853717803955, 1.5423957109451294
1.4697173833847046, 1.6339164972305298
1.5666217803955078, 1.6069986820220947
1.561238169670105, 0.7967698574066162
1.5397038459777832, 0.6379542350769043
1.5127860307693481, 0.5921937823295593
1.5127860307693481, 0.5921937823295593
1.5127860307693481, 0.5921937823295593
