actor_1,actor_2
1.3270524740219116, 1.7523553371429443
1.5208613872528076, 1.77119779586792
1.4320323467254639, 1.5989233255386353
1.3781964778900146, 1.3028264045715332
1.477792739868164, 0.8909825086593628
1.5720053911209106, 1.0336474180221558
1.4131897687911987, 0.9986541271209717
1.0013458728790283, 0.7644683718681335
0.8613728284835815, 0.7456258535385132
0.7860026955604553, 0.8102288246154785
0.7940780520439148, 1.098250389099121
1.0928667783737183, 1.4643337726593018
1.3378196954727173, 1.913862705230713
1.5208613872528076, 1.9461642503738403
1.426648736000061, 1.7685060501098633
1.3728128671646118, 1.5397038459777832
1.3432031869888306, 1.0336474180221558
1.5397038459777832, 0.7429340481758118
1.5881561040878296, 0.7752355337142944
1.6069986820220947, 0.7375504970550537
1.4912517070770264, 0.8613728284835815
1.2193808555603027, 0.7106325626373291
0.9582772254943848, 0.6487213969230652
0.9071332216262817, 0.6379542350769043
0.8479138612747192, 0.6433378458023071
0.7429340481758118, 0.818304181098938
0.72139972448349, 1.0686405897140503
0.675639271736145, 1.1493943929672241
0.6648721694946289, 1.0928667783737183
0.9044414758682251, 1.3324360847473145
1.1197847127914429, 1.720053791999817
1.2947510480880737, 1.7362046241760254
1.2409151792526245, 1.5773890018463135
1.2086137533187866, 1.5208613872528076
1.2678331136703491, 1.5558546781539917
1.340511441230774, 1.5262449979782104
1.335127830505371, 1.3728128671646118
1.4724091291427612, 0.7079407572746277
1.4643337726593018, 0.5222072601318359
1.3835800886154175, 0.41722744703292847
1.3835800886154175, 0.41722744703292847
1.426648736000061, 0.4952893555164337
1.4697173833847046, 0.5087482929229736
1.5208613872528076, 0.608344554901123
1.4751009941101074, 0.675639271736145
1.2570658922195435, 0.6971735954284668
0.9179003834724426, 0.5141319036483765
0.8829071521759033, 0.506056547164917
0.8829071521759033, 0.506056547164917
0.8667563796043396, 0.4818304181098938
0.8667563796043396, 0.4818304181098938
0.8909825086593628, 0.5598923563957214
0.8909825086593628, 0.5598923563957214
0.8479138612747192, 0.6433378458023071
0.72139972448349, 1.0686405897140503
0.6002691984176636, 1.0067294836044312
0.5248990654945374, 0.8398385047912598
0.5248990654945374, 0.8398385047912598
