actor_1,actor_2
1.652759075164795, 1.822341799736023
1.857335090637207, 1.9407806396484375
1.7173620462417603, 1.8681023120880127
1.6796770095825195, 1.6123822927474976
1.830417275428772, 1.335127830505371
1.959623098373413, 1.407806158065796
1.8008075952529907, 1.2705248594284058
1.300134539604187, 0.9932705163955688
1.1601614952087402, 0.9771198034286499
1.0659488439559937, 0.9717361927032471
0.9179003834724426, 1.0686405897140503
0.9448183178901672, 1.181695818901062
0.8748317360877991, 1.1763122081756592
0.9690443873405457, 1.2947510480880737
1.2920591831207275, 1.652759075164795
1.5773890018463135, 1.830417275428772
1.483176350593567, 1.7604306936264038
1.426648736000061, 1.6608344316482544
1.5262449979782104, 1.7362046241760254
1.5262449979782104, 1.7362046241760254
1.6285330057144165, 1.3889636993408203
1.7577389478683472, 1.0524898767471313
1.7442799806594849, 0.9475101232528687
1.830417275428772, 1.012113094329834
1.857335090637207, 1.012113094329834
1.9569313526153564, 1.012113094329834
1.755047082901001, 1.0255720615386963
1.4293404817581177, 0.8936743140220642
1.1790040731430054, 0.7860026955604553
1.1440107822418213, 0.7752355337142944
1.090174913406372, 0.7940780520439148
1.0767160654067993, 0.8317631483078003
1.0417227745056152, 0.8640645742416382
0.9367429614067078, 1.0497981309890747
0.8048452138900757, 1.098250389099121
0.7806190848350525, 1.047106385231018
0.72139972448349, 0.9394347071647644
0.7483176589012146, 0.9771198034286499
0.7913862466812134, 1.047106385231018
0.8586810231208801, 1.0874831676483154
1.1440107822418213, 1.359354019165039
1.3781964778900146, 1.4912517070770264
1.375504732131958, 1.4751009941101074
1.3432031869888306, 1.4966353178024292
1.2974427938461304, 1.3835800886154175
1.2974427938461304, 1.3835800886154175
1.340511441230774, 1.5235531330108643
1.340511441230774, 1.5235531330108643
1.4670255184173584, 1.6904441118240356
1.5773890018463135, 1.7254374027252197
1.720053791999817, 1.0820995569229126
1.7308210134506226, 0.8936743140220642
1.6904441118240356, 0.8398385047912598
1.6904441118240356, 0.8398385047912598
1.6904441118240356, 0.8398385047912598
