actor_1,actor_2
1.5423957109451294, 1.7658143043518066
1.7092866897583008, 2.0
1.636608362197876, 1.9730820655822754
1.6177657842636108, 1.6931359767913818
1.5881561040878296, 1.1790040731430054
1.6958277225494385, 1.1870794296264648
1.8438761234283447, 1.1224764585494995
1.8788694143295288, 1.1574697494506836
1.77119779586792, 1.0605652332305908
1.2543741464614868, 0.8479138612747192
0.9744279980659485, 0.7563930153846741
0.8802153468132019, 0.705249011516571
0.8398385047912598, 0.7187079191207886
0.8371466994285583, 0.767160177230835
0.7779273390769958, 0.9582772254943848
0.6621803641319275, 0.9071332216262817
0.6621803641319275, 0.9071332216262817
0.6002691984176636, 0.8506056666374207
0.6298788785934448, 0.8882907032966614
0.7860026955604553, 1.0713324546813965
0.9932705163955688, 1.273216724395752
1.248990535736084, 1.4697173833847046
1.222072720527649, 1.4131897687911987
1.1870794296264648, 1.3378196954727173
1.165545105934143, 1.3055181503295898
1.2678331136703491, 1.5074024200439453
1.2678331136703491, 1.5074024200439453
1.4239569902420044, 1.7846567630767822
1.5558546781539917, 1.5154777765274048
1.6500673294067383, 1.0740242004394531
1.647375464439392, 0.9744279980659485
1.5666217803955078, 0.8156123757362366
1.5666217803955078, 0.8156123757362366
1.6689097881317139, 0.8829071521759033
1.7281291484832764, 0.9367429614067078
1.7604306936264038, 0.9555854797363281
1.4858680963516235, 0.8640645742416382
1.165545105934143, 0.7537012100219727
0.9179003834724426, 0.6837146878242493
0.8344548940658569, 0.6460295915603638
0.7994616627693176, 0.6433378458023071
0.7994616627693176, 0.6433378458023071
0.7994616627693176, 0.6648721694946289
0.8398385047912598, 0.7187079191207886
0.8506056666374207, 0.7456258535385132
0.7483176589012146, 0.966352641582489
0.6890982389450073, 0.9771198034286499
0.5760430693626404, 0.8156123757362366
0.5760430693626404, 0.8156123757362366
