actor_1,actor_2
1.7254374027252197, 1.6608344316482544
1.1547778844833374, 1.063257098197937
0.915208637714386, 0.9044414758682251
0.8640645742416382, 0.8559892177581787
0.7563930153846741, 0.8075370192527771
0.7967698574066162, 0.8479138612747192
0.7644683718681335, 0.7886945009231567
0.8613728284835815, 0.8156123757362366
0.767160177230835, 0.7348586916923523
0.7294750809669495, 0.705249011516571
0.6971735954284668, 0.6810228824615479
