actor_1,actor_2
1.6123822927474976, 1.6043068170547485
1.1063257455825806, 1.1090174913406372
1.458950161933899, 1.53432035446167
1.5746971368789673, 1.5666217803955078
1.5235531330108643, 1.7604306936264038
1.7065949440002441, 1.8896366357803345
1.5262449979782104, 1.6742933988571167
1.518169641494751, 1.3270524740219116
1.596231460571289, 0.9313593506813049
1.7873486280441284, 0.9555854797363281
1.6096904277801514, 0.9286675453186035
1.170928716659546, 0.7348586916923523
1.0417227745056152, 0.6810228824615479
0.9232839941978455, 0.8129205703735352
0.8290713429450989, 0.920592188835144
0.8263795375823975, 1.0067294836044312
0.8156123757362366, 0.9636608362197876
0.920592188835144, 1.1036338806152344
1.2786002159118652, 1.483176350593567
1.4293404817581177, 1.6069986820220947
1.3297443389892578, 1.4158815145492554
1.3109017610549927, 1.324360728263855
1.340511441230774, 1.3566621541976929
1.340511441230774, 1.3566621541976929
1.4508748054504395, 1.3539704084396362
1.5720053911209106, 0.72139972448349
1.518169641494751, 0.5760430693626404
1.5881561040878296, 0.6271870732307434
1.6096904277801514, 0.6594885587692261
1.6069986820220947, 0.6675639152526855
1.391655445098877, 0.6137281060218811
1.0847914218902588, 0.55720055103302
1.028263807296753, 0.55720055103302
1.0174965858459473, 0.5706595182418823
0.9636608362197876, 0.5895020365715027
0.8909825086593628, 0.8075370192527771
0.8102288246154785, 0.8802153468132019
0.8102288246154785, 0.8802153468132019
0.705249011516571, 0.8129205703735352
0.7456258535385132, 0.8748317360877991
0.7833108901977539, 0.9502018690109253
0.8452220559120178, 0.9609690308570862
