actor_1,actor_2
1.687752366065979, 1.8034993410110474
1.8169583082199097, 1.8600269556045532
1.6500673294067383, 1.6312247514724731
1.8654104471206665, 1.6393001079559326
1.7765814065933228, 1.4347240924835205
1.308210015296936, 1.0659488439559937
1.130551815032959, 1.047106385231018
1.0013458728790283, 1.1413190364837646
1.02288019657135, 1.1197847127914429
1.0578734874725342, 1.2705248594284058
1.391655445098877, 1.6769851446151733
1.569313645362854, 1.7631224393844604
1.4481830596923828, 1.5773890018463135
1.4885598421096802, 1.7146703004837036
1.5262449979782104, 1.5370121002197266
1.53432035446167, 1.3781964778900146
1.7281291484832764, 0.8452220559120178
1.7927321195602417, 0.8398385047912598
1.8358007669448853, 0.9044414758682251
1.932705283164978, 0.966352641582489
1.755047082901001, 0.9098250269889832
1.359354019165039, 0.7698519229888916
1.273216724395752, 0.7483176589012146
1.216689109802246, 0.7240915298461914
1.1682368516921997, 0.7537012100219727
1.02288019657135, 0.9878869652748108
0.9582772254943848, 1.079407811164856
0.8909825086593628, 1.0928667783737183
0.8452220559120178, 0.9017496705055237
0.8667563796043396, 0.9394347071647644
0.8990578651428223, 1.0067294836044312
0.9959623217582703, 1.1386271715164185
1.1440107822418213, 1.289367437362671
1.3109017610549927, 1.44279944896698
1.4454911947250366, 1.5074024200439453
1.3647375106811523, 1.35127854347229
1.3808883428573608, 1.4401077032089233
1.44279944896698, 1.426648736000061
1.2947510480880737, 1.3566621541976929
1.4912517070770264, 1.6339164972305298
1.3566621541976929, 1.3781964778900146
1.3566621541976929, 1.3781964778900146
1.4131897687911987, 1.3055181503295898
1.4131897687911987, 1.3055181503295898
1.4751009941101074, 1.4024226665496826
1.289367437362671, 1.2920591831207275
1.4185733795166016, 1.2705248594284058
1.165545105934143, 1.098250389099121
1.079407811164856, 1.063257098197937
1.1063257455825806, 1.1628532409667969
1.079407811164856, 1.063257098197937
1.1063257455825806, 1.1628532409667969
