actor_1,actor_2
1.7308210134506226, 1.8142664432525635
1.822341799736023, 1.8519515991210938
1.6393001079559326, 1.7469717264175415
1.5881561040878296, 1.4966353178024292
1.6608344316482544, 1.130551815032959
1.8519515991210938, 1.216689109802246
1.7442799806594849, 1.1359354257583618
1.2032301425933838, 0.9394347071647644
1.0524898767471313, 0.9313593506813049
0.9744279980659485, 0.9259757995605469
0.8479138612747192, 1.0713324546813965
0.9044414758682251, 1.2274562120437622
0.8290713429450989, 1.2516824007034302
0.9448183178901672, 1.3943471908569336
1.3135935068130493, 1.8088829517364502
1.4670255184173584, 1.846567988395691
1.3539704084396362, 1.7362046241760254
1.289367437362671, 1.67160165309906
1.3997308015823364, 1.7119784355163574
1.3997308015823364, 1.7119784355163574
1.4724091291427612, 1.2382234334945679
1.4993270635604858, 0.8748317360877991
1.4293404817581177, 0.7563930153846741
1.5800807476043701, 0.8209959864616394
1.4885598421096802, 0.7940780520439148
1.6043068170547485, 0.7967698574066162
1.5262449979782104, 0.8425303101539612
1.1736204624176025, 0.7617765665054321
0.9448183178901672, 0.7025572061538696
0.9421265125274658, 0.7133243680000305
0.9394347071647644, 0.7402422428131104
0.9609690308570862, 0.7779273390769958
0.9609690308570862, 0.8371466994285583
0.88559889793396, 1.0417227745056152
0.767160177230835, 1.2005383968353271
0.7429340481758118, 1.1197847127914429
0.705249011516571, 1.02288019657135
0.7402422428131104, 1.0713324546813965
0.7752355337142944, 1.1386271715164185
0.818304181098938, 1.2193808555603027
1.1251682043075562, 1.5746971368789673
1.2678331136703491, 1.6069986820220947
1.2462987899780273, 1.5127860307693481
1.216689109802246, 1.5370121002197266
1.1386271715164185, 1.4131897687911987
1.1386271715164185, 1.4131897687911987
1.2005383968353271, 1.585464358329773
1.2005383968353271, 1.585464358329773
1.3539704084396362, 1.722745656967163
1.4912517070770264, 1.6904441118240356
1.4724091291427612, 0.8802153468132019
1.3781964778900146, 0.6944818496704102
1.2678331136703491, 0.6352624297142029
1.2678331136703491, 0.6352624297142029
1.2678331136703491, 0.6352624297142029
