actor_1,actor_2
1.846567988395691, 1.77119779586792
1.300134539604187, 1.1493943929672241
1.0148048400878906, 1.0551817417144775
1.1601614952087402, 1.181695818901062
1.5746971368789673, 1.703903079032898
1.5370121002197266, 2.0
1.545087456703186, 1.841184377670288
1.6150740385055542, 2.0
1.5773890018463135, 1.647375464439392
1.5504710674285889, 1.3055181503295898
1.5585464239120483, 0.9421265125274658
1.6339164972305298, 0.9932705163955688
1.5881561040878296, 0.9286675453186035
1.7335127592086792, 1.02288019657135
1.703903079032898, 0.9286675453186035
1.2301480770111084, 0.6890982389450073
1.095558524131775, 0.6594885587692261
1.039030909538269, 0.6271870732307434
1.039030909538269, 0.6487213969230652
1.0713324546813965, 0.6998654007911682
1.0067294836044312, 0.9044414758682251
0.9744279980659485, 1.02288019657135
0.818304181098938, 0.966352641582489
0.767160177230835, 0.9179003834724426
0.7321668863296509, 0.8802153468132019
0.7429340481758118, 0.9125168323516846
0.7913862466812134, 0.966352641582489
