actor_1,actor_2
1.493943452835083, 1.9623149633407593
1.585464358329773, 2.0
1.4481830596923828, 1.7981157302856445
1.4158815145492554, 1.545087456703186
1.3835800886154175, 0.9986541271209717
1.44279944896698, 0.9932705163955688
1.5397038459777832, 0.9098250269889832
1.6446837186813354, 1.0067294836044312
1.6581426858901978, 1.098250389099121
1.3378196954727173, 0.818304181098938
1.165545105934143, 0.6648721694946289
1.1009421348571777, 0.6271870732307434
1.02288019657135, 0.6271870732307434
0.9636608362197876, 0.7348586916923523
0.869448184967041, 0.9044414758682251
0.705249011516571, 0.8829071521759033
0.705249011516571, 0.8829071521759033
0.670255720615387, 0.9017496705055237
0.7187079191207886, 0.9071332216262817
0.8586810231208801, 1.170928716659546
1.039030909538269, 1.5235531330108643
1.1897711753845215, 1.6446837186813354
1.130551815032959, 1.5020188093185425
1.1251682043075562, 1.4239569902420044
1.0928667783737183, 1.35127854347229
1.1493943929672241, 1.4481830596923828
1.1493943929672241, 1.4481830596923828
1.308210015296936, 1.620457649230957
1.426648736000061, 1.3324360847473145
1.4508748054504395, 0.818304181098938
1.4051144123077393, 0.7240915298461914
1.3485867977142334, 0.5895020365715027
1.3485867977142334, 0.5895020365715027
1.4239569902420044, 0.6783310770988464
1.4670255184173584, 0.7375504970550537
1.652759075164795, 0.9017496705055237
1.53432035446167, 0.8559892177581787
1.2651413679122925, 0.6837146878242493
1.1063257455825806, 0.5652759075164795
1.047106385231018, 0.5383580327033997
0.9905787110328674, 0.5033647418022156
0.9905787110328674, 0.5033647418022156
0.9959623217582703, 0.5383580327033997
1.02288019657135, 0.6271870732307434
1.0201884508132935, 0.6810228824615479
0.88559889793396, 0.8990578651428223
0.7644683718681335, 0.9394347071647644
0.6594885587692261, 0.8290713429450989
0.6594885587692261, 0.8290713429450989
