actor_1,actor_2
1.8358007669448853, 1.8384926319122314
1.881561279296875, 1.9434723854064941
1.703903079032898, 1.7927321195602417
1.6608344316482544, 1.5558546781539917
1.7658143043518066, 1.1413190364837646
1.9246299266815186, 1.2570658922195435
1.8681023120880127, 1.0713324546813965
1.3701211214065552, 0.7698519229888916
1.130551815032959, 0.7590848207473755
1.0067294836044312, 0.7483176589012146
0.9286675453186035, 0.9044414758682251
0.8990578651428223, 0.9986541271209717
0.8102288246154785, 0.9313593506813049
0.8344548940658569, 1.0013458728790283
0.8640645742416382, 1.0578734874725342
0.9959623217582703, 1.0928667783737183
1.1924630403518677, 1.4320323467254639
1.3889636993408203, 1.6796770095825195
1.3270524740219116, 1.720053791999817
1.2570658922195435, 1.6931359767913818
1.2139973640441895, 1.5935397148132324
1.2139973640441895, 1.5935397148132324
1.4024226665496826, 1.9057873487472534
1.4024226665496826, 1.9057873487472534
1.6339164972305298, 1.6312247514724731
1.7335127592086792, 0.9313593506813049
1.636608362197876, 0.7348586916923523
1.636608362197876, 0.7348586916923523
1.561238169670105, 0.6325706839561462
1.6258411407470703, 0.675639271736145
1.7496634721755981, 0.7617765665054321
1.8142664432525635, 0.7967698574066162
1.569313645362854, 0.7133243680000305
1.2866756916046143, 0.5706595182418823
1.090174913406372, 0.5195154547691345
1.0040377378463745, 0.48721399903297424
0.9986541271209717, 0.49798116087913513
0.9986541271209717, 0.49798116087913513
1.012113094329834, 0.5383580327033997
0.9528936743736267, 0.7294750809669495
0.9259757995605469, 0.9448183178901672
0.8802153468132019, 0.982503354549408
0.7940780520439148, 1.0148048400878906
0.7940780520439148, 1.0148048400878906
