actor_1,actor_2
1.7173620462417603, 1.6554508209228516
1.1843875646591187, 1.1117092370986938
0.8802153468132019, 0.9179003834724426
1.039030909538269, 1.02288019657135
0.8802153468132019, 0.9179003834724426
0.9555854797363281, 1.0578734874725342
1.3324360847473145, 1.5558546781539917
1.4885598421096802, 1.7335127592086792
1.3485867977142334, 1.4751009941101074
1.2812920808792114, 1.4320323467254639
1.4481830596923828, 1.5746971368789673
1.4481830596923828, 1.5746971368789673
1.4212651252746582, 1.063257098197937
1.4535666704177856, 0.7510094046592712
1.407806158065796, 0.6433378458023071
1.477792739868164, 0.6783310770988464
1.569313645362854, 0.6864064335823059
1.5746971368789673, 0.6648721694946289
1.410498023033142, 0.6298788785934448
1.039030909538269, 0.4925975799560547
0.8802153468132019, 0.4737550616264343
0.8963660597801208, 0.5329744219779968
0.8452220559120178, 0.5033647418022156
0.8452220559120178, 0.5356662273406982
0.8479138612747192, 0.5679677128791809
0.7833108901977539, 0.915208637714386
0.72139972448349, 0.9286675453186035
0.5760430693626404, 0.767160177230835
0.5760430693626404, 0.767160177230835
0.6056527495384216, 0.8156123757362366
0.6433378458023071, 0.823687732219696
0.7483176589012146, 0.915208637714386
1.02288019657135, 1.2436070442199707
1.2462987899780273, 1.4670255184173584
1.197846531867981, 1.3808883428573608
1.165545105934143, 1.3943471908569336
1.130551815032959, 1.3189771175384521
1.130551815032959, 1.3189771175384521
1.130551815032959, 1.3189771175384521
1.2436070442199707, 1.5935397148132324
1.4024226665496826, 1.5989233255386353
1.4024226665496826, 1.5989233255386353
1.510094165802002, 1.3458950519561768
1.4212651252746582, 0.6864064335823059
1.375504732131958, 0.5921937823295593
1.2812920808792114, 0.5248990654945374
1.2812920808792114, 0.5248990654945374
1.2436070442199707, 0.5006729364395142
1.2436070442199707, 0.5006729364395142
1.2947510480880737, 0.5275908708572388
1.483176350593567, 0.6002691984176636
1.3539704084396362, 0.5975773930549622
1.1897711753845215, 0.5329744219779968
1.0148048400878906, 0.47644683718681335
0.8586810231208801, 0.46298789978027344
0.7940780520439148, 0.44145357608795166
0.7510094046592712, 0.4226110279560089
0.7510094046592712, 0.4226110279560089
0.7913862466812134, 0.4549125134944916
0.8075370192527771, 0.4925975799560547
0.7806190848350525, 0.6191117167472839
0.6729475259780884, 0.7833108901977539
0.5868102312088013, 0.7510094046592712
0.5868102312088013, 0.7510094046592712
