actor_1,actor_2
1.4131897687911987, 1.7335127592086792
1.5881561040878296, 1.9165544509887695
1.4670255184173584, 1.738896369934082
1.410498023033142, 1.510094165802002
1.4024226665496826, 0.9932705163955688
1.4535666704177856, 0.9555854797363281
1.6285330057144165, 0.8882907032966614
1.722745656967163, 0.9502018690109253
1.6258411407470703, 0.9475101232528687
1.1413190364837646, 0.772543728351593
0.8721399903297424, 0.670255720615387
0.8021534085273743, 0.6325706839561462
0.7025572061538696, 0.6406460404396057
0.6514132022857666, 0.6864064335823059
0.5760430693626404, 0.8775235414505005
0.5625841021537781, 0.9044414758682251
0.5679677128791809, 0.9905787110328674
0.8667563796043396, 1.3674293756484985
1.1951547861099243, 1.722745656967163
1.2409151792526245, 1.7308210134506226
1.2086137533187866, 1.6285330057144165
1.1520861387252808, 1.545087456703186
1.2759084701538086, 1.6796770095825195
1.3162853717803955, 1.4858680963516235
1.4024226665496826, 0.9932705163955688
1.4643337726593018, 0.7590848207473755
1.4643337726593018, 0.7590848207473755
1.4562584161758423, 0.7402422428131104
1.528936743736267, 0.7806190848350525
1.4993270635604858, 0.7294750809669495
1.5316284894943237, 0.7698519229888916
1.2086137533187866, 0.7133243680000305
0.7886945009231567, 0.5921937823295593
0.767160177230835, 0.5921937823295593
0.767160177230835, 0.5921937823295593
0.7079407572746277, 0.5706595182418823
0.7375504970550537, 0.6002691984176636
0.7025572061538696, 0.6406460404396057
0.6514132022857666, 0.6864064335823059
0.5141319036483765, 0.8398385047912598
0.4683714807033539, 0.8371466994285583
0.4549125134944916, 0.7940780520439148
0.45222073793411255, 0.8209959864616394
0.45222073793411255, 0.8209959864616394
0.6352624297142029, 1.047106385231018
0.8936743140220642, 1.3109017610549927
1.0874831676483154, 1.4643337726593018
1.063257098197937, 1.375504732131958
1.0740242004394531, 1.3674293756484985
1.047106385231018, 1.3135935068130493
1.012113094329834, 1.2247644662857056
1.0820995569229126, 1.2759084701538086
1.1628532409667969, 1.2920591831207275
1.2274562120437622, 1.2759084701538086
1.3781964778900146, 0.8748317360877991
1.3835800886154175, 0.772543728351593
1.3835800886154175, 0.675639271736145
1.3835800886154175, 0.675639271736145
1.3835800886154175, 0.675639271736145
