actor_1,actor_2
1.596231460571289, 1.7819650173187256
1.6742933988571167, 1.8788694143295288
1.4616420269012451, 1.7469717264175415
1.3485867977142334, 1.4993270635604858
1.2812920808792114, 0.9502018690109253
1.324360728263855, 0.8936743140220642
1.4454911947250366, 0.8371466994285583
1.6043068170547485, 0.9125168323516846
1.6043068170547485, 0.9582772254943848
1.248990535736084, 0.8344548940658569
1.0067294836044312, 0.6944818496704102
0.9286675453186035, 0.6271870732307434
0.8721399903297424, 0.6433378458023071
0.8506056666374207, 0.72139972448349
0.8048452138900757, 0.9232839941978455
0.7025572061538696, 0.8963660597801208
0.7025572061538696, 0.8963660597801208
0.6890982389450073, 0.9071332216262817
0.6917900443077087, 0.9286675453186035
0.8398385047912598, 1.1278600692749023
1.0363391637802124, 1.3647375106811523
1.181695818901062, 1.5047106742858887
1.079407811164856, 1.375504732131958
1.02288019657135, 1.3109017610549927
0.9959623217582703, 1.35127854347229
1.0820995569229126, 1.4401077032089233
1.0820995569229126, 1.4401077032089233
1.232839822769165, 1.6904441118240356
1.3297443389892578, 1.359354019165039
1.3270524740219116, 0.7967698574066162
1.2597577571868896, 0.6864064335823059
1.0659488439559937, 0.5437415838241577
1.0659488439559937, 0.5437415838241577
