actor_1,actor_2
1.7927321195602417, 2.0
1.8761776685714722, 2.0
1.755047082901001, 1.913862705230713
1.7577389478683472, 1.6608344316482544
1.7685060501098633, 1.300134539604187
1.8869447708129883, 1.4293404817581177
1.8277254104614258, 1.2570658922195435
1.3297443389892578, 0.8667563796043396
1.1574697494506836, 0.8909825086593628
1.0928667783737183, 0.8963660597801208
0.9636608362197876, 0.9851951599121094
0.9878869652748108, 1.1520861387252808
0.8936743140220642, 1.1574697494506836
1.039030909538269, 1.2947510480880737
1.4185733795166016, 1.8519515991210938
1.569313645362854, 1.9623149633407593
1.493943452835083, 1.790040373802185
1.4912517070770264, 1.722745656967163
1.5800807476043701, 1.8384926319122314
1.5800807476043701, 1.8384926319122314
1.6662180423736572, 1.407806158065796
1.7819650173187256, 1.0148048400878906
1.7415881156921387, 0.920592188835144
1.8384926319122314, 0.9744279980659485
1.722745656967163, 0.9232839941978455
1.7765814065933228, 0.9448183178901672
1.7065949440002441, 0.9609690308570862
1.391655445098877, 0.7537012100219727
1.1170928478240967, 0.6567967534065247
1.1386271715164185, 0.670255720615387
1.0928667783737183, 0.6621803641319275
1.1117092370986938, 0.6944818496704102
1.090174913406372, 0.7483176589012146
1.0201884508132935, 0.9717361927032471
0.8479138612747192, 1.0336474180221558
0.7402422428131104, 0.8936743140220642
0.7402422428131104, 0.8936743140220642
0.705249011516571, 0.8452220559120178
