actor_1,actor_2
1.7577389478683472, 2.0
1.8384926319122314, 1.967698574066162
1.6904441118240356, 1.7765814065933228
1.687752366065979, 1.5397038459777832
1.7092866897583008, 1.2086137533187866
1.841184377670288, 1.3862718343734741
1.738896369934082, 1.289367437362671
1.2059218883514404, 0.8721399903297424
1.0605652332305908, 0.8775235414505005
0.9555854797363281, 0.8479138612747192
0.8506056666374207, 0.9071332216262817
0.915208637714386, 1.0740242004394531
0.8452220559120178, 1.130551815032959
0.9851951599121094, 1.2678331136703491
1.359354019165039, 1.846567988395691
1.518169641494751, 1.8896366357803345
1.4024226665496826, 1.6985194683074951
1.3970390558242798, 1.636608362197876
1.5316284894943237, 1.7335127592086792
1.5316284894943237, 1.7335127592086792
1.585464358329773, 1.3162853717803955
1.6958277225494385, 0.9582772254943848
1.6554508209228516, 0.8802153468132019
1.77119779586792, 0.9259757995605469
1.687752366065979, 0.8667563796043396
1.7577389478683472, 0.9071332216262817
1.6258411407470703, 0.9609690308570862
1.2947510480880737, 0.7483176589012146
1.039030909538269, 0.6379542350769043
1.0094212293624878, 0.6352624297142029
0.9717361927032471, 0.6433378458023071
0.9771198034286499, 0.6675639152526855
0.9555854797363281, 0.7267833352088928
0.9017496705055237, 0.8909825086593628
0.7617765665054321, 0.9798115491867065
0.6514132022857666, 0.8586810231208801
0.6514132022857666, 0.8586810231208801
0.6298788785934448, 0.7967698574066162
