actor_1,actor_2
1.7012113332748413, 2.0
1.7765814065933228, 2.0
1.67160165309906, 1.8734859228134155
1.647375464439392, 1.652759075164795
1.5720053911209106, 1.181695818901062
1.6554508209228516, 1.1036338806152344
1.7765814065933228, 1.028263807296753
1.8654104471206665, 1.1090174913406372
1.8088829517364502, 1.216689109802246
1.3997308015823364, 0.9367429614067078
1.079407811164856, 0.7779273390769958
0.9744279980659485, 0.7240915298461914
0.88559889793396, 0.6998654007911682
0.8021534085273743, 0.7886945009231567
0.7590848207473755, 0.9932705163955688
0.6433378458023071, 0.982503354549408
0.6433378458023071, 0.982503354549408
0.6460295915603638, 1.012113094329834
0.670255720615387, 1.0255720615386963
0.8936743140220642, 1.2597577571868896
1.1197847127914429, 1.5989233255386353
1.2759084701538086, 1.6043068170547485
1.2247644662857056, 1.4912517070770264
1.216689109802246, 1.4535666704177856
1.2382234334945679, 1.528936743736267
1.3109017610549927, 1.6150740385055542
1.3109017610549927, 1.6150740385055542
1.4966353178024292, 1.822341799736023
1.6769851446151733, 1.5423957109451294
1.6769851446151733, 1.0336474180221558
1.6393001079559326, 0.9367429614067078
1.5262449979782104, 0.7537012100219727
1.5262449979782104, 0.7537012100219727
1.6150740385055542, 0.7994616627693176
1.6393001079559326, 0.8209959864616394
1.7146703004837036, 0.9636608362197876
1.5504710674285889, 0.9744279980659485
1.2866756916046143, 0.8048452138900757
1.0094212293624878, 0.6837146878242493
0.915208637714386, 0.6406460404396057
0.8425303101539612, 0.5921937823295593
0.8425303101539612, 0.5921937823295593
0.8909825086593628, 0.6325706839561462
0.88559889793396, 0.6998654007911682
0.8640645742416382, 0.7698519229888916
0.7940780520439148, 1.028263807296753
0.6810228824615479, 1.0713324546813965
0.6002691984176636, 0.9179003834724426
0.6002691984176636, 0.9179003834724426
