actor_1,actor_2
1.5585464239120483, 1.9165544509887695
1.8115746974945068, 1.9569313526153564
1.6689097881317139, 1.8034993410110474
1.6150740385055542, 1.5370121002197266
1.6662180423736572, 1.1924630403518677
1.8142664432525635, 1.3378196954727173
1.53432035446167, 1.2005383968353271
1.063257098197937, 0.869448184967041
0.9475101232528687, 0.8452220559120178
0.8452220559120178, 0.8452220559120178
0.7510094046592712, 0.9232839941978455
0.7698519229888916, 1.0605652332305908
0.7160161733627319, 1.02288019657135
0.8452220559120178, 1.1790040731430054
1.2274562120437622, 1.755047082901001
1.4966353178024292, 1.8627187013626099
1.4158815145492554, 1.7308210134506226
1.3862718343734741, 1.6769851446151733
1.4724091291427612, 1.687752366065979
1.4724091291427612, 1.687752366065979
1.5262449979782104, 1.2543741464614868
1.5477793216705322, 0.8829071521759033
1.477792739868164, 0.7590848207473755
1.5639300346374512, 0.8290713429450989
1.5316284894943237, 0.8209959864616394
1.6150740385055542, 0.88559889793396
1.4158815145492554, 0.9071332216262817
1.1278600692749023, 0.7510094046592712
0.8882907032966614, 0.6325706839561462
0.8640645742416382, 0.6460295915603638
0.8479138612747192, 0.6460295915603638
0.8721399903297424, 0.6864064335823059
0.8775235414505005, 0.7267833352088928
0.8048452138900757, 0.8963660597801208
0.6594885587692261, 0.9851951599121094
0.624495267868042, 0.8882907032966614
0.5895020365715027, 0.8371466994285583
0.6137281060218811, 0.9071332216262817
0.670255720615387, 0.9636608362197876
0.7617765665054321, 0.9986541271209717
1.0659488439559937, 1.477792739868164
1.308210015296936, 1.5585464239120483
1.2974427938461304, 1.5047106742858887
1.3109017610549927, 1.596231460571289
1.2462987899780273, 1.4616420269012451
1.2462987899780273, 1.4616420269012451
1.308210015296936, 1.6312247514724731
1.308210015296936, 1.6312247514724731
1.4320323467254639, 1.6581426858901978
1.5154777765274048, 1.6393001079559326
1.5316284894943237, 0.9286675453186035
1.4347240924835205, 0.6998654007911682
1.3674293756484985, 0.6433378458023071
1.3674293756484985, 0.6433378458023071
1.3674293756484985, 0.6433378458023071
