actor_1,actor_2
1.6393001079559326, 1.9300134181976318
1.7765814065933228, 2.0
1.5989233255386353, 1.8869447708129883
1.5423957109451294, 1.5908479690551758
1.4508748054504395, 1.0040377378463745
1.528936743736267, 0.966352641582489
1.7012113332748413, 0.9125168323516846
1.8600269556045532, 0.9959623217582703
1.7604306936264038, 1.0174965858459473
1.3162853717803955, 0.7402422428131104
0.966352641582489, 0.6002691984176636
0.869448184967041, 0.5625841021537781
0.8506056666374207, 0.573351263999939
0.7860026955604553, 0.624495267868042
0.7429340481758118, 0.8425303101539612
0.6002691984176636, 0.7698519229888916
0.6002691984176636, 0.7698519229888916
0.573351263999939, 0.7967698574066162
0.608344554901123, 0.7644683718681335
0.8344548940658569, 0.9851951599121094
1.0578734874725342, 1.375504732131958
1.2570658922195435, 1.5370121002197266
1.170928716659546, 1.44279944896698
1.1359354257583618, 1.3862718343734741
1.1413190364837646, 1.4535666704177856
1.2059218883514404, 1.5423957109451294
1.2059218883514404, 1.5423957109451294
1.3647375106811523, 1.7738896608352661
1.5531628131866455, 1.4858680963516235
1.5639300346374512, 0.88559889793396
1.5047106742858887, 0.7806190848350525
1.3835800886154175, 0.6567967534065247
1.3835800886154175, 0.6567967534065247
1.4751009941101074, 0.7240915298461914
1.5423957109451294, 0.7617765665054321
1.6796770095825195, 0.8775235414505005
1.5074024200439453, 0.823687732219696
1.1951547861099243, 0.6514132022857666
0.8936743140220642, 0.5383580327033997
0.7994616627693176, 0.5087482929229736
0.7617765665054321, 0.4845221936702728
0.7617765665054321, 0.4845221936702728
0.8048452138900757, 0.5168237090110779
0.8506056666374207, 0.573351263999939
0.869448184967041, 0.6218035221099854
0.7617765665054321, 0.8748317360877991
0.6567967534065247, 0.8802153468132019
0.5625841021537781, 0.7240915298461914
0.5625841021537781, 0.7240915298461914
