actor_1,actor_2
1.3889636993408203, 1.7415881156921387
1.6043068170547485, 1.720053791999817
1.4724091291427612, 1.6419919729232788
1.426648736000061, 1.4239569902420044
1.483176350593567, 1.0659488439559937
1.6177657842636108, 1.146702527999878
1.3728128671646118, 1.0417227745056152
0.818304181098938, 0.7510094046592712
0.7402422428131104, 0.7321668863296509
0.6379542350769043, 0.72139972448349
0.6998654007911682, 1.0174965858459473
0.9313593506813049, 1.3997308015823364
1.3270524740219116, 1.8761776685714722
1.5504710674285889, 1.8600269556045532
1.4212651252746582, 1.7738896608352661
1.410498023033142, 1.5746971368789673
1.3270524740219116, 1.1763122081756592
1.4993270635604858, 0.8775235414505005
1.561238169670105, 0.9125168323516846
1.5989233255386353, 0.8506056666374207
1.4239569902420044, 0.9179003834724426
1.039030909538269, 0.7025572061538696
0.7886945009231567, 0.670255720615387
0.7106325626373291, 0.6218035221099854
0.6675639152526855, 0.6110363602638245
0.5868102312088013, 0.6944818496704102
0.5302826166152954, 0.8721399903297424
0.48721399903297424, 1.0094212293624878
0.511440098285675, 1.0094212293624878
0.772543728351593, 1.3216688632965088
1.1090174913406372, 1.7442799806594849
1.3162853717803955, 1.722745656967163
1.2382234334945679, 1.6419919729232788
1.2005383968353271, 1.5746971368789673
1.2086137533187866, 1.6096904277801514
1.2759084701538086, 1.5827724933624268
1.3109017610549927, 1.4616420269012451
1.4185733795166016, 0.9313593506813049
1.3297443389892578, 0.7133243680000305
1.181695818901062, 0.5706595182418823
1.181695818901062, 0.5706595182418823
1.2678331136703491, 0.6191117167472839
1.3162853717803955, 0.6379542350769043
1.4024226665496826, 0.6783310770988464
1.3432031869888306, 0.72139972448349
1.0713324546813965, 0.7106325626373291
0.6998654007911682, 0.5195154547691345
0.6433378458023071, 0.48990577459335327
0.6433378458023071, 0.48990577459335327
0.5975773930549622, 0.4683714807033539
0.5975773930549622, 0.4683714807033539
0.6460295915603638, 0.5356662273406982
0.6460295915603638, 0.5356662273406982
0.6675639152526855, 0.6110363602638245
0.5302826166152954, 0.8721399903297424
0.42799460887908936, 0.8371466994285583
0.37685060501098633, 0.6944818496704102
0.37685060501098633, 0.6944818496704102
