actor_1,actor_2
1.4185733795166016, 1.7873486280441284
1.5935397148132324, 1.7469717264175415
1.4481830596923828, 1.6231493949890137
1.407806158065796, 1.3997308015823364
1.4508748054504395, 1.0524898767471313
1.5989233255386353, 1.170928716659546
1.4024226665496826, 1.0847914218902588
0.7994616627693176, 0.7806190848350525
0.7483176589012146, 0.7483176589012146
0.6352624297142029, 0.7510094046592712
0.7187079191207886, 1.0659488439559937
0.9232839941978455, 1.4481830596923828
1.3539704084396362, 1.9030956029891968
1.545087456703186, 1.8654104471206665
1.4051144123077393, 1.738896369934082
1.391655445098877, 1.5585464239120483
1.3135935068130493, 1.1628532409667969
1.4724091291427612, 0.8829071521759033
1.5262449979782104, 0.915208637714386
1.569313645362854, 0.88559889793396
1.4374158382415771, 0.9609690308570862
1.012113094329834, 0.7375504970550537
0.7967698574066162, 0.6971735954284668
0.6998654007911682, 0.6433378458023071
0.654105007648468, 0.6325706839561462
0.6002691984176636, 0.7267833352088928
0.5464333891868591, 0.9125168323516846
0.5033647418022156, 1.039030909538269
0.5437415838241577, 1.039030909538269
0.7833108901977539, 1.3539704084396362
1.1493943929672241, 1.7577389478683472
1.340511441230774, 1.7173620462417603
1.2382234334945679, 1.601615071296692
1.2005383968353271, 1.5423957109451294
1.2032301425933838, 1.5827724933624268
1.2678331136703491, 1.5504710674285889
1.300134539604187, 1.44279944896698
1.3970390558242798, 0.920592188835144
1.2974427938461304, 0.7160161733627319
1.1332435607910156, 0.5679677128791809
1.1332435607910156, 0.5679677128791809
1.2086137533187866, 0.6191117167472839
1.2436070442199707, 0.6298788785934448
1.340511441230774, 0.6971735954284668
1.308210015296936, 0.7483176589012146
1.0309555530548096, 0.7321668863296509
0.6864064335823059, 0.5356662273406982
0.6164199113845825, 0.506056547164917
0.6164199113845825, 0.506056547164917
0.5652759075164795, 0.48990577459335327
0.5652759075164795, 0.48990577459335327
0.6218035221099854, 0.5598923563957214
0.6218035221099854, 0.5598923563957214
0.654105007648468, 0.6325706839561462
0.5464333891868591, 0.9125168323516846
0.460296094417572, 0.8667563796043396
0.4064602851867676, 0.7187079191207886
0.4064602851867676, 0.7187079191207886
