actor_1,actor_2
1.897711992263794, 2.0
1.9784656763076782, 2.0
1.7846567630767822, 2.0
1.738896369934082, 1.7927321195602417
1.6689097881317139, 1.2624495029449463
1.7604306936264038, 1.2409151792526245
1.9273216724395752, 1.1736204624176025
2.0, 1.2355316877365112
2.0, 1.2759084701538086
1.6554508209228516, 1.0497981309890747
1.3620457649230957, 0.915208637714386
1.2812920808792114, 0.8829071521759033
1.2274562120437622, 0.8532974720001221
1.1736204624176025, 0.9259757995605469
1.1197847127914429, 1.1843875646591187
0.9771198034286499, 1.130551815032959
0.9771198034286499, 1.130551815032959
0.9394347071647644, 1.130551815032959
0.9636608362197876, 1.1278600692749023
1.1951547861099243, 1.4212651252746582
1.3997308015823364, 1.6823687553405762
1.5154777765274048, 1.738896369934082
1.3997308015823364, 1.6150740385055542
1.3458950519561768, 1.5585464239120483
1.3270524740219116, 1.5881561040878296
1.391655445098877, 1.7092866897583008
1.391655445098877, 1.7092866897583008
1.5370121002197266, 1.8896366357803345
1.7146703004837036, 1.6177657842636108
1.7442799806594849, 1.1278600692749023
1.7173620462417603, 1.039030909538269
1.5935397148132324, 0.9098250269889832
1.5935397148132324, 0.9098250269889832
1.6985194683074951, 0.9717361927032471
1.7765814065933228, 1.012113094329834
1.9165544509887695, 1.0686405897140503
1.7738896608352661, 1.0578734874725342
1.4858680963516235, 0.9259757995605469
1.2436070442199707, 0.818304181098938
1.1736204624176025, 0.8021534085273743
1.1224764585494995, 0.7563930153846741
1.1224764585494995, 0.7563930153846741
1.1601614952087402, 0.7994616627693176
1.2274562120437622, 0.8532974720001221
1.222072720527649, 0.9017496705055237
1.1224764585494995, 1.1736204624176025
1.0148048400878906, 1.2193808555603027
0.9017496705055237, 1.0417227745056152
0.9017496705055237, 1.0417227745056152
