actor_1,actor_2
1.510094165802002, 1.7065949440002441
1.857335090637207, 2.0
1.806191086769104, 1.9946163892745972
1.7658143043518066, 1.7469717264175415
1.7415881156921387, 1.3432031869888306
1.7631224393844604, 1.3674293756484985
1.3647375106811523, 1.0336474180221558
0.7321668863296509, 0.5975773930549622
0.654105007648468, 0.5814266204833984
0.6137281060218811, 0.5625841021537781
0.5760430693626404, 0.6487213969230652
0.5760430693626404, 0.7860026955604553
0.506056547164917, 0.8102288246154785
0.6110363602638245, 0.9286675453186035
1.1601614952087402, 1.5908479690551758
1.601615071296692, 2.0
1.5639300346374512, 1.9811574220657349
1.5423957109451294, 1.9246299266815186
1.67160165309906, 2.0
1.67160165309906, 2.0
1.6931359767913818, 1.5074024200439453
1.6769851446151733, 1.1197847127914429
1.6419919729232788, 1.0040377378463745
1.6958277225494385, 1.0551817417144775
1.6581426858901978, 0.9851951599121094
1.6446837186813354, 0.920592188835144
1.2866756916046143, 0.7940780520439148
0.8371466994285583, 0.5437415838241577
0.6029609441757202, 0.4549125134944916
0.5868102312088013, 0.4360699951648712
0.5814266204833984, 0.4226110279560089
0.6002691984176636, 0.44952893257141113
0.6029609441757202, 0.47644683718681335
0.5895020365715027, 0.6218035221099854
0.4737550616264343, 0.7133243680000305
0.44952893257141113, 0.6594885587692261
0.3876177668571472, 0.5329744219779968
0.3983849287033081, 0.5841184258460999
0.4253028333187103, 0.6594885587692261
0.48721399903297424, 0.6998654007911682
0.9690443873405457, 1.2059218883514404
1.340511441230774, 1.5639300346374512
1.3781964778900146, 1.5881561040878296
1.4185733795166016, 1.7254374027252197
1.375504732131958, 1.6285330057144165
1.375504732131958, 1.6285330057144165
1.4320323467254639, 1.8196500539779663
1.4320323467254639, 1.8196500539779663
1.6258411407470703, 1.9865410327911377
1.7577389478683472, 2.0
1.7173620462417603, 1.1359354257583618
1.6285330057144165, 0.920592188835144
1.5827724933624268, 0.8613728284835815
1.5827724933624268, 0.8613728284835815
1.5827724933624268, 0.8613728284835815
