actor_1,actor_2
1.585464358329773, 1.6823687553405762
1.8654104471206665, 1.9380887746810913
1.779273271560669, 1.8438761234283447
1.7012113332748413, 1.5397038459777832
1.596231460571289, 1.1224764585494995
1.6581426858901978, 1.170928716659546
1.2947510480880737, 0.9286675453186035
0.8048452138900757, 0.6137281060218811
0.7267833352088928, 0.5948855876922607
0.7321668863296509, 0.5760430693626404
0.7240915298461914, 0.6729475259780884
0.7240915298461914, 0.7563930153846741
0.6621803641319275, 0.6998654007911682
0.7079407572746277, 0.7429340481758118
0.6379542350769043, 0.7187079191207886
0.7187079191207886, 0.7267833352088928
0.9851951599121094, 1.0659488439559937
1.3808883428573608, 1.561238169670105
1.4670255184173584, 1.6985194683074951
1.4562584161758423, 1.6662180423736572
1.4131897687911987, 1.5800807476043701
1.4131897687911987, 1.5800807476043701
1.5827724933624268, 1.948855996131897
1.5827724933624268, 1.948855996131897
1.7254374027252197, 1.67160165309906
1.5316284894943237, 0.9259757995605469
1.44279944896698, 0.7483176589012146
1.44279944896698, 0.7483176589012146
1.4024226665496826, 0.7106325626373291
1.44279944896698, 0.7402422428131104
1.4562584161758423, 0.7617765665054321
1.3216688632965088, 0.72139972448349
1.0040377378463745, 0.6110363602638245
0.7617765665054321, 0.47644683718681335
0.6729475259780884, 0.43876177072525024
0.6567967534065247, 0.40376850962638855
0.6325706839561462, 0.41722744703292847
0.6325706839561462, 0.41722744703292847
0.6460295915603638, 0.44145357608795166
0.7106325626373291, 0.5545087456703186
0.7348586916923523, 0.7187079191207886
0.6917900443077087, 0.7267833352088928
0.6056527495384216, 0.6567967534065247
