actor_1,actor_2
1.391655445098877, 1.5423957109451294
1.6742933988571167, 1.7738896608352661
1.5935397148132324, 1.6742933988571167
1.518169641494751, 1.3620457649230957
1.4347240924835205, 0.9690443873405457
1.4885598421096802, 1.028263807296753
1.1547778844833374, 0.8156123757362366
0.6514132022857666, 0.5356662273406982
0.573351263999939, 0.5195154547691345
0.5464333891868591, 0.506056547164917
0.4952893555164337, 0.6137281060218811
0.5410497784614563, 0.7294750809669495
0.4818304181098938, 0.7483176589012146
0.608344554901123, 0.8721399903297424
1.1090174913406372, 1.4670255184173584
1.4481830596923828, 1.841184377670288
1.3997308015823364, 1.7254374027252197
1.3674293756484985, 1.6608344316482544
1.4751009941101074, 1.7012113332748413
1.4751009941101074, 1.7012113332748413
1.4401077032089233, 1.1197847127914429
1.4239569902420044, 0.7590848207473755
1.3781964778900146, 0.6621803641319275
1.4212651252746582, 0.6998654007911682
1.3889636993408203, 0.6729475259780884
1.3889636993408203, 0.6406460404396057
1.11440110206604, 0.5895020365715027
0.7537012100219727, 0.4360699951648712
0.5841184258460999, 0.36608344316482544
0.5545087456703186, 0.360699862241745
0.5329744219779968, 0.40107670426368713
0.5410497784614563, 0.4199192523956299
0.5329744219779968, 0.44145357608795166
0.5275908708572388, 0.573351263999939
0.44145357608795166, 0.6864064335823059
0.41453567147254944, 0.6298788785934448
0.36877524852752686, 0.5302826166152954
0.39300134778022766, 0.5545087456703186
0.41722744703292847, 0.6271870732307434
0.5033647418022156, 0.624495267868042
0.9367429614067078, 1.0686405897140503
1.216689109802246, 1.410498023033142
1.2436070442199707, 1.3835800886154175
1.2812920808792114, 1.4966353178024292
1.2382234334945679, 1.3997308015823364
1.2382234334945679, 1.3997308015823364
1.2920591831207275, 1.5666217803955078
1.2920591831207275, 1.5666217803955078
1.458950161933899, 1.687752366065979
1.5585464239120483, 1.652759075164795
1.4131897687911987, 0.7590848207473755
1.3539704084396362, 0.5921937823295593
1.3216688632965088, 0.5625841021537781
1.3216688632965088, 0.5625841021537781
1.3216688632965088, 0.5625841021537781
