actor_1,actor_2
1.4616420269012451, 1.6635262966156006
1.6769851446151733, 1.913862705230713
1.620457649230957, 1.7523553371429443
1.596231460571289, 1.4293404817581177
1.5827724933624268, 1.0094212293624878
1.647375464439392, 1.098250389099121
1.3997308015823364, 0.869448184967041
0.8586810231208801, 0.5706595182418823
0.7240915298461914, 0.5302826166152954
0.654105007648468, 0.5545087456703186
0.6137281060218811, 0.705249011516571
0.624495267868042, 0.8048452138900757
0.5625841021537781, 0.8425303101539612
0.6837146878242493, 0.9932705163955688
1.1601614952087402, 1.5989233255386353
1.4481830596923828, 1.9273216724395752
1.4051144123077393, 1.7631224393844604
1.3835800886154175, 1.6769851446151733
1.5316284894943237, 1.7065949440002441
1.5316284894943237, 1.7065949440002441
1.5370121002197266, 1.1413190364837646
1.5989233255386353, 0.7806190848350525
1.5881561040878296, 0.6729475259780884
1.6393001079559326, 0.7321668863296509
1.6150740385055542, 0.6944818496704102
1.6608344316482544, 0.6890982389450073
1.426648736000061, 0.6271870732307434
1.0094212293624878, 0.4710632562637329
0.7994616627693176, 0.3822341859340668
0.7321668863296509, 0.3983849287033081
0.6971735954284668, 0.409152090549469
0.7025572061538696, 0.43876177072525024
0.6890982389450073, 0.46298789978027344
0.6514132022857666, 0.675639271736145
0.5168237090110779, 0.7806190848350525
0.4925975799560547, 0.7267833352088928
0.4441453516483307, 0.6218035221099854
0.44952893257141113, 0.6514132022857666
0.4952893555164337, 0.7106325626373291
0.5948855876922607, 0.7698519229888916
1.0201884508132935, 1.2301480770111084
1.2382234334945679, 1.4804844856262207
1.2651413679122925, 1.458950161933899
1.2920591831207275, 1.4966353178024292
1.2543741464614868, 1.4131897687911987
1.2543741464614868, 1.4131897687911987
1.324360728263855, 1.569313645362854
1.324360728263855, 1.569313645362854
1.493943452835083, 1.6823687553405762
1.6123822927474976, 1.652759075164795
1.601615071296692, 0.8021534085273743
1.5881561040878296, 0.6271870732307434
1.5531628131866455, 0.5841184258460999
1.5531628131866455, 0.5841184258460999
1.5531628131866455, 0.5841184258460999
