actor_1,actor_2
1.5881561040878296, 1.8196500539779663
1.7335127592086792, 2.0
1.6850606203079224, 2.0
1.636608362197876, 1.6985194683074951
1.5208613872528076, 1.1197847127914429
1.561238169670105, 1.0417227745056152
1.5989233255386353, 0.9905787110328674
1.6177657842636108, 1.0847914218902588
1.5154777765274048, 0.9959623217582703
1.1951547861099243, 0.7833108901977539
1.039030909538269, 0.6675639152526855
0.9959623217582703, 0.6352624297142029
0.9582772254943848, 0.6406460404396057
0.9179003834724426, 0.6917900443077087
0.9259757995605469, 0.9044414758682251
0.7967698574066162, 0.8990578651428223
0.7967698574066162, 0.8990578651428223
0.7348586916923523, 0.772543728351593
0.7348586916923523, 0.772543728351593
0.7617765665054321, 0.8156123757362366
0.7967698574066162, 0.8640645742416382
