actor_1,actor_2
1.3781964778900146, 1.7012113332748413
1.5666217803955078, 1.9623149633407593
1.3970390558242798, 1.7738896608352661
1.3781964778900146, 1.4454911947250366
1.340511441230774, 0.8532974720001221
1.3889636993408203, 0.8667563796043396
1.4858680963516235, 0.7967698574066162
1.5827724933624268, 0.88559889793396
1.4966353178024292, 0.88559889793396
1.2059218883514404, 0.6621803641319275
0.9636608362197876, 0.6029609441757202
0.920592188835144, 0.573351263999939
0.9125168323516846, 0.5921937823295593
0.8344548940658569, 0.6406460404396057
0.7860026955604553, 0.8802153468132019
0.6621803641319275, 0.8209959864616394
0.6621803641319275, 0.8209959864616394
0.608344554901123, 0.7240915298461914
0.6352624297142029, 0.7267833352088928
0.8290713429450989, 0.8479138612747192
0.982503354549408, 1.095558524131775
1.1870794296264648, 1.3135935068130493
1.1278600692749023, 1.2139973640441895
1.1278600692749023, 1.1493943929672241
1.1063257455825806, 1.1601614952087402
1.1790040731430054, 1.375504732131958
1.1790040731430054, 1.375504732131958
1.3109017610549927, 1.6231493949890137
1.4131897687911987, 1.2705248594284058
1.4185733795166016, 0.767160177230835
1.3862718343734741, 0.6837146878242493
1.3162853717803955, 0.5895020365715027
1.3162853717803955, 0.5895020365715027
1.3620457649230957, 0.6460295915603638
1.407806158065796, 0.6864064335823059
1.5074024200439453, 0.7860026955604553
1.3189771175384521, 0.7240915298461914
1.1359354257583618, 0.6137281060218811
0.9286675453186035, 0.5706595182418823
0.88559889793396, 0.5410497784614563
0.8775235414505005, 0.5275908708572388
0.8775235414505005, 0.5275908708572388
0.8882907032966614, 0.5383580327033997
0.9125168323516846, 0.5921937823295593
0.8936743140220642, 0.608344554901123
0.8129205703735352, 0.8748317360877991
0.6837146878242493, 0.9044414758682251
0.6029609441757202, 0.6890982389450073
0.6029609441757202, 0.6890982389450073
