actor_1,actor_2
1.4535666704177856, 1.6850606203079224
1.687752366065979, 1.932705283164978
1.510094165802002, 1.7819650173187256
1.4751009941101074, 1.4212651252746582
1.5720053911209106, 1.0820995569229126
1.7631224393844604, 1.1843875646591187
1.493943452835083, 0.9367429614067078
1.130551815032959, 0.6917900443077087
0.982503354549408, 0.6837146878242493
0.9017496705055237, 0.6621803641319275
0.8102288246154785, 0.8317631483078003
0.7994616627693176, 0.9771198034286499
0.7187079191207886, 0.966352641582489
0.8263795375823975, 1.1224764585494995
1.1063257455825806, 1.5477793216705322
1.335127830505371, 1.8761776685714722
1.2274562120437622, 1.738896369934082
1.170928716659546, 1.6150740385055542
1.35127854347229, 1.6608344316482544
1.35127854347229, 1.6608344316482544
1.4697173833847046, 1.1170928478240967
1.569313645362854, 0.7967698574066162
1.4993270635604858, 0.6998654007911682
1.528936743736267, 0.7563930153846741
1.5423957109451294, 0.7294750809669495
1.6419919729232788, 0.7483176589012146
1.4293404817581177, 0.6917900443077087
1.2032301425933838, 0.5760430693626404
0.9986541271209717, 0.5222072601318359
0.9690443873405457, 0.5248990654945374
0.9367429614067078, 0.5302826166152954
0.9582772254943848, 0.5679677128791809
0.9502018690109253, 0.6029609441757202
0.8775235414505005, 0.8209959864616394
0.6890982389450073, 0.9259757995605469
0.5760430693626404, 0.7590848207473755
0.5760430693626404, 0.7590848207473755
0.5706595182418823, 0.7321668863296509
