actor_1,actor_2
1.3997308015823364, 1.7254374027252197
1.6931359767913818, 2.0
1.561238169670105, 1.8761776685714722
1.5262449979782104, 1.5423957109451294
1.5074024200439453, 0.9932705163955688
1.5666217803955078, 0.9259757995605469
1.6931359767913818, 0.8613728284835815
1.790040373802185, 0.8829071521759033
1.5585464239120483, 0.8075370192527771
1.1440107822418213, 0.5975773930549622
0.9259757995605469, 0.4925975799560547
0.8667563796043396, 0.4710632562637329
0.8398385047912598, 0.457604318857193
0.767160177230835, 0.4737550616264343
0.6917900443077087, 0.6837146878242493
0.5814266204833984, 0.6621803641319275
0.5814266204833984, 0.6621803641319275
0.5275908708572388, 0.5222072601318359
0.5275908708572388, 0.5222072601318359
