actor_1,actor_2
1.3189771175384521, 1.9407806396484375
1.6177657842636108, 2.0
1.528936743736267, 1.9892328977584839
1.4670255184173584, 1.6931359767913818
1.3889636993408203, 1.0928667783737183
1.4697173833847046, 1.0148048400878906
1.620457649230957, 0.869448184967041
1.6904441118240356, 0.920592188835144
1.458950161933899, 0.8775235414505005
1.216689109802246, 0.7106325626373291
1.028263807296753, 0.6110363602638245
0.9394347071647644, 0.5868102312088013
0.869448184967041, 0.6056527495384216
0.7402422428131104, 0.6944818496704102
0.6971735954284668, 1.0551817417144775
0.5598923563957214, 1.028263807296753
0.5598923563957214, 1.028263807296753
0.5437415838241577, 0.9959623217582703
0.6002691984176636, 1.0067294836044312
0.7590848207473755, 1.2032301425933838
0.9098250269889832, 1.426648736000061
1.1843875646591187, 1.6393001079559326
1.1386271715164185, 1.545087456703186
1.1090174913406372, 1.477792739868164
1.1036338806152344, 1.5370121002197266
1.2032301425933838, 1.6931359767913818
1.2032301425933838, 1.6931359767913818
1.35127854347229, 1.8600269556045532
1.5154777765274048, 1.5531628131866455
1.528936743736267, 0.9232839941978455
1.4670255184173584, 0.7698519229888916
1.3835800886154175, 0.5975773930549622
1.3835800886154175, 0.5975773930549622
