actor_1,actor_2
1.3620457649230957, 1.913862705230713
1.5935397148132324, 2.0
1.518169641494751, 2.0
1.493943452835083, 1.7254374027252197
1.4401077032089233, 1.1359354257583618
1.518169641494751, 1.0578734874725342
1.6635262966156006, 0.9286675453186035
1.7173620462417603, 0.9717361927032471
1.53432035446167, 0.9044414758682251
1.273216724395752, 0.7429340481758118
1.0686405897140503, 0.6567967534065247
0.9932705163955688, 0.6433378458023071
0.9286675453186035, 0.6648721694946289
0.8021534085273743, 0.7617765665054321
0.7563930153846741, 1.0551817417144775
0.6379542350769043, 1.0174965858459473
0.6379542350769043, 1.0174965858459473
0.6056527495384216, 0.9771198034286499
0.654105007648468, 0.966352641582489
0.818304181098938, 1.1520861387252808
0.9878869652748108, 1.3889636993408203
1.2059218883514404, 1.620457649230957
1.1790040731430054, 1.5316284894943237
1.1520861387252808, 1.4562584161758423
1.1386271715164185, 1.5235531330108643
1.216689109802246, 1.6742933988571167
1.216689109802246, 1.6742933988571167
1.3432031869888306, 1.8600269556045532
1.5235531330108643, 1.5827724933624268
1.569313645362854, 0.9609690308570862
1.510094165802002, 0.8129205703735352
1.4158815145492554, 0.6567967534065247
1.4158815145492554, 0.6567967534065247
