actor_1,actor_2
1.687752366065979, 1.6742933988571167
1.165545105934143, 1.0928667783737183
0.9044414758682251, 0.9259757995605469
1.0444145202636719, 1.0336474180221558
0.9044414758682251, 0.9259757995605469
0.9125168323516846, 1.0578734874725342
1.2920591831207275, 1.561238169670105
1.483176350593567, 1.8358007669448853
1.3943471908569336, 1.7092866897583008
1.3674293756484985, 1.596231460571289
1.528936743736267, 1.6958277225494385
1.528936743736267, 1.6958277225494385
1.5908479690551758, 1.2274562120437622
1.6635262966156006, 0.8775235414505005
1.6446837186813354, 0.8048452138900757
1.720053791999817, 0.8532974720001221
1.7738896608352661, 0.9098250269889832
1.897711992263794, 0.8129205703735352
1.652759075164795, 0.7294750809669495
1.1870794296264648, 0.5868102312088013
1.095558524131775, 0.5545087456703186
1.0363391637802124, 0.5706595182418823
0.9959623217582703, 0.5410497784614563
1.0013458728790283, 0.5760430693626404
0.9959623217582703, 0.624495267868042
0.8963660597801208, 0.8748317360877991
0.7779273390769958, 0.8909825086593628
0.6917900443077087, 0.7106325626373291
0.6917900443077087, 0.7106325626373291
