actor_1,actor_2
1.3378196954727173, 2.0
1.410498023033142, 2.0
1.3539704084396362, 1.913862705230713
1.3862718343734741, 1.7146703004837036
1.4508748054504395, 1.1897711753845215
1.5074024200439453, 1.1897711753845215
1.6904441118240356, 1.146702527999878
1.7523553371429443, 1.232839822769165
1.779273271560669, 1.3028264045715332
1.289367437362671, 0.9528936743736267
0.9986541271209717, 0.8209959864616394
0.9367429614067078, 0.7833108901977539
0.8775235414505005, 0.7913862466812134
0.7940780520439148, 0.8425303101539612
0.5921937823295593, 1.0417227745056152
0.5706595182418823, 1.0820995569229126
0.5168237090110779, 1.146702527999878
0.7967698574066162, 1.5504710674285889
1.130551815032959, 1.9811574220657349
1.146702527999878, 1.90847909450531
1.1386271715164185, 1.7658143043518066
1.098250389099121, 1.6769851446151733
1.2113054990768433, 1.779273271560669
1.2436070442199707, 1.6985194683074951
1.4508748054504395, 1.1897711753845215
1.5074024200439453, 0.9878869652748108
1.5074024200439453, 0.9878869652748108
1.5397038459777832, 0.9878869652748108
1.6258411407470703, 1.0417227745056152
1.561238169670105, 1.0309555530548096
1.6850606203079224, 1.098250389099121
1.4293404817581177, 1.0148048400878906
0.9367429614067078, 0.7294750809669495
0.9044414758682251, 0.7321668863296509
0.9044414758682251, 0.7321668863296509
0.8344548940658569, 0.6890982389450073
0.8613728284835815, 0.7375504970550537
0.8775235414505005, 0.7913862466812134
0.7940780520439148, 0.8425303101539612
0.5275908708572388, 1.0094212293624878
0.457604318857193, 0.982503354549408
0.46298789978027344, 0.9394347071647644
0.4468371570110321, 0.8909825086593628
0.4468371570110321, 0.8909825086593628
0.5841184258460999, 1.090174913406372
0.8506056666374207, 1.4562584161758423
1.02288019657135, 1.5935397148132324
1.0148048400878906, 1.4966353178024292
1.039030909538269, 1.4481830596923828
1.0067294836044312, 1.3970390558242798
0.982503354549408, 1.3055181503295898
1.0417227745056152, 1.410498023033142
1.11440110206604, 1.4347240924835205
1.1736204624176025, 1.5370121002197266
1.4320323467254639, 1.0928667783737183
1.410498023033142, 0.9744279980659485
1.458950161933899, 0.9098250269889832
1.458950161933899, 0.9098250269889832
1.458950161933899, 0.9098250269889832
