actor_1,actor_2
1.35127854347229, 1.932705283164978
1.4535666704177856, 1.9300134181976318
1.3324360847473145, 1.7523553371429443
1.3135935068130493, 1.4858680963516235
1.3378196954727173, 0.869448184967041
1.3889636993408203, 0.88559889793396
1.510094165802002, 0.8559892177581787
1.6069986820220947, 0.9367429614067078
1.6258411407470703, 1.047106385231018
1.1359354257583618, 0.7698519229888916
0.8721399903297424, 0.6594885587692261
0.8317631483078003, 0.6352624297142029
0.8102288246154785, 0.6594885587692261
0.7483176589012146, 0.7160161733627319
0.5679677128791809, 0.915208637714386
0.43876177072525024, 0.8963660597801208
0.43876177072525024, 0.8963660597801208
0.3983849287033081, 0.8506056666374207
0.43068641424179077, 0.8559892177581787
0.6406460404396057, 1.0713324546813965
0.8775235414505005, 1.44279944896698
1.0551817417144775, 1.483176350593567
1.0336474180221558, 1.3485867977142334
0.9959623217582703, 1.2624495029449463
0.9771198034286499, 1.300134539604187
1.0309555530548096, 1.4212651252746582
1.0309555530548096, 1.4212651252746582
1.1843875646591187, 1.596231460571289
1.324360728263855, 1.340511441230774
1.3889636993408203, 0.7779273390769958
1.3378196954727173, 0.6675639152526855
1.2409151792526245, 0.5760430693626404
1.2409151792526245, 0.5760430693626404
