actor_1,actor_2
1.5773890018463135, 1.8492597341537476
1.7631224393844604, 1.8788694143295288
1.6231493949890137, 1.7577389478683472
1.596231460571289, 1.493943452835083
1.7604306936264038, 1.1278600692749023
1.881561279296875, 1.1763122081756592
1.6231493949890137, 1.0767160654067993
0.9798115491867065, 0.705249011516571
0.8640645742416382, 0.6567967534065247
0.7806190848350525, 0.6675639152526855
0.6406460404396057, 0.7563930153846741
0.6567967534065247, 0.8398385047912598
0.5464333891868591, 0.8021534085273743
0.6514132022857666, 0.9421265125274658
1.0874831676483154, 1.5235531330108643
1.3378196954727173, 1.5935397148132324
1.2651413679122925, 1.4966353178024292
1.2382234334945679, 1.407806158065796
1.375504732131958, 1.5773890018463135
1.375504732131958, 1.5773890018463135
1.4993270635604858, 1.2086137533187866
1.6123822927474976, 0.8775235414505005
1.5639300346374512, 0.767160177230835
1.6904441118240356, 0.8371466994285583
1.6823687553405762, 0.7860026955604553
1.7523553371429443, 0.7752355337142944
1.5477793216705322, 0.7913862466812134
1.0928667783737183, 0.6298788785934448
0.8371466994285583, 0.5222072601318359
0.8156123757362366, 0.5248990654945374
0.7752355337142944, 0.5275908708572388
0.7940780520439148, 0.5625841021537781
0.8075370192527771, 0.5841184258460999
0.6837146878242493, 0.7483176589012146
0.5356662273406982, 0.7537012100219727
0.49798116087913513, 0.670255720615387
0.44952893257141113, 0.5841184258460999
0.4683714807033539, 0.6218035221099854
0.48721399903297424, 0.6783310770988464
0.5814266204833984, 0.7510094046592712
0.9502018690109253, 1.165545105934143
1.1628532409667969, 1.2274562120437622
1.1493943929672241, 1.1843875646591187
1.170928716659546, 1.2382234334945679
1.1090174913406372, 1.1493943929672241
1.1090174913406372, 1.1493943929672241
1.1924630403518677, 1.3485867977142334
1.1924630403518677, 1.3485867977142334
1.340511441230774, 1.5235531330108643
1.4616420269012451, 1.5746971368789673
1.6231493949890137, 0.920592188835144
1.528936743736267, 0.7375504970550537
1.4643337726593018, 0.675639271736145
1.4643337726593018, 0.675639271736145
1.4643337726593018, 0.675639271736145
