actor_1,actor_2
1.308210015296936, 1.5827724933624268
1.6689097881317139, 1.8869447708129883
1.569313645362854, 1.7873486280441284
1.4804844856262207, 1.5370121002197266
1.4508748054504395, 1.0013458728790283
1.5262449979782104, 0.9986541271209717
1.755047082901001, 0.9528936743736267
1.8142664432525635, 0.9798115491867065
1.5746971368789673, 0.8829071521759033
0.9959623217582703, 0.6218035221099854
0.7321668863296509, 0.4952893555164337
0.7025572061538696, 0.47644683718681335
0.6514132022857666, 0.46567967534065247
0.5921937823295593, 0.4791386127471924
0.48721399903297424, 0.6352624297142029
0.3849259614944458, 0.6029609441757202
0.3849259614944458, 0.6029609441757202
0.32032302021980286, 0.55720055103302
0.3337819576263428, 0.5760430693626404
0.48721399903297424, 0.7563930153846741
0.7375504970550537, 1.0740242004394531
1.1009421348571777, 1.3162853717803955
1.0686405897140503, 1.197846531867981
1.02288019657135, 1.1090174913406372
1.0174965858459473, 1.130551815032959
1.1278600692749023, 1.3270524740219116
1.1278600692749023, 1.3270524740219116
1.3109017610549927, 1.561238169670105
1.4804844856262207, 1.3485867977142334
1.528936743736267, 0.920592188835144
1.5047106742858887, 0.8290713429450989
1.3835800886154175, 0.6810228824615479
1.3835800886154175, 0.6810228824615479
1.4885598421096802, 0.7348586916923523
1.585464358329773, 0.7644683718681335
1.6043068170547485, 0.7617765665054321
1.2301480770111084, 0.6594885587692261
0.9071332216262817, 0.5437415838241577
0.6864064335823059, 0.4468371570110321
0.6675639152526855, 0.43068641424179077
0.6379542350769043, 0.41453567147254944
0.6379542350769043, 0.41453567147254944
0.654105007648468, 0.43068641424179077
0.6514132022857666, 0.46567967534065247
0.6621803641319275, 0.47644683718681335
0.5195154547691345, 0.670255720615387
0.39300134778022766, 0.6648721694946289
0.30955585837364197, 0.5222072601318359
0.30955585837364197, 0.5222072601318359
