actor_1,actor_2
1.8169583082199097, 2.0
1.9219380617141724, 2.0
1.8115746974945068, 2.0
1.7738896608352661, 1.806191086769104
1.7308210134506226, 1.2624495029449463
1.795423984527588, 1.2705248594284058
1.9461642503738403, 1.232839822769165
2.0, 1.3055181503295898
1.9623149633407593, 1.283983826637268
1.518169641494751, 1.039030909538269
1.273216724395752, 0.8882907032966614
1.2409151792526245, 0.8479138612747192
1.2005383968353271, 0.8667563796043396
1.1278600692749023, 0.9044414758682251
1.0767160654067993, 1.146702527999878
0.9044414758682251, 1.098250389099121
0.9044414758682251, 1.098250389099121
0.88559889793396, 1.047106385231018
0.8829071521759033, 1.039030909538269
1.0524898767471313, 1.2651413679122925
1.273216724395752, 1.5531628131866455
1.4347240924835205, 1.6823687553405762
1.3943471908569336, 1.5746971368789673
1.375504732131958, 1.510094165802002
1.3943471908569336, 1.5585464239120483
1.4724091291427612, 1.722745656967163
1.4724091291427612, 1.722745656967163
1.6339164972305298, 1.9300134181976318
1.8008075952529907, 1.6985194683074951
1.830417275428772, 1.2005383968353271
1.8008075952529907, 1.0847914218902588
1.6554508209228516, 0.9125168323516846
1.6554508209228516, 0.9125168323516846
1.7308210134506226, 0.9771198034286499
1.779273271560669, 1.0201884508132935
1.8519515991210938, 1.1197847127914429
1.67160165309906, 1.047106385231018
1.3889636993408203, 0.8909825086593628
1.1601614952087402, 0.767160177230835
1.1332435607910156, 0.7402422428131104
1.098250389099121, 0.7187079191207886
1.098250389099121, 0.7187079191207886
1.1601614952087402, 0.7537012100219727
1.2005383968353271, 0.8667563796043396
1.1924630403518677, 0.8990578651428223
1.1170928478240967, 1.1682368516921997
0.9636608362197876, 1.1682368516921997
0.8398385047912598, 0.9959623217582703
0.8398385047912598, 0.9959623217582703
