actor_1,actor_2
1.596231460571289, 1.9730820655822754
1.722745656967163, 2.0
1.6393001079559326, 1.9865410327911377
1.6339164972305298, 1.7092866897583008
1.6662180423736572, 1.2193808555603027
1.67160165309906, 1.2274562120437622
1.795423984527588, 1.1520861387252808
1.8250336647033691, 1.2005383968353271
1.7604306936264038, 1.197846531867981
1.4158815145492554, 0.9528936743736267
1.1682368516921997, 0.8209959864616394
1.1224764585494995, 0.7994616627693176
1.063257098197937, 0.7967698574066162
1.0551817417144775, 0.8344548940658569
0.9636608362197876, 1.039030909538269
0.8398385047912598, 0.9851951599121094
0.8398385047912598, 0.9851951599121094
0.8048452138900757, 0.9798115491867065
0.8102288246154785, 0.9582772254943848
0.9717361927032471, 1.1574697494506836
1.130551815032959, 1.4158815145492554
1.2786002159118652, 1.5154777765274048
1.2651413679122925, 1.4697173833847046
1.2651413679122925, 1.407806158065796
1.273216724395752, 1.4535666704177856
1.3566621541976929, 1.601615071296692
1.3566621541976929, 1.601615071296692
1.5127860307693481, 1.8088829517364502
1.6662180423736572, 1.5720053911209106
1.7254374027252197, 1.1332435607910156
1.6796770095825195, 1.012113094329834
1.5773890018463135, 0.8506056666374207
1.5773890018463135, 0.8506056666374207
1.6419919729232788, 0.9286675453186035
1.687752366065979, 0.9717361927032471
1.7442799806594849, 1.0336474180221558
1.5720053911209106, 1.0013458728790283
1.3216688632965088, 0.8506056666374207
1.1090174913406372, 0.7375504970550537
1.0659488439559937, 0.7187079191207886
1.0040377378463745, 0.6648721694946289
1.0040377378463745, 0.6648721694946289
1.0578734874725342, 0.7240915298461914
1.063257098197937, 0.7967698574066162
1.090174913406372, 0.8317631483078003
0.9555854797363281, 1.063257098197937
0.8802153468132019, 1.090174913406372
0.7644683718681335, 0.8882907032966614
0.7644683718681335, 0.8882907032966614
