actor_1,actor_2
1.585464358329773, 1.67160165309906
1.7173620462417603, 1.8034993410110474
1.6662180423736572, 1.7281291484832764
1.5639300346374512, 1.410498023033142
1.7119784355163574, 0.9717361927032471
1.7685060501098633, 1.0148048400878906
1.6285330057144165, 0.9125168323516846
1.222072720527649, 0.7294750809669495
1.1493943929672241, 0.7160161733627319
1.0659488439559937, 0.7456258535385132
0.9798115491867065, 0.915208637714386
0.9125168323516846, 0.9690443873405457
0.7940780520439148, 0.9313593506813049
0.8209959864616394, 1.012113094329834
0.8156123757362366, 0.9878869652748108
0.8532974720001221, 1.0497981309890747
1.012113094329834, 1.3808883428573608
1.2516824007034302, 1.647375464439392
1.3162853717803955, 1.6904441118240356
1.2543741464614868, 1.6285330057144165
1.1951547861099243, 1.4508748054504395
1.1951547861099243, 1.4508748054504395
1.3270524740219116, 1.6393001079559326
1.3270524740219116, 1.6393001079559326
1.4885598421096802, 1.458950161933899
1.5558546781539917, 0.7402422428131104
1.5235531330108643, 0.5975773930549622
1.5235531330108643, 0.5975773930549622
1.483176350593567, 0.5545087456703186
1.5908479690551758, 0.6056527495384216
1.6850606203079224, 0.654105007648468
1.5935397148132324, 0.6567967534065247
1.4535666704177856, 0.6810228824615479
1.2543741464614868, 0.5814266204833984
1.2032301425933838, 0.5437415838241577
1.1628532409667969, 0.5329744219779968
1.1170928478240967, 0.55720055103302
1.1170928478240967, 0.55720055103302
1.0820995569229126, 0.5868102312088013
0.982503354549408, 0.7402422428131104
0.9232839941978455, 0.9259757995605469
0.8559892177581787, 0.9259757995605469
0.7833108901977539, 0.9044414758682251
0.7833108901977539, 0.9044414758682251
