actor_1,actor_2
1.3889636993408203, 1.703903079032898
1.5935397148132324, 1.9380887746810913
1.4912517070770264, 1.822341799736023
1.375504732131958, 1.5127860307693481
1.3189771175384521, 0.8667563796043396
1.407806158065796, 0.8802153468132019
1.5989233255386353, 0.8156123757362366
1.6285330057144165, 0.8963660597801208
1.4670255184173584, 0.9017496705055237
1.0201884508132935, 0.7402422428131104
0.7967698574066162, 0.654105007648468
0.7590848207473755, 0.5921937823295593
0.7267833352088928, 0.5975773930549622
0.6675639152526855, 0.6325706839561462
0.5679677128791809, 0.8209959864616394
0.409152090549469, 0.823687732219696
0.409152090549469, 0.823687732219696
0.36877524852752686, 0.8102288246154785
0.3849259614944458, 0.8398385047912598
0.5437415838241577, 1.0605652332305908
0.7456258535385132, 1.3808883428573608
0.9932705163955688, 1.6231493949890137
0.9798115491867065, 1.5074024200439453
0.9367429614067078, 1.44279944896698
0.9232839941978455, 1.407806158065796
1.012113094329834, 1.53432035446167
1.012113094329834, 1.53432035446167
1.2274562120437622, 1.6904441118240356
1.3701211214065552, 1.3162853717803955
1.410498023033142, 0.7779273390769958
1.3728128671646118, 0.6837146878242493
1.289367437362671, 0.5625841021537781
1.289367437362671, 0.5625841021537781
1.3808883428573608, 0.6137281060218811
1.4643337726593018, 0.6648721694946289
1.4374158382415771, 0.7483176589012146
1.2193808555603027, 0.7106325626373291
0.9502018690109253, 0.6325706839561462
0.7913862466812134, 0.573351263999939
0.7590848207473755, 0.5302826166152954
0.7267833352088928, 0.5087482929229736
0.7267833352088928, 0.5087482929229736
0.7079407572746277, 0.5275908708572388
0.7267833352088928, 0.5975773930549622
0.7240915298461914, 0.608344554901123
0.5625841021537781, 0.8290713429450989
0.46567967534065247, 0.8667563796043396
0.360699862241745, 0.7779273390769958
0.360699862241745, 0.7779273390769958
