actor_1,actor_2
1.5316284894943237, 1.8761776685714722
1.7577389478683472, 1.9946163892745972
1.6123822927474976, 1.9461642503738403
1.4966353178024292, 1.6500673294067383
1.4185733795166016, 0.9528936743736267
1.5074024200439453, 0.920592188835144
1.6339164972305298, 0.8532974720001221
1.7146703004837036, 0.8775235414505005
1.569313645362854, 0.9502018690109253
1.1547778844833374, 0.8452220559120178
0.9502018690109253, 0.7752355337142944
0.8425303101539612, 0.705249011516571
0.7967698574066162, 0.675639271736145
0.8021534085273743, 0.7590848207473755
0.7590848207473755, 0.9905787110328674
0.6271870732307434, 0.9851951599121094
0.6271870732307434, 0.9851951599121094
0.6137281060218811, 0.9798115491867065
0.6460295915603638, 1.0255720615386963
0.8021534085273743, 1.2005383968353271
0.9851951599121094, 1.3970390558242798
1.2409151792526245, 1.5397038459777832
1.1870794296264648, 1.493943452835083
1.1386271715164185, 1.426648736000061
1.1278600692749023, 1.4051144123077393
1.2193808555603027, 1.5585464239120483
1.2193808555603027, 1.5585464239120483
1.3781964778900146, 1.7335127592086792
1.4562584161758423, 1.477792739868164
1.4885598421096802, 0.823687732219696
1.4239569902420044, 0.7133243680000305
1.2947510480880737, 0.5975773930549622
1.2947510480880737, 0.5975773930549622
