actor_1,actor_2
1.6123822927474976, 1.7415881156921387
1.7604306936264038, 1.8546433448791504
1.5423957109451294, 1.6823687553405762
1.410498023033142, 1.2812920808792114
1.4912517070770264, 0.8829071521759033
1.6985194683074951, 0.9959623217582703
1.5020188093185425, 0.9232839941978455
0.9528936743736267, 0.7483176589012146
0.7833108901977539, 0.7187079191207886
0.6864064335823059, 0.7240915298461914
0.8021534085273743, 1.02288019657135
1.1493943929672241, 1.4454911947250366
1.5881561040878296, 1.9380887746810913
1.7469717264175415, 2.0
1.53432035446167, 1.881561279296875
1.4024226665496826, 1.596231460571289
1.2759084701538086, 0.982503354549408
1.3862718343734741, 0.7267833352088928
1.5316284894943237, 0.767160177230835
1.5531628131866455, 0.7456258535385132
1.4993270635604858, 0.7860026955604553
1.0847914218902588, 0.7079407572746277
0.8048452138900757, 0.6567967534065247
0.6890982389450073, 0.6271870732307434
0.6648721694946289, 0.6298788785934448
0.6325706839561462, 0.7429340481758118
0.6002691984176636, 0.9448183178901672
0.6002691984176636, 1.0363391637802124
0.6729475259780884, 1.0336474180221558
0.9717361927032471, 1.335127830505371
1.3432031869888306, 1.7604306936264038
1.5127860307693481, 1.8600269556045532
1.3539704084396362, 1.7012113332748413
1.248990535736084, 1.5935397148132324
1.2247644662857056, 1.518169641494751
1.2920591831207275, 1.5154777765274048
1.2947510480880737, 1.3728128671646118
1.3135935068130493, 0.6998654007911682
1.2005383968353271, 0.5652759075164795
1.0686405897140503, 0.4845221936702728
1.0686405897140503, 0.4845221936702728
1.1386271715164185, 0.5168237090110779
1.2409151792526245, 0.5464333891868591
1.324360728263855, 0.608344554901123
1.3862718343734741, 0.6352624297142029
1.1332435607910156, 0.654105007648468
0.6890982389450073, 0.5625841021537781
0.6002691984176636, 0.5437415838241577
0.6002691984176636, 0.5437415838241577
0.5760430693626404, 0.5195154547691345
0.5760430693626404, 0.5195154547691345
0.6379542350769043, 0.5679677128791809
0.6379542350769043, 0.5679677128791809
0.6648721694946289, 0.6298788785934448
0.6002691984176636, 0.9448183178901672
0.5302826166152954, 0.8990578651428223
0.460296094417572, 0.8021534085273743
0.460296094417572, 0.8021534085273743
