actor_1,actor_2
1.8923283815383911, 2.0
1.959623098373413, 2.0
1.7496634721755981, 1.8788694143295288
1.7012113332748413, 1.5827724933624268
1.7496634721755981, 1.335127830505371
1.9515477418899536, 1.4535666704177856
1.830417275428772, 1.4401077032089233
1.3620457649230957, 1.0767160654067993
1.2005383968353271, 1.0148048400878906
1.095558524131775, 1.0363391637802124
1.0174965858459473, 1.146702527999878
1.090174913406372, 1.335127830505371
1.0740242004394531, 1.3458950519561768
1.2409151792526245, 1.5773890018463135
1.5639300346374512, 2.0
1.6850606203079224, 2.0
1.5316284894943237, 1.8331090211868286
1.4751009941101074, 1.7335127592086792
1.5746971368789673, 1.7738896608352661
1.5746971368789673, 1.7738896608352661
1.620457649230957, 1.375504732131958
1.6608344316482544, 1.1117092370986938
1.5989233255386353, 1.0067294836044312
1.6742933988571167, 1.063257098197937
1.6554508209228516, 1.0417227745056152
1.7981157302856445, 1.0605652332305908
1.6662180423736572, 1.130551815032959
1.3620457649230957, 0.915208637714386
1.095558524131775, 0.7590848207473755
1.0524898767471313, 0.7698519229888916
1.0148048400878906, 0.772543728351593
1.0605652332305908, 0.8371466994285583
1.079407811164856, 0.88559889793396
1.0740242004394531, 1.1413190364837646
0.9421265125274658, 1.2059218883514404
0.8990578651428223, 1.1386271715164185
0.823687732219696, 1.0740242004394531
0.8936743140220642, 1.170928716659546
0.9798115491867065, 1.2570658922195435
1.0713324546813965, 1.3620457649230957
1.3432031869888306, 1.7604306936264038
1.4724091291427612, 1.7442799806594849
1.3997308015823364, 1.620457649230957
1.3674293756484985, 1.6339164972305298
1.3189771175384521, 1.5370121002197266
1.3189771175384521, 1.5370121002197266
1.391655445098877, 1.67160165309906
1.391655445098877, 1.67160165309906
1.6043068170547485, 1.795423984527588
1.6769851446151733, 1.795423984527588
1.6554508209228516, 1.1197847127914429
1.569313645362854, 0.9448183178901672
1.4858680963516235, 0.8721399903297424
1.4858680963516235, 0.8721399903297424
1.4858680963516235, 0.8721399903297424
