actor_1,actor_2
1.5127860307693481, 1.90847909450531
1.703903079032898, 1.897711992263794
1.6662180423736572, 1.738896369934082
1.6581426858901978, 1.4724091291427612
1.687752366065979, 1.02288019657135
1.7146703004837036, 1.1090174913406372
1.4454911947250366, 1.0551817417144775
0.9502018690109253, 0.7160161733627319
0.8102288246154785, 0.6944818496704102
0.7348586916923523, 0.72139972448349
0.6514132022857666, 0.8452220559120178
0.6675639152526855, 0.9878869652748108
0.6487213969230652, 1.0201884508132935
0.8048452138900757, 1.1601614952087402
1.2274562120437622, 1.7846567630767822
1.493943452835083, 1.857335090637207
1.4670255184173584, 1.6823687553405762
1.4347240924835205, 1.620457649230957
1.5746971368789673, 1.6796770095825195
1.5746971368789673, 1.6796770095825195
1.6312247514724731, 1.2139973640441895
1.6500673294067383, 0.8532974720001221
1.5881561040878296, 0.7886945009231567
1.6150740385055542, 0.823687732219696
1.5397038459777832, 0.7860026955604553
1.528936743736267, 0.772543728351593
1.2786002159118652, 0.8129205703735352
0.966352641582489, 0.624495267868042
0.7510094046592712, 0.5222072601318359
0.7106325626373291, 0.5087482929229736
0.6864064335823059, 0.5087482929229736
0.6890982389450073, 0.5437415838241577
0.7133243680000305, 0.5787348747253418
0.654105007648468, 0.8156123757362366
0.5841184258460999, 0.8990578651428223
0.5464333891868591, 0.8344548940658569
0.49798116087913513, 0.7348586916923523
0.5222072601318359, 0.8102288246154785
0.5921937823295593, 0.8936743140220642
0.72139972448349, 0.9394347071647644
1.0713324546813965, 1.4508748054504395
1.3297443389892578, 1.5154777765274048
1.35127854347229, 1.4024226665496826
1.359354019165039, 1.477792739868164
1.3297443389892578, 1.3808883428573608
1.3297443389892578, 1.3808883428573608
1.4212651252746582, 1.5558546781539917
1.4212651252746582, 1.5558546781539917
1.53432035446167, 1.6662180423736572
1.6069986820220947, 1.6419919729232788
1.6689097881317139, 0.8640645742416382
1.5908479690551758, 0.7537012100219727
1.4966353178024292, 0.7079407572746277
1.4966353178024292, 0.7079407572746277
1.4966353178024292, 0.7079407572746277
