actor_1,actor_2
1.4616420269012451, 1.9111709594726562
1.6742933988571167, 1.9407806396484375
1.6258411407470703, 1.7846567630767822
1.620457649230957, 1.518169641494751
1.6769851446151733, 1.1117092370986938
1.720053791999817, 1.2139973640441895
1.4616420269012451, 1.1493943929672241
0.9905787110328674, 0.818304181098938
0.8317631483078003, 0.7779273390769958
0.772543728351593, 0.7994616627693176
0.7698519229888916, 1.1036338806152344
1.1090174913406372, 1.5262449979782104
1.4643337726593018, 2.0
1.6635262966156006, 2.0
1.6043068170547485, 1.9353970289230347
1.5989233255386353, 1.722745656967163
1.5908479690551758, 1.2786002159118652
1.6850606203079224, 1.0013458728790283
1.7146703004837036, 1.0309555530548096
1.6689097881317139, 0.9582772254943848
1.4347240924835205, 1.0148048400878906
1.098250389099121, 0.7913862466812134
0.8344548940658569, 0.7133243680000305
0.7940780520439148, 0.6594885587692261
0.7590848207473755, 0.6487213969230652
0.7267833352088928, 0.767160177230835
0.6487213969230652, 0.9448183178901672
0.6056527495384216, 1.1009421348571777
0.6298788785934448, 1.1251682043075562
0.9367429614067078, 1.44279944896698
1.2382234334945679, 1.9273216724395752
1.44279944896698, 1.9515477418899536
1.4051144123077393, 1.7765814065933228
1.3862718343734741, 1.720053791999817
1.4481830596923828, 1.7927321195602417
1.53432035446167, 1.7335127592086792
1.5585464239120483, 1.596231460571289
1.6689097881317139, 1.0067294836044312
1.6043068170547485, 0.8613728284835815
1.4804844856262207, 0.7187079191207886
1.4804844856262207, 0.7187079191207886
1.493943452835083, 0.7483176589012146
1.5208613872528076, 0.7698519229888916
1.5020188093185425, 0.7913862466812134
1.4697173833847046, 0.8559892177581787
1.11440110206604, 0.7644683718681335
0.7617765665054321, 0.5545087456703186
0.7375504970550537, 0.5168237090110779
0.7375504970550537, 0.5168237090110779
0.7187079191207886, 0.48990577459335327
0.7187079191207886, 0.48990577459335327
0.772543728351593, 0.5760430693626404
0.772543728351593, 0.5760430693626404
0.7590848207473755, 0.6487213969230652
0.6487213969230652, 0.9448183178901672
0.5545087456703186, 0.9367429614067078
0.5302826166152954, 0.8075370192527771
0.5302826166152954, 0.8075370192527771
