actor_1,actor_2
1.7362046241760254, 2.0
1.841184377670288, 2.0
1.7146703004837036, 1.9461642503738403
1.6635262966156006, 1.7281291484832764
1.652759075164795, 1.1790040731430054
1.7281291484832764, 1.1736204624176025
1.8492597341537476, 1.0740242004394531
1.9300134181976318, 1.1574697494506836
1.9542396068572998, 1.273216724395752
1.5827724933624268, 0.9636608362197876
1.3485867977142334, 0.8048452138900757
1.2678331136703491, 0.7644683718681335
1.2409151792526245, 0.7617765665054321
1.1601614952087402, 0.8640645742416382
0.9528936743736267, 1.0928667783737183
0.7886945009231567, 1.0847914218902588
0.7886945009231567, 1.0847914218902588
0.7348586916923523, 1.0874831676483154
0.767160177230835, 1.1063257455825806
0.9636608362197876, 1.3566621541976929
1.170928716659546, 1.7254374027252197
1.3728128671646118, 1.7335127592086792
1.2947510480880737, 1.601615071296692
1.248990535736084, 1.5504710674285889
1.2382234334945679, 1.5827724933624268
1.335127830505371, 1.6689097881317139
1.335127830505371, 1.6689097881317139
1.5235531330108643, 1.7738896608352661
1.647375464439392, 1.545087456703186
1.7146703004837036, 1.0148048400878906
1.6554508209228516, 0.88559889793396
1.528936743736267, 0.6406460404396057
1.528936743736267, 0.6406460404396057
1.6123822927474976, 0.7240915298461914
1.7012113332748413, 0.7752355337142944
1.846567988395691, 0.9098250269889832
1.6312247514724731, 0.9232839941978455
1.410498023033142, 0.7483176589012146
1.2086137533187866, 0.6648721694946289
1.1440107822418213, 0.6352624297142029
1.1278600692749023, 0.5841184258460999
1.1278600692749023, 0.5841184258460999
1.1870794296264648, 0.6298788785934448
1.2409151792526245, 0.7617765665054321
1.2086137533187866, 0.8263795375823975
0.9340511560440063, 1.090174913406372
0.8371466994285583, 1.1386271715164185
0.7187079191207886, 1.012113094329834
0.7187079191207886, 1.012113094329834
