actor_1,actor_2
1.6796770095825195, 2.0
1.7496634721755981, 2.0
1.5639300346374512, 1.9515477418899536
1.5316284894943237, 1.7173620462417603
1.5666217803955078, 1.1790040731430054
1.6689097881317139, 1.1682368516921997
1.790040373802185, 1.1063257455825806
1.9623149633407593, 1.216689109802246
2.0, 1.335127830505371
1.6635262966156006, 1.1386271715164185
1.4454911947250366, 0.9798115491867065
1.3997308015823364, 0.9313593506813049
1.3781964778900146, 0.9394347071647644
1.3135935068130493, 1.02288019657135
1.11440110206604, 1.3566621541976929
0.9098250269889832, 1.3297443389892578
0.9098250269889832, 1.3297443389892578
0.8452220559120178, 1.2651413679122925
0.8613728284835815, 1.324360728263855
0.9986541271209717, 1.5935397148132324
1.1924630403518677, 1.8331090211868286
1.324360728263855, 1.8196500539779663
1.2032301425933838, 1.703903079032898
1.1547778844833374, 1.6231493949890137
1.1413190364837646, 1.569313645362854
1.222072720527649, 1.6796770095825195
1.222072720527649, 1.6796770095825195
1.3835800886154175, 1.7577389478683472
1.510094165802002, 1.5504710674285889
1.6312247514724731, 1.039030909538269
1.6123822927474976, 0.9421265125274658
1.4724091291427612, 0.7590848207473755
1.4724091291427612, 0.7590848207473755
