actor_1,actor_2
1.5558546781539917, 1.9865410327911377
1.7927321195602417, 2.0
1.7523553371429443, 1.965006709098816
1.7658143043518066, 1.806191086769104
1.7335127592086792, 1.2570658922195435
1.795423984527588, 1.2193808555603027
1.8842530250549316, 1.063257098197937
1.9273216724395752, 1.1090174913406372
1.703903079032898, 1.063257098197937
1.2247644662857056, 0.7456258535385132
0.9098250269889832, 0.6191117167472839
0.8452220559120178, 0.5598923563957214
0.7940780520439148, 0.5841184258460999
0.7860026955604553, 0.6621803641319275
0.7348586916923523, 0.8479138612747192
0.6460295915603638, 0.7644683718681335
0.6460295915603638, 0.7644683718681335
0.6379542350769043, 0.7617765665054321
0.6514132022857666, 0.8075370192527771
0.8613728284835815, 1.0336474180221558
1.0713324546813965, 1.4293404817581177
1.324360728263855, 1.5585464239120483
1.3270524740219116, 1.4454911947250366
1.3378196954727173, 1.426648736000061
1.3216688632965088, 1.4454911947250366
1.4051144123077393, 1.5773890018463135
1.4051144123077393, 1.5773890018463135
1.6231493949890137, 1.822341799736023
1.779273271560669, 1.636608362197876
1.8088829517364502, 1.1197847127914429
1.7738896608352661, 0.9555854797363281
1.6769851446151733, 0.7617765665054321
1.6769851446151733, 0.7617765665054321
1.7577389478683472, 0.8344548940658569
1.7738896608352661, 0.8559892177581787
1.8034993410110474, 0.8963660597801208
1.477792739868164, 0.8102288246154785
1.1413190364837646, 0.6298788785934448
0.8559892177581787, 0.5275908708572388
0.7940780520439148, 0.4845221936702728
0.7510094046592712, 0.460296094417572
0.7510094046592712, 0.460296094417572
0.767160177230835, 0.506056547164917
0.7940780520439148, 0.5841184258460999
0.8129205703735352, 0.654105007648468
0.7537012100219727, 0.8398385047912598
0.6567967534065247, 0.8532974720001221
0.6164199113845825, 0.7025572061538696
0.6164199113845825, 0.7025572061538696
