actor_1,actor_2
1.7873486280441284, 1.857335090637207
1.9111709594726562, 2.0
1.8169583082199097, 1.967698574066162
1.7981157302856445, 1.6904441118240356
1.897711992263794, 1.300134539604187
1.983849287033081, 1.4239569902420044
1.841184377670288, 1.1413190364837646
1.222072720527649, 0.8075370192527771
1.0928667783737183, 0.7967698574066162
1.0040377378463745, 0.7752355337142944
0.8990578651428223, 0.9125168323516846
0.9071332216262817, 1.0551817417144775
0.7913862466812134, 1.063257098197937
0.8802153468132019, 1.170928716659546
1.3109017610549927, 1.5800807476043701
1.5720053911209106, 1.9165544509887695
1.5235531330108643, 1.7658143043518066
1.483176350593567, 1.6796770095825195
1.6096904277801514, 1.857335090637207
1.6096904277801514, 1.857335090637207
1.7281291484832764, 1.410498023033142
1.857335090637207, 1.047106385231018
1.7846567630767822, 0.966352641582489
1.8627187013626099, 1.0255720615386963
1.8088829517364502, 0.9421265125274658
1.8142664432525635, 0.9179003834724426
1.636608362197876, 0.8263795375823975
1.1843875646591187, 0.6971735954284668
1.0067294836044312, 0.6029609441757202
1.0013458728790283, 0.608344554901123
0.9798115491867065, 0.608344554901123
1.0148048400878906, 0.6433378458023071
0.9851951599121094, 0.670255720615387
0.9259757995605469, 0.8990578651428223
0.7510094046592712, 0.9798115491867065
0.6325706839561462, 0.7617765665054321
0.6325706839561462, 0.7617765665054321
0.624495267868042, 0.7160161733627319
