actor_1,actor_2
1.4293404817581177, 1.9192463159561157
1.779273271560669, 1.9973082542419434
1.7092866897583008, 1.8869447708129883
1.6393001079559326, 1.6446837186813354
1.5504710674285889, 1.197846531867981
1.6339164972305298, 1.1924630403518677
1.7846567630767822, 1.1440107822418213
1.8250336647033691, 1.197846531867981
1.6043068170547485, 1.1601614952087402
1.098250389099121, 0.8156123757362366
0.7967698574066162, 0.6621803641319275
0.6998654007911682, 0.6271870732307434
0.6460295915603638, 0.6325706839561462
0.6110363602638245, 0.6917900443077087
0.5491251945495605, 0.9232839941978455
0.5464333891868591, 1.0417227745056152
0.5598923563957214, 1.098250389099121
0.869448184967041, 1.5370121002197266
1.35127854347229, 1.9730820655822754
1.4481830596923828, 1.967698574066162
1.4239569902420044, 1.8869447708129883
1.3647375106811523, 1.822341799736023
1.493943452835083, 1.8088829517364502
1.5235531330108643, 1.6796770095825195
1.5504710674285889, 1.197846531867981
1.5720053911209106, 1.0148048400878906
1.5720053911209106, 1.0148048400878906
1.5827724933624268, 1.012113094329834
1.6850606203079224, 1.063257098197937
1.6850606203079224, 1.0255720615386963
1.6581426858901978, 1.0740242004394531
1.2059218883514404, 0.9179003834724426
0.7806190848350525, 0.6218035221099854
0.6837146878242493, 0.6029609441757202
0.6837146878242493, 0.6029609441757202
0.6352624297142029, 0.5679677128791809
0.6460295915603638, 0.5895020365715027
0.6460295915603638, 0.6325706839561462
0.6110363602638245, 0.6917900443077087
0.506056547164917, 0.9609690308570862
0.4737550616264343, 0.9475101232528687
0.4683714807033539, 0.8802153468132019
0.4468371570110321, 0.9098250269889832
0.4468371570110321, 0.9098250269889832
0.6621803641319275, 1.1628532409667969
0.869448184967041, 1.5558546781539917
1.2247644662857056, 1.7523553371429443
1.2597577571868896, 1.7065949440002441
1.2651413679122925, 1.7012113332748413
1.2086137533187866, 1.6339164972305298
1.170928716659546, 1.5316284894943237
1.2597577571868896, 1.5881561040878296
1.3566621541976929, 1.5746971368789673
1.4239569902420044, 1.5585464239120483
1.518169641494751, 1.1009421348571777
1.493943452835083, 1.0094212293624878
1.493943452835083, 0.9394347071647644
1.493943452835083, 0.9394347071647644
1.493943452835083, 0.9394347071647644
