actor_1,actor_2
1.3647375106811523, 1.7577389478683472
1.5666217803955078, 1.7335127592086792
1.4804844856262207, 1.6123822927474976
1.4616420269012451, 1.3485867977142334
1.5585464239120483, 1.039030909538269
1.6419919729232788, 1.1547778844833374
1.4508748054504395, 1.1063257455825806
1.0040377378463745, 0.7779273390769958
0.8613728284835815, 0.7806190848350525
0.767160177230835, 0.7752355337142944
0.7537012100219727, 1.0713324546813965
0.982503354549408, 1.426648736000061
1.3270524740219116, 1.9219380617141724
1.5262449979782104, 1.9111709594726562
1.4401077032089233, 1.7819650173187256
1.426648736000061, 1.5208613872528076
1.3566621541976929, 1.1063257455825806
1.5370121002197266, 0.8452220559120178
1.6123822927474976, 0.920592188835144
1.6258411407470703, 0.8559892177581787
1.458950161933899, 0.9313593506813049
1.130551815032959, 0.7160161733627319
0.9098250269889832, 0.6890982389450073
0.8398385047912598, 0.6325706839561462
0.7563930153846741, 0.6271870732307434
0.6567967534065247, 0.767160177230835
0.5921937823295593, 0.982503354549408
0.5814266204833984, 1.0686405897140503
0.6029609441757202, 1.1117092370986938
0.8371466994285583, 1.3458950519561768
1.1224764585494995, 1.790040373802185
1.3270524740219116, 1.7577389478683472
1.273216724395752, 1.6339164972305298
1.2462987899780273, 1.545087456703186
1.2247644662857056, 1.5531628131866455
1.3109017610549927, 1.545087456703186
1.3378196954727173, 1.3862718343734741
1.4239569902420044, 0.8532974720001221
1.3620457649230957, 0.6917900443077087
1.2113054990768433, 0.5625841021537781
1.2113054990768433, 0.5625841021537781
1.308210015296936, 0.608344554901123
1.3674293756484985, 0.6621803641319275
1.4239569902420044, 0.6998654007911682
1.44279944896698, 0.7617765665054321
1.1682368516921997, 0.7348586916923523
0.8398385047912598, 0.5383580327033997
0.7913862466812134, 0.5087482929229736
0.7913862466812134, 0.5087482929229736
0.7267833352088928, 0.4818304181098938
0.7267833352088928, 0.4818304181098938
0.7806190848350525, 0.5491251945495605
0.7806190848350525, 0.5491251945495605
0.7563930153846741, 0.6271870732307434
0.5921937823295593, 0.982503354549408
0.506056547164917, 0.9259757995605469
0.457604318857193, 0.8371466994285583
0.457604318857193, 0.8371466994285583
