actor_1,actor_2
1.324360728263855, 1.6312247514724731
1.569313645362854, 1.8950202465057373
1.4481830596923828, 1.8008075952529907
1.4724091291427612, 1.569313645362854
1.4616420269012451, 0.9932705163955688
1.493943452835083, 0.9286675453186035
1.5074024200439453, 0.8129205703735352
1.5800807476043701, 0.8667563796043396
1.375504732131958, 0.8721399903297424
1.0820995569229126, 0.6675639152526855
0.8371466994285583, 0.5491251945495605
0.7860026955604553, 0.5329744219779968
0.7940780520439148, 0.5598923563957214
0.7590848207473755, 0.6218035221099854
0.6729475259780884, 0.7833108901977539
0.6271870732307434, 0.8263795375823975
0.6271870732307434, 0.8263795375823975
0.5841184258460999, 0.8452220559120178
0.6056527495384216, 0.8425303101539612
0.772543728351593, 1.0255720615386963
0.9878869652748108, 1.3055181503295898
1.2113054990768433, 1.5235531330108643
1.1843875646591187, 1.4616420269012451
1.197846531867981, 1.4212651252746582
1.1843875646591187, 1.4024226665496826
1.2651413679122925, 1.493943452835083
1.2651413679122925, 1.493943452835083
1.375504732131958, 1.6931359767913818
1.5047106742858887, 1.3889636993408203
1.528936743736267, 0.8425303101539612
1.4320323467254639, 0.7267833352088928
1.2759084701538086, 0.5760430693626404
1.2759084701538086, 0.5760430693626404
1.3109017610549927, 0.6191117167472839
1.308210015296936, 0.6352624297142029
1.3647375106811523, 0.7402422428131104
1.1520861387252808, 0.6810228824615479
0.9475101232528687, 0.5679677128791809
0.767160177230835, 0.4683714807033539
0.72139972448349, 0.457604318857193
0.6998654007911682, 0.4441453516483307
0.6998654007911682, 0.4441453516483307
0.7187079191207886, 0.4818304181098938
0.7940780520439148, 0.5598923563957214
0.8048452138900757, 0.6002691984176636
0.7160161733627319, 0.8290713429450989
0.6433378458023071, 0.8882907032966614
0.573351263999939, 0.7833108901977539
0.573351263999939, 0.7833108901977539
