actor_1,actor_2
1.5935397148132324, 1.9030956029891968
1.8788694143295288, 2.0
1.7604306936264038, 1.9569313526153564
1.7281291484832764, 1.6339164972305298
1.881561279296875, 1.2113054990768433
1.9946163892745972, 1.3970390558242798
1.7092866897583008, 1.1601614952087402
1.098250389099121, 0.8748317360877991
0.966352641582489, 0.8775235414505005
0.8829071521759033, 0.9367429614067078
0.8990578651428223, 1.2059218883514404
1.1090174913406372, 1.5423957109451294
1.5423957109451294, 2.0
1.8034993410110474, 2.0
1.687752366065979, 2.0
1.6850606203079224, 1.8277254104614258
1.6500673294067383, 1.308210015296936
1.9569313526153564, 1.0255720615386963
2.0, 1.0874831676483154
2.0, 1.0713324546813965
1.8384926319122314, 1.0497981309890747
1.3216688632965088, 0.8532974720001221
1.0767160654067993, 0.7967698574066162
0.982503354549408, 0.7590848207473755
0.9125168323516846, 0.7644683718681335
0.8317631483078003, 0.9071332216262817
0.7590848207473755, 1.1170928478240967
0.7294750809669495, 1.2059218883514404
0.7483176589012146, 1.170928716659546
0.9448183178901672, 1.3835800886154175
1.2678331136703491, 1.8250336647033691
1.5020188093185425, 2.0
1.4212651252746582, 1.8546433448791504
1.3728128671646118, 1.7281291484832764
1.4051144123077393, 1.7631224393844604
1.5154777765274048, 1.7873486280441284
1.585464358329773, 1.6500673294067383
1.7981157302856445, 1.02288019657135
1.790040373802185, 0.8371466994285583
1.6608344316482544, 0.6998654007911682
1.6608344316482544, 0.6998654007911682
1.795423984527588, 0.7779273390769958
1.8734859228134155, 0.8263795375823975
1.9461642503738403, 0.9098250269889832
1.9273216724395752, 0.9475101232528687
1.545087456703186, 0.8452220559120178
1.028263807296753, 0.675639271736145
0.9421265125274658, 0.6567967534065247
0.9421265125274658, 0.6567967534065247
0.8990578651428223, 0.6218035221099854
0.8990578651428223, 0.6218035221099854
0.9367429614067078, 0.6837146878242493
0.9367429614067078, 0.6837146878242493
0.9125168323516846, 0.7644683718681335
0.7590848207473755, 1.1170928478240967
0.675639271736145, 1.0201884508132935
0.6352624297142029, 0.9421265125274658
0.6352624297142029, 0.9421265125274658
