actor_1,actor_2
1.4562584161758423, 1.7819650173187256
1.652759075164795, 2.0
1.569313645362854, 1.913862705230713
1.5262449979782104, 1.5746971368789673
1.3943471908569336, 0.8990578651428223
1.477792739868164, 0.8344548940658569
1.5989233255386353, 0.7617765665054321
1.6554508209228516, 0.8479138612747192
1.528936743736267, 0.8506056666374207
1.0928667783737183, 0.6944818496704102
0.8586810231208801, 0.5814266204833984
0.7886945009231567, 0.5598923563957214
0.7860026955604553, 0.5679677128791809
0.7160161733627319, 0.6164199113845825
0.72139972448349, 0.9044414758682251
0.6487213969230652, 0.8936743140220642
0.6487213969230652, 0.8936743140220642
0.6137281060218811, 0.8748317360877991
0.6298788785934448, 0.920592188835144
0.7994616627693176, 1.1413190364837646
0.9986541271209717, 1.3647375106811523
1.197846531867981, 1.6150740385055542
1.1736204624176025, 1.4724091291427612
1.1413190364837646, 1.3889636993408203
1.1224764585494995, 1.3728128671646118
1.2113054990768433, 1.510094165802002
1.2113054990768433, 1.510094165802002
1.3781964778900146, 1.755047082901001
1.5235531330108643, 1.3781964778900146
1.483176350593567, 0.7537012100219727
1.407806158065796, 0.6675639152526855
1.2059218883514404, 0.5302826166152954
1.2059218883514404, 0.5302826166152954
1.2947510480880737, 0.5625841021537781
1.3539704084396362, 0.5921937823295593
1.3728128671646118, 0.7348586916923523
1.1951547861099243, 0.6648721694946289
0.920592188835144, 0.5868102312088013
0.7510094046592712, 0.506056547164917
0.7025572061538696, 0.4952893555164337
0.6837146878242493, 0.4791386127471924
0.6837146878242493, 0.4791386127471924
0.7402422428131104, 0.506056547164917
0.7860026955604553, 0.5679677128791809
0.7617765665054321, 0.6056527495384216
0.7375504970550537, 0.9367429614067078
0.6783310770988464, 0.9555854797363281
0.5975773930549622, 0.8290713429450989
0.5975773930549622, 0.8290713429450989
