actor_1,actor_2
1.6931359767913818, 1.7765814065933228
1.8707940578460693, 2.0
1.7819650173187256, 1.8358007669448853
1.7308210134506226, 1.53432035446167
1.8008075952529907, 1.0524898767471313
1.8788694143295288, 1.222072720527649
1.67160165309906, 1.0040377378463745
1.130551815032959, 0.6917900443077087
0.9636608362197876, 0.6567967534065247
0.8802153468132019, 0.675639271736145
0.8290713429450989, 0.8479138612747192
0.8506056666374207, 0.9475101232528687
0.767160177230835, 0.9098250269889832
0.9286675453186035, 1.039030909538269
1.3109017610549927, 1.5531628131866455
1.5639300346374512, 1.9004037380218506
1.4966353178024292, 1.6985194683074951
1.4562584161758423, 1.5989233255386353
1.601615071296692, 1.687752366065979
1.601615071296692, 1.687752366065979
1.620457649230957, 1.1951547861099243
1.687752366065979, 0.8102288246154785
1.652759075164795, 0.7402422428131104
1.7577389478683472, 0.8102288246154785
1.6985194683074951, 0.7537012100219727
1.7092866897583008, 0.8290713429450989
1.5154777765274048, 0.7752355337142944
1.2005383968353271, 0.6271870732307434
0.966352641582489, 0.5087482929229736
0.9259757995605469, 0.5275908708572388
0.8990578651428223, 0.5491251945495605
0.9125168323516846, 0.5706595182418823
0.9071332216262817, 0.6029609441757202
0.8963660597801208, 0.8290713429450989
0.7267833352088928, 0.8882907032966614
0.624495267868042, 0.7240915298461914
0.624495267868042, 0.7240915298461914
0.6029609441757202, 0.7106325626373291
