actor_1,actor_2
1.6985194683074951, 2.0
1.795423984527588, 2.0
1.6769851446151733, 2.0
1.6312247514724731, 1.7873486280441284
1.5989233255386353, 1.2139973640441895
1.6985194683074951, 1.222072720527649
1.8384926319122314, 1.1790040731430054
1.9273216724395752, 1.3109017610549927
1.897711992263794, 1.273216724395752
1.4724091291427612, 0.9744279980659485
1.2113054990768433, 0.823687732219696
1.1117092370986938, 0.7886945009231567
1.0713324546813965, 0.7994616627693176
1.0013458728790283, 0.8640645742416382
0.9232839941978455, 1.1278600692749023
0.7833108901977539, 1.095558524131775
0.7833108901977539, 1.095558524131775
0.7617765665054321, 1.0928667783737183
0.8048452138900757, 1.1197847127914429
0.9609690308570862, 1.324360728263855
1.1682368516921997, 1.5908479690551758
1.3432031869888306, 1.806191086769104
1.2812920808792114, 1.6096904277801514
1.2597577571868896, 1.5397038459777832
1.2570658922195435, 1.510094165802002
1.3189771175384521, 1.6150740385055542
1.3189771175384521, 1.6150740385055542
1.4670255184173584, 1.8250336647033691
1.6231493949890137, 1.6096904277801514
1.7065949440002441, 1.1197847127914429
1.6608344316482544, 1.012113094329834
1.5235531330108643, 0.8667563796043396
1.5235531330108643, 0.8667563796043396
1.6043068170547485, 0.9582772254943848
1.6608344316482544, 0.9986541271209717
1.7846567630767822, 1.170928716659546
1.6312247514724731, 1.02288019657135
1.3432031869888306, 0.8640645742416382
1.1359354257583618, 0.7456258535385132
1.047106385231018, 0.72139972448349
1.0094212293624878, 0.6837146878242493
1.0094212293624878, 0.6837146878242493
1.0444145202636719, 0.7187079191207886
1.0713324546813965, 0.7994616627693176
1.0713324546813965, 0.8479138612747192
0.9528936743736267, 1.1574697494506836
0.823687732219696, 1.1843875646591187
0.7375504970550537, 1.0255720615386963
0.7375504970550537, 1.0255720615386963
