actor_1,actor_2
1.6043068170547485, 1.6985194683074951
1.6312247514724731, 1.9542396068572998
1.4535666704177856, 1.8034993410110474
1.3862718343734741, 1.4697173833847046
1.2786002159118652, 0.8209959864616394
1.3189771175384521, 0.7833108901977539
1.3808883428573608, 0.6890982389450073
1.4912517070770264, 0.7456258535385132
1.4508748054504395, 0.7375504970550537
1.1063257455825806, 0.6567967534065247
0.8802153468132019, 0.5948855876922607
0.8371466994285583, 0.5679677128791809
0.8263795375823975, 0.5787348747253418
0.8317631483078003, 0.6621803641319275
0.7940780520439148, 0.9098250269889832
0.675639271736145, 0.9071332216262817
0.675639271736145, 0.9071332216262817
0.6621803641319275, 0.8721399903297424
0.6971735954284668, 0.8829071521759033
0.8775235414505005, 1.0094212293624878
1.1359354257583618, 1.1897711753845215
1.2462987899780273, 1.3889636993408203
1.146702527999878, 1.2947510480880737
1.090174913406372, 1.2059218883514404
1.0497981309890747, 1.2274562120437622
1.1170928478240967, 1.410498023033142
1.1170928478240967, 1.410498023033142
1.2678331136703491, 1.6823687553405762
1.3378196954727173, 1.2355316877365112
1.2705248594284058, 0.6567967534065247
1.2139973640441895, 0.5760430693626404
1.0309555530548096, 0.4710632562637329
1.0309555530548096, 0.4710632562637329
1.11440110206604, 0.506056547164917
1.170928716659546, 0.5491251945495605
1.2786002159118652, 0.6002691984176636
1.1843875646591187, 0.5975773930549622
0.9421265125274658, 0.5356662273406982
0.7806190848350525, 0.5033647418022156
0.7537012100219727, 0.4845221936702728
0.7348586916923523, 0.47644683718681335
0.7348586916923523, 0.47644683718681335
0.7617765665054321, 0.5141319036483765
0.8263795375823975, 0.5787348747253418
0.8506056666374207, 0.6164199113845825
0.8156123757362366, 0.8936743140220642
0.705249011516571, 0.9448183178901672
0.6406460404396057, 0.8371466994285583
0.6406460404396057, 0.8371466994285583
