actor_1,actor_2
1.8681023120880127, 1.897711992263794
1.9004037380218506, 2.0
1.7281291484832764, 1.8681023120880127
1.6608344316482544, 1.528936743736267
1.7604306936264038, 1.1251682043075562
1.913862705230713, 1.232839822769165
1.8277254104614258, 1.0686405897140503
1.3216688632965088, 0.7402422428131104
1.2032301425933838, 0.7267833352088928
1.0847914218902588, 0.7429340481758118
0.9905787110328674, 0.9098250269889832
0.966352641582489, 0.9744279980659485
0.8156123757362366, 0.8882907032966614
0.8479138612747192, 0.9690443873405457
0.8479138612747192, 0.9448183178901672
0.9259757995605469, 1.028263807296753
1.181695818901062, 1.3539704084396362
1.335127830505371, 1.6123822927474976
1.3055181503295898, 1.6339164972305298
1.2570658922195435, 1.53432035446167
1.216689109802246, 1.391655445098877
1.216689109802246, 1.391655445098877
1.3943471908569336, 1.703903079032898
1.3943471908569336, 1.703903079032898
1.6258411407470703, 1.5208613872528076
1.6312247514724731, 0.8559892177581787
1.4804844856262207, 0.705249011516571
1.4804844856262207, 0.705249011516571
1.4347240924835205, 0.6460295915603638
1.4912517070770264, 0.6837146878242493
1.5989233255386353, 0.767160177230835
1.6419919729232788, 0.8048452138900757
1.477792739868164, 0.7267833352088928
1.181695818901062, 0.5787348747253418
1.0847914218902588, 0.5491251945495605
1.012113094329834, 0.5275908708572388
1.0013458728790283, 0.5195154547691345
1.0013458728790283, 0.5195154547691345
1.0497981309890747, 0.5518169403076172
1.012113094329834, 0.7321668863296509
1.0040377378463745, 0.9259757995605469
0.8936743140220642, 0.9098250269889832
0.7913862466812134, 0.8532974720001221
