actor_1,actor_2
1.6312247514724731, 1.6796770095825195
1.6958277225494385, 1.948855996131897
1.6123822927474976, 1.755047082901001
1.5773890018463135, 1.3539704084396362
1.7469717264175415, 1.0524898767471313
1.846567988395691, 1.1601614952087402
1.7819650173187256, 0.9582772254943848
1.2301480770111084, 0.6729475259780884
1.0417227745056152, 0.6406460404396057
0.9232839941978455, 0.6298788785934448
0.7160161733627319, 0.7160161733627319
0.6944818496704102, 0.767160177230835
0.5814266204833984, 0.7187079191207886
0.624495267868042, 0.7698519229888916
0.6379542350769043, 0.7806190848350525
0.7348586916923523, 0.818304181098938
1.0013458728790283, 1.063257098197937
1.2382234334945679, 1.3728128671646118
1.2786002159118652, 1.4320323467254639
1.2382234334945679, 1.324360728263855
1.2139973640441895, 1.1924630403518677
1.2382234334945679, 1.324360728263855
1.2920591831207275, 1.3189771175384521
1.359354019165039, 1.5154777765274048
1.359354019165039, 1.5154777765274048
1.5127860307693481, 1.4616420269012451
1.6662180423736572, 0.9313593506813049
1.6796770095825195, 0.7510094046592712
1.6258411407470703, 0.608344554901123
1.6958277225494385, 0.6487213969230652
1.8142664432525635, 0.7267833352088928
1.6958277225494385, 0.7294750809669495
1.335127830505371, 0.5787348747253418
1.2570658922195435, 0.5437415838241577
1.1170928478240967, 0.506056547164917
1.02288019657135, 0.49798116087913513
0.9232839941978455, 0.5033647418022156
0.7187079191207886, 0.6164199113845825
0.7240915298461914, 0.7187079191207886
0.6487213969230652, 0.7267833352088928
0.6002691984176636, 0.6567967534065247
