actor_1,actor_2
1.410498023033142, 1.6339164972305298
1.5585464239120483, 1.8761776685714722
1.5020188093185425, 1.7604306936264038
1.493943452835083, 1.410498023033142
1.6231493949890137, 0.9959623217582703
1.6662180423736572, 1.063257098197937
1.4966353178024292, 0.9071332216262817
0.8506056666374207, 0.5921937823295593
0.7133243680000305, 0.5679677128791809
0.6433378458023071, 0.5706595182418823
0.5222072601318359, 0.6379542350769043
0.4952893555164337, 0.7617765665054321
0.4253028333187103, 0.7886945009231567
0.5275908708572388, 0.8963660597801208
0.966352641582489, 1.4293404817581177
1.2597577571868896, 1.7469717264175415
1.2059218883514404, 1.6500673294067383
1.2086137533187866, 1.5370121002197266
1.359354019165039, 1.647375464439392
1.359354019165039, 1.647375464439392
1.477792739868164, 1.11440110206604
1.620457649230957, 0.7510094046592712
1.5881561040878296, 0.6675639152526855
1.647375464439392, 0.7187079191207886
1.6258411407470703, 0.6864064335823059
1.6231493949890137, 0.7079407572746277
1.4401077032089233, 0.7079407572746277
1.0336474180221558, 0.5410497784614563
0.7860026955604553, 0.46298789978027344
0.7402422428131104, 0.42799460887908936
0.7240915298461914, 0.41722744703292847
0.7240915298461914, 0.43876177072525024
0.6971735954284668, 0.457604318857193
0.5491251945495605, 0.6056527495384216
0.41453567147254944, 0.6890982389450073
0.3876177668571472, 0.624495267868042
0.34185734391212463, 0.5625841021537781
0.34454911947250366, 0.6110363602638245
0.36608344316482544, 0.6998654007911682
0.44952893257141113, 0.7510094046592712
0.8156123757362366, 1.1117092370986938
1.0767160654067993, 1.3324360847473145
1.0874831676483154, 1.324360728263855
1.1063257455825806, 1.3620457649230957
1.0767160654067993, 1.2274562120437622
1.0767160654067993, 1.2274562120437622
1.130551815032959, 1.4347240924835205
1.130551815032959, 1.4347240924835205
1.300134539604187, 1.5827724933624268
1.4293404817581177, 1.596231460571289
1.5908479690551758, 0.7860026955604553
1.5585464239120483, 0.6271870732307434
1.5208613872528076, 0.5868102312088013
1.5208613872528076, 0.5868102312088013
1.5208613872528076, 0.5868102312088013
