actor_1,actor_2
1.5639300346374512, 1.7604306936264038
1.7146703004837036, 2.0
1.6635262966156006, 1.897711992263794
1.6285330057144165, 1.5262449979782104
1.7523553371429443, 1.130551815032959
1.8008075952529907, 1.222072720527649
1.6069986820220947, 0.9905787110328674
1.0336474180221558, 0.6648721694946289
0.8802153468132019, 0.6352624297142029
0.8102288246154785, 0.6271870732307434
0.7267833352088928, 0.7133243680000305
0.6890982389450073, 0.767160177230835
0.6029609441757202, 0.6998654007911682
0.608344554901123, 0.7698519229888916
0.5841184258460999, 0.7402422428131104
0.6514132022857666, 0.8129205703735352
0.9071332216262817, 1.0551817417144775
1.2247644662857056, 1.410498023033142
1.2516824007034302, 1.5074024200439453
1.2355316877365112, 1.4212651252746582
1.1870794296264648, 1.289367437362671
1.1870794296264648, 1.289367437362671
1.375504732131958, 1.7281291484832764
1.375504732131958, 1.7281291484832764
1.620457649230957, 1.5558546781539917
1.7092866897583008, 0.869448184967041
1.6231493949890137, 0.6944818496704102
1.6231493949890137, 0.6944818496704102
1.5639300346374512, 0.6137281060218811
1.620457649230957, 0.6567967534065247
1.6500673294067383, 0.7294750809669495
1.4966353178024292, 0.7240915298461914
1.248990535736084, 0.6621803641319275
0.9717361927032471, 0.5625841021537781
0.8667563796043396, 0.511440098285675
0.8075370192527771, 0.4710632562637329
0.8021534085273743, 0.4683714807033539
0.8021534085273743, 0.4683714807033539
0.8371466994285583, 0.5006729364395142
0.7429340481758118, 0.6218035221099854
0.7160161733627319, 0.7375504970550537
0.6406460404396057, 0.7348586916923523
0.5652759075164795, 0.6675639152526855
0.5652759075164795, 0.6675639152526855
