actor_1,actor_2
1.7308210134506226, 1.8250336647033691
1.8384926319122314, 2.0
1.738896369934082, 1.8600269556045532
1.687752366065979, 1.5827724933624268
1.6635262966156006, 1.1386271715164185
1.755047082901001, 1.2678331136703491
1.5720053911209106, 1.0040377378463745
1.047106385231018, 0.670255720615387
0.9421265125274658, 0.624495267868042
0.8532974720001221, 0.5975773930549622
0.7913862466812134, 0.7402422428131104
0.7644683718681335, 0.8048452138900757
0.6594885587692261, 0.7456258535385132
0.6917900443077087, 0.7913862466812134
0.6487213969230652, 0.8398385047912598
0.7429340481758118, 0.8802153468132019
1.0040377378463745, 1.2355316877365112
1.3485867977142334, 1.6043068170547485
1.359354019165039, 1.7092866897583008
1.3270524740219116, 1.6419919729232788
1.2543741464614868, 1.518169641494751
1.2543741464614868, 1.518169641494751
1.4293404817581177, 1.830417275428772
1.4293404817581177, 1.830417275428772
1.647375464439392, 1.6177657842636108
1.5397038459777832, 0.8829071521759033
1.44279944896698, 0.7079407572746277
1.44279944896698, 0.7079407572746277
1.359354019165039, 0.6191117167472839
1.4347240924835205, 0.6567967534065247
1.493943452835083, 0.7267833352088928
1.5020188093185425, 0.7294750809669495
1.2597577571868896, 0.6406460404396057
1.012113094329834, 0.5087482929229736
0.8990578651428223, 0.45222073793411255
0.8290713429450989, 0.41453567147254944
0.7886945009231567, 0.4226110279560089
0.7886945009231567, 0.4226110279560089
0.8371466994285583, 0.457604318857193
0.8371466994285583, 0.6298788785934448
0.8102288246154785, 0.7806190848350525
0.7429340481758118, 0.7913862466812134
0.6164199113845825, 0.7563930153846741
