actor_1,actor_2
1.2786002159118652, 1.9165544509887695
1.5504710674285889, 2.0
1.5477793216705322, 2.0
1.5504710674285889, 1.9380887746810913
1.6123822927474976, 1.4454911947250366
1.6850606203079224, 1.3728128671646118
1.8196500539779663, 1.283983826637268
1.841184377670288, 1.3189771175384521
1.6043068170547485, 1.197846531867981
1.2086137533187866, 0.8882907032966614
1.0524898767471313, 0.7886945009231567
0.9932705163955688, 0.7375504970550537
0.9609690308570862, 0.7348586916923523
0.9044414758682251, 0.8129205703735352
0.7402422428131104, 1.0336474180221558
0.6433378458023071, 1.0174965858459473
0.6433378458023071, 1.0174965858459473
0.6433378458023071, 1.0309555530548096
0.654105007648468, 0.9986541271209717
0.7644683718681335, 1.1197847127914429
0.9367429614067078, 1.4158815145492554
1.2193808555603027, 1.7281291484832764
1.2382234334945679, 1.6554508209228516
1.232839822769165, 1.6069986820220947
1.232839822769165, 1.6823687553405762
1.2759084701538086, 1.790040373802185
1.2759084701538086, 1.790040373802185
1.4293404817581177, 2.0
1.5827724933624268, 1.857335090637207
1.722745656967163, 1.3028264045715332
1.7012113332748413, 1.170928716659546
1.596231460571289, 0.9609690308570862
1.596231460571289, 0.9609690308570862
