actor_1,actor_2
1.324360728263855, 1.8142664432525635
1.510094165802002, 2.0
1.4697173833847046, 1.9030956029891968
1.4481830596923828, 1.6958277225494385
1.5127860307693481, 1.1763122081756592
1.5504710674285889, 1.1386271715164185
1.6123822927474976, 1.0444145202636719
1.6635262966156006, 1.1009421348571777
1.5154777765274048, 1.0417227745056152
1.1547778844833374, 0.772543728351593
1.0148048400878906, 0.6648721694946289
0.9582772254943848, 0.6298788785934448
0.920592188835144, 0.624495267868042
0.8748317360877991, 0.7133243680000305
0.7860026955604553, 0.9690443873405457
0.6998654007911682, 0.9528936743736267
0.6998654007911682, 0.9528936743736267
0.6944818496704102, 0.966352641582489
0.7079407572746277, 0.915208637714386
0.8371466994285583, 1.039030909538269
0.9744279980659485, 1.2705248594284058
1.197846531867981, 1.5262449979782104
1.1736204624176025, 1.4401077032089233
1.165545105934143, 1.3943471908569336
1.1951547861099243, 1.477792739868164
1.2436070442199707, 1.5720053911209106
1.2436070442199707, 1.5720053911209106
1.3862718343734741, 1.841184377670288
1.4912517070770264, 1.5773890018463135
1.5935397148132324, 1.0417227745056152
1.545087456703186, 0.9394347071647644
1.4454911947250366, 0.7483176589012146
1.4454911947250366, 0.7483176589012146
