actor_1,actor_2
1.2005383968353271, 1.7631224393844604
1.4293404817581177, 2.0
1.3997308015823364, 1.8896366357803345
1.3889636993408203, 1.6823687553405762
1.4670255184173584, 1.1628532409667969
1.5074024200439453, 1.1278600692749023
1.5800807476043701, 1.039030909538269
1.6285330057144165, 1.0928667783737183
1.4562584161758423, 1.0255720615386963
1.0767160654067993, 0.7617765665054321
0.9098250269889832, 0.654105007648468
0.8559892177581787, 0.6191117167472839
0.8075370192527771, 0.6137281060218811
0.7375504970550537, 0.6890982389450073
0.6218035221099854, 0.9340511560440063
0.5383580327033997, 0.9098250269889832
0.5383580327033997, 0.9098250269889832
0.5410497784614563, 0.9232839941978455
0.5545087456703186, 0.8748317360877991
0.6998654007911682, 0.9959623217582703
0.8506056666374207, 1.222072720527649
1.11440110206604, 1.4912517070770264
1.098250389099121, 1.4185733795166016
1.0928667783737183, 1.3728128671646118
1.1251682043075562, 1.4562584161758423
1.1736204624176025, 1.5504710674285889
1.1736204624176025, 1.5504710674285889
1.3162853717803955, 1.8277254104614258
1.4374158382415771, 1.5666217803955078
1.5558546781539917, 1.0336474180221558
1.5154777765274048, 0.9340511560440063
1.4158815145492554, 0.7429340481758118
1.4158815145492554, 0.7429340481758118
