actor_1,actor_2
1.7927321195602417, 1.8627187013626099
2.0, 2.0
1.7927321195602417, 1.8627187013626099
2.0, 2.0
1.7927321195602417, 1.8627187013626099
2.0, 2.0
1.6769851446151733, 1.7765814065933228
2.0, 2.0
1.6796770095825195, 1.6069986820220947
1.1224764585494995, 1.1332435607910156
1.6769851446151733, 1.7765814065933228
2.0, 2.0
1.6769851446151733, 1.7765814065933228
2.0, 2.0
1.6769851446151733, 1.7765814065933228
2.0, 2.0
1.6796770095825195, 1.6069986820220947
1.1170928478240967, 1.2516824007034302
1.6769851446151733, 1.7765814065933228
2.0, 2.0
1.6769851446151733, 1.7765814065933228
1.9703903198242188, 2.0
1.7631224393844604, 2.0
1.7846567630767822, 1.6742933988571167
1.8600269556045532, 1.4804844856262207
2.0, 1.4051144123077393
1.755047082901001, 1.1763122081756592
1.1951547861099243, 0.8532974720001221
1.1063257455825806, 0.7833108901977539
0.9905787110328674, 0.9125168323516846
0.8963660597801208, 0.9367429614067078
0.8802153468132019, 1.079407811164856
0.9448183178901672, 1.1682368516921997
1.039030909538269, 1.3216688632965088
1.3835800886154175, 1.7523553371429443
1.6231493949890137, 1.9811574220657349
1.6312247514724731, 2.0
1.569313645362854, 2.0
1.5020188093185425, 1.841184377670288
1.569313645362854, 1.7765814065933228
1.6419919729232788, 1.7927321195602417
1.6742933988571167, 1.510094165802002
1.5316284894943237, 0.9071332216262817
1.483176350593567, 0.8102288246154785
1.483176350593567, 0.8102288246154785
1.477792739868164, 0.818304181098938
1.5989233255386353, 0.9098250269889832
1.6285330057144165, 0.8936743140220642
1.3055181503295898, 0.7940780520439148
1.0255720615386963, 0.6487213969230652
0.966352641582489, 0.6218035221099854
0.9421265125274658, 0.6298788785934448
0.9044414758682251, 0.5975773930549622
0.9179003834724426, 0.6218035221099854
0.9340511560440063, 0.6621803641319275
0.8559892177581787, 0.8829071521759033
0.8532974720001221, 0.9340511560440063
0.7940780520439148, 0.8802153468132019
0.7940780520439148, 0.8802153468132019
0.818304181098938, 1.012113094329834
0.8775235414505005, 1.090174913406372
0.9609690308570862, 1.2193808555603027
