actor_1,actor_2
1.3216688632965088, 1.8492597341537476
1.720053791999817, 2.0
1.7146703004837036, 1.9246299266815186
1.6985194683074951, 1.738896369934082
1.636608362197876, 1.2247644662857056
1.7362046241760254, 1.197846531867981
1.822341799736023, 1.0713324546813965
1.7658143043518066, 1.1090174913406372
1.4131897687911987, 1.0201884508132935
0.9071332216262817, 0.7483176589012146
0.7429340481758118, 0.5518169403076172
0.7025572061538696, 0.511440098285675
0.6810228824615479, 0.5302826166152954
0.6567967534065247, 0.5706595182418823
0.608344554901123, 0.7860026955604553
0.5598923563957214, 0.7779273390769958
0.5598923563957214, 0.7779273390769958
0.5491251945495605, 0.7563930153846741
0.573351263999939, 0.7698519229888916
0.6998654007911682, 1.0094212293624878
0.9367429614067078, 1.289367437362671
1.3458950519561768, 1.5127860307693481
1.3566621541976929, 1.4401077032089233
1.3432031869888306, 1.4212651252746582
1.3055181503295898, 1.4239569902420044
1.3889636993408203, 1.569313645362854
1.3889636993408203, 1.569313645362854
1.5720053911209106, 1.830417275428772
1.6823687553405762, 1.5908479690551758
1.7173620462417603, 1.1278600692749023
1.6500673294067383, 0.9798115491867065
1.4481830596923828, 0.7617765665054321
1.4481830596923828, 0.7617765665054321
1.5558546781539917, 0.8263795375823975
1.5881561040878296, 0.8317631483078003
1.510094165802002, 0.8802153468132019
1.0605652332305908, 0.7752355337142944
0.7590848207473755, 0.6352624297142029
0.624495267868042, 0.4952893555164337
0.5895020365715027, 0.46298789978027344
0.5679677128791809, 0.4333781898021698
0.5679677128791809, 0.4333781898021698
0.6191117167472839, 0.4683714807033539
0.6810228824615479, 0.5302826166152954
0.6917900443077087, 0.5679677128791809
0.624495267868042, 0.8344548940658569
0.5625841021537781, 0.8398385047912598
0.5275908708572388, 0.6864064335823059
0.5275908708572388, 0.6864064335823059
