actor_1,actor_2
1.5154777765274048, 1.90847909450531
1.7254374027252197, 1.9165544509887695
1.6231493949890137, 1.7308210134506226
1.5666217803955078, 1.4697173833847046
1.6904441118240356, 1.1574697494506836
1.7981157302856445, 1.2759084701538086
1.5585464239120483, 1.170928716659546
1.165545105934143, 0.823687732219696
1.0820995569229126, 0.7994616627693176
1.012113094329834, 0.7994616627693176
0.8990578651428223, 0.9528936743736267
0.9286675453186035, 1.1063257455825806
0.869448184967041, 1.1063257455825806
0.9367429614067078, 1.222072720527649
1.2516824007034302, 1.7631224393844604
1.4697173833847046, 1.7469717264175415
1.3970390558242798, 1.5666217803955078
1.35127854347229, 1.4724091291427612
1.4481830596923828, 1.4966353178024292
1.4481830596923828, 1.4966353178024292
1.493943452835083, 1.1574697494506836
1.53432035446167, 0.8532974720001221
1.4535666704177856, 0.7752355337142944
1.5585464239120483, 0.869448184967041
1.4858680963516235, 0.8479138612747192
1.510094165802002, 0.8532974720001221
1.3270524740219116, 0.9017496705055237
1.1009421348571777, 0.7321668863296509
0.9932705163955688, 0.6433378458023071
1.0148048400878906, 0.624495267868042
1.0201884508132935, 0.6406460404396057
1.0524898767471313, 0.6729475259780884
1.039030909538269, 0.6998654007911682
0.9313593506813049, 0.915208637714386
0.823687732219696, 1.0255720615386963
0.7483176589012146, 0.8667563796043396
0.7483176589012146, 0.8667563796043396
0.7321668863296509, 0.8425303101539612
