actor_1,actor_2
1.4508748054504395, 1.6500673294067383
1.6123822927474976, 2.0
1.53432035446167, 1.9192463159561157
1.5127860307693481, 1.5666217803955078
1.510094165802002, 1.0578734874725342
1.6043068170547485, 1.0013458728790283
1.7119784355163574, 0.9286675453186035
1.7415881156921387, 1.0013458728790283
1.5827724933624268, 0.9044414758682251
1.1359354257583618, 0.6379542350769043
0.8775235414505005, 0.5625841021537781
0.8263795375823975, 0.5437415838241577
0.7779273390769958, 0.5302826166152954
0.7294750809669495, 0.5814266204833984
0.6433378458023071, 0.7106325626373291
0.5168237090110779, 0.6810228824615479
0.5168237090110779, 0.6810228824615479
0.46298789978027344, 0.624495267868042
0.49798116087913513, 0.6137281060218811
0.7025572061538696, 0.7617765665054321
0.9340511560440063, 1.0444145202636719
1.1493943929672241, 1.4454911947250366
1.1251682043075562, 1.3324360847473145
1.0847914218902588, 1.2355316877365112
1.0740242004394531, 1.2570658922195435
1.1924630403518677, 1.5235531330108643
1.1924630403518677, 1.5235531330108643
1.3808883428573608, 1.8196500539779663
1.483176350593567, 1.426648736000061
1.596231460571289, 0.9179003834724426
1.5800807476043701, 0.8156123757362366
1.4966353178024292, 0.6729475259780884
1.4966353178024292, 0.6729475259780884
1.5720053911209106, 0.7187079191207886
1.6231493949890137, 0.7644683718681335
1.636608362197876, 0.8290713429450989
1.375504732131958, 0.6971735954284668
1.079407811164856, 0.5598923563957214
0.8532974720001221, 0.5033647418022156
0.8129205703735352, 0.4845221936702728
0.7779273390769958, 0.4549125134944916
0.7779273390769958, 0.4549125134944916
0.7994616627693176, 0.4818304181098938
0.7779273390769958, 0.5302826166152954
0.7510094046592712, 0.5652759075164795
0.6487213969230652, 0.7294750809669495
0.55720055103302, 0.7563930153846741
0.4441453516483307, 0.5814266204833984
0.4441453516483307, 0.5814266204833984
