actor_1,actor_2
1.5423957109451294, 1.7927321195602417
1.897711992263794, 1.9946163892745972
1.7362046241760254, 1.7685060501098633
1.5881561040878296, 1.477792739868164
1.5020188093185425, 0.9286675453186035
1.6393001079559326, 1.079407811164856
1.2086137533187866, 0.8829071521759033
0.7806190848350525, 0.6433378458023071
0.7025572061538696, 0.6325706839561462
0.6648721694946289, 0.6729475259780884
0.7833108901977539, 0.982503354549408
1.063257098197937, 1.3701211214065552
1.5235531330108643, 1.983849287033081
1.8707940578460693, 2.0
1.7146703004837036, 2.0
1.6554508209228516, 1.6958277225494385
1.4158815145492554, 1.1493943929672241
1.4858680963516235, 0.6944818496704102
1.53432035446167, 0.7348586916923523
1.4320323467254639, 0.7348586916923523
1.1682368516921997, 0.7617765665054321
0.8129205703735352, 0.5975773930549622
0.7106325626373291, 0.5625841021537781
0.6460295915603638, 0.5302826166152954
0.6218035221099854, 0.5545087456703186
0.6325706839561462, 0.670255720615387
0.6379542350769043, 0.8882907032966614
0.6487213969230652, 0.9690443873405457
0.6621803641319275, 0.9555854797363281
0.8829071521759033, 1.2274562120437622
1.248990535736084, 1.7469717264175415
1.528936743736267, 1.9542396068572998
1.4320323467254639, 1.7335127592086792
1.3728128671646118, 1.6554508209228516
1.407806158065796, 1.7281291484832764
1.5127860307693481, 1.7442799806594849
1.5235531330108643, 1.5262449979782104
1.4374158382415771, 0.7967698574066162
1.2382234334945679, 0.5518169403076172
1.0094212293624878, 0.40376850962638855
1.0094212293624878, 0.40376850962638855
1.0847914218902588, 0.44145357608795166
1.11440110206604, 0.460296094417572
1.1386271715164185, 0.5302826166152954
1.090174913406372, 0.5921937823295593
0.7940780520439148, 0.5518169403076172
0.5545087456703186, 0.4253028333187103
0.511440098285675, 0.409152090549469
0.511440098285675, 0.409152090549469
0.47644683718681335, 0.3983849287033081
0.47644683718681335, 0.3983849287033081
0.5329744219779968, 0.4791386127471924
0.5329744219779968, 0.4791386127471924
0.6218035221099854, 0.5545087456703186
0.6379542350769043, 0.8882907032966614
0.5814266204833984, 0.8129205703735352
0.5518169403076172, 0.7106325626373291
0.5518169403076172, 0.7106325626373291
