actor_1,actor_2
1.6500673294067383, 1.8008075952529907
1.7981157302856445, 2.0
1.6662180423736572, 1.8600269556045532
1.5746971368789673, 1.6069986820220947
1.5397038459777832, 1.0148048400878906
1.6554508209228516, 1.063257098197937
1.8196500539779663, 0.9986541271209717
1.9353970289230347, 1.11440110206604
1.8142664432525635, 1.0659488439559937
1.335127830505371, 0.8075370192527771
1.0578734874725342, 0.6917900443077087
0.9932705163955688, 0.654105007648468
0.9502018690109253, 0.6648721694946289
0.9098250269889832, 0.7079407572746277
0.8075370192527771, 0.8721399903297424
0.6621803641319275, 0.8613728284835815
0.6621803641319275, 0.8613728284835815
0.6271870732307434, 0.7886945009231567
0.6567967534065247, 0.8398385047912598
0.8613728284835815, 1.0174965858459473
1.063257098197937, 1.308210015296936
1.3109017610549927, 1.5881561040878296
1.2274562120437622, 1.4024226665496826
1.181695818901062, 1.2920591831207275
1.1601614952087402, 1.2651413679122925
1.2409151792526245, 1.4562584161758423
1.2409151792526245, 1.4562584161758423
1.426648736000061, 1.67160165309906
1.510094165802002, 1.4024226665496826
1.5935397148132324, 0.9259757995605469
1.5773890018463135, 0.8048452138900757
1.4320323467254639, 0.675639271736145
1.4320323467254639, 0.675639271736145
1.5316284894943237, 0.7698519229888916
1.6500673294067383, 0.8371466994285583
1.7442799806594849, 0.966352641582489
1.4966353178024292, 0.8398385047912598
1.2139973640441895, 0.6998654007911682
0.982503354549408, 0.6137281060218811
0.9259757995605469, 0.5895020365715027
0.8775235414505005, 0.5787348747253418
0.8775235414505005, 0.5787348747253418
0.9125168323516846, 0.6002691984176636
0.9502018690109253, 0.6648721694946289
0.9475101232528687, 0.7079407572746277
0.7967698574066162, 0.9017496705055237
0.705249011516571, 0.9286675453186035
0.6029609441757202, 0.7563930153846741
0.6029609441757202, 0.7563930153846741
