actor_1,actor_2
1.6581426858901978, 1.983849287033081
1.806191086769104, 2.0
1.722745656967163, 1.7846567630767822
1.6419919729232788, 1.5154777765274048
1.755047082901001, 1.2113054990768433
1.8088829517364502, 1.3889636993408203
1.6231493949890137, 1.2274562120437622
1.1332435607910156, 0.8613728284835815
1.0067294836044312, 0.8425303101539612
0.9259757995605469, 0.8559892177581787
0.8506056666374207, 0.9717361927032471
0.8802153468132019, 1.130551815032959
0.7752355337142944, 1.1278600692749023
0.9017496705055237, 1.273216724395752
1.2866756916046143, 1.7819650173187256
1.4697173833847046, 1.9192463159561157
1.4212651252746582, 1.6931359767913818
1.3701211214065552, 1.6043068170547485
1.5127860307693481, 1.687752366065979
1.5127860307693481, 1.687752366065979
1.5316284894943237, 1.2759084701538086
1.5881561040878296, 0.9313593506813049
1.561238169670105, 0.8506056666374207
1.6958277225494385, 0.9098250269889832
1.647375464439392, 0.8936743140220642
1.6931359767913818, 0.9313593506813049
1.5370121002197266, 0.915208637714386
1.1924630403518677, 0.72139972448349
0.9851951599121094, 0.5814266204833984
0.9932705163955688, 0.5868102312088013
0.9475101232528687, 0.5975773930549622
0.9394347071647644, 0.6298788785934448
0.9340511560440063, 0.6890982389450073
0.8640645742416382, 0.9098250269889832
0.7537012100219727, 1.0605652332305908
0.7025572061538696, 0.966352641582489
0.654105007648468, 0.8586810231208801
0.675639271736145, 0.9232839941978455
0.7079407572746277, 0.9959623217582703
0.767160177230835, 1.0578734874725342
1.0713324546813965, 1.4697173833847046
1.2113054990768433, 1.6043068170547485
1.2436070442199707, 1.4697173833847046
1.2462987899780273, 1.4347240924835205
1.1736204624176025, 1.335127830505371
1.1736204624176025, 1.335127830505371
1.2624495029449463, 1.510094165802002
1.2624495029449463, 1.510094165802002
1.4374158382415771, 1.6150740385055542
1.545087456703186, 1.6231493949890137
1.6096904277801514, 0.9475101232528687
1.5666217803955078, 0.7940780520439148
1.477792739868164, 0.7348586916923523
1.477792739868164, 0.7348586916923523
1.477792739868164, 0.7348586916923523
