actor_1,actor_2
1.8088829517364502, 1.897711992263794
2.0, 2.0
1.8088829517364502, 1.897711992263794
2.0, 2.0
1.8088829517364502, 1.897711992263794
2.0, 2.0
1.6904441118240356, 1.841184377670288
2.0, 2.0
1.6312247514724731, 1.6285330057144165
1.1332435607910156, 1.130551815032959
1.0524898767471313, 1.0497981309890747
0.9582772254943848, 1.0444145202636719
0.9448183178901672, 1.1413190364837646
0.9475101232528687, 1.2597577571868896
1.3835800886154175, 1.8331090211868286
1.6662180423736572, 2.0
1.5316284894943237, 1.846567988395691
1.620457649230957, 1.9919246435165405
1.5827724933624268, 1.8115746974945068
1.5827724933624268, 1.8115746974945068
1.647375464439392, 1.2812920808792114
1.545087456703186, 0.8452220559120178
1.458950161933899, 0.7617765665054321
1.5585464239120483, 0.8129205703735352
1.5397038459777832, 0.7698519229888916
1.4347240924835205, 0.7375504970550537
1.1547778844833374, 0.6998654007911682
0.8398385047912598, 0.5491251945495605
0.8479138612747192, 0.5518169403076172
0.8021534085273743, 0.5329744219779968
0.772543728351593, 0.5518169403076172
0.8344548940658569, 0.5814266204833984
0.88559889793396, 0.72139972448349
0.8882907032966614, 0.9017496705055237
0.8317631483078003, 0.9555854797363281
0.767160177230835, 0.8802153468132019
0.7106325626373291, 0.8129205703735352
0.7429340481758118, 0.8829071521759033
0.772543728351593, 0.9448183178901672
0.8506056666374207, 1.146702527999878
