actor_1,actor_2
1.720053791999817, 2.0
1.965006709098816, 2.0
1.790040373802185, 1.9353970289230347
1.738896369934082, 1.6581426858901978
1.8546433448791504, 1.3135935068130493
2.0, 1.4481830596923828
1.779273271560669, 1.2570658922195435
1.1413190364837646, 0.8075370192527771
0.9528936743736267, 0.7590848207473755
0.8586810231208801, 0.767160177230835
0.7402422428131104, 0.8667563796043396
0.7537012100219727, 1.0148048400878906
0.6460295915603638, 1.0013458728790283
0.7913862466812134, 1.1574697494506836
1.2113054990768433, 1.703903079032898
1.5558546781539917, 1.830417275428772
1.4562584161758423, 1.687752366065979
1.4024226665496826, 1.596231460571289
1.5666217803955078, 1.7335127592086792
1.5666217803955078, 1.7335127592086792
1.6581426858901978, 1.3485867977142334
1.7362046241760254, 1.039030909538269
1.6393001079559326, 0.9071332216262817
1.7469717264175415, 0.9798115491867065
1.7065949440002441, 0.8963660597801208
1.8088829517364502, 0.8748317360877991
1.5827724933624268, 0.8586810231208801
1.170928716659546, 0.6514132022857666
0.9071332216262817, 0.5437415838241577
0.9125168323516846, 0.5625841021537781
0.9179003834724426, 0.5518169403076172
0.9582772254943848, 0.5868102312088013
0.9340511560440063, 0.6137281060218811
0.8075370192527771, 0.8532974720001221
0.6218035221099854, 0.920592188835144
0.5706595182418823, 0.8425303101539612
0.48990577459335327, 0.7321668863296509
0.5168237090110779, 0.7967698574066162
0.5437415838241577, 0.8748317360877991
0.6352624297142029, 0.9528936743736267
0.9609690308570862, 1.3378196954727173
1.2570658922195435, 1.458950161933899
1.2462987899780273, 1.3728128671646118
1.2382234334945679, 1.3997308015823364
1.2005383968353271, 1.3109017610549927
1.2005383968353271, 1.3109017610549927
1.2812920808792114, 1.4993270635604858
1.2812920808792114, 1.4993270635604858
1.528936743736267, 1.7496634721755981
1.6419919729232788, 1.7738896608352661
1.6985194683074951, 0.9878869652748108
1.5800807476043701, 0.7779273390769958
1.4804844856262207, 0.6810228824615479
1.4804844856262207, 0.6810228824615479
1.4804844856262207, 0.6810228824615479
