actor_1,actor_2
1.545087456703186, 1.7604306936264038
1.7308210134506226, 1.8358007669448853
1.601615071296692, 1.6662180423736572
1.5316284894943237, 1.3970390558242798
1.6150740385055542, 1.090174913406372
1.738896369934082, 1.2382234334945679
1.545087456703186, 1.1090174913406372
1.0013458728790283, 0.7617765665054321
0.8667563796043396, 0.7510094046592712
0.7886945009231567, 0.7294750809669495
0.7079407572746277, 0.8586810231208801
0.7563930153846741, 1.0309555530548096
0.6810228824615479, 1.0417227745056152
0.8048452138900757, 1.1763122081756592
1.1897711753845215, 1.779273271560669
1.4481830596923828, 1.9057873487472534
1.3539704084396362, 1.7065949440002441
1.3028264045715332, 1.6123822927474976
1.4158815145492554, 1.561238169670105
1.4158815145492554, 1.561238169670105
1.4535666704177856, 1.1117092370986938
1.4885598421096802, 0.8075370192527771
1.483176350593567, 0.7294750809669495
1.5800807476043701, 0.8156123757362366
1.5935397148132324, 0.818304181098938
1.7012113332748413, 0.8317631483078003
1.5154777765274048, 0.8586810231208801
1.1170928478240967, 0.6783310770988464
0.8909825086593628, 0.5814266204833984
0.8452220559120178, 0.5706595182418823
0.7967698574066162, 0.5437415838241577
0.7833108901977539, 0.5652759075164795
0.7752355337142944, 0.6191117167472839
0.7187079191207886, 0.8344548940658569
0.5948855876922607, 0.9636608362197876
0.5545087456703186, 0.8640645742416382
0.46567967534065247, 0.7994616627693176
0.5168237090110779, 0.8775235414505005
0.5814266204833984, 0.9502018690109253
0.6460295915603638, 1.0094212293624878
0.9690443873405457, 1.4993270635604858
1.1870794296264648, 1.585464358329773
1.181695818901062, 1.4885598421096802
1.1843875646591187, 1.4993270635604858
1.130551815032959, 1.3539704084396362
1.130551815032959, 1.3539704084396362
1.1843875646591187, 1.4697173833847046
1.1843875646591187, 1.4697173833847046
1.3324360847473145, 1.5585464239120483
1.44279944896698, 1.53432035446167
1.4858680963516235, 0.7967698574066162
1.4804844856262207, 0.6406460404396057
1.4212651252746582, 0.5895020365715027
1.4212651252746582, 0.5895020365715027
1.4212651252746582, 0.5895020365715027
