actor_1,actor_2
1.585464358329773, 1.7927321195602417
1.8142664432525635, 1.9246299266815186
1.6231493949890137, 1.8169583082199097
1.5316284894943237, 1.528936743736267
1.5827724933624268, 1.2005383968353271
1.755047082901001, 1.2624495029449463
1.5154777765274048, 1.1063257455825806
0.982503354549408, 0.8021534085273743
0.8129205703735352, 0.7644683718681335
0.7321668863296509, 0.7617765665054321
0.7644683718681335, 1.0255720615386963
1.0686405897140503, 1.4212651252746582
1.5504710674285889, 2.0
1.7819650173187256, 2.0
1.5881561040878296, 2.0
1.5397038459777832, 1.7469717264175415
1.4481830596923828, 1.2812920808792114
1.5558546781539917, 1.0201884508132935
1.6312247514724731, 1.0605652332305908
1.6850606203079224, 0.9690443873405457
1.5370121002197266, 0.9636608362197876
1.090174913406372, 0.7617765665054321
0.8452220559120178, 0.6944818496704102
0.7886945009231567, 0.6594885587692261
0.7079407572746277, 0.6433378458023071
0.6514132022857666, 0.7402422428131104
0.5787348747253418, 0.9017496705055237
0.5598923563957214, 1.0255720615386963
0.573351263999939, 1.012113094329834
0.8479138612747192, 1.3135935068130493
1.2543741464614868, 1.806191086769104
1.483176350593567, 1.9165544509887695
1.3620457649230957, 1.8115746974945068
1.300134539604187, 1.738896369934082
1.3270524740219116, 1.806191086769104
1.4320323467254639, 1.7604306936264038
1.458950161933899, 1.5989233255386353
1.4966353178024292, 1.0686405897140503
1.426648736000061, 0.8586810231208801
1.3432031869888306, 0.7483176589012146
1.3432031869888306, 0.7483176589012146
1.4158815145492554, 0.7833108901977539
1.477792739868164, 0.8156123757362366
1.569313645362854, 0.8425303101539612
1.545087456703186, 0.8640645742416382
1.2247644662857056, 0.8048452138900757
0.823687732219696, 0.6029609441757202
0.7698519229888916, 0.5787348747253418
0.7698519229888916, 0.5787348747253418
0.7133243680000305, 0.5302826166152954
0.7133243680000305, 0.5302826166152954
0.7240915298461914, 0.5760430693626404
0.7240915298461914, 0.5760430693626404
0.7079407572746277, 0.6433378458023071
0.5787348747253418, 0.9017496705055237
0.460296094417572, 0.8613728284835815
0.41453567147254944, 0.7402422428131104
0.41453567147254944, 0.7402422428131104
