{"score": 9.31, "_timestamp": 1709115575.2999904, "_runtime": 32.06059551239014, "_step": 0, "_wandb": {"runtime": 31}}