{"score": 233.68, "_timestamp": 1709001940.6713152, "_runtime": 402.1664662361145, "_step": 0, "_wandb": {"runtime": 401}}