{"score": 10.3475, "_timestamp": 1709131429.687215, "_runtime": 84.15953707695007, "_step": 0, "_wandb": {"runtime": 83}}