{"score": 9.33071, "_timestamp": 1707340015.2460725, "_runtime": 5415.596579551697, "_step": 0, "_wandb": {"runtime": 5414}}