{"score": 224.96, "_timestamp": 1708984837.5335202, "_runtime": 128.37754011154175, "_step": 0, "_wandb": {"runtime": 127}}