{"score": 9.31, "_timestamp": 1709059034.5071864, "_runtime": 68.03560638427734, "_step": 0, "_wandb": {"runtime": 67}}