{"score": 271.39, "_timestamp": 1709005303.5616262, "_runtime": 344.05711913108826, "_step": 0, "_wandb": {"runtime": 343}}