{"score": 9.31, "_timestamp": 1709130325.946644, "_runtime": 20.426294088363647, "_step": 0, "_wandb": {"runtime": 19}}