actor_1,actor_2
28.288288116455078, 46.78678894042969
