actor_1,actor_2
46.546546936035156, 23.723724365234375
