actor_1,actor_2
29.609609603881836, 56.15615463256836
