actor_1,actor_2
28.88888931274414, 46.06606674194336
