actor_1,actor_2
30.210208892822266, 45.4654655456543
