actor_1,actor_2
41.261260986328125, 21.92192268371582
