actor_1,actor_2
22.52252197265625, 34.17417526245117
