actor_1,actor_2
22.52252197265625, 35.61561584472656
