actor_1,actor_2
37.53753662109375, 21.08108139038086
