actor_1,actor_2
22.76276206970215, 38.13813781738281
