actor_1,actor_2
22.402402877807617, 41.621620178222656
