actor_1,actor_2
38.978981018066406, 39.57958221435547
