actor_1,actor_2
23.003002166748047, 37.41741943359375
