actor_1,actor_2
22.76276206970215, 34.41441345214844
