actor_1,actor_2
21.801801681518555, 39.45945739746094
