actor_1,actor_2
34.65465545654297, 20.960960388183594
