actor_1,actor_2
22.882883071899414, 37.89789581298828
