actor_1,actor_2
22.76276206970215, 39.33934020996094
