actor_1,actor_2
20.84084129333496, 37.17717742919922
