actor_1,actor_2
34.894893646240234, 21.681682586669922
