actor_1,actor_2
35.975975036621094, 21.321321487426758
