actor_1,actor_2
20.2402400970459, 35.61561584472656
