actor_1,actor_2
40.30030059814453, 21.08108139038086
