actor_1,actor_2
27.447446823120117, 31.171171188354492
