actor_1,actor_2
41.141143798828125, 21.08108139038086
