actor_1,actor_2
47.02702713012695, 21.561561584472656
