actor_1,actor_2
43.18318176269531, 21.201200485229492
