actor_1,actor_2
26.846847534179688, 31.171171188354492
