actor_1,actor_2
47.50750732421875, 20.120121002197266
