actor_1,actor_2
26.246246337890625, 32.612613677978516
