actor_1,actor_2
40.180179595947266, 20.84084129333496
