actor_1,actor_2
48.10810852050781, 21.801801681518555
