actor_1,actor_2
20.600601196289062, 38.978981018066406
