actor_1,actor_2
49.42942810058594, 20.480480194091797
