actor_1,actor_2
26.12612533569336, 26.486486434936523
