actor_1,actor_2
23.123123168945312, 40.180179595947266
