actor_1,actor_2
24.804805755615234, 45.945945739746094
