actor_1,actor_2
23.003002166748047, 42.46246337890625
