actor_1,actor_2
43.543540954589844, 20.84084129333496
