actor_1,actor_2
25.28528594970703, 28.288288116455078
