actor_1,actor_2
27.687686920166016, 28.88888931274414
