actor_1,actor_2
20.960960388183594, 50.63063049316406
