actor_1,actor_2
49.909912109375, 21.44144058227539
