actor_1,actor_2
21.92192268371582, 36.456459045410156
