actor_1,actor_2
49.30931091308594, 21.44144058227539
