actor_1,actor_2
20.600601196289062, 45.4654655456543
