actor_1,actor_2
21.801801681518555, 38.978981018066406
