actor_1,actor_2
41.141143798828125, 20.600601196289062
