actor_1,actor_2
25.28528594970703, 21.44144058227539
