actor_1,actor_2
40.180179595947266, 21.08108139038086
