actor_1,actor_2
22.28228187561035, 47.86786651611328
