actor_1,actor_2
42.94294357299805, 20.720720291137695
