actor_1,actor_2
51.591590881347656, 20.720720291137695
