actor_1,actor_2
30.210208892822266, 28.168167114257812
