actor_1,actor_2
21.681682586669922, 34.17417526245117
