actor_1,actor_2
22.042041778564453, 32.13213348388672
