actor_1,actor_2
22.16216278076172, 36.216217041015625
