actor_1,actor_2
47.02702713012695, 20.360361099243164
