actor_1,actor_2
21.801801681518555, 40.42041778564453
