actor_1,actor_2
31.171171188354492, 25.765766143798828
