actor_1,actor_2
20.720720291137695, 32.01201248168945
