actor_1,actor_2
20.360361099243164, 43.543540954589844
