actor_1,actor_2
23.60360336303711, 26.12612533569336
