actor_1,actor_2
27.687686920166016, 32.25225067138672
