actor_1,actor_2
20.600601196289062, 32.97297286987305
