actor_1,actor_2
42.342342376708984, 20.120121002197266
