actor_1,actor_2
44.864864349365234, 20.480480194091797
