actor_1,actor_2
50.51051330566406, 20.360361099243164
