actor_1,actor_2
20.960960388183594, 45.825828552246094
