actor_1,actor_2
22.16216278076172, 28.64864730834961
