actor_1,actor_2
21.321321487426758, 29.489490509033203
