actor_1,actor_2
26.726726531982422, 27.927928924560547
