actor_1,actor_2
43.783782958984375, 20.120121002197266
