actor_1,actor_2
20.720720291137695, 31.65165138244629
