actor_1,actor_2
21.92192268371582, 48.468467712402344
