actor_1,actor_2
42.342342376708984, 25.765766143798828
