actor_1,actor_2
37.29729461669922, 20.2402400970459
