actor_1,actor_2
26.246246337890625, 25.88588523864746
