actor_1,actor_2
20.480480194091797, 27.80780792236328
