actor_1,actor_2
21.201200485229492, 30.810810089111328
