actor_1,actor_2
35.975975036621094, 20.2402400970459
