actor_1,actor_2
49.30931091308594, 20.600601196289062
