actor_1,actor_2
21.681682586669922, 49.18918991088867
