actor_1,actor_2
20.600601196289062, 26.006006240844727
