actor_1,actor_2
21.08108139038086, 20.480480194091797
