actor_1,actor_2
51.591590881347656, 20.600601196289062
