actor_1,actor_2
52.43243408203125, 20.720720291137695
