actor_1,actor_2
20.600601196289062, 25.52552604675293
