actor_1,actor_2
20.480480194091797, 45.58558654785156
