actor_1,actor_2
21.92192268371582, 41.74174118041992
