actor_1,actor_2
22.042041778564453, 41.86186218261719
