actor_1,actor_2
21.561561584472656, 41.141143798828125
