actor_1,actor_2
20.480480194091797, 33.09309387207031
