actor_1,actor_2
20.120121002197266, 32.97297286987305
