actor_1,actor_2
20.84084129333496, 48.22822570800781
