actor_1,actor_2
41.621620178222656, 20.960960388183594
