actor_1,actor_2
20.600601196289062, 49.42942810058594
