actor_1,actor_2
23.243244171142578, 47.26726531982422
