actor_1,actor_2
41.501502990722656, 20.2402400970459
