actor_1,actor_2
22.882883071899414, 33.93393325805664
