actor_1,actor_2
29.72972869873047, 53.03303146362305
