actor_1,actor_2
33.33333206176758, 20.480480194091797
