actor_1,actor_2
46.186187744140625, 20.600601196289062
