actor_1,actor_2
21.561561584472656, 47.86786651611328
