actor_1,actor_2
22.402402877807617, 41.86186218261719
