actor_1,actor_2
28.528528213500977, 53.27327346801758
