actor_1,actor_2
20.360361099243164, 26.486486434936523
