actor_1,actor_2
26.846847534179688, 20.120121002197266
