actor_1,actor_2
21.08108139038086, 32.97297286987305
