actor_1,actor_2
21.08108139038086, 36.93693542480469
