actor_1,actor_2
20.480480194091797, 29.249248504638672
