actor_1,actor_2
20.960960388183594, 36.69669723510742
