actor_1,actor_2
21.681682586669922, 32.49249267578125
