actor_1,actor_2
22.16216278076172, 44.5045051574707
