actor_1,actor_2
20.2402400970459, 28.168167114257812
