actor_1,actor_2
47.98798751831055, 20.600601196289062
