actor_1,actor_2
22.16216278076172, 30.090089797973633
