{"score": 401.0, "_timestamp": 1709000343.3312664, "_runtime": 208.37851548194885, "_step": 0, "_wandb": {"runtime": 207}}