{"score": 129.73, "_timestamp": 1708987716.2867475, "_runtime": 127.29353547096252, "_step": 0, "_wandb": {"runtime": 126}}