{"score": 373.53, "_timestamp": 1708986852.483301, "_runtime": 244.63934683799744, "_step": 0, "_wandb": {"runtime": 243}}