{"score": 226.31, "_timestamp": 1709021089.5353901, "_runtime": 191.28813219070435, "_step": 0, "_wandb": {"runtime": 190}}