{"score": 458.75, "_timestamp": 1709007430.1413176, "_runtime": 232.0555386543274, "_step": 0, "_wandb": {"runtime": 231}}