{"score": 314.54, "_timestamp": 1709018697.9158664, "_runtime": 144.19649147987366, "_step": 0, "_wandb": {"runtime": 143}}