{"score": 498.79, "_timestamp": 1709026244.7018921, "_runtime": 333.92562317848206, "_step": 0, "_wandb": {"runtime": 328}}