{"score": 9.31, "_timestamp": 1709130056.8630838, "_runtime": 53.255706787109375, "_step": 0, "_wandb": {"runtime": 52}}