{"score": 9.337272727272728, "_timestamp": 1709115530.8901572, "_runtime": 40.404778242111206, "_step": 0, "_wandb": {"runtime": 39}}