{"score": 18.995, "_timestamp": 1709125830.046942, "_runtime": 59.99113202095032, "_step": 0, "_wandb": {"runtime": 59}}