{"score": 495.23, "_timestamp": 1708989693.9454734, "_runtime": 540.1156113147736, "_step": 0, "_wandb": {"runtime": 539}}