{"score": 13.51607, "_timestamp": 1707313928.9345675, "_runtime": 809.7413845062256, "_step": 0, "_wandb": {"runtime": 808}}