{"score": 9.31, "_timestamp": 1709114047.7583714, "_runtime": 105.74014234542847, "_step": 0, "_wandb": {"runtime": 105}}