{"score": 234.15130000000002, "_timestamp": 1709111511.8639278, "_runtime": 2040.813206911087, "_step": 0, "_wandb": {"runtime": 2040}}