{"score": 321.1, "_timestamp": 1708983495.0171292, "_runtime": 214.81715321540833, "_step": 0, "_wandb": {"runtime": 214}}