{"score": 9.31, "_timestamp": 1709125728.7515633, "_runtime": 32.24609327316284, "_step": 0, "_wandb": {"runtime": 31}}