{"score": 135.57, "_timestamp": 1709004166.819951, "_runtime": 239.56583714485168, "_step": 0, "_wandb": {"runtime": 238}}