actor_1,actor_2
25.52552604675293, 28.288288116455078
26.36636734008789, 26.12612533569336
25.52552604675293, 28.288288116455078
26.36636734008789, 26.12612533569336
25.52552604675293, 28.288288116455078
26.36636734008789, 26.12612533569336
26.12612533569336, 28.04804801940918
26.12612533569336, 26.246246337890625
25.52552604675293, 25.645645141601562
23.60360336303711, 24.924924850463867
24.084083557128906, 25.645645141601562
24.204204559326172, 25.52552604675293
24.204204559326172, 25.52552604675293
24.324323654174805, 25.645645141601562
24.324323654174805, 25.645645141601562
