actor_1,actor_2
27.20720672607422, 25.88588523864746
23.963964462280273, 26.846847534179688
27.20720672607422, 25.88588523864746
23.963964462280273, 26.846847534179688
26.246246337890625, 25.28528594970703
23.963964462280273, 25.645645141601562
24.924924850463867, 25.405405044555664
27.567567825317383, 23.243244171142578
25.52552604675293, 25.88588523864746
28.288288116455078, 23.36336326599121
25.52552604675293, 25.88588523864746
28.288288116455078, 23.36336326599121
25.52552604675293, 25.88588523864746
27.567567825317383, 23.60360336303711
25.52552604675293, 25.88588523864746
27.567567825317383, 23.60360336303711
24.564563751220703, 25.405405044555664
27.567567825317383, 23.60360336303711
24.564563751220703, 25.405405044555664
26.606605529785156, 23.723724365234375
24.564563751220703, 25.405405044555664
26.606605529785156, 23.723724365234375
24.084083557128906, 25.28528594970703
25.28528594970703, 23.963964462280273
24.084083557128906, 25.28528594970703
25.165164947509766, 25.165164947509766
24.084083557128906, 25.28528594970703
24.804805755615234, 25.28528594970703
26.96696662902832, 23.36336326599121
24.804805755615234, 25.28528594970703
26.486486434936523, 24.44444465637207
24.804805755615234, 25.765766143798828
26.36636734008789, 24.924924850463867
24.804805755615234, 25.765766143798828
25.765766143798828, 24.804805755615234
24.324323654174805, 26.36636734008789
25.405405044555664, 25.28528594970703
24.324323654174805, 26.36636734008789
25.165164947509766, 25.405405044555664
26.486486434936523, 24.44444465637207
24.804805755615234, 25.165164947509766
26.36636734008789, 24.924924850463867
24.564563751220703, 26.12612533569336
25.765766143798828, 24.804805755615234
27.20720672607422, 27.567567825317383
28.04804801940918, 26.726726531982422
27.20720672607422, 27.567567825317383
27.80780792236328, 26.726726531982422
27.20720672607422, 27.567567825317383
27.567567825317383, 27.567567825317383
27.20720672607422, 27.567567825317383
27.567567825317383, 27.567567825317383
