{"score": 87.67, "_timestamp": 1708983659.272495, "_runtime": 153.25388598442078, "_step": 0, "_wandb": {"runtime": 152}}