{"score": 9.31, "_timestamp": 1709125979.2233078, "_runtime": 34.950822830200195, "_step": 0, "_wandb": {"runtime": 34}}