{"score": 9.31, "_timestamp": 1709059118.4544117, "_runtime": 73.3337037563324, "_step": 0, "_wandb": {"runtime": 72}}