{"score": 327.37, "_timestamp": 1708992340.9483635, "_runtime": 180.7689244747162, "_step": 0, "_wandb": {"runtime": 180}}