{"score": 500.0, "_timestamp": 1709010389.890898, "_runtime": 1244.57764005661, "_step": 0, "_wandb": {"runtime": 1243}}