{"score": 67.5078, "_timestamp": 1709081492.0521266, "_runtime": 1238.4788916110992, "_step": 0, "_wandb": {"runtime": 1236}}