{"score": 481.5, "_timestamp": 1708999389.1054146, "_runtime": 157.48287153244019, "_step": 0, "_wandb": {"runtime": 156}}