{"score": 107.27920000000002, "_timestamp": 1709107466.6785855, "_runtime": 1280.3310334682465, "_step": 0, "_wandb": {"runtime": 1279}}