{"score": 9.31, "_timestamp": 1709090015.8123014, "_runtime": 38.912941455841064, "_step": 0, "_wandb": {"runtime": 38}}