{"score": 21.8075, "_timestamp": 1709129903.5610547, "_runtime": 44.75582265853882, "_step": 0, "_wandb": {"runtime": 44}}