{"score": 9.31, "_timestamp": 1707320092.953982, "_runtime": 146.85305404663086, "_step": 0, "_wandb": {"runtime": 146}}