{"score": 13.035, "_timestamp": 1709130296.6339474, "_runtime": 124.25363326072693, "_step": 0, "_wandb": {"runtime": 123}}