{"score": 468.81, "_timestamp": 1709016519.5853693, "_runtime": 579.0674333572388, "_step": 0, "_wandb": {"runtime": 578}}