{"score": 9.31, "_timestamp": 1707333080.8213406, "_runtime": 661.3038334846497, "_step": 0, "_wandb": {"runtime": 660}}