{"score": 392.32, "_timestamp": 1708991482.2982662, "_runtime": 117.8125650882721, "_step": 0, "_wandb": {"runtime": 117}}