{"score": 361.89, "_timestamp": 1709005861.3296077, "_runtime": 548.8566076755524, "_step": 0, "_wandb": {"runtime": 548}}