{"score": 464.51, "_timestamp": 1709020000.1594422, "_runtime": 557.3421940803528, "_step": 0, "_wandb": {"runtime": 556}}