{"score": 454.06, "_timestamp": 1709013494.1095185, "_runtime": 425.43549156188965, "_step": 0, "_wandb": {"runtime": 424}}