{"score": 9.31, "_timestamp": 1709103436.0994604, "_runtime": 99.69242644309998, "_step": 0, "_wandb": {"runtime": 99}}