{"score": 9.470139999999999, "_timestamp": 1707270668.599531, "_runtime": 297.2896330356598, "_step": 0, "_wandb": {"runtime": 296}}