{"score": 412.27, "_timestamp": 1708984283.1937973, "_runtime": 243.6043393611908, "_step": 0, "_wandb": {"runtime": 242}}