{"score": 48.7905, "_timestamp": 1709092029.015332, "_runtime": 2004.3919949531555, "_step": 0, "_wandb": {"runtime": 2003}}