{"score": 9.31, "_timestamp": 1709098180.1449275, "_runtime": 42.16441059112549, "_step": 0, "_wandb": {"runtime": 41}}