{"score": 168.19, "_timestamp": 1709014947.2558715, "_runtime": 191.54036951065063, "_step": 0, "_wandb": {"runtime": 190}}