{"score": 460.71, "_timestamp": 1708988219.376593, "_runtime": 269.0847182273865, "_step": 0, "_wandb": {"runtime": 268}}