{"score": 279.57, "_timestamp": 1709025430.5229125, "_runtime": 163.74366450309753, "_step": 0, "_wandb": {"runtime": 163}}