{"score": 9.384619999999998, "_timestamp": 1707314316.3570805, "_runtime": 60.170830488204956, "_step": 0, "_wandb": {"runtime": 59}}