{"score": 466.49, "_timestamp": 1709007846.4707413, "_runtime": 406.5085492134094, "_step": 0, "_wandb": {"runtime": 405}}