actor_1,actor_2
47.81336975097656, 46.69916534423828
47.14484786987305, 47.3676872253418
47.81336975097656, 46.69916534423828
47.14484786987305, 47.3676872253418
47.81336975097656, 46.69916534423828
47.14484786987305, 47.3676872253418
46.36490249633789, 46.36490249633789
47.14484786987305, 47.3676872253418
47.033424377441406, 47.033424377441406
46.253482818603516, 46.36490249633789
47.033424377441406, 47.033424377441406
46.253482818603516, 46.36490249633789
47.033424377441406, 47.033424377441406
46.253482818603516, 46.36490249633789
47.033424377441406, 47.033424377441406
46.253482818603516, 46.36490249633789
46.92200469970703, 45.919219970703125
46.253482818603516, 46.36490249633789
46.92200469970703, 45.919219970703125
46.253482818603516, 46.36490249633789
46.92200469970703, 45.919219970703125
46.253482818603516, 46.36490249633789
46.253482818603516, 46.36490249633789
46.92200469970703, 45.919219970703125
46.253482818603516, 46.36490249633789
