actor_1,actor_2
47.25626754760742, 46.142059326171875
46.36490249633789, 47.25626754760742
47.25626754760742, 46.142059326171875
46.36490249633789, 47.25626754760742
47.25626754760742, 46.142059326171875
46.36490249633789, 47.25626754760742
46.253482818603516, 46.587745666503906
45.919219970703125, 45.362117767333984
46.253482818603516, 46.587745666503906
45.919219970703125, 45.362117767333984
46.253482818603516, 46.587745666503906
45.919219970703125, 45.362117767333984
46.253482818603516, 46.587745666503906
45.919219970703125, 45.919219970703125
46.253482818603516, 46.587745666503906
45.919219970703125, 45.919219970703125
46.253482818603516, 46.587745666503906
45.919219970703125, 45.919219970703125
46.142059326171875, 45.250694274902344
46.142059326171875, 47.14484786987305
46.587745666503906, 46.476322174072266
46.142059326171875, 47.14484786987305
46.587745666503906, 46.476322174072266
46.142059326171875, 47.14484786987305
46.587745666503906, 46.476322174072266
46.142059326171875, 47.14484786987305
46.587745666503906, 46.476322174072266
46.142059326171875, 47.14484786987305
46.142059326171875, 47.14484786987305
46.587745666503906, 46.476322174072266
46.142059326171875, 47.14484786987305
46.587745666503906, 46.476322174072266
46.142059326171875, 47.14484786987305
