actor_1,actor_2
47.81336975097656, 45.696380615234375
47.92478942871094, 47.70195007324219
48.59331512451172, 47.3676872253418
47.59053039550781, 46.810585021972656
47.14484786987305, 46.810585021972656
47.14484786987305, 46.810585021972656
47.14484786987305, 46.810585021972656
46.69916534423828, 46.476322174072266
