actor_1,actor_2
46.142059326171875, 46.587745666503906
47.25626754760742, 46.69916534423828
46.142059326171875, 46.587745666503906
47.25626754760742, 46.69916534423828
46.142059326171875, 46.587745666503906
47.25626754760742, 46.69916534423828
44.6935920715332, 45.47353744506836
45.696380615234375, 46.142059326171875
45.919219970703125, 46.253482818603516
45.584957122802734, 46.36490249633789
45.584957122802734, 46.253482818603516
45.584957122802734, 46.253482818603516
45.13927459716797, 45.027854919433594
45.13927459716797, 45.027854919433594
45.13927459716797, 45.027854919433594
45.13927459716797, 45.027854919433594
44.47075271606445, 44.91643524169922
