actor_1,actor_2
48.25905227661133, 47.14484786987305
47.3676872253418, 46.253482818603516
46.0306396484375, 45.919219970703125
45.80780029296875, 44.58217239379883
45.027854919433594, 43.6908073425293
45.027854919433594, 43.6908073425293
45.027854919433594, 43.6908073425293
43.46796798706055, 43.24512481689453
