actor_1,actor_2
47.033424377441406, 46.36490249633789
47.3676872253418, 46.587745666503906
46.253482818603516, 46.253482818603516
45.362117767333984, 45.027854919433594
44.91643524169922, 44.805015563964844
44.91643524169922, 44.805015563964844
44.91643524169922, 44.805015563964844
44.58217239379883, 43.80222702026367
