actor_1,actor_2
45.250694274902344, 45.027854919433594
46.476322174072266, 44.58217239379883
45.47353744506836, 44.58217239379883
44.35932922363281, 44.02507019042969
44.6935920715332, 43.80222702026367
44.6935920715332, 43.80222702026367
44.6935920715332, 43.80222702026367
43.91365051269531, 43.46796798706055
