actor_1,actor_2
46.142059326171875, 47.59053039550781
46.476322174072266, 47.25626754760742
46.92200469970703, 47.47911071777344
46.587745666503906, 45.47353744506836
46.69916534423828, 45.362117767333984
46.142059326171875, 44.91643524169922
45.584957122802734, 45.80780029296875
46.142059326171875, 44.91643524169922
45.584957122802734, 45.80780029296875
47.25626754760742, 45.584957122802734
45.584957122802734, 45.80780029296875
47.25626754760742, 45.584957122802734
47.033424377441406, 45.696380615234375
46.142059326171875, 47.033424377441406
47.033424377441406, 45.696380615234375
45.696380615234375, 46.476322174072266
47.033424377441406, 45.696380615234375
45.696380615234375, 46.476322174072266
47.033424377441406, 45.696380615234375
45.696380615234375, 46.476322174072266
47.033424377441406, 45.696380615234375
45.696380615234375, 46.476322174072266
46.69916534423828, 45.13927459716797
45.696380615234375, 46.476322174072266
46.69916534423828, 45.13927459716797
45.696380615234375, 46.476322174072266
46.69916534423828, 45.13927459716797
45.696380615234375, 46.476322174072266
46.69916534423828, 45.13927459716797
45.696380615234375, 46.476322174072266
46.69916534423828, 45.13927459716797
45.696380615234375, 46.476322174072266
46.69916534423828, 45.13927459716797
45.13927459716797, 46.142059326171875
46.69916534423828, 45.13927459716797
45.13927459716797, 46.142059326171875
46.69916534423828, 46.36490249633789
45.13927459716797, 46.142059326171875
46.69916534423828, 46.36490249633789
44.58217239379883, 46.92200469970703
46.69916534423828, 46.36490249633789
45.80780029296875, 47.3676872253418
46.69916534423828, 46.36490249633789
45.80780029296875, 47.3676872253418
45.362117767333984, 45.13927459716797
45.250694274902344, 45.80780029296875
45.362117767333984, 45.13927459716797
45.47353744506836, 45.696380615234375
45.362117767333984, 45.13927459716797
45.47353744506836, 45.696380615234375
45.362117767333984, 45.13927459716797
45.47353744506836, 45.696380615234375
45.362117767333984, 45.13927459716797
45.362117767333984, 45.47353744506836
45.362117767333984, 45.13927459716797
45.362117767333984, 45.47353744506836
45.362117767333984, 45.13927459716797
45.362117767333984, 45.47353744506836
45.362117767333984, 45.13927459716797
45.362117767333984, 45.47353744506836
45.362117767333984, 45.13927459716797
