actor_1,actor_2
46.0306396484375, 46.36490249633789
46.253482818603516, 45.919219970703125
46.0306396484375, 46.36490249633789
46.253482818603516, 45.919219970703125
46.0306396484375, 46.36490249633789
46.253482818603516, 45.919219970703125
45.696380615234375, 45.362117767333984
45.584957122802734, 45.80780029296875
46.0306396484375, 46.36490249633789
46.253482818603516, 45.919219970703125
46.0306396484375, 46.36490249633789
46.253482818603516, 45.919219970703125
45.362117767333984, 45.584957122802734
46.587745666503906, 46.587745666503906
46.36490249633789, 45.919219970703125
45.584957122802734, 46.253482818603516
46.69916534423828, 46.810585021972656
46.587745666503906, 46.587745666503906
46.69916534423828, 46.810585021972656
46.587745666503906, 46.587745666503906
46.69916534423828, 46.810585021972656
46.587745666503906, 46.587745666503906
46.69916534423828, 46.810585021972656
46.587745666503906, 46.587745666503906
46.69916534423828, 46.810585021972656
46.587745666503906, 46.587745666503906
46.69916534423828, 46.810585021972656
46.587745666503906, 46.587745666503906
46.69916534423828, 46.810585021972656
46.0306396484375, 47.25626754760742
46.36490249633789, 47.14484786987305
46.0306396484375, 46.92200469970703
44.91643524169922, 46.253482818603516
44.91643524169922, 45.47353744506836
44.91643524169922, 45.47353744506836
44.91643524169922, 44.47075271606445
45.584957122802734, 43.91365051269531
45.584957122802734, 43.91365051269531
45.584957122802734, 43.91365051269531
