actor_1,actor_2
45.919219970703125, 45.696380615234375
46.0306396484375, 46.0306396484375
45.919219970703125, 45.47353744506836
45.47353744506836, 44.47075271606445
45.584957122802734, 44.13648986816406
45.584957122802734, 44.13648986816406
45.584957122802734, 44.13648986816406
44.47075271606445, 43.57938766479492
