actor_1,actor_2
46.142059326171875, 45.80780029296875
45.696380615234375, 45.696380615234375
45.80780029296875, 45.696380615234375
45.250694274902344, 45.250694274902344
44.805015563964844, 45.13927459716797
44.805015563964844, 45.13927459716797
45.027854919433594, 45.80780029296875
45.47353744506836, 45.80780029296875
46.587745666503906, 45.584957122802734
45.47353744506836, 45.80780029296875
45.13927459716797, 45.80780029296875
45.80780029296875, 45.919219970703125
46.810585021972656, 44.47075271606445
46.587745666503906, 45.584957122802734
45.13927459716797, 45.80780029296875
46.587745666503906, 45.584957122802734
45.47353744506836, 45.80780029296875
45.13927459716797, 45.80780029296875
45.80780029296875, 45.919219970703125
46.253482818603516, 45.027854919433594
46.36490249633789, 44.805015563964844
45.13927459716797, 45.80780029296875
45.13927459716797, 44.24790954589844
45.13927459716797, 45.80780029296875
