actor_1,actor_2
46.253482818603516, 46.142059326171875
45.584957122802734, 46.253482818603516
46.253482818603516, 46.142059326171875
45.584957122802734, 46.253482818603516
46.253482818603516, 46.142059326171875
45.584957122802734, 46.253482818603516
46.92200469970703, 46.253482818603516
45.584957122802734, 46.253482818603516
46.810585021972656, 46.253482818603516
44.47075271606445, 45.919219970703125
46.810585021972656, 46.253482818603516
44.47075271606445, 45.919219970703125
46.810585021972656, 46.253482818603516
44.47075271606445, 45.919219970703125
46.810585021972656, 46.253482818603516
44.47075271606445, 45.919219970703125
45.919219970703125, 45.919219970703125
44.47075271606445, 45.919219970703125
45.919219970703125, 45.919219970703125
44.47075271606445, 45.919219970703125
45.919219970703125, 45.919219970703125
44.47075271606445, 45.919219970703125
44.47075271606445, 45.919219970703125
45.919219970703125, 45.919219970703125
44.47075271606445, 45.919219970703125
