actor_1,actor_2
46.587745666503906, 46.253482818603516
46.36490249633789, 46.69916534423828
46.587745666503906, 46.253482818603516
46.36490249633789, 46.69916534423828
46.587745666503906, 46.253482818603516
46.36490249633789, 46.69916534423828
46.0306396484375, 45.919219970703125
46.36490249633789, 46.69916534423828
45.80780029296875, 46.92200469970703
47.25626754760742, 46.36490249633789
45.80780029296875, 46.92200469970703
47.25626754760742, 46.36490249633789
45.80780029296875, 46.92200469970703
46.476322174072266, 46.36490249633789
45.80780029296875, 46.92200469970703
46.476322174072266, 46.36490249633789
45.027854919433594, 47.3676872253418
46.476322174072266, 46.36490249633789
45.027854919433594, 47.3676872253418
46.142059326171875, 46.253482818603516
47.25626754760742, 46.36490249633789
46.69916534423828, 46.587745666503906
45.362117767333984, 46.92200469970703
46.476322174072266, 46.476322174072266
45.362117767333984, 46.92200469970703
46.476322174072266, 46.476322174072266
45.362117767333984, 46.92200469970703
46.476322174072266, 46.476322174072266
45.47353744506836, 46.69916534423828
45.362117767333984, 46.92200469970703
46.253482818603516, 46.0306396484375
45.362117767333984, 46.92200469970703
46.253482818603516, 45.80780029296875
45.362117767333984, 46.92200469970703
46.253482818603516, 45.80780029296875
45.362117767333984, 46.92200469970703
45.13927459716797, 45.696380615234375
45.027854919433594, 46.0306396484375
46.142059326171875, 46.142059326171875
45.362117767333984, 45.80780029296875
46.142059326171875, 46.142059326171875
45.362117767333984, 45.80780029296875
45.362117767333984, 46.142059326171875
44.91643524169922, 45.362117767333984
44.91643524169922, 45.362117767333984
44.91643524169922, 45.362117767333984
44.91643524169922, 45.362117767333984
44.91643524169922, 45.362117767333984
44.91643524169922, 45.362117767333984
44.6935920715332, 45.250694274902344
44.6935920715332, 45.250694274902344
43.02228546142578, 42.91086196899414
42.68802261352539, 42.799442291259766
42.68802261352539, 42.799442291259766
