actor_1,actor_2
46.69916534423828, 47.81336975097656
45.696380615234375, 47.25626754760742
45.696380615234375, 46.587745666503906
45.80780029296875, 45.919219970703125
45.696380615234375, 46.253482818603516
45.80780029296875, 46.142059326171875
45.250694274902344, 45.696380615234375
45.250694274902344, 45.696380615234375
45.250694274902344, 45.696380615234375
