actor_1,actor_2
46.92200469970703, 47.47911071777344
46.36490249633789, 46.476322174072266
46.476322174072266, 46.0306396484375
45.47353744506836, 45.80780029296875
45.250694274902344, 46.587745666503906
45.80780029296875, 46.36490249633789
45.47353744506836, 46.253482818603516
45.47353744506836, 46.253482818603516
45.13927459716797, 46.476322174072266
45.13927459716797, 46.476322174072266
45.13927459716797, 46.476322174072266
