actor_1,actor_2
45.47353744506836, 44.6935920715332
45.919219970703125, 45.80780029296875
45.584957122802734, 46.36490249633789
45.919219970703125, 45.80780029296875
45.584957122802734, 46.36490249633789
45.47353744506836, 45.584957122802734
46.253482818603516, 45.696380615234375
45.47353744506836, 45.584957122802734
46.253482818603516, 45.696380615234375
45.47353744506836, 45.584957122802734
46.253482818603516, 45.696380615234375
45.47353744506836, 45.584957122802734
45.47353744506836, 45.250694274902344
45.47353744506836, 45.584957122802734
45.47353744506836, 45.250694274902344
45.47353744506836, 45.584957122802734
45.47353744506836, 45.250694274902344
45.47353744506836, 45.584957122802734
45.47353744506836, 45.250694274902344
45.47353744506836, 45.584957122802734
45.47353744506836, 45.584957122802734
