actor_1,actor_2
44.805015563964844, 45.13927459716797
45.13927459716797, 45.80780029296875
45.027854919433594, 45.362117767333984
44.47075271606445, 44.805015563964844
44.13648986816406, 43.91365051269531
43.24512481689453, 43.46796798706055
43.24512481689453, 43.46796798706055
42.465179443359375, 43.57938766479492
42.465179443359375, 43.57938766479492
42.465179443359375, 43.57938766479492
