actor_1,actor_2
46.810585021972656, 46.0306396484375
46.810585021972656, 46.0306396484375
46.476322174072266, 45.696380615234375
45.584957122802734, 45.027854919433594
44.91643524169922, 45.13927459716797
44.91643524169922, 45.13927459716797
45.362117767333984, 44.805015563964844
44.91643524169922, 45.13927459716797
45.362117767333984, 44.805015563964844
44.91643524169922, 45.13927459716797
44.58217239379883, 45.47353744506836
44.02507019042969, 45.80780029296875
