actor_1,actor_2
46.92200469970703, 46.92200469970703
47.3676872253418, 46.253482818603516
46.0306396484375, 46.92200469970703
47.3676872253418, 46.253482818603516
46.0306396484375, 46.92200469970703
47.47911071777344, 46.36490249633789
46.587745666503906, 46.69916534423828
47.47911071777344, 46.36490249633789
46.587745666503906, 46.69916534423828
47.47911071777344, 46.36490249633789
46.587745666503906, 46.69916534423828
47.47911071777344, 46.36490249633789
46.587745666503906, 46.69916534423828
47.47911071777344, 46.36490249633789
46.587745666503906, 46.69916534423828
47.47911071777344, 46.36490249633789
