actor_1,actor_2
46.476322174072266, 46.253482818603516
45.13927459716797, 44.805015563964844
44.35932922363281, 44.6935920715332
45.13927459716797, 44.805015563964844
44.35932922363281, 44.6935920715332
45.250694274902344, 46.253482818603516
45.919219970703125, 44.6935920715332
45.250694274902344, 46.253482818603516
45.919219970703125, 44.6935920715332
45.250694274902344, 46.253482818603516
45.919219970703125, 44.6935920715332
45.250694274902344, 46.253482818603516
45.47353744506836, 45.919219970703125
45.362117767333984, 44.47075271606445
45.47353744506836, 45.919219970703125
46.0306396484375, 45.47353744506836
45.47353744506836, 45.919219970703125
45.919219970703125, 44.6935920715332
45.47353744506836, 45.919219970703125
45.919219970703125, 44.6935920715332
45.250694274902344, 46.253482818603516
45.47353744506836, 45.919219970703125
45.362117767333984, 44.47075271606445
45.47353744506836, 45.919219970703125
45.362117767333984, 43.6908073425293
45.47353744506836, 45.919219970703125
45.13927459716797, 44.35932922363281
45.47353744506836, 45.919219970703125
45.13927459716797, 44.35932922363281
