actor_1,actor_2
45.362117767333984, 46.253482818603516
46.92200469970703, 46.142059326171875
45.362117767333984, 46.253482818603516
46.92200469970703, 46.142059326171875
45.362117767333984, 46.253482818603516
46.92200469970703, 46.142059326171875
45.362117767333984, 46.69916534423828
46.0306396484375, 46.253482818603516
46.253482818603516, 46.142059326171875
47.14484786987305, 45.80780029296875
46.587745666503906, 46.69916534423828
47.14484786987305, 45.80780029296875
46.587745666503906, 46.69916534423828
47.14484786987305, 45.80780029296875
46.0306396484375, 46.36490249633789
47.14484786987305, 45.80780029296875
46.0306396484375, 46.36490249633789
47.14484786987305, 45.80780029296875
46.0306396484375, 46.36490249633789
47.14484786987305, 45.80780029296875
46.0306396484375, 46.36490249633789
45.696380615234375, 45.80780029296875
45.696380615234375, 45.80780029296875
45.584957122802734, 44.805015563964844
45.362117767333984, 45.47353744506836
45.13927459716797, 44.24790954589844
45.362117767333984, 45.47353744506836
45.13927459716797, 44.24790954589844
45.362117767333984, 45.47353744506836
45.13927459716797, 44.24790954589844
45.362117767333984, 45.47353744506836
45.250694274902344, 44.91643524169922
