actor_1,actor_2
45.13927459716797, 45.250694274902344
44.02507019042969, 45.696380615234375
44.91643524169922, 45.919219970703125
45.47353744506836, 45.362117767333984
44.58217239379883, 44.24790954589844
44.02507019042969, 44.35932922363281
44.6935920715332, 44.47075271606445
44.02507019042969, 44.35932922363281
44.6935920715332, 44.47075271606445
44.6935920715332, 44.47075271606445
44.6935920715332, 43.91365051269531
46.36490249633789, 45.250694274902344
46.253482818603516, 45.47353744506836
45.696380615234375, 44.805015563964844
45.696380615234375, 44.805015563964844
44.805015563964844, 44.91643524169922
45.362117767333984, 44.02507019042969
45.362117767333984, 44.02507019042969
45.80780029296875, 43.133705139160156
45.80780029296875, 43.133705139160156
45.80780029296875, 43.133705139160156
