actor_1,actor_2
46.142059326171875, 46.253482818603516
45.584957122802734, 46.253482818603516
45.919219970703125, 46.253482818603516
46.142059326171875, 44.35932922363281
47.25626754760742, 45.47353744506836
46.69916534423828, 46.92200469970703
47.3676872253418, 46.810585021972656
46.69916534423828, 46.92200469970703
47.3676872253418, 46.810585021972656
47.3676872253418, 46.810585021972656
46.142059326171875, 47.25626754760742
47.033424377441406, 46.253482818603516
46.142059326171875, 47.25626754760742
47.033424377441406, 46.253482818603516
46.142059326171875, 47.25626754760742
47.033424377441406, 46.253482818603516
45.80780029296875, 47.14484786987305
47.033424377441406, 46.253482818603516
45.80780029296875, 47.14484786987305
47.033424377441406, 46.253482818603516
45.80780029296875, 47.14484786987305
47.033424377441406, 46.253482818603516
46.476322174072266, 46.69916534423828
47.033424377441406, 46.253482818603516
46.476322174072266, 46.69916534423828
47.033424377441406, 46.253482818603516
46.476322174072266, 46.69916534423828
47.033424377441406, 46.253482818603516
46.476322174072266, 46.69916534423828
