actor_1,actor_2
46.36490249633789, 46.36490249633789
46.253482818603516, 46.810585021972656
46.36490249633789, 46.36490249633789
46.253482818603516, 46.810585021972656
46.36490249633789, 46.36490249633789
46.253482818603516, 46.810585021972656
46.142059326171875, 45.47353744506836
46.253482818603516, 46.810585021972656
46.253482818603516, 45.362117767333984
46.69916534423828, 47.14484786987305
46.253482818603516, 45.362117767333984
46.69916534423828, 47.14484786987305
46.253482818603516, 45.362117767333984
46.69916534423828, 47.14484786987305
46.253482818603516, 45.362117767333984
46.69916534423828, 47.14484786987305
45.696380615234375, 46.476322174072266
45.696380615234375, 46.476322174072266
45.584957122802734, 45.80780029296875
46.253482818603516, 45.80780029296875
45.584957122802734, 45.80780029296875
46.253482818603516, 45.80780029296875
45.584957122802734, 46.36490249633789
46.0306396484375, 45.584957122802734
45.919219970703125, 45.919219970703125
45.80780029296875, 46.253482818603516
45.696380615234375, 46.253482818603516
45.80780029296875, 45.13927459716797
45.696380615234375, 46.253482818603516
45.80780029296875, 45.13927459716797
45.80780029296875, 45.80780029296875
45.80780029296875, 46.253482818603516
45.80780029296875, 45.80780029296875
45.80780029296875, 46.253482818603516
45.80780029296875, 45.80780029296875
45.80780029296875, 46.253482818603516
45.80780029296875, 45.80780029296875
45.80780029296875, 46.253482818603516
45.80780029296875, 45.80780029296875
45.80780029296875, 46.253482818603516
45.80780029296875, 45.80780029296875
45.80780029296875, 47.47911071777344
45.584957122802734, 47.033424377441406
