actor_1,actor_2
45.47353744506836, 45.250694274902344
44.91643524169922, 45.362117767333984
45.47353744506836, 45.250694274902344
44.91643524169922, 45.362117767333984
45.47353744506836, 45.250694274902344
44.91643524169922, 45.362117767333984
45.250694274902344, 44.6935920715332
44.91643524169922, 45.362117767333984
45.250694274902344, 45.362117767333984
46.0306396484375, 45.696380615234375
45.250694274902344, 45.362117767333984
46.0306396484375, 45.696380615234375
45.250694274902344, 45.362117767333984
45.696380615234375, 45.919219970703125
45.362117767333984, 45.696380615234375
45.13927459716797, 44.805015563964844
44.805015563964844, 45.250694274902344
44.47075271606445, 45.362117767333984
44.47075271606445, 45.362117767333984
44.24790954589844, 45.250694274902344
44.02507019042969, 45.250694274902344
44.02507019042969, 45.250694274902344
44.58217239379883, 44.805015563964844
46.253482818603516, 45.80780029296875
