actor_1,actor_2
45.250694274902344, 46.253482818603516
45.13927459716797, 45.919219970703125
45.13927459716797, 46.253482818603516
44.6935920715332, 45.47353744506836
44.24790954589844, 45.362117767333984
44.6935920715332, 45.919219970703125
45.13927459716797, 45.696380615234375
45.13927459716797, 45.696380615234375
45.13927459716797, 45.696380615234375
