actor_1,actor_2
37.22841262817383, 37.00556945800781
36.44846725463867, 36.55988693237305
37.22841262817383, 37.00556945800781
36.44846725463867, 36.55988693237305
37.22841262817383, 37.00556945800781
36.44846725463867, 36.55988693237305
37.00556945800781, 36.78273010253906
36.44846725463867, 36.55988693237305
36.78273010253906, 36.78273010253906
36.55988693237305, 36.44846725463867
36.55988693237305, 36.67131042480469
36.55988693237305, 36.44846725463867
36.55988693237305, 36.67131042480469
36.55988693237305, 36.44846725463867
36.55988693237305, 36.67131042480469
36.55988693237305, 36.44846725463867
36.55988693237305, 36.67131042480469
36.55988693237305, 36.44846725463867
36.55988693237305, 36.67131042480469
