actor_1,actor_2
45.362117767333984, 45.13927459716797
44.91643524169922, 45.250694274902344
45.362117767333984, 45.13927459716797
44.91643524169922, 45.250694274902344
45.362117767333984, 45.13927459716797
44.91643524169922, 45.250694274902344
45.47353744506836, 45.47353744506836
44.91643524169922, 45.250694274902344
46.69916534423828, 46.36490249633789
45.027854919433594, 45.696380615234375
46.69916534423828, 46.36490249633789
45.027854919433594, 45.696380615234375
46.69916534423828, 46.36490249633789
45.027854919433594, 45.696380615234375
46.69916534423828, 46.36490249633789
45.027854919433594, 45.696380615234375
45.919219970703125, 45.027854919433594
45.027854919433594, 45.696380615234375
45.919219970703125, 45.027854919433594
45.027854919433594, 45.696380615234375
45.919219970703125, 45.027854919433594
45.027854919433594, 45.696380615234375
45.027854919433594, 45.696380615234375
45.919219970703125, 45.027854919433594
45.027854919433594, 45.696380615234375
