actor_1,actor_2
46.36490249633789, 46.587745666503906
47.59053039550781, 46.587745666503906
46.36490249633789, 46.587745666503906
47.59053039550781, 46.587745666503906
46.36490249633789, 46.587745666503906
47.59053039550781, 46.587745666503906
45.696380615234375, 46.476322174072266
46.587745666503906, 45.919219970703125
45.696380615234375, 46.476322174072266
46.587745666503906, 45.919219970703125
46.0306396484375, 47.25626754760742
46.92200469970703, 46.476322174072266
45.696380615234375, 46.476322174072266
46.92200469970703, 46.476322174072266
45.696380615234375, 46.476322174072266
45.919219970703125, 45.80780029296875
45.696380615234375, 46.476322174072266
45.919219970703125, 45.80780029296875
45.696380615234375, 46.476322174072266
45.919219970703125, 45.80780029296875
45.696380615234375, 46.476322174072266
45.919219970703125, 45.80780029296875
45.80780029296875, 45.919219970703125
45.919219970703125, 45.80780029296875
45.80780029296875, 45.919219970703125
45.13927459716797, 45.362117767333984
45.027854919433594, 46.0306396484375
44.805015563964844, 45.696380615234375
44.805015563964844, 45.696380615234375
45.250694274902344, 45.919219970703125
45.250694274902344, 45.919219970703125
45.250694274902344, 45.919219970703125
