actor_1,actor_2
46.253482818603516, 44.91643524169922
45.919219970703125, 45.919219970703125
45.027854919433594, 46.0306396484375
45.919219970703125, 45.919219970703125
45.027854919433594, 46.0306396484375
44.47075271606445, 45.362117767333984
45.13927459716797, 44.91643524169922
44.47075271606445, 45.362117767333984
45.13927459716797, 44.91643524169922
44.47075271606445, 45.362117767333984
45.13927459716797, 44.91643524169922
44.47075271606445, 45.362117767333984
44.35932922363281, 45.47353744506836
45.584957122802734, 44.24790954589844
44.35932922363281, 45.47353744506836
45.250694274902344, 44.24790954589844
44.35932922363281, 45.47353744506836
45.13927459716797, 44.91643524169922
44.35932922363281, 45.47353744506836
45.13927459716797, 44.91643524169922
44.47075271606445, 45.362117767333984
44.35932922363281, 45.47353744506836
45.584957122802734, 44.24790954589844
44.35932922363281, 45.47353744506836
45.13927459716797, 45.13927459716797
44.35932922363281, 45.47353744506836
44.58217239379883, 45.47353744506836
44.805015563964844, 43.80222702026367
43.91365051269531, 45.696380615234375
44.805015563964844, 44.6935920715332
