actor_1,actor_2
45.47353744506836, 46.69916534423828
45.696380615234375, 46.476322174072266
46.36490249633789, 46.253482818603516
45.250694274902344, 45.80780029296875
45.696380615234375, 45.13927459716797
45.80780029296875, 44.805015563964844
44.24790954589844, 44.91643524169922
44.91643524169922, 44.805015563964844
44.24790954589844, 44.91643524169922
44.91643524169922, 44.805015563964844
44.24790954589844, 44.91643524169922
45.250694274902344, 45.47353744506836
45.250694274902344, 45.47353744506836
45.027854919433594, 44.58217239379883
44.6935920715332, 45.027854919433594
44.58217239379883, 44.35932922363281
44.6935920715332, 45.027854919433594
44.58217239379883, 44.35932922363281
44.6935920715332, 45.027854919433594
44.58217239379883, 44.35932922363281
44.6935920715332, 45.027854919433594
44.58217239379883, 44.35932922363281
44.6935920715332, 45.027854919433594
