actor_1,actor_2
46.142059326171875, 46.476322174072266
46.253482818603516, 46.0306396484375
46.142059326171875, 46.476322174072266
46.253482818603516, 46.0306396484375
46.142059326171875, 46.476322174072266
46.253482818603516, 46.0306396484375
46.0306396484375, 46.36490249633789
45.919219970703125, 45.13927459716797
46.0306396484375, 46.36490249633789
45.919219970703125, 45.13927459716797
46.36490249633789, 45.919219970703125
46.810585021972656, 46.476322174072266
45.919219970703125, 47.3676872253418
45.919219970703125, 46.587745666503906
45.584957122802734, 45.696380615234375
46.253482818603516, 46.0306396484375
45.584957122802734, 45.696380615234375
46.253482818603516, 46.0306396484375
45.584957122802734, 45.696380615234375
46.253482818603516, 46.0306396484375
46.142059326171875, 46.0306396484375
46.253482818603516, 46.476322174072266
46.142059326171875, 46.0306396484375
46.253482818603516, 46.476322174072266
46.142059326171875, 46.0306396484375
46.253482818603516, 46.253482818603516
46.253482818603516, 47.033424377441406
46.253482818603516, 46.253482818603516
46.253482818603516, 47.033424377441406
46.253482818603516, 46.253482818603516
46.253482818603516, 47.033424377441406
46.253482818603516, 46.253482818603516
46.253482818603516, 47.033424377441406
46.253482818603516, 46.253482818603516
