actor_1,actor_2
46.253482818603516, 45.584957122802734
45.584957122802734, 46.36490249633789
46.253482818603516, 45.584957122802734
45.584957122802734, 46.36490249633789
46.253482818603516, 45.584957122802734
45.584957122802734, 46.36490249633789
46.0306396484375, 45.027854919433594
45.584957122802734, 46.36490249633789
46.476322174072266, 46.476322174072266
45.362117767333984, 46.36490249633789
46.476322174072266, 46.476322174072266
45.362117767333984, 46.36490249633789
46.476322174072266, 46.476322174072266
45.362117767333984, 46.36490249633789
46.476322174072266, 46.476322174072266
45.362117767333984, 46.36490249633789
45.80780029296875, 45.919219970703125
46.587745666503906, 46.92200469970703
47.47911071777344, 46.253482818603516
46.476322174072266, 46.476322174072266
45.80780029296875, 45.919219970703125
46.476322174072266, 46.476322174072266
45.80780029296875, 45.919219970703125
45.80780029296875, 45.919219970703125
46.587745666503906, 46.92200469970703
47.70195007324219, 47.033424377441406
47.033424377441406, 46.253482818603516
45.696380615234375, 46.810585021972656
47.033424377441406, 46.69916534423828
45.696380615234375, 46.810585021972656
46.36490249633789, 47.033424377441406
47.81336975097656, 47.3676872253418
46.36490249633789, 47.033424377441406
47.92478942871094, 47.14484786987305
46.36490249633789, 47.033424377441406
46.92200469970703, 47.3676872253418
47.81336975097656, 47.3676872253418
46.92200469970703, 47.3676872253418
47.92478942871094, 47.14484786987305
