actor_1,actor_2
46.142059326171875, 46.476322174072266
46.0306396484375, 46.142059326171875
45.584957122802734, 46.253482818603516
46.0306396484375, 45.47353744506836
44.47075271606445, 44.91643524169922
43.6908073425293, 44.47075271606445
43.6908073425293, 44.47075271606445
43.6908073425293, 44.6935920715332
43.6908073425293, 44.6935920715332
43.6908073425293, 44.6935920715332
