actor_1,actor_2
47.14484786987305, 46.0306396484375
46.36490249633789, 46.36490249633789
46.0306396484375, 46.0306396484375
45.80780029296875, 45.80780029296875
45.47353744506836, 45.13927459716797
45.47353744506836, 45.13927459716797
45.47353744506836, 45.13927459716797
44.91643524169922, 44.805015563964844
