actor_1,actor_2
46.142059326171875, 46.476322174072266
45.584957122802734, 47.81336975097656
46.0306396484375, 47.033424377441406
45.584957122802734, 46.587745666503906
45.80780029296875, 45.13927459716797
45.47353744506836, 45.584957122802734
45.47353744506836, 45.584957122802734
45.919219970703125, 45.13927459716797
45.919219970703125, 45.13927459716797
45.919219970703125, 45.13927459716797
46.253482818603516, 45.584957122802734
46.253482818603516, 45.584957122802734
46.0306396484375, 45.362117767333984
46.810585021972656, 45.919219970703125
46.142059326171875, 44.805015563964844
46.142059326171875, 44.805015563964844
46.476322174072266, 44.805015563964844
46.476322174072266, 44.805015563964844
46.476322174072266, 44.805015563964844
46.476322174072266, 44.805015563964844
46.476322174072266, 44.805015563964844
45.80780029296875, 45.584957122802734
45.250694274902344, 44.6935920715332
45.47353744506836, 44.47075271606445
45.80780029296875, 44.13648986816406
