actor_1,actor_2
46.253482818603516, 46.587745666503906
46.476322174072266, 46.476322174072266
46.253482818603516, 46.587745666503906
46.476322174072266, 46.476322174072266
46.253482818603516, 46.587745666503906
46.476322174072266, 46.476322174072266
45.584957122802734, 45.362117767333984
46.476322174072266, 45.13927459716797
46.36490249633789, 45.696380615234375
45.919219970703125, 45.80780029296875
45.919219970703125, 45.80780029296875
45.919219970703125, 45.250694274902344
45.919219970703125, 45.250694274902344
45.919219970703125, 45.250694274902344
