actor_1,actor_2
46.253482818603516, 45.696380615234375
44.805015563964844, 45.80780029296875
46.253482818603516, 45.696380615234375
44.805015563964844, 45.80780029296875
46.253482818603516, 45.696380615234375
44.805015563964844, 45.80780029296875
46.142059326171875, 46.36490249633789
46.92200469970703, 46.36490249633789
46.142059326171875, 46.36490249633789
46.92200469970703, 46.36490249633789
46.142059326171875, 46.36490249633789
46.92200469970703, 46.36490249633789
46.142059326171875, 46.36490249633789
46.92200469970703, 46.476322174072266
46.142059326171875, 46.36490249633789
46.92200469970703, 46.476322174072266
46.142059326171875, 46.36490249633789
46.92200469970703, 46.476322174072266
45.13927459716797, 45.250694274902344
46.142059326171875, 46.142059326171875
44.6935920715332, 45.027854919433594
45.13927459716797, 45.47353744506836
45.919219970703125, 46.142059326171875
45.80780029296875, 46.0306396484375
45.919219970703125, 46.36490249633789
45.919219970703125, 46.36490249633789
46.0306396484375, 45.47353744506836
44.91643524169922, 47.3676872253418
44.91643524169922, 47.3676872253418
44.24790954589844, 47.14484786987305
44.02507019042969, 46.36490249633789
44.02507019042969, 46.36490249633789
