actor_1,actor_2
46.476322174072266, 46.810585021972656
45.13927459716797, 46.142059326171875
45.250694274902344, 46.0306396484375
45.13927459716797, 45.027854919433594
45.027854919433594, 45.47353744506836
46.142059326171875, 45.362117767333984
46.92200469970703, 46.142059326171875
46.587745666503906, 45.80780029296875
46.92200469970703, 45.47353744506836
46.810585021972656, 46.0306396484375
46.810585021972656, 46.36490249633789
47.3676872253418, 46.0306396484375
47.3676872253418, 46.0306396484375
46.810585021972656, 44.24790954589844
46.253482818603516, 45.250694274902344
46.69916534423828, 46.476322174072266
46.69916534423828, 46.476322174072266
46.69916534423828, 46.476322174072266
