actor_1,actor_2
45.47353744506836, 47.3676872253418
44.02507019042969, 46.476322174072266
44.805015563964844, 46.36490249633789
44.13648986816406, 45.919219970703125
44.805015563964844, 45.919219970703125
45.584957122802734, 47.59053039550781
45.696380615234375, 47.47911071777344
45.696380615234375, 47.47911071777344
45.696380615234375, 47.47911071777344
