actor_1,actor_2
45.584957122802734, 46.142059326171875
45.250694274902344, 47.033424377441406
46.253482818603516, 46.253482818603516
45.362117767333984, 46.810585021972656
46.69916534423828, 45.696380615234375
45.696380615234375, 46.253482818603516
47.3676872253418, 47.033424377441406
46.587745666503906, 46.92200469970703
47.3676872253418, 47.033424377441406
46.587745666503906, 46.92200469970703
47.3676872253418, 47.033424377441406
47.92478942871094, 45.919219970703125
47.14484786987305, 46.69916534423828
46.587745666503906, 45.584957122802734
46.69916534423828, 46.36490249633789
45.250694274902344, 46.810585021972656
45.584957122802734, 47.033424377441406
45.13927459716797, 46.476322174072266
46.476322174072266, 47.14484786987305
47.3676872253418, 47.033424377441406
46.253482818603516, 47.033424377441406
47.3676872253418, 47.033424377441406
46.253482818603516, 47.033424377441406
47.3676872253418, 47.033424377441406
46.253482818603516, 47.033424377441406
47.3676872253418, 47.033424377441406
47.25626754760742, 46.810585021972656
46.587745666503906, 46.810585021972656
47.25626754760742, 46.810585021972656
46.587745666503906, 46.810585021972656
47.25626754760742, 46.142059326171875
46.810585021972656, 47.14484786987305
47.25626754760742, 46.142059326171875
46.810585021972656, 47.14484786987305
47.25626754760742, 46.142059326171875
46.253482818603516, 47.59053039550781
47.25626754760742, 46.142059326171875
46.253482818603516, 47.59053039550781
47.25626754760742, 46.142059326171875
46.253482818603516, 47.59053039550781
47.25626754760742, 46.142059326171875
46.142059326171875, 46.587745666503906
47.25626754760742, 46.142059326171875
46.142059326171875, 46.587745666503906
47.25626754760742, 46.142059326171875
46.142059326171875, 46.587745666503906
47.25626754760742, 46.142059326171875
