actor_1,actor_2
45.47353744506836, 46.92200469970703
45.250694274902344, 47.3676872253418
46.36490249633789, 47.033424377441406
45.250694274902344, 46.92200469970703
45.919219970703125, 45.584957122802734
45.362117767333984, 46.36490249633789
45.362117767333984, 46.36490249633789
44.58217239379883, 45.80780029296875
44.58217239379883, 45.80780029296875
44.58217239379883, 45.80780029296875
