actor_1,actor_2
44.91643524169922, 45.80780029296875
45.250694274902344, 46.0306396484375
45.362117767333984, 45.362117767333984
44.58217239379883, 45.696380615234375
45.362117767333984, 44.35932922363281
44.6935920715332, 45.027854919433594
44.02507019042969, 44.35932922363281
44.91643524169922, 43.6908073425293
44.02507019042969, 44.35932922363281
44.91643524169922, 43.6908073425293
44.02507019042969, 43.6908073425293
44.02507019042969, 43.6908073425293
44.805015563964844, 44.35932922363281
44.805015563964844, 44.6935920715332
45.47353744506836, 45.13927459716797
44.58217239379883, 46.0306396484375
45.47353744506836, 45.13927459716797
44.6935920715332, 45.027854919433594
44.6935920715332, 45.027854919433594
44.91643524169922, 45.027854919433594
44.13648986816406, 44.91643524169922
44.02507019042969, 44.35932922363281
44.02507019042969, 44.35932922363281
44.24790954589844, 43.24512481689453
44.02507019042969, 43.6908073425293
44.02507019042969, 43.6908073425293
44.35932922363281, 44.02507019042969
45.027854919433594, 44.35932922363281
45.696380615234375, 45.47353744506836
45.47353744506836, 45.13927459716797
44.58217239379883, 46.0306396484375
45.47353744506836, 45.13927459716797
44.58217239379883, 46.0306396484375
45.250694274902344, 45.13927459716797
44.805015563964844, 45.696380615234375
44.58217239379883, 44.91643524169922
44.58217239379883, 44.6935920715332
45.13927459716797, 44.805015563964844
44.58217239379883, 44.6935920715332
45.13927459716797, 44.805015563964844
44.58217239379883, 44.6935920715332
45.362117767333984, 44.6935920715332
45.250694274902344, 45.250694274902344
45.696380615234375, 45.584957122802734
44.805015563964844, 45.696380615234375
45.584957122802734, 46.142059326171875
45.80780029296875, 45.919219970703125
45.362117767333984, 45.47353744506836
45.362117767333984, 44.91643524169922
45.696380615234375, 45.696380615234375
46.142059326171875, 46.253482818603516
45.696380615234375, 45.696380615234375
46.142059326171875, 46.253482818603516
45.696380615234375, 45.696380615234375
46.142059326171875, 46.253482818603516
45.696380615234375, 45.696380615234375
46.142059326171875, 46.253482818603516
45.696380615234375, 45.696380615234375
46.142059326171875, 46.253482818603516
45.696380615234375, 45.696380615234375
