actor_1,actor_2
45.027854919433594, 46.142059326171875
45.584957122802734, 45.584957122802734
45.027854919433594, 46.142059326171875
45.584957122802734, 45.584957122802734
45.027854919433594, 46.142059326171875
45.584957122802734, 45.584957122802734
45.80780029296875, 46.587745666503906
46.69916534423828, 45.696380615234375
45.80780029296875, 46.587745666503906
46.69916534423828, 45.696380615234375
46.476322174072266, 46.810585021972656
47.14484786987305, 46.810585021972656
47.033424377441406, 47.033424377441406
46.253482818603516, 45.696380615234375
45.47353744506836, 44.6935920715332
44.02507019042969, 44.805015563964844
45.13927459716797, 44.91643524169922
44.47075271606445, 44.35932922363281
44.47075271606445, 44.35932922363281
44.47075271606445, 44.35932922363281
44.47075271606445, 44.35932922363281
