actor_1,actor_2
44.6935920715332, 45.362117767333984
44.35932922363281, 45.362117767333984
45.13927459716797, 45.919219970703125
44.91643524169922, 45.584957122802734
46.92200469970703, 46.587745666503906
47.033424377441406, 45.919219970703125
46.36490249633789, 45.250694274902344
45.13927459716797, 44.47075271606445
45.919219970703125, 45.696380615234375
45.696380615234375, 45.696380615234375
46.476322174072266, 46.0306396484375
46.476322174072266, 45.80780029296875
46.476322174072266, 45.80780029296875
46.476322174072266, 45.584957122802734
44.58217239379883, 45.13927459716797
44.58217239379883, 45.13927459716797
45.13927459716797, 45.362117767333984
45.13927459716797, 45.362117767333984
45.250694274902344, 45.47353744506836
45.362117767333984, 45.47353744506836
44.91643524169922, 45.696380615234375
45.027854919433594, 45.362117767333984
45.696380615234375, 46.0306396484375
45.80780029296875, 46.253482818603516
45.80780029296875, 46.253482818603516
45.80780029296875, 46.253482818603516
45.80780029296875, 46.253482818603516
45.13927459716797, 46.0306396484375
45.80780029296875, 46.253482818603516
47.033424377441406, 45.919219970703125
46.36490249633789, 45.919219970703125
46.36490249633789, 45.919219970703125
46.92200469970703, 46.36490249633789
