actor_1,actor_2
47.92478942871094, 47.70195007324219
46.69916534423828, 47.14484786987305
47.92478942871094, 47.70195007324219
46.69916534423828, 47.14484786987305
47.92478942871094, 47.70195007324219
46.69916534423828, 47.14484786987305
47.033424377441406, 47.70195007324219
47.25626754760742, 46.36490249633789
47.033424377441406, 47.70195007324219
47.25626754760742, 46.36490249633789
47.033424377441406, 47.70195007324219
47.25626754760742, 46.36490249633789
47.033424377441406, 47.70195007324219
47.92478942871094, 46.36490249633789
47.033424377441406, 47.70195007324219
47.92478942871094, 46.36490249633789
47.033424377441406, 47.70195007324219
47.92478942871094, 46.36490249633789
46.253482818603516, 46.810585021972656
47.81336975097656, 47.033424377441406
47.70195007324219, 47.81336975097656
49.2618408203125, 47.59053039550781
47.70195007324219, 47.81336975097656
49.2618408203125, 47.59053039550781
47.70195007324219, 47.81336975097656
48.03621292114258, 47.70195007324219
47.70195007324219, 47.81336975097656
48.03621292114258, 47.70195007324219
47.70195007324219, 47.81336975097656
48.03621292114258, 47.70195007324219
47.70195007324219, 47.81336975097656
48.03621292114258, 47.70195007324219
46.92200469970703, 47.70195007324219
47.70195007324219, 47.81336975097656
49.2618408203125, 47.59053039550781
47.70195007324219, 47.81336975097656
48.481895446777344, 46.92200469970703
47.70195007324219, 47.81336975097656
48.481895446777344, 46.92200469970703
47.70195007324219, 47.81336975097656
48.25905227661133, 47.033424377441406
47.70195007324219, 47.81336975097656
48.25905227661133, 47.033424377441406
