actor_1,actor_2
45.584957122802734, 44.35932922363281
45.250694274902344, 45.250694274902344
44.58217239379883, 45.47353744506836
45.250694274902344, 45.250694274902344
44.58217239379883, 45.47353744506836
44.6935920715332, 44.35932922363281
43.6908073425293, 44.805015563964844
44.6935920715332, 44.35932922363281
43.6908073425293, 44.805015563964844
44.6935920715332, 44.35932922363281
43.6908073425293, 44.805015563964844
44.6935920715332, 44.35932922363281
43.6908073425293, 44.805015563964844
44.6935920715332, 44.35932922363281
43.6908073425293, 44.805015563964844
44.6935920715332, 44.35932922363281
