actor_1,actor_2
45.919219970703125, 46.0306396484375
46.69916534423828, 45.250694274902344
45.919219970703125, 46.0306396484375
46.69916534423828, 45.250694274902344
45.919219970703125, 46.0306396484375
46.69916534423828, 45.250694274902344
45.696380615234375, 46.69916534423828
46.36490249633789, 44.6935920715332
45.696380615234375, 46.69916534423828
46.36490249633789, 44.6935920715332
45.027854919433594, 46.476322174072266
45.362117767333984, 44.91643524169922
45.027854919433594, 45.919219970703125
45.362117767333984, 44.91643524169922
45.027854919433594, 45.919219970703125
44.24790954589844, 45.027854919433594
44.91643524169922, 45.919219970703125
45.13927459716797, 45.47353744506836
45.13927459716797, 45.47353744506836
45.13927459716797, 45.47353744506836
44.805015563964844, 45.47353744506836
44.805015563964844, 45.47353744506836
44.805015563964844, 45.47353744506836
