actor_1,actor_2
46.142059326171875, 47.3676872253418
46.36490249633789, 45.696380615234375
46.142059326171875, 47.3676872253418
46.36490249633789, 45.696380615234375
46.142059326171875, 47.3676872253418
46.36490249633789, 45.696380615234375
46.36490249633789, 46.92200469970703
46.142059326171875, 44.35932922363281
46.36490249633789, 46.92200469970703
46.142059326171875, 44.35932922363281
45.696380615234375, 46.142059326171875
46.0306396484375, 44.02507019042969
45.362117767333984, 45.362117767333984
45.584957122802734, 44.58217239379883
45.250694274902344, 44.6935920715332
46.253482818603516, 43.91365051269531
46.253482818603516, 43.91365051269531
45.47353744506836, 43.91365051269531
45.47353744506836, 43.91365051269531
45.47353744506836, 43.91365051269531
