actor_1,actor_2
46.0306396484375, 46.476322174072266
45.584957122802734, 46.69916534423828
45.919219970703125, 45.584957122802734
45.696380615234375, 45.80780029296875
45.919219970703125, 45.919219970703125
45.696380615234375, 46.476322174072266
46.69916534423828, 44.47075271606445
46.142059326171875, 45.13927459716797
45.250694274902344, 44.805015563964844
45.919219970703125, 44.58217239379883
46.253482818603516, 43.91365051269531
46.253482818603516, 44.58217239379883
46.142059326171875, 44.805015563964844
45.13927459716797, 44.13648986816406
45.13927459716797, 44.47075271606445
45.13927459716797, 44.47075271606445
45.13927459716797, 44.47075271606445
