actor_1,actor_2
45.362117767333984, 44.91643524169922
45.47353744506836, 44.13648986816406
45.80780029296875, 44.91643524169922
45.027854919433594, 44.13648986816406
44.6935920715332, 44.47075271606445
44.6935920715332, 44.47075271606445
44.6935920715332, 44.47075271606445
44.91643524169922, 43.91365051269531
