actor_1,actor_2
45.250694274902344, 45.584957122802734
45.80780029296875, 46.142059326171875
45.919219970703125, 45.919219970703125
45.027854919433594, 45.584957122802734
45.47353744506836, 46.253482818603516
45.696380615234375, 46.476322174072266
45.919219970703125, 46.69916534423828
45.919219970703125, 46.69916534423828
45.13927459716797, 45.919219970703125
45.13927459716797, 45.919219970703125
45.13927459716797, 45.919219970703125
