actor_1,actor_2
45.919219970703125, 45.027854919433594
45.250694274902344, 46.0306396484375
45.919219970703125, 45.027854919433594
45.250694274902344, 46.0306396484375
45.919219970703125, 45.027854919433594
45.250694274902344, 46.0306396484375
45.250694274902344, 45.13927459716797
45.250694274902344, 46.0306396484375
45.362117767333984, 45.919219970703125
45.362117767333984, 45.584957122802734
45.027854919433594, 45.250694274902344
44.47075271606445, 44.91643524169922
44.47075271606445, 44.91643524169922
44.6935920715332, 45.13927459716797
43.80222702026367, 44.91643524169922
43.80222702026367, 44.91643524169922
43.24512481689453, 44.35932922363281
43.24512481689453, 44.35932922363281
