actor_1,actor_2
45.80780029296875, 44.35932922363281
45.919219970703125, 45.362117767333984
45.696380615234375, 45.584957122802734
45.13927459716797, 45.250694274902344
45.362117767333984, 45.250694274902344
45.027854919433594, 45.362117767333984
45.362117767333984, 45.250694274902344
45.027854919433594, 45.362117767333984
45.362117767333984, 45.250694274902344
45.027854919433594, 45.362117767333984
44.02507019042969, 44.47075271606445
45.027854919433594, 44.35932922363281
44.02507019042969, 44.47075271606445
