actor_1,actor_2
46.587745666503906, 44.91643524169922
46.476322174072266, 45.80780029296875
46.476322174072266, 46.0306396484375
45.80780029296875, 45.362117767333984
45.027854919433594, 44.47075271606445
45.027854919433594, 44.47075271606445
45.027854919433594, 44.47075271606445
44.805015563964844, 44.58217239379883
