actor_1,actor_2
47.033424377441406, 45.584957122802734
46.253482818603516, 46.142059326171875
47.14484786987305, 46.69916534423828
46.476322174072266, 45.250694274902344
46.36490249633789, 45.13927459716797
46.36490249633789, 45.13927459716797
46.36490249633789, 45.13927459716797
45.13927459716797, 45.47353744506836
