actor_1,actor_2
46.142059326171875, 45.696380615234375
46.0306396484375, 44.91643524169922
45.584957122802734, 44.805015563964844
45.250694274902344, 43.91365051269531
44.91643524169922, 44.13648986816406
44.91643524169922, 44.13648986816406
44.91643524169922, 44.13648986816406
44.24790954589844, 44.02507019042969
