actor_1,actor_2
45.250694274902344, 45.13927459716797
45.362117767333984, 45.47353744506836
45.250694274902344, 45.13927459716797
45.362117767333984, 45.47353744506836
45.250694274902344, 45.13927459716797
45.362117767333984, 45.47353744506836
44.47075271606445, 44.47075271606445
45.362117767333984, 45.47353744506836
44.91643524169922, 44.13648986816406
44.47075271606445, 44.91643524169922
44.91643524169922, 44.13648986816406
44.47075271606445, 44.91643524169922
44.91643524169922, 44.13648986816406
44.47075271606445, 44.91643524169922
44.91643524169922, 44.13648986816406
44.47075271606445, 44.91643524169922
44.47075271606445, 43.46796798706055
44.47075271606445, 44.91643524169922
44.47075271606445, 43.46796798706055
44.47075271606445, 44.91643524169922
44.47075271606445, 43.46796798706055
44.47075271606445, 44.91643524169922
44.47075271606445, 44.91643524169922
44.47075271606445, 43.46796798706055
44.47075271606445, 44.91643524169922
