actor_1,actor_2
46.476322174072266, 46.92200469970703
45.584957122802734, 45.362117767333984
46.476322174072266, 46.92200469970703
45.584957122802734, 45.362117767333984
46.476322174072266, 46.92200469970703
45.584957122802734, 45.362117767333984
46.142059326171875, 46.142059326171875
45.919219970703125, 45.80780029296875
45.696380615234375, 46.476322174072266
45.919219970703125, 46.69916534423828
46.476322174072266, 46.92200469970703
45.584957122802734, 45.362117767333984
45.919219970703125, 46.253482818603516
45.584957122802734, 45.362117767333984
45.919219970703125, 46.253482818603516
45.584957122802734, 45.362117767333984
45.919219970703125, 46.253482818603516
45.584957122802734, 45.362117767333984
45.919219970703125, 46.253482818603516
45.584957122802734, 45.696380615234375
45.80780029296875, 44.91643524169922
44.805015563964844, 44.91643524169922
45.80780029296875, 44.91643524169922
44.805015563964844, 44.91643524169922
45.80780029296875, 44.91643524169922
44.805015563964844, 44.91643524169922
45.80780029296875, 44.91643524169922
45.13927459716797, 45.362117767333984
45.696380615234375, 45.027854919433594
44.805015563964844, 44.91643524169922
46.0306396484375, 44.805015563964844
44.805015563964844, 44.91643524169922
46.0306396484375, 44.805015563964844
44.02507019042969, 44.805015563964844
45.80780029296875, 45.13927459716797
44.02507019042969, 44.805015563964844
45.80780029296875, 45.13927459716797
44.02507019042969, 44.805015563964844
45.80780029296875, 45.13927459716797
44.02507019042969, 44.805015563964844
45.80780029296875, 45.13927459716797
44.91643524169922, 45.47353744506836
46.36490249633789, 45.027854919433594
45.362117767333984, 45.47353744506836
46.69916534423828, 45.250694274902344
45.362117767333984, 45.47353744506836
46.69916534423828, 45.250694274902344
45.362117767333984, 45.47353744506836
46.69916534423828, 45.250694274902344
46.69916534423828, 45.250694274902344
45.919219970703125, 45.919219970703125
47.3676872253418, 45.13927459716797
47.59053039550781, 46.253482818603516
47.59053039550781, 46.253482818603516
47.81336975097656, 46.36490249633789
47.81336975097656, 46.36490249633789
47.14484786987305, 46.36490249633789
46.0306396484375, 45.696380615234375
45.362117767333984, 45.13927459716797
45.027854919433594, 45.47353744506836
45.027854919433594, 45.47353744506836
44.47075271606445, 45.584957122802734
