actor_1,actor_2
46.36490249633789, 46.253482818603516
45.919219970703125, 46.810585021972656
46.36490249633789, 46.253482818603516
45.919219970703125, 46.810585021972656
46.36490249633789, 46.253482818603516
45.919219970703125, 46.810585021972656
45.362117767333984, 45.919219970703125
44.91643524169922, 45.919219970703125
45.80780029296875, 45.919219970703125
44.805015563964844, 45.584957122802734
44.805015563964844, 45.584957122802734
44.6935920715332, 45.584957122802734
44.91643524169922, 46.476322174072266
45.362117767333984, 46.253482818603516
45.362117767333984, 46.253482818603516
46.587745666503906, 46.142059326171875
