actor_1,actor_2
45.027854919433594, 45.027854919433594
46.0306396484375, 45.13927459716797
46.253482818603516, 45.80780029296875
45.584957122802734, 44.58217239379883
45.47353744506836, 44.6935920715332
45.47353744506836, 44.6935920715332
45.47353744506836, 44.6935920715332
44.6935920715332, 44.805015563964844
