actor_1,actor_2
45.250694274902344, 46.0306396484375
45.696380615234375, 46.69916534423828
45.250694274902344, 46.92200469970703
44.58217239379883, 46.69916534423828
45.80780029296875, 46.69916534423828
45.919219970703125, 46.810585021972656
45.47353744506836, 47.033424377441406
45.47353744506836, 47.033424377441406
45.47353744506836, 47.033424377441406
