actor_1,actor_2
47.59053039550781, 47.59053039550781
47.25626754760742, 46.253482818603516
48.481895446777344, 46.810585021972656
47.47911071777344, 45.696380615234375
46.587745666503906, 45.696380615234375
46.587745666503906, 45.696380615234375
46.587745666503906, 45.696380615234375
46.142059326171875, 46.253482818603516
