actor_1,actor_2
47.033424377441406, 47.14484786987305
46.253482818603516, 46.36490249633789
46.253482818603516, 47.033424377441406
44.6935920715332, 46.253482818603516
45.362117767333984, 46.476322174072266
45.696380615234375, 46.69916534423828
45.250694274902344, 46.69916534423828
45.250694274902344, 46.69916534423828
45.250694274902344, 46.69916534423828
