actor_1,actor_2
45.696380615234375, 43.57938766479492
45.250694274902344, 45.027854919433594
45.027854919433594, 46.0306396484375
45.250694274902344, 45.027854919433594
45.027854919433594, 46.0306396484375
45.250694274902344, 45.362117767333984
45.47353744506836, 43.80222702026367
45.250694274902344, 45.362117767333984
45.47353744506836, 43.80222702026367
45.250694274902344, 45.362117767333984
45.47353744506836, 43.80222702026367
45.250694274902344, 45.362117767333984
45.13927459716797, 44.13648986816406
45.250694274902344, 45.362117767333984
45.13927459716797, 44.13648986816406
45.250694274902344, 45.362117767333984
45.13927459716797, 44.13648986816406
45.250694274902344, 45.362117767333984
45.13927459716797, 44.13648986816406
45.250694274902344, 45.362117767333984
45.250694274902344, 45.362117767333984
