actor_1,actor_2
46.810585021972656, 46.92200469970703
46.36490249633789, 46.810585021972656
47.14484786987305, 46.69916534423828
46.476322174072266, 46.810585021972656
47.47911071777344, 47.59053039550781
45.362117767333984, 46.587745666503906
45.027854919433594, 46.810585021972656
45.027854919433594, 46.810585021972656
45.362117767333984, 47.033424377441406
45.362117767333984, 47.033424377441406
45.362117767333984, 47.033424377441406
