actor_1,actor_2
45.250694274902344, 45.80780029296875
44.805015563964844, 45.13927459716797
45.13927459716797, 45.80780029296875
44.805015563964844, 44.91643524169922
45.362117767333984, 45.250694274902344
45.362117767333984, 46.0306396484375
45.362117767333984, 46.0306396484375
45.13927459716797, 45.80780029296875
45.13927459716797, 45.80780029296875
45.13927459716797, 45.80780029296875
