actor_1,actor_2
45.919219970703125, 45.80780029296875
44.805015563964844, 46.587745666503906
45.919219970703125, 45.80780029296875
44.805015563964844, 46.587745666503906
45.919219970703125, 45.80780029296875
44.805015563964844, 46.587745666503906
46.36490249633789, 45.696380615234375
44.805015563964844, 46.587745666503906
46.587745666503906, 46.587745666503906
45.027854919433594, 46.587745666503906
46.587745666503906, 46.587745666503906
45.027854919433594, 46.587745666503906
46.587745666503906, 46.587745666503906
45.027854919433594, 46.587745666503906
46.587745666503906, 46.587745666503906
45.027854919433594, 46.587745666503906
45.584957122802734, 45.584957122802734
45.027854919433594, 46.587745666503906
45.584957122802734, 45.584957122802734
45.027854919433594, 46.587745666503906
45.584957122802734, 45.584957122802734
45.027854919433594, 46.587745666503906
45.027854919433594, 46.587745666503906
45.584957122802734, 45.584957122802734
45.027854919433594, 46.587745666503906
