actor_1,actor_2
46.36490249633789, 46.476322174072266
45.584957122802734, 46.36490249633789
46.36490249633789, 46.69916534423828
45.696380615234375, 46.587745666503906
45.584957122802734, 46.36490249633789
45.250694274902344, 46.92200469970703
45.584957122802734, 47.47911071777344
45.584957122802734, 47.47911071777344
45.584957122802734, 47.47911071777344
