actor_1,actor_2
45.47353744506836, 45.47353744506836
45.696380615234375, 44.91643524169922
45.13927459716797, 45.47353744506836
45.696380615234375, 44.91643524169922
45.13927459716797, 45.47353744506836
45.80780029296875, 44.58217239379883
45.362117767333984, 45.47353744506836
45.80780029296875, 44.58217239379883
45.362117767333984, 45.47353744506836
45.80780029296875, 44.58217239379883
45.362117767333984, 45.47353744506836
45.80780029296875, 44.58217239379883
45.362117767333984, 45.47353744506836
45.80780029296875, 44.58217239379883
45.362117767333984, 45.47353744506836
45.80780029296875, 44.58217239379883
