actor_1,actor_2
45.919219970703125, 44.58217239379883
46.69916534423828, 45.584957122802734
46.476322174072266, 45.362117767333984
46.253482818603516, 45.696380615234375
45.696380615234375, 46.476322174072266
45.696380615234375, 46.476322174072266
45.919219970703125, 45.47353744506836
45.696380615234375, 46.476322174072266
45.919219970703125, 45.47353744506836
45.696380615234375, 46.476322174072266
45.362117767333984, 45.250694274902344
