actor_1,actor_2
44.91643524169922, 44.6935920715332
44.13648986816406, 43.91365051269531
43.24512481689453, 44.24790954589844
44.13648986816406, 43.91365051269531
43.24512481689453, 44.24790954589844
43.356544494628906, 42.799442291259766
42.799442291259766, 43.24512481689453
43.356544494628906, 42.799442291259766
42.799442291259766, 43.24512481689453
43.356544494628906, 42.799442291259766
42.799442291259766, 43.24512481689453
43.356544494628906, 42.799442291259766
42.799442291259766, 43.24512481689453
43.356544494628906, 42.799442291259766
42.799442291259766, 43.24512481689453
43.356544494628906, 42.799442291259766
