actor_1,actor_2
46.92200469970703, 46.69916534423828
46.810585021972656, 46.36490249633789
47.14484786987305, 45.919219970703125
47.59053039550781, 45.80780029296875
47.3676872253418, 45.584957122802734
47.3676872253418, 45.584957122802734
47.3676872253418, 45.584957122802734
48.03621292114258, 46.92200469970703
