actor_1,actor_2
48.03621292114258, 47.3676872253418
47.59053039550781, 47.47911071777344
47.70195007324219, 47.47911071777344
47.92478942871094, 47.59053039550781
47.25626754760742, 47.47911071777344
47.25626754760742, 47.47911071777344
47.14484786987305, 47.14484786987305
47.25626754760742, 47.47911071777344
47.14484786987305, 47.14484786987305
47.25626754760742, 47.47911071777344
47.81336975097656, 47.25626754760742
