actor_1,actor_2
45.47353744506836, 44.35932922363281
43.6908073425293, 45.584957122802734
45.47353744506836, 44.35932922363281
43.6908073425293, 45.584957122802734
45.47353744506836, 44.35932922363281
43.6908073425293, 45.584957122802734
44.91643524169922, 44.58217239379883
43.6908073425293, 45.584957122802734
43.80222702026367, 43.91365051269531
44.24790954589844, 46.0306396484375
44.47075271606445, 45.80780029296875
45.696380615234375, 45.919219970703125
45.696380615234375, 45.919219970703125
45.80780029296875, 46.0306396484375
45.027854919433594, 46.92200469970703
45.027854919433594, 46.92200469970703
46.142059326171875, 46.810585021972656
46.142059326171875, 46.810585021972656
