actor_1,actor_2
46.476322174072266, 45.80780029296875
46.36490249633789, 45.80780029296875
45.584957122802734, 45.919219970703125
46.36490249633789, 45.80780029296875
45.584957122802734, 45.919219970703125
45.362117767333984, 45.584957122802734
45.80780029296875, 45.919219970703125
46.142059326171875, 46.253482818603516
46.36490249633789, 46.142059326171875
46.142059326171875, 46.253482818603516
46.36490249633789, 46.142059326171875
45.584957122802734, 45.027854919433594
46.253482818603516, 45.696380615234375
46.36490249633789, 45.80780029296875
44.47075271606445, 44.58217239379883
45.362117767333984, 45.584957122802734
45.362117767333984, 45.362117767333984
45.362117767333984, 45.584957122802734
45.362117767333984, 45.362117767333984
45.362117767333984, 45.584957122802734
45.362117767333984, 45.362117767333984
45.362117767333984, 45.584957122802734
45.362117767333984, 45.362117767333984
45.362117767333984, 45.584957122802734
45.362117767333984, 45.584957122802734
45.362117767333984, 45.362117767333984
