actor_1,actor_2
45.47353744506836, 46.142059326171875
45.47353744506836, 46.36490249633789
45.919219970703125, 45.919219970703125
44.58217239379883, 46.476322174072266
46.142059326171875, 46.142059326171875
46.587745666503906, 47.033424377441406
47.14484786987305, 46.587745666503906
46.476322174072266, 45.80780029296875
45.584957122802734, 46.92200469970703
46.476322174072266, 45.80780029296875
45.584957122802734, 46.92200469970703
47.14484786987305, 46.587745666503906
45.584957122802734, 46.92200469970703
47.14484786987305, 46.587745666503906
45.47353744506836, 47.3676872253418
47.14484786987305, 46.587745666503906
45.47353744506836, 47.3676872253418
47.14484786987305, 46.587745666503906
45.250694274902344, 45.919219970703125
46.476322174072266, 45.80780029296875
46.142059326171875, 45.13927459716797
45.250694274902344, 44.91643524169922
45.362117767333984, 45.027854919433594
45.362117767333984, 45.027854919433594
44.58217239379883, 45.250694274902344
44.91643524169922, 46.36490249633789
44.91643524169922, 46.36490249633789
45.584957122802734, 47.92478942871094
46.0306396484375, 46.36490249633789
45.80780029296875, 45.250694274902344
46.253482818603516, 46.587745666503906
47.14484786987305, 46.587745666503906
46.253482818603516, 46.587745666503906
47.14484786987305, 46.587745666503906
46.142059326171875, 45.696380615234375
45.027854919433594, 45.47353744506836
46.142059326171875, 45.696380615234375
45.027854919433594, 45.47353744506836
46.142059326171875, 45.696380615234375
46.0306396484375, 44.58217239379883
44.91643524169922, 45.47353744506836
45.13927459716797, 44.58217239379883
45.13927459716797, 45.696380615234375
45.13927459716797, 44.58217239379883
45.13927459716797, 45.696380615234375
44.6935920715332, 45.250694274902344
45.13927459716797, 45.47353744506836
45.13927459716797, 45.250694274902344
45.13927459716797, 45.250694274902344
44.58217239379883, 45.362117767333984
