actor_1,actor_2
46.0306396484375, 47.033424377441406
45.80780029296875, 46.587745666503906
45.696380615234375, 46.810585021972656
46.36490249633789, 47.25626754760742
46.253482818603516, 47.033424377441406
45.47353744506836, 47.14484786987305
45.80780029296875, 47.3676872253418
45.80780029296875, 47.3676872253418
45.80780029296875, 47.3676872253418
