actor_1,actor_2
46.92200469970703, 47.3676872253418
46.810585021972656, 48.37047576904297
47.14484786987305, 48.37047576904297
46.36490249633789, 47.3676872253418
46.0306396484375, 47.14484786987305
46.36490249633789, 47.3676872253418
46.810585021972656, 48.14763259887695
46.810585021972656, 48.14763259887695
46.810585021972656, 48.14763259887695
