actor_1,actor_2
45.696380615234375, 44.805015563964844
45.13927459716797, 44.58217239379883
44.805015563964844, 44.24790954589844
44.805015563964844, 44.35932922363281
44.58217239379883, 44.35932922363281
44.58217239379883, 44.35932922363281
44.58217239379883, 44.35932922363281
45.13927459716797, 45.362117767333984
