actor_1,actor_2
44.13648986816406, 44.805015563964844
44.47075271606445, 45.027854919433594
44.24790954589844, 45.250694274902344
44.02507019042969, 44.47075271606445
44.805015563964844, 44.02507019042969
45.362117767333984, 44.47075271606445
45.13927459716797, 45.13927459716797
44.58217239379883, 44.24790954589844
45.250694274902344, 43.6908073425293
45.47353744506836, 44.6935920715332
45.919219970703125, 45.919219970703125
46.142059326171875, 45.80780029296875
46.142059326171875, 45.80780029296875
45.80780029296875, 45.027854919433594
44.47075271606445, 44.13648986816406
44.47075271606445, 44.13648986816406
44.35932922363281, 44.24790954589844
44.35932922363281, 44.24790954589844
