actor_1,actor_2
46.253482818603516, 43.91365051269531
44.805015563964844, 45.027854919433594
46.253482818603516, 43.91365051269531
44.805015563964844, 45.027854919433594
46.253482818603516, 43.91365051269531
44.805015563964844, 45.027854919433594
45.13927459716797, 44.47075271606445
44.805015563964844, 45.027854919433594
46.0306396484375, 45.250694274902344
45.362117767333984, 45.919219970703125
46.0306396484375, 45.250694274902344
45.362117767333984, 45.919219970703125
46.0306396484375, 45.250694274902344
45.362117767333984, 45.919219970703125
46.0306396484375, 45.250694274902344
45.362117767333984, 45.919219970703125
45.362117767333984, 45.250694274902344
45.362117767333984, 45.919219970703125
45.362117767333984, 45.250694274902344
45.362117767333984, 45.919219970703125
45.362117767333984, 45.250694274902344
45.362117767333984, 45.919219970703125
45.362117767333984, 45.919219970703125
45.362117767333984, 45.250694274902344
45.362117767333984, 45.919219970703125
