actor_1,actor_2
46.253482818603516, 45.919219970703125
45.696380615234375, 44.47075271606445
45.250694274902344, 44.6935920715332
44.47075271606445, 44.58217239379883
45.250694274902344, 44.47075271606445
44.47075271606445, 44.13648986816406
44.47075271606445, 44.13648986816406
44.47075271606445, 44.13648986816406
44.47075271606445, 44.13648986816406
