actor_1,actor_2
45.584957122802734, 46.587745666503906
46.142059326171875, 45.584957122802734
45.584957122802734, 46.587745666503906
46.142059326171875, 45.584957122802734
45.584957122802734, 46.587745666503906
46.142059326171875, 45.584957122802734
45.362117767333984, 46.0306396484375
45.250694274902344, 44.91643524169922
45.362117767333984, 46.0306396484375
45.250694274902344, 44.91643524169922
44.91643524169922, 45.027854919433594
45.027854919433594, 46.253482818603516
46.36490249633789, 45.696380615234375
45.027854919433594, 45.80780029296875
45.584957122802734, 45.584957122802734
44.6935920715332, 46.142059326171875
45.584957122802734, 45.584957122802734
44.6935920715332, 46.142059326171875
45.584957122802734, 45.584957122802734
45.584957122802734, 45.584957122802734
44.805015563964844, 45.362117767333984
45.250694274902344, 45.696380615234375
45.250694274902344, 45.696380615234375
45.027854919433594, 45.584957122802734
45.027854919433594, 45.584957122802734
45.027854919433594, 45.584957122802734
45.027854919433594, 45.584957122802734
