actor_1,actor_2
46.587745666503906, 45.027854919433594
47.033424377441406, 47.25626754760742
46.587745666503906, 45.027854919433594
47.033424377441406, 47.25626754760742
46.587745666503906, 45.027854919433594
47.033424377441406, 47.25626754760742
46.142059326171875, 45.250694274902344
47.033424377441406, 47.25626754760742
46.0306396484375, 45.362117767333984
45.696380615234375, 46.587745666503906
46.0306396484375, 45.362117767333984
45.696380615234375, 46.587745666503906
46.0306396484375, 45.362117767333984
45.696380615234375, 46.587745666503906
46.0306396484375, 45.362117767333984
45.696380615234375, 46.587745666503906
45.362117767333984, 45.919219970703125
46.69916534423828, 44.6935920715332
45.362117767333984, 45.919219970703125
46.0306396484375, 45.362117767333984
45.362117767333984, 45.919219970703125
46.0306396484375, 45.362117767333984
45.696380615234375, 46.587745666503906
45.362117767333984, 45.919219970703125
46.69916534423828, 44.6935920715332
45.362117767333984, 45.919219970703125
46.142059326171875, 45.250694274902344
45.362117767333984, 45.919219970703125
46.142059326171875, 45.250694274902344
45.362117767333984, 45.919219970703125
45.80780029296875, 45.919219970703125
46.253482818603516, 45.584957122802734
45.80780029296875, 45.919219970703125
