actor_1,actor_2
46.0306396484375, 44.805015563964844
44.58217239379883, 45.362117767333984
46.0306396484375, 44.805015563964844
44.58217239379883, 45.362117767333984
46.0306396484375, 44.805015563964844
44.58217239379883, 45.362117767333984
45.027854919433594, 44.02507019042969
44.58217239379883, 45.362117767333984
45.362117767333984, 44.805015563964844
43.80222702026367, 45.80780029296875
45.362117767333984, 44.805015563964844
43.80222702026367, 45.80780029296875
45.362117767333984, 44.805015563964844
43.80222702026367, 45.80780029296875
45.362117767333984, 44.805015563964844
43.80222702026367, 45.80780029296875
43.80222702026367, 45.13927459716797
45.250694274902344, 45.362117767333984
44.58217239379883, 44.6935920715332
44.805015563964844, 44.91643524169922
44.805015563964844, 44.91643524169922
44.805015563964844, 44.91643524169922
44.58217239379883, 45.362117767333984
44.58217239379883, 45.47353744506836
44.58217239379883, 45.47353744506836
43.6908073425293, 45.13927459716797
43.80222702026367, 45.47353744506836
45.027854919433594, 46.92200469970703
