actor_1,actor_2
44.91643524169922, 44.58217239379883
44.47075271606445, 44.35932922363281
44.13648986816406, 44.6935920715332
44.47075271606445, 44.35932922363281
44.13648986816406, 44.6935920715332
44.805015563964844, 45.47353744506836
44.91643524169922, 46.142059326171875
44.47075271606445, 45.362117767333984
44.6935920715332, 44.58217239379883
44.47075271606445, 45.362117767333984
44.6935920715332, 44.58217239379883
43.6908073425293, 43.91365051269531
44.805015563964844, 44.58217239379883
43.6908073425293, 43.91365051269531
44.805015563964844, 44.58217239379883
44.13648986816406, 44.58217239379883
44.35932922363281, 44.805015563964844
44.24790954589844, 44.91643524169922
44.24790954589844, 44.91643524169922
44.47075271606445, 44.58217239379883
44.24790954589844, 44.13648986816406
44.13648986816406, 44.13648986816406
44.13648986816406, 44.13648986816406
44.13648986816406, 44.13648986816406
44.24790954589844, 44.02507019042969
43.80222702026367, 43.57938766479492
44.805015563964844, 43.57938766479492
46.36490249633789, 43.24512481689453
46.36490249633789, 43.57938766479492
46.92200469970703, 44.35932922363281
45.80780029296875, 45.027854919433594
45.80780029296875, 45.027854919433594
44.13648986816406, 44.47075271606445
43.80222702026367, 43.57938766479492
43.24512481689453, 43.57938766479492
43.46796798706055, 43.356544494628906
43.46796798706055, 43.356544494628906
43.91365051269531, 44.13648986816406
43.91365051269531, 44.13648986816406
