actor_1,actor_2
46.69916534423828, 46.476322174072266
46.142059326171875, 46.92200469970703
46.69916534423828, 46.476322174072266
46.142059326171875, 46.92200469970703
46.69916534423828, 46.476322174072266
46.142059326171875, 46.92200469970703
45.919219970703125, 46.476322174072266
46.36490249633789, 46.476322174072266
47.033424377441406, 47.033424377441406
46.36490249633789, 46.476322174072266
47.033424377441406, 47.033424377441406
46.36490249633789, 46.476322174072266
47.033424377441406, 47.033424377441406
46.253482818603516, 46.36490249633789
46.810585021972656, 46.69916534423828
46.810585021972656, 46.92200469970703
47.25626754760742, 47.14484786987305
46.810585021972656, 46.92200469970703
47.3676872253418, 47.47911071777344
46.92200469970703, 47.92478942871094
46.92200469970703, 47.92478942871094
47.59053039550781, 48.03621292114258
47.59053039550781, 48.03621292114258
47.59053039550781, 48.03621292114258
47.47911071777344, 48.481895446777344
