actor_1,actor_2
44.91643524169922, 45.027854919433594
44.13648986816406, 44.805015563964844
45.250694274902344, 44.58217239379883
43.80222702026367, 44.13648986816406
45.584957122802734, 44.13648986816406
43.91365051269531, 44.02507019042969
44.47075271606445, 44.24790954589844
43.02228546142578, 44.47075271606445
44.47075271606445, 44.24790954589844
43.02228546142578, 44.47075271606445
44.47075271606445, 44.24790954589844
44.35932922363281, 44.805015563964844
44.35932922363281, 44.805015563964844
44.6935920715332, 44.805015563964844
44.6935920715332, 44.805015563964844
44.6935920715332, 44.805015563964844
44.6935920715332, 44.805015563964844
