actor_1,actor_2
46.810585021972656, 46.69916534423828
46.69916534423828, 47.70195007324219
46.810585021972656, 46.69916534423828
46.69916534423828, 47.70195007324219
46.810585021972656, 46.69916534423828
46.69916534423828, 47.70195007324219
46.36490249633789, 46.142059326171875
46.69916534423828, 47.70195007324219
46.92200469970703, 45.696380615234375
47.14484786987305, 46.253482818603516
46.36490249633789, 46.253482818603516
45.584957122802734, 44.91643524169922
45.584957122802734, 44.91643524169922
45.584957122802734, 44.91643524169922
45.584957122802734, 44.91643524169922
