actor_1,actor_2
45.250694274902344, 46.0306396484375
46.0306396484375, 45.584957122802734
45.250694274902344, 46.0306396484375
46.0306396484375, 45.584957122802734
45.250694274902344, 46.0306396484375
46.0306396484375, 45.584957122802734
44.805015563964844, 45.362117767333984
45.362117767333984, 45.696380615234375
45.696380615234375, 45.80780029296875
45.250694274902344, 44.24790954589844
44.6935920715332, 43.80222702026367
44.47075271606445, 43.91365051269531
43.91365051269531, 44.6935920715332
44.47075271606445, 43.91365051269531
43.91365051269531, 44.6935920715332
44.6935920715332, 43.80222702026367
43.91365051269531, 44.6935920715332
44.6935920715332, 43.80222702026367
43.80222702026367, 44.47075271606445
44.6935920715332, 43.80222702026367
43.356544494628906, 43.57938766479492
44.58217239379883, 43.80222702026367
43.356544494628906, 43.57938766479492
44.58217239379883, 43.80222702026367
43.46796798706055, 44.6935920715332
44.58217239379883, 43.80222702026367
43.46796798706055, 44.6935920715332
44.58217239379883, 43.80222702026367
43.46796798706055, 44.6935920715332
44.58217239379883, 43.80222702026367
43.57938766479492, 44.35932922363281
44.58217239379883, 43.80222702026367
43.57938766479492, 44.35932922363281
44.58217239379883, 43.80222702026367
43.57938766479492, 44.35932922363281
44.58217239379883, 43.80222702026367
43.57938766479492, 44.35932922363281
44.58217239379883, 43.80222702026367
