actor_1,actor_2
45.250694274902344, 46.69916534423828
45.47353744506836, 46.142059326171875
45.027854919433594, 46.253482818603516
45.13927459716797, 46.36490249633789
44.13648986816406, 44.91643524169922
44.24790954589844, 45.027854919433594
43.80222702026367, 45.027854919433594
43.80222702026367, 45.027854919433594
43.80222702026367, 45.027854919433594
