actor_1,actor_2
46.142059326171875, 47.92478942871094
46.142059326171875, 46.253482818603516
45.47353744506836, 45.919219970703125
45.584957122802734, 46.142059326171875
44.91643524169922, 45.13927459716797
44.91643524169922, 45.13927459716797
44.47075271606445, 44.91643524169922
44.47075271606445, 44.91643524169922
44.47075271606445, 44.91643524169922
