actor_1,actor_2
47.3676872253418, 46.253482818603516
46.0306396484375, 46.36490249633789
47.3676872253418, 46.253482818603516
46.0306396484375, 46.36490249633789
47.3676872253418, 46.253482818603516
46.0306396484375, 46.36490249633789
46.476322174072266, 45.47353744506836
46.0306396484375, 46.36490249633789
47.14484786987305, 45.80780029296875
46.476322174072266, 46.253482818603516
46.92200469970703, 45.80780029296875
46.92200469970703, 46.0306396484375
46.92200469970703, 46.0306396484375
46.92200469970703, 46.0306396484375
46.92200469970703, 46.0306396484375
