actor_1,actor_2
45.13927459716797, 44.58217239379883
44.805015563964844, 44.805015563964844
45.80780029296875, 45.80780029296875
45.250694274902344, 45.362117767333984
46.0306396484375, 45.584957122802734
45.696380615234375, 46.0306396484375
46.0306396484375, 45.584957122802734
45.696380615234375, 46.0306396484375
46.0306396484375, 45.584957122802734
45.696380615234375, 46.0306396484375
44.91643524169922, 44.91643524169922
44.47075271606445, 45.584957122802734
