actor_1,actor_2
47.25626754760742, 47.81336975097656
47.70195007324219, 47.47911071777344
47.25626754760742, 47.81336975097656
47.70195007324219, 47.47911071777344
47.25626754760742, 47.81336975097656
47.70195007324219, 47.47911071777344
46.36490249633789, 47.25626754760742
47.92478942871094, 47.033424377441406
46.36490249633789, 47.25626754760742
47.92478942871094, 47.033424377441406
45.919219970703125, 47.47911071777344
46.810585021972656, 46.810585021972656
46.476322174072266, 47.3676872253418
46.810585021972656, 46.810585021972656
46.476322174072266, 47.3676872253418
46.142059326171875, 47.3676872253418
46.92200469970703, 47.70195007324219
46.810585021972656, 48.03621292114258
46.810585021972656, 48.03621292114258
46.810585021972656, 48.03621292114258
47.59053039550781, 47.47911071777344
47.59053039550781, 47.47911071777344
47.59053039550781, 47.47911071777344
47.3676872253418, 47.47911071777344
