actor_1,actor_2
47.25626754760742, 47.3676872253418
46.253482818603516, 47.81336975097656
46.69916534423828, 47.47911071777344
45.919219970703125, 46.142059326171875
45.696380615234375, 46.0306396484375
45.919219970703125, 46.476322174072266
45.584957122802734, 46.587745666503906
45.584957122802734, 46.587745666503906
45.584957122802734, 46.587745666503906
