actor_1,actor_2
47.59053039550781, 45.47353744506836
46.36490249633789, 46.587745666503906
47.59053039550781, 45.47353744506836
46.36490249633789, 46.587745666503906
47.59053039550781, 45.47353744506836
46.36490249633789, 46.587745666503906
45.919219970703125, 45.027854919433594
46.36490249633789, 46.587745666503906
46.476322174072266, 45.362117767333984
46.36490249633789, 46.587745666503906
46.476322174072266, 45.362117767333984
46.36490249633789, 46.587745666503906
46.476322174072266, 45.362117767333984
46.36490249633789, 46.587745666503906
46.476322174072266, 45.362117767333984
46.36490249633789, 46.587745666503906
45.919219970703125, 45.696380615234375
46.36490249633789, 46.587745666503906
45.919219970703125, 45.696380615234375
46.36490249633789, 46.587745666503906
45.919219970703125, 45.696380615234375
46.36490249633789, 46.587745666503906
46.36490249633789, 46.587745666503906
45.919219970703125, 45.696380615234375
46.36490249633789, 46.587745666503906
