actor_1,actor_2
44.58217239379883, 45.362117767333984
44.805015563964844, 45.47353744506836
44.58217239379883, 45.13927459716797
43.356544494628906, 43.57938766479492
42.799442291259766, 43.133705139160156
43.02228546142578, 42.68802261352539
42.019500732421875, 42.353759765625
42.019500732421875, 42.353759765625
42.019500732421875, 42.353759765625
42.019500732421875, 42.353759765625
