actor_1,actor_2
44.47075271606445, 45.696380615234375
44.6935920715332, 45.919219970703125
45.027854919433594, 45.80780029296875
45.13927459716797, 45.47353744506836
45.362117767333984, 44.805015563964844
45.47353744506836, 44.58217239379883
46.142059326171875, 45.027854919433594
45.80780029296875, 45.362117767333984
45.584957122802734, 45.584957122802734
46.69916534423828, 45.80780029296875
47.3676872253418, 45.47353744506836
47.25626754760742, 46.587745666503906
47.25626754760742, 46.587745666503906
46.476322174072266, 46.142059326171875
45.696380615234375, 45.13927459716797
45.696380615234375, 45.13927459716797
44.6935920715332, 44.6935920715332
44.6935920715332, 44.6935920715332
