actor_1,actor_2
45.250694274902344, 44.805015563964844
44.6935920715332, 45.250694274902344
45.250694274902344, 44.805015563964844
44.6935920715332, 45.250694274902344
45.250694274902344, 44.805015563964844
44.6935920715332, 45.250694274902344
44.6935920715332, 45.027854919433594
45.362117767333984, 45.919219970703125
45.47353744506836, 45.696380615234375
45.696380615234375, 45.919219970703125
45.696380615234375, 45.919219970703125
46.253482818603516, 46.587745666503906
46.142059326171875, 46.0306396484375
45.919219970703125, 45.696380615234375
45.919219970703125, 45.696380615234375
45.919219970703125, 45.696380615234375
45.696380615234375, 44.6935920715332
45.696380615234375, 44.6935920715332
45.80780029296875, 45.13927459716797
45.919219970703125, 45.80780029296875
46.810585021972656, 45.696380615234375
46.810585021972656, 45.696380615234375
46.92200469970703, 46.253482818603516
46.92200469970703, 46.253482818603516
46.92200469970703, 46.253482818603516
46.69916534423828, 46.587745666503906
45.250694274902344, 45.696380615234375
44.13648986816406, 44.47075271606445
45.13927459716797, 44.6935920715332
45.13927459716797, 44.6935920715332
45.13927459716797, 44.6935920715332
