actor_1,actor_2
45.13927459716797, 45.696380615234375
45.80780029296875, 46.0306396484375
45.919219970703125, 46.69916534423828
45.80780029296875, 46.92200469970703
47.14484786987305, 47.14484786987305
46.92200469970703, 47.14484786987305
46.92200469970703, 47.14484786987305
46.0306396484375, 46.36490249633789
46.0306396484375, 46.36490249633789
46.0306396484375, 46.36490249633789
