actor_1,actor_2
45.696380615234375, 46.0306396484375
46.0306396484375, 45.584957122802734
45.696380615234375, 46.0306396484375
46.0306396484375, 45.584957122802734
45.696380615234375, 46.0306396484375
46.0306396484375, 45.584957122802734
44.805015563964844, 44.6935920715332
45.13927459716797, 44.6935920715332
45.47353744506836, 45.13927459716797
44.91643524169922, 44.58217239379883
44.91643524169922, 44.58217239379883
44.35932922363281, 44.02507019042969
44.35932922363281, 44.02507019042969
44.35932922363281, 44.02507019042969
