actor_1,actor_2
45.250694274902344, 45.250694274902344
45.47353744506836, 45.250694274902344
45.13927459716797, 45.13927459716797
45.80780029296875, 45.027854919433594
45.919219970703125, 45.584957122802734
45.919219970703125, 45.584957122802734
45.919219970703125, 45.584957122802734
46.810585021972656, 45.250694274902344
