actor_1,actor_2
47.14484786987305, 48.14763259887695
47.59053039550781, 47.81336975097656
46.69916534423828, 48.14763259887695
46.36490249633789, 47.25626754760742
46.36490249633789, 47.033424377441406
46.92200469970703, 47.25626754760742
47.25626754760742, 46.36490249633789
47.25626754760742, 46.36490249633789
47.25626754760742, 46.36490249633789
47.25626754760742, 46.36490249633789
47.81336975097656, 46.476322174072266
47.81336975097656, 46.476322174072266
47.47911071777344, 46.69916534423828
47.25626754760742, 46.253482818603516
48.481895446777344, 47.14484786987305
48.704734802246094, 47.033424377441406
48.704734802246094, 47.92478942871094
48.704734802246094, 47.92478942871094
48.704734802246094, 47.92478942871094
48.704734802246094, 47.92478942871094
48.704734802246094, 47.92478942871094
48.14763259887695, 48.03621292114258
46.69916534423828, 47.81336975097656
48.14763259887695, 47.3676872253418
48.14763259887695, 47.25626754760742
48.14763259887695, 47.25626754760742
48.14763259887695, 47.25626754760742
