actor_1,actor_2
45.584957122802734, 47.14484786987305
44.13648986816406, 45.919219970703125
44.91643524169922, 45.919219970703125
44.91643524169922, 44.47075271606445
45.027854919433594, 44.91643524169922
44.91643524169922, 44.35932922363281
44.805015563964844, 44.91643524169922
44.91643524169922, 44.35932922363281
44.805015563964844, 44.91643524169922
45.362117767333984, 44.91643524169922
44.805015563964844, 44.91643524169922
45.362117767333984, 44.91643524169922
45.13927459716797, 45.584957122802734
45.362117767333984, 44.91643524169922
45.13927459716797, 45.584957122802734
45.362117767333984, 44.91643524169922
45.13927459716797, 45.362117767333984
45.027854919433594, 45.13927459716797
45.027854919433594, 45.13927459716797
45.362117767333984, 44.47075271606445
45.027854919433594, 45.13927459716797
45.362117767333984, 44.47075271606445
45.027854919433594, 45.13927459716797
45.362117767333984, 44.47075271606445
45.027854919433594, 45.13927459716797
