actor_1,actor_2
45.362117767333984, 45.362117767333984
45.250694274902344, 45.80780029296875
45.362117767333984, 45.362117767333984
45.250694274902344, 45.80780029296875
45.362117767333984, 45.362117767333984
45.250694274902344, 45.80780029296875
45.584957122802734, 45.250694274902344
45.250694274902344, 45.80780029296875
45.362117767333984, 45.919219970703125
43.133705139160156, 46.476322174072266
43.80222702026367, 46.253482818603516
44.58217239379883, 44.805015563964844
44.58217239379883, 44.805015563964844
44.91643524169922, 44.6935920715332
44.47075271606445, 44.24790954589844
44.47075271606445, 44.24790954589844
44.35932922363281, 45.027854919433594
44.6935920715332, 44.47075271606445
44.24790954589844, 44.91643524169922
44.6935920715332, 44.47075271606445
44.24790954589844, 44.91643524169922
44.6935920715332, 44.47075271606445
44.24790954589844, 44.91643524169922
44.6935920715332, 44.47075271606445
44.6935920715332, 45.47353744506836
45.027854919433594, 45.362117767333984
45.027854919433594, 45.362117767333984
