actor_1,actor_2
46.810585021972656, 44.58217239379883
45.584957122802734, 44.6935920715332
46.0306396484375, 45.47353744506836
45.80780029296875, 44.47075271606445
45.696380615234375, 44.91643524169922
45.696380615234375, 44.91643524169922
45.696380615234375, 44.91643524169922
45.584957122802734, 45.250694274902344
