actor_1,actor_2
47.14484786987305, 46.0306396484375
46.36490249633789, 46.92200469970703
47.14484786987305, 46.0306396484375
46.36490249633789, 46.92200469970703
47.14484786987305, 46.0306396484375
46.36490249633789, 46.92200469970703
46.92200469970703, 46.142059326171875
46.36490249633789, 46.92200469970703
46.36490249633789, 46.92200469970703
45.47353744506836, 46.476322174072266
46.253482818603516, 46.142059326171875
45.919219970703125, 45.919219970703125
46.92200469970703, 46.142059326171875
46.36490249633789, 46.92200469970703
46.36490249633789, 46.92200469970703
45.919219970703125, 46.253482818603516
46.253482818603516, 46.142059326171875
45.919219970703125, 46.253482818603516
46.476322174072266, 45.584957122802734
47.25626754760742, 45.696380615234375
46.810585021972656, 46.476322174072266
46.810585021972656, 46.253482818603516
46.142059326171875, 45.696380615234375
44.91643524169922, 45.47353744506836
45.47353744506836, 46.142059326171875
46.36490249633789, 46.69916534423828
46.587745666503906, 46.92200469970703
46.36490249633789, 46.92200469970703
45.919219970703125, 46.253482818603516
46.476322174072266, 46.810585021972656
47.14484786987305, 46.92200469970703
46.69916534423828, 46.0306396484375
46.92200469970703, 46.810585021972656
46.92200469970703, 47.033424377441406
46.92200469970703, 46.810585021972656
46.92200469970703, 47.033424377441406
47.70195007324219, 47.033424377441406
46.92200469970703, 47.033424377441406
47.70195007324219, 47.033424377441406
