actor_1,actor_2
46.810585021972656, 45.696380615234375
46.810585021972656, 46.36490249633789
46.92200469970703, 46.253482818603516
46.253482818603516, 45.80780029296875
45.696380615234375, 45.80780029296875
45.696380615234375, 45.80780029296875
46.476322174072266, 45.919219970703125
45.696380615234375, 45.80780029296875
46.476322174072266, 45.919219970703125
45.696380615234375, 45.80780029296875
44.91643524169922, 44.91643524169922
