actor_1,actor_2
45.027854919433594, 45.80780029296875
45.584957122802734, 46.92200469970703
45.919219970703125, 47.14484786987305
45.80780029296875, 47.033424377441406
45.696380615234375, 46.810585021972656
46.92200469970703, 46.92200469970703
47.033424377441406, 47.70195007324219
47.033424377441406, 47.70195007324219
47.033424377441406, 47.70195007324219
47.033424377441406, 47.70195007324219
