actor_1,actor_2
47.47911071777344, 46.36490249633789
47.14484786987305, 47.47911071777344
47.47911071777344, 46.36490249633789
47.14484786987305, 47.47911071777344
47.47911071777344, 46.36490249633789
47.14484786987305, 47.47911071777344
47.59053039550781, 46.36490249633789
47.14484786987305, 47.47911071777344
47.59053039550781, 47.70195007324219
46.587745666503906, 47.92478942871094
46.92200469970703, 47.81336975097656
46.587745666503906, 46.0306396484375
47.47911071777344, 46.69916534423828
45.696380615234375, 47.14484786987305
47.70195007324219, 46.0306396484375
46.476322174072266, 46.476322174072266
47.033424377441406, 47.14484786987305
46.476322174072266, 46.476322174072266
47.033424377441406, 47.14484786987305
46.476322174072266, 46.476322174072266
47.033424377441406, 47.14484786987305
46.476322174072266, 46.476322174072266
47.033424377441406, 47.14484786987305
46.476322174072266, 46.476322174072266
47.033424377441406, 47.14484786987305
46.476322174072266, 46.476322174072266
47.3676872253418, 47.25626754760742
46.92200469970703, 47.3676872253418
47.3676872253418, 47.25626754760742
46.69916534423828, 47.3676872253418
47.033424377441406, 48.14763259887695
47.3676872253418, 46.810585021972656
47.033424377441406, 48.14763259887695
47.033424377441406, 47.81336975097656
46.69916534423828, 46.69916534423828
47.033424377441406, 47.81336975097656
46.69916534423828, 46.69916534423828
47.033424377441406, 47.81336975097656
46.36490249633789, 46.69916534423828
46.810585021972656, 46.476322174072266
46.36490249633789, 46.69916534423828
46.810585021972656, 46.476322174072266
47.3676872253418, 46.810585021972656
47.033424377441406, 48.14763259887695
47.3676872253418, 46.810585021972656
47.033424377441406, 48.14763259887695
47.47911071777344, 47.25626754760742
47.25626754760742, 48.481895446777344
47.92478942871094, 47.47911071777344
47.25626754760742, 48.481895446777344
47.92478942871094, 47.47911071777344
47.25626754760742, 48.481895446777344
48.14763259887695, 47.70195007324219
47.25626754760742, 48.481895446777344
48.14763259887695, 47.70195007324219
47.25626754760742, 48.481895446777344
48.14763259887695, 47.70195007324219
47.25626754760742, 48.481895446777344
48.14763259887695, 47.70195007324219
