actor_1,actor_2
46.36490249633789, 46.36490249633789
45.584957122802734, 45.80780029296875
46.36490249633789, 46.36490249633789
45.584957122802734, 45.80780029296875
46.36490249633789, 46.36490249633789
45.584957122802734, 45.80780029296875
46.69916534423828, 46.36490249633789
45.584957122802734, 45.80780029296875
46.476322174072266, 46.142059326171875
45.696380615234375, 44.6935920715332
45.696380615234375, 44.58217239379883
45.919219970703125, 44.24790954589844
45.919219970703125, 44.24790954589844
45.919219970703125, 44.24790954589844
45.919219970703125, 44.24790954589844
