actor_1,actor_2
46.587745666503906, 46.810585021972656
46.0306396484375, 46.142059326171875
45.696380615234375, 46.476322174072266
44.47075271606445, 45.47353744506836
45.250694274902344, 45.80780029296875
45.584957122802734, 45.919219970703125
45.584957122802734, 45.696380615234375
45.584957122802734, 45.696380615234375
45.584957122802734, 45.696380615234375
