actor_1,actor_2
46.69916534423828, 46.476322174072266
46.142059326171875, 46.810585021972656
46.69916534423828, 46.476322174072266
46.142059326171875, 46.810585021972656
46.69916534423828, 46.476322174072266
46.142059326171875, 46.810585021972656
45.696380615234375, 46.36490249633789
45.80780029296875, 46.810585021972656
45.696380615234375, 47.033424377441406
45.13927459716797, 46.92200469970703
45.13927459716797, 46.92200469970703
44.6935920715332, 45.80780029296875
44.6935920715332, 45.584957122802734
44.805015563964844, 45.584957122802734
44.805015563964844, 45.584957122802734
45.250694274902344, 44.805015563964844
