actor_1,actor_2
46.476322174072266, 45.696380615234375
46.142059326171875, 46.36490249633789
46.476322174072266, 45.696380615234375
46.142059326171875, 46.36490249633789
46.476322174072266, 45.696380615234375
46.142059326171875, 46.36490249633789
45.47353744506836, 46.253482818603516
44.35932922363281, 47.3676872253418
44.02507019042969, 46.69916534423828
44.24790954589844, 45.47353744506836
44.24790954589844, 45.47353744506836
44.13648986816406, 45.919219970703125
45.027854919433594, 46.476322174072266
45.13927459716797, 46.36490249633789
45.13927459716797, 46.36490249633789
45.13927459716797, 46.253482818603516
