actor_1,actor_2
46.476322174072266, 46.253482818603516
46.142059326171875, 45.919219970703125
45.919219970703125, 45.696380615234375
44.91643524169922, 45.027854919433594
46.476322174072266, 45.80780029296875
45.250694274902344, 45.250694274902344
45.250694274902344, 45.250694274902344
45.250694274902344, 45.250694274902344
45.250694274902344, 45.250694274902344
