actor_1,actor_2
46.810585021972656, 48.14763259887695
46.810585021972656, 48.59331512451172
47.033424377441406, 48.59331512451172
45.919219970703125, 47.81336975097656
47.033424377441406, 48.03621292114258
47.59053039550781, 47.92478942871094
48.59331512451172, 48.59331512451172
48.59331512451172, 48.59331512451172
48.59331512451172, 48.59331512451172
48.59331512451172, 48.59331512451172
48.59331512451172, 48.81615447998047
48.59331512451172, 48.59331512451172
