actor_1,actor_2
45.027854919433594, 45.696380615234375
45.362117767333984, 46.142059326171875
45.250694274902344, 46.142059326171875
43.57938766479492, 45.919219970703125
45.027854919433594, 46.476322174072266
46.587745666503906, 47.14484786987305
47.033424377441406, 46.92200469970703
47.033424377441406, 46.92200469970703
47.033424377441406, 46.92200469970703
47.033424377441406, 46.92200469970703
46.810585021972656, 46.92200469970703
47.033424377441406, 46.92200469970703
