actor_1,actor_2
44.805015563964844, 46.142059326171875
45.027854919433594, 45.919219970703125
44.91643524169922, 46.253482818603516
45.027854919433594, 45.47353744506836
44.91643524169922, 45.362117767333984
44.91643524169922, 45.696380615234375
44.805015563964844, 45.027854919433594
44.805015563964844, 45.027854919433594
44.805015563964844, 45.027854919433594
