actor_1,actor_2
47.033424377441406, 46.253482818603516
45.696380615234375, 46.69916534423828
47.033424377441406, 46.253482818603516
45.696380615234375, 46.69916534423828
47.033424377441406, 46.253482818603516
45.696380615234375, 46.69916534423828
46.253482818603516, 45.696380615234375
45.696380615234375, 46.69916534423828
46.476322174072266, 46.810585021972656
46.36490249633789, 47.81336975097656
46.69916534423828, 47.59053039550781
45.80780029296875, 46.253482818603516
45.80780029296875, 46.253482818603516
45.696380615234375, 45.584957122802734
45.919219970703125, 46.587745666503906
45.919219970703125, 46.587745666503906
45.027854919433594, 46.92200469970703
45.027854919433594, 46.92200469970703
45.027854919433594, 46.92200469970703
