actor_1,actor_2
45.584957122802734, 46.476322174072266
46.142059326171875, 47.033424377441406
46.253482818603516, 47.59053039550781
45.696380615234375, 47.25626754760742
45.80780029296875, 46.587745666503906
46.0306396484375, 46.142059326171875
45.584957122802734, 45.47353744506836
45.584957122802734, 45.47353744506836
45.584957122802734, 45.47353744506836
45.584957122802734, 45.47353744506836
46.142059326171875, 45.584957122802734
46.142059326171875, 45.584957122802734
47.033424377441406, 45.919219970703125
46.810585021972656, 45.47353744506836
47.033424377441406, 45.250694274902344
46.69916534423828, 45.919219970703125
46.92200469970703, 45.80780029296875
46.92200469970703, 45.80780029296875
46.92200469970703, 45.80780029296875
46.92200469970703, 45.80780029296875
46.92200469970703, 45.80780029296875
46.69916534423828, 46.142059326171875
45.919219970703125, 45.250694274902344
45.362117767333984, 45.13927459716797
45.13927459716797, 45.584957122802734
45.13927459716797, 45.584957122802734
