actor_1,actor_2
44.35932922363281, 45.027854919433594
44.35932922363281, 44.805015563964844
44.805015563964844, 45.027854919433594
44.02507019042969, 44.91643524169922
44.58217239379883, 45.919219970703125
45.362117767333984, 45.919219970703125
45.027854919433594, 45.584957122802734
45.027854919433594, 45.584957122802734
45.027854919433594, 45.584957122802734
