actor_1,actor_2
45.47353744506836, 47.59053039550781
46.36490249633789, 47.3676872253418
46.810585021972656, 47.92478942871094
46.587745666503906, 46.36490249633789
46.253482818603516, 46.92200469970703
46.476322174072266, 46.92200469970703
46.476322174072266, 46.92200469970703
45.919219970703125, 46.142059326171875
45.919219970703125, 46.142059326171875
45.919219970703125, 46.142059326171875
