actor_1,actor_2
45.47353744506836, 45.027854919433594
45.362117767333984, 45.584957122802734
45.47353744506836, 45.027854919433594
45.362117767333984, 45.584957122802734
45.47353744506836, 45.027854919433594
45.362117767333984, 45.584957122802734
44.91643524169922, 44.91643524169922
45.362117767333984, 45.584957122802734
44.91643524169922, 44.35932922363281
45.80780029296875, 44.13648986816406
45.696380615234375, 44.91643524169922
45.696380615234375, 44.6935920715332
45.696380615234375, 44.6935920715332
45.696380615234375, 44.6935920715332
45.696380615234375, 44.6935920715332
