actor_1,actor_2
46.92200469970703, 45.80780029296875
47.47911071777344, 46.587745666503906
47.14484786987305, 46.587745666503906
46.36490249633789, 46.810585021972656
47.033424377441406, 46.0306396484375
46.69916534423828, 46.253482818603516
46.69916534423828, 46.253482818603516
46.69916534423828, 46.253482818603516
46.69916534423828, 46.253482818603516
