actor_1,actor_2
47.92478942871094, 47.25626754760742
47.47911071777344, 47.59053039550781
47.92478942871094, 47.25626754760742
47.47911071777344, 47.59053039550781
47.92478942871094, 47.25626754760742
47.47911071777344, 47.59053039550781
47.47911071777344, 47.3676872253418
47.47911071777344, 47.59053039550781
48.03621292114258, 47.70195007324219
47.81336975097656, 48.03621292114258
48.03621292114258, 47.70195007324219
47.81336975097656, 48.03621292114258
48.03621292114258, 47.70195007324219
47.81336975097656, 48.03621292114258
48.03621292114258, 47.70195007324219
47.81336975097656, 48.03621292114258
47.92478942871094, 47.47911071777344
47.81336975097656, 48.03621292114258
47.92478942871094, 47.47911071777344
47.81336975097656, 48.03621292114258
47.92478942871094, 47.47911071777344
47.81336975097656, 48.03621292114258
47.81336975097656, 48.03621292114258
47.92478942871094, 47.47911071777344
47.81336975097656, 48.03621292114258
