actor_1,actor_2
45.362117767333984, 45.13927459716797
44.91643524169922, 44.47075271606445
45.47353744506836, 45.362117767333984
45.027854919433594, 45.027854919433594
44.805015563964844, 44.91643524169922
44.805015563964844, 44.91643524169922
45.13927459716797, 44.6935920715332
44.805015563964844, 44.91643524169922
45.13927459716797, 44.6935920715332
44.805015563964844, 44.91643524169922
44.6935920715332, 44.805015563964844
44.58217239379883, 44.6935920715332
