actor_1,actor_2
43.6908073425293, 45.584957122802734
45.362117767333984, 46.0306396484375
46.142059326171875, 46.253482818603516
45.250694274902344, 46.587745666503906
44.91643524169922, 46.0306396484375
45.027854919433594, 45.80780029296875
46.0306396484375, 45.80780029296875
46.0306396484375, 45.80780029296875
46.0306396484375, 45.80780029296875
46.0306396484375, 45.80780029296875
45.362117767333984, 45.47353744506836
46.0306396484375, 45.80780029296875
