actor_1,actor_2
46.810585021972656, 45.362117767333984
47.47911071777344, 45.80780029296875
47.033424377441406, 46.92200469970703
45.919219970703125, 46.36490249633789
46.810585021972656, 47.25626754760742
46.92200469970703, 46.587745666503906
46.810585021972656, 47.25626754760742
46.92200469970703, 46.587745666503906
46.810585021972656, 47.25626754760742
46.92200469970703, 46.587745666503906
46.810585021972656, 47.25626754760742
46.92200469970703, 46.587745666503906
46.810585021972656, 47.25626754760742
46.92200469970703, 46.587745666503906
46.810585021972656, 47.25626754760742
