actor_1,actor_2
45.80780029296875, 46.0306396484375
46.810585021972656, 46.810585021972656
45.80780029296875, 46.0306396484375
46.810585021972656, 46.810585021972656
45.80780029296875, 46.0306396484375
46.810585021972656, 46.810585021972656
46.36490249633789, 46.476322174072266
47.14484786987305, 46.253482818603516
46.36490249633789, 46.476322174072266
47.14484786987305, 46.253482818603516
46.142059326171875, 46.0306396484375
46.810585021972656, 45.13927459716797
46.587745666503906, 46.36490249633789
46.587745666503906, 47.14484786987305
46.587745666503906, 46.36490249633789
46.253482818603516, 46.253482818603516
46.253482818603516, 46.253482818603516
46.253482818603516, 46.253482818603516
46.253482818603516, 46.253482818603516
