actor_1,actor_2
45.362117767333984, 46.476322174072266
46.587745666503906, 46.142059326171875
45.362117767333984, 46.476322174072266
46.587745666503906, 46.142059326171875
45.362117767333984, 46.476322174072266
46.587745666503906, 46.142059326171875
45.13927459716797, 47.14484786987305
46.476322174072266, 46.476322174072266
45.13927459716797, 47.14484786987305
46.476322174072266, 46.476322174072266
44.47075271606445, 46.69916534423828
46.253482818603516, 45.696380615234375
44.13648986816406, 46.0306396484375
46.253482818603516, 45.696380615234375
44.13648986816406, 46.0306396484375
46.476322174072266, 45.696380615234375
44.13648986816406, 46.0306396484375
46.476322174072266, 45.696380615234375
44.13648986816406, 46.0306396484375
46.476322174072266, 45.696380615234375
44.13648986816406, 46.0306396484375
46.476322174072266, 45.696380615234375
44.35932922363281, 44.6935920715332
46.476322174072266, 45.696380615234375
44.35932922363281, 44.6935920715332
45.696380615234375, 45.362117767333984
44.35932922363281, 44.6935920715332
45.696380615234375, 45.362117767333984
44.35932922363281, 44.6935920715332
45.13927459716797, 45.584957122802734
45.13927459716797, 45.584957122802734
44.13648986816406, 45.696380615234375
44.805015563964844, 45.250694274902344
44.805015563964844, 45.250694274902344
44.805015563964844, 45.250694274902344
44.6935920715332, 45.13927459716797
