actor_1,actor_2
48.14763259887695, 47.81336975097656
48.14763259887695, 47.47911071777344
47.70195007324219, 47.25626754760742
46.810585021972656, 46.810585021972656
46.36490249633789, 46.810585021972656
46.36490249633789, 46.810585021972656
47.14484786987305, 47.033424377441406
46.36490249633789, 46.810585021972656
47.14484786987305, 47.033424377441406
46.36490249633789, 46.810585021972656
45.47353744506836, 46.253482818603516
46.0306396484375, 45.13927459716797
