actor_1,actor_2
46.92200469970703, 46.476322174072266
45.584957122802734, 46.476322174072266
46.92200469970703, 46.476322174072266
45.584957122802734, 46.476322174072266
46.92200469970703, 46.476322174072266
45.584957122802734, 46.476322174072266
45.696380615234375, 46.253482818603516
46.142059326171875, 45.919219970703125
45.696380615234375, 46.253482818603516
46.142059326171875, 45.919219970703125
45.696380615234375, 46.253482818603516
46.142059326171875, 45.919219970703125
45.696380615234375, 46.253482818603516
45.584957122802734, 45.584957122802734
45.696380615234375, 46.253482818603516
45.584957122802734, 45.584957122802734
45.696380615234375, 46.253482818603516
45.584957122802734, 45.584957122802734
45.362117767333984, 45.584957122802734
44.91643524169922, 46.476322174072266
46.476322174072266, 45.362117767333984
48.03621292114258, 45.250694274902344
46.0306396484375, 47.033424377441406
47.3676872253418, 45.584957122802734
45.47353744506836, 46.810585021972656
47.59053039550781, 46.142059326171875
45.47353744506836, 46.810585021972656
46.587745666503906, 46.810585021972656
46.69916534423828, 45.919219970703125
46.587745666503906, 46.810585021972656
46.36490249633789, 45.80780029296875
46.587745666503906, 46.810585021972656
46.36490249633789, 45.80780029296875
46.587745666503906, 46.810585021972656
46.36490249633789, 45.80780029296875
45.47353744506836, 46.810585021972656
47.3676872253418, 45.584957122802734
45.47353744506836, 46.810585021972656
46.253482818603516, 45.584957122802734
45.47353744506836, 46.810585021972656
46.253482818603516, 45.584957122802734
45.47353744506836, 46.810585021972656
46.253482818603516, 45.584957122802734
45.47353744506836, 46.810585021972656
45.13927459716797, 45.696380615234375
47.14484786987305, 45.584957122802734
47.59053039550781, 48.25905227661133
48.59331512451172, 48.25905227661133
47.59053039550781, 48.25905227661133
48.59331512451172, 48.25905227661133
47.59053039550781, 48.25905227661133
48.03621292114258, 48.59331512451172
48.59331512451172, 48.25905227661133
48.03621292114258, 48.59331512451172
48.59331512451172, 48.25905227661133
48.03621292114258, 48.59331512451172
