actor_1,actor_2
45.250694274902344, 45.584957122802734
45.47353744506836, 46.810585021972656
45.696380615234375, 46.36490249633789
45.47353744506836, 45.584957122802734
45.027854919433594, 46.142059326171875
45.13927459716797, 46.0306396484375
45.250694274902344, 45.696380615234375
45.250694274902344, 45.696380615234375
45.250694274902344, 45.696380615234375
