actor_1,actor_2
44.24790954589844, 45.80780029296875
45.250694274902344, 46.36490249633789
45.362117767333984, 46.587745666503906
44.24790954589844, 46.142059326171875
44.47075271606445, 46.36490249633789
44.58217239379883, 46.587745666503906
44.35932922363281, 46.69916534423828
44.35932922363281, 46.69916534423828
44.35932922363281, 46.69916534423828
