actor_1,actor_2
44.91643524169922, 46.253482818603516
45.80780029296875, 47.25626754760742
45.362117767333984, 47.3676872253418
44.47075271606445, 45.584957122802734
45.80780029296875, 44.6935920715332
45.80780029296875, 45.696380615234375
46.253482818603516, 46.0306396484375
44.805015563964844, 45.027854919433594
45.80780029296875, 45.919219970703125
45.696380615234375, 45.584957122802734
45.80780029296875, 45.919219970703125
45.696380615234375, 45.584957122802734
45.80780029296875, 45.919219970703125
45.696380615234375, 45.584957122802734
45.80780029296875, 45.919219970703125
45.696380615234375, 45.584957122802734
