actor_1,actor_2
48.14763259887695, 47.59053039550781
48.92757797241211, 47.14484786987305
48.37047576904297, 48.03621292114258
48.03621292114258, 46.810585021972656
47.14484786987305, 46.142059326171875
47.14484786987305, 46.142059326171875
47.14484786987305, 46.142059326171875
46.0306396484375, 46.142059326171875
