actor_1,actor_2
46.92200469970703, 46.253482818603516
47.3676872253418, 46.587745666503906
46.810585021972656, 47.033424377441406
47.3676872253418, 46.587745666503906
46.810585021972656, 47.033424377441406
47.033424377441406, 46.476322174072266
46.92200469970703, 46.69916534423828
46.253482818603516, 46.69916534423828
46.92200469970703, 46.69916534423828
46.253482818603516, 46.69916534423828
46.92200469970703, 46.69916534423828
46.253482818603516, 46.69916534423828
45.584957122802734, 45.47353744506836
