actor_1,actor_2
46.810585021972656, 47.033424377441406
47.92478942871094, 47.14484786987305
46.810585021972656, 47.033424377441406
47.92478942871094, 47.14484786987305
46.810585021972656, 47.033424377441406
47.92478942871094, 47.14484786987305
46.476322174072266, 47.59053039550781
47.14484786987305, 46.587745666503906
46.476322174072266, 47.59053039550781
47.14484786987305, 46.587745666503906
46.587745666503906, 47.59053039550781
46.587745666503906, 46.69916534423828
45.80780029296875, 46.69916534423828
45.584957122802734, 47.3676872253418
45.584957122802734, 46.810585021972656
45.584957122802734, 46.810585021972656
44.91643524169922, 46.253482818603516
44.91643524169922, 46.253482818603516
44.91643524169922, 46.253482818603516
