actor_1,actor_2
47.3676872253418, 46.69916534423828
46.142059326171875, 46.36490249633789
47.3676872253418, 46.69916534423828
46.142059326171875, 46.36490249633789
47.3676872253418, 46.69916534423828
46.142059326171875, 46.36490249633789
46.69916534423828, 46.0306396484375
46.142059326171875, 46.36490249633789
46.587745666503906, 46.476322174072266
46.142059326171875, 45.919219970703125
45.584957122802734, 45.362117767333984
45.362117767333984, 45.250694274902344
45.362117767333984, 45.250694274902344
45.362117767333984, 45.250694274902344
45.362117767333984, 45.250694274902344
