actor_1,actor_2
45.13927459716797, 46.69916534423828
45.362117767333984, 46.69916534423828
45.027854919433594, 47.14484786987305
45.027854919433594, 47.47911071777344
45.13927459716797, 45.919219970703125
44.91643524169922, 46.587745666503906
44.58217239379883, 46.69916534423828
44.58217239379883, 46.69916534423828
44.58217239379883, 46.69916534423828
