actor_1,actor_2
47.3676872253418, 46.142059326171875
46.142059326171875, 46.476322174072266
47.3676872253418, 46.142059326171875
46.142059326171875, 46.476322174072266
47.3676872253418, 46.142059326171875
46.142059326171875, 46.476322174072266
47.3676872253418, 46.142059326171875
46.142059326171875, 46.476322174072266
47.25626754760742, 46.253482818603516
45.80780029296875, 46.142059326171875
47.25626754760742, 46.253482818603516
45.80780029296875, 46.142059326171875
47.25626754760742, 46.253482818603516
45.80780029296875, 46.142059326171875
47.25626754760742, 46.253482818603516
45.80780029296875, 46.142059326171875
47.3676872253418, 46.92200469970703
45.80780029296875, 46.142059326171875
47.3676872253418, 46.92200469970703
45.80780029296875, 46.142059326171875
47.3676872253418, 46.92200469970703
45.80780029296875, 46.142059326171875
45.80780029296875, 46.142059326171875
47.3676872253418, 46.92200469970703
45.80780029296875, 46.142059326171875
