actor_1,actor_2
46.142059326171875, 46.253482818603516
44.805015563964844, 46.253482818603516
45.362117767333984, 45.919219970703125
45.027854919433594, 45.362117767333984
45.47353744506836, 45.584957122802734
44.805015563964844, 45.13927459716797
45.362117767333984, 44.58217239379883
45.362117767333984, 44.58217239379883
45.362117767333984, 44.58217239379883
45.362117767333984, 44.58217239379883
45.362117767333984, 44.91643524169922
45.362117767333984, 44.91643524169922
47.14484786987305, 44.805015563964844
46.92200469970703, 44.805015563964844
47.47911071777344, 44.91643524169922
47.033424377441406, 45.362117767333984
46.69916534423828, 46.92200469970703
47.033424377441406, 45.362117767333984
46.69916534423828, 46.92200469970703
47.47911071777344, 44.91643524169922
46.69916534423828, 46.92200469970703
47.47911071777344, 44.91643524169922
46.69916534423828, 46.92200469970703
47.3676872253418, 45.13927459716797
46.69916534423828, 46.92200469970703
47.47911071777344, 46.69916534423828
46.810585021972656, 47.3676872253418
47.47911071777344, 46.69916534423828
46.810585021972656, 47.3676872253418
48.14763259887695, 46.69916534423828
46.810585021972656, 47.3676872253418
48.14763259887695, 46.69916534423828
46.476322174072266, 47.59053039550781
48.704734802246094, 47.25626754760742
48.25905227661133, 49.15041732788086
48.704734802246094, 47.25626754760742
48.59331512451172, 48.59331512451172
47.92478942871094, 49.2618408203125
48.59331512451172, 48.59331512451172
48.03621292114258, 49.373260498046875
47.92478942871094, 48.704734802246094
48.704734802246094, 47.25626754760742
47.92478942871094, 48.704734802246094
48.704734802246094, 47.25626754760742
47.92478942871094, 48.704734802246094
48.704734802246094, 47.25626754760742
47.92478942871094, 48.704734802246094
