actor_1,actor_2
46.0306396484375, 45.13927459716797
45.250694274902344, 45.919219970703125
46.0306396484375, 45.13927459716797
45.250694274902344, 45.919219970703125
46.0306396484375, 45.13927459716797
45.250694274902344, 45.919219970703125
45.362117767333984, 44.91643524169922
45.250694274902344, 45.919219970703125
45.362117767333984, 45.362117767333984
45.47353744506836, 45.584957122802734
45.362117767333984, 45.362117767333984
45.47353744506836, 45.584957122802734
45.362117767333984, 45.362117767333984
45.47353744506836, 45.584957122802734
45.362117767333984, 45.362117767333984
45.47353744506836, 45.584957122802734
45.027854919433594, 44.47075271606445
45.47353744506836, 45.584957122802734
45.027854919433594, 44.47075271606445
45.47353744506836, 45.584957122802734
45.027854919433594, 44.47075271606445
45.47353744506836, 45.584957122802734
45.47353744506836, 45.584957122802734
45.027854919433594, 44.47075271606445
45.47353744506836, 45.584957122802734
