actor_1,actor_2
46.142059326171875, 45.584957122802734
45.919219970703125, 45.584957122802734
45.13927459716797, 45.584957122802734
45.919219970703125, 45.584957122802734
45.13927459716797, 45.584957122802734
46.142059326171875, 45.80780029296875
45.027854919433594, 45.47353744506836
46.142059326171875, 45.80780029296875
45.027854919433594, 45.47353744506836
46.142059326171875, 45.80780029296875
45.027854919433594, 45.47353744506836
46.142059326171875, 45.80780029296875
45.027854919433594, 45.47353744506836
46.142059326171875, 45.80780029296875
45.027854919433594, 45.47353744506836
46.142059326171875, 45.80780029296875
