actor_1,actor_2
46.92200469970703, 47.59053039550781
47.033424377441406, 46.0306396484375
46.92200469970703, 47.59053039550781
47.033424377441406, 46.0306396484375
46.92200469970703, 47.59053039550781
47.033424377441406, 46.0306396484375
46.253482818603516, 47.3676872253418
46.810585021972656, 45.362117767333984
46.253482818603516, 47.3676872253418
46.810585021972656, 45.362117767333984
47.033424377441406, 48.25905227661133
46.810585021972656, 46.476322174072266
47.25626754760742, 47.59053039550781
46.810585021972656, 46.476322174072266
47.25626754760742, 47.59053039550781
46.0306396484375, 46.142059326171875
46.810585021972656, 47.59053039550781
46.0306396484375, 46.36490249633789
46.0306396484375, 46.36490249633789
46.0306396484375, 46.36490249633789
45.584957122802734, 45.584957122802734
45.584957122802734, 45.584957122802734
45.584957122802734, 45.584957122802734
45.919219970703125, 45.584957122802734
46.142059326171875, 46.142059326171875
