actor_1,actor_2
45.47353744506836, 44.47075271606445
45.584957122802734, 45.47353744506836
45.919219970703125, 45.362117767333984
45.919219970703125, 44.35932922363281
45.584957122802734, 44.805015563964844
45.584957122802734, 44.805015563964844
45.584957122802734, 44.805015563964844
45.696380615234375, 46.0306396484375
