actor_1,actor_2
46.92200469970703, 45.027854919433594
46.253482818603516, 46.142059326171875
45.919219970703125, 45.696380615234375
45.80780029296875, 45.80780029296875
45.027854919433594, 45.47353744506836
45.027854919433594, 45.47353744506836
45.696380615234375, 45.13927459716797
45.027854919433594, 45.47353744506836
45.696380615234375, 45.13927459716797
45.027854919433594, 45.47353744506836
45.250694274902344, 44.24790954589844
