actor_1,actor_2
46.253482818603516, 46.476322174072266
46.253482818603516, 46.0306396484375
46.253482818603516, 46.476322174072266
46.253482818603516, 46.0306396484375
46.253482818603516, 46.476322174072266
46.253482818603516, 46.0306396484375
45.80780029296875, 45.47353744506836
45.250694274902344, 45.584957122802734
46.253482818603516, 46.476322174072266
46.253482818603516, 46.0306396484375
46.253482818603516, 46.476322174072266
46.253482818603516, 46.0306396484375
46.0306396484375, 45.584957122802734
45.250694274902344, 45.80780029296875
46.0306396484375, 45.584957122802734
45.80780029296875, 45.919219970703125
46.0306396484375, 45.584957122802734
45.80780029296875, 45.919219970703125
46.0306396484375, 45.584957122802734
45.80780029296875, 45.919219970703125
45.696380615234375, 44.47075271606445
45.362117767333984, 45.250694274902344
44.35932922363281, 45.362117767333984
45.362117767333984, 45.250694274902344
44.35932922363281, 45.362117767333984
45.362117767333984, 45.250694274902344
44.35932922363281, 45.362117767333984
45.362117767333984, 45.250694274902344
44.35932922363281, 45.362117767333984
45.362117767333984, 45.250694274902344
44.35932922363281, 45.362117767333984
