actor_1,actor_2
45.919219970703125, 45.584957122802734
44.805015563964844, 45.027854919433594
45.919219970703125, 45.584957122802734
44.805015563964844, 45.027854919433594
45.919219970703125, 45.584957122802734
44.805015563964844, 45.027854919433594
45.584957122802734, 45.13927459716797
44.805015563964844, 45.027854919433594
45.362117767333984, 45.250694274902344
44.35932922363281, 45.027854919433594
45.362117767333984, 45.250694274902344
44.35932922363281, 45.027854919433594
45.362117767333984, 45.250694274902344
44.35932922363281, 45.027854919433594
45.362117767333984, 45.250694274902344
44.35932922363281, 45.027854919433594
44.805015563964844, 45.362117767333984
45.696380615234375, 45.696380615234375
44.805015563964844, 45.362117767333984
45.362117767333984, 45.250694274902344
44.805015563964844, 45.362117767333984
45.362117767333984, 45.250694274902344
44.35932922363281, 45.027854919433594
44.805015563964844, 45.362117767333984
45.696380615234375, 45.696380615234375
44.805015563964844, 45.362117767333984
45.362117767333984, 45.47353744506836
45.362117767333984, 44.6935920715332
46.253482818603516, 45.919219970703125
45.80780029296875, 46.253482818603516
46.142059326171875, 45.919219970703125
45.80780029296875, 46.253482818603516
46.142059326171875, 45.919219970703125
