actor_1,actor_2
47.47911071777344, 47.033424377441406
47.25626754760742, 47.14484786987305
46.36490249633789, 46.587745666503906
47.25626754760742, 47.14484786987305
46.36490249633789, 46.587745666503906
45.80780029296875, 46.36490249633789
45.362117767333984, 46.810585021972656
46.92200469970703, 46.142059326171875
45.362117767333984, 46.810585021972656
46.92200469970703, 46.142059326171875
45.362117767333984, 46.810585021972656
46.36490249633789, 45.80780029296875
45.362117767333984, 46.810585021972656
46.36490249633789, 45.80780029296875
45.80780029296875, 45.362117767333984
45.80780029296875, 46.36490249633789
45.80780029296875, 45.362117767333984
45.80780029296875, 46.36490249633789
45.80780029296875, 45.362117767333984
45.80780029296875, 46.36490249633789
45.80780029296875, 45.362117767333984
45.80780029296875, 46.36490249633789
45.80780029296875, 46.36490249633789
45.80780029296875, 45.362117767333984
45.80780029296875, 46.36490249633789
45.80780029296875, 45.362117767333984
