actor_1,actor_2
45.919219970703125, 45.584957122802734
46.69916534423828, 45.919219970703125
46.810585021972656, 46.142059326171875
47.033424377441406, 47.14484786987305
46.69916534423828, 46.142059326171875
46.92200469970703, 46.92200469970703
46.92200469970703, 46.92200469970703
46.92200469970703, 46.92200469970703
46.92200469970703, 46.92200469970703
