actor_1,actor_2
45.362117767333984, 45.80780029296875
45.47353744506836, 46.142059326171875
45.47353744506836, 45.80780029296875
44.6935920715332, 45.13927459716797
45.47353744506836, 45.80780029296875
45.47353744506836, 45.80780029296875
46.253482818603516, 45.47353744506836
46.253482818603516, 45.47353744506836
46.253482818603516, 45.47353744506836
46.253482818603516, 45.47353744506836
45.696380615234375, 45.362117767333984
45.696380615234375, 45.362117767333984
47.59053039550781, 46.0306396484375
47.033424377441406, 44.91643524169922
47.59053039550781, 45.80780029296875
47.92478942871094, 46.36490249633789
47.92478942871094, 47.25626754760742
47.92478942871094, 47.25626754760742
47.92478942871094, 47.25626754760742
47.92478942871094, 47.25626754760742
47.92478942871094, 47.25626754760742
48.25905227661133, 46.92200469970703
48.37047576904297, 47.70195007324219
46.587745666503906, 46.142059326171875
45.696380615234375, 46.36490249633789
45.696380615234375, 46.36490249633789
