actor_1,actor_2
44.805015563964844, 45.47353744506836
45.13927459716797, 46.587745666503906
45.13927459716797, 45.584957122802734
43.80222702026367, 44.6935920715332
44.35932922363281, 45.13927459716797
44.13648986816406, 45.696380615234375
44.13648986816406, 45.47353744506836
44.13648986816406, 45.47353744506836
44.13648986816406, 45.47353744506836
