actor_1,actor_2
46.253482818603516, 47.70195007324219
46.92200469970703, 48.37047576904297
46.253482818603516, 47.92478942871094
45.584957122802734, 46.69916534423828
45.919219970703125, 47.033424377441406
45.362117767333984, 46.810585021972656
45.696380615234375, 47.25626754760742
45.696380615234375, 47.25626754760742
45.696380615234375, 47.25626754760742
