actor_1,actor_2
46.0306396484375, 46.142059326171875
46.142059326171875, 46.36490249633789
46.476322174072266, 46.69916534423828
47.033424377441406, 46.92200469970703
46.92200469970703, 46.253482818603516
46.810585021972656, 45.584957122802734
46.476322174072266, 45.47353744506836
46.69916534423828, 45.250694274902344
45.919219970703125, 45.47353744506836
46.0306396484375, 44.805015563964844
45.696380615234375, 44.58217239379883
45.696380615234375, 44.58217239379883
45.584957122802734, 44.58217239379883
45.584957122802734, 44.58217239379883
45.584957122802734, 44.58217239379883
