actor_1,actor_2
46.253482818603516, 44.35932922363281
45.584957122802734, 45.919219970703125
46.253482818603516, 44.35932922363281
45.584957122802734, 45.919219970703125
46.253482818603516, 44.35932922363281
45.584957122802734, 45.919219970703125
45.13927459716797, 44.805015563964844
45.584957122802734, 45.919219970703125
44.6935920715332, 44.805015563964844
44.47075271606445, 44.35932922363281
44.6935920715332, 44.805015563964844
44.47075271606445, 44.35932922363281
44.6935920715332, 44.805015563964844
44.47075271606445, 44.13648986816406
44.6935920715332, 44.805015563964844
44.47075271606445, 44.13648986816406
45.027854919433594, 44.35932922363281
44.6935920715332, 44.805015563964844
45.027854919433594, 44.35932922363281
44.6935920715332, 44.805015563964844
45.027854919433594, 44.35932922363281
44.6935920715332, 44.805015563964844
45.027854919433594, 44.35932922363281
44.6935920715332, 44.805015563964844
45.027854919433594, 44.35932922363281
44.6935920715332, 44.805015563964844
44.6935920715332, 44.805015563964844
45.027854919433594, 44.35932922363281
44.6935920715332, 44.805015563964844
45.027854919433594, 44.35932922363281
