actor_1,actor_2
46.142059326171875, 45.027854919433594
45.027854919433594, 46.810585021972656
46.142059326171875, 45.027854919433594
45.027854919433594, 46.810585021972656
46.142059326171875, 45.027854919433594
45.027854919433594, 46.810585021972656
45.362117767333984, 45.027854919433594
45.027854919433594, 46.810585021972656
44.91643524169922, 45.027854919433594
45.027854919433594, 45.027854919433594
44.91643524169922, 45.027854919433594
45.027854919433594, 45.027854919433594
44.91643524169922, 45.027854919433594
44.6935920715332, 44.91643524169922
45.250694274902344, 44.6935920715332
44.58217239379883, 44.47075271606445
45.362117767333984, 45.027854919433594
44.58217239379883, 45.47353744506836
44.6935920715332, 44.6935920715332
44.58217239379883, 45.47353744506836
44.6935920715332, 44.6935920715332
44.58217239379883, 45.47353744506836
44.6935920715332, 44.6935920715332
44.58217239379883, 45.47353744506836
44.6935920715332, 44.6935920715332
44.58217239379883, 45.47353744506836
44.58217239379883, 45.47353744506836
44.6935920715332, 44.6935920715332
44.58217239379883, 45.47353744506836
44.6935920715332, 44.6935920715332
44.58217239379883, 45.47353744506836
44.6935920715332, 44.6935920715332
