actor_1,actor_2
45.919219970703125, 46.0306396484375
45.250694274902344, 46.142059326171875
46.0306396484375, 45.13927459716797
44.47075271606445, 45.919219970703125
46.0306396484375, 45.47353744506836
46.476322174072266, 46.142059326171875
45.47353744506836, 45.80780029296875
45.027854919433594, 46.142059326171875
44.805015563964844, 46.92200469970703
43.91365051269531, 46.36490249633789
43.91365051269531, 46.36490249633789
44.47075271606445, 46.0306396484375
44.47075271606445, 46.0306396484375
44.47075271606445, 46.0306396484375
