actor_1,actor_2
45.47353744506836, 45.919219970703125
45.13927459716797, 46.69916534423828
45.47353744506836, 46.253482818603516
45.13927459716797, 45.027854919433594
46.253482818603516, 45.80780029296875
46.142059326171875, 45.584957122802734
47.033424377441406, 45.80780029296875
46.0306396484375, 45.80780029296875
45.584957122802734, 45.584957122802734
44.91643524169922, 44.805015563964844
45.362117767333984, 45.250694274902344
45.362117767333984, 45.250694274902344
45.250694274902344, 44.91643524169922
45.250694274902344, 44.91643524169922
45.250694274902344, 44.91643524169922
