{"score": 9.31, "_timestamp": 1709078844.2872572, "_runtime": 36.94925618171692, "_step": 0, "_wandb": {"runtime": 36}}