{"score": 267.46, "_timestamp": 1709000527.343967, "_runtime": 168.05461502075195, "_step": 0, "_wandb": {"runtime": 167}}