{"score": 9.31, "_timestamp": 1709081702.7976778, "_runtime": 62.89581084251404, "_step": 0, "_wandb": {"runtime": 62}}