{"score": 430.59, "_timestamp": 1709019426.9807317, "_runtime": 311.7447648048401, "_step": 0, "_wandb": {"runtime": 310}}