{"score": 9.31, "_timestamp": 1709114299.544798, "_runtime": 49.095507860183716, "_step": 0, "_wandb": {"runtime": 48}}