{"score": 9.41823, "_timestamp": 1707314245.840384, "_runtime": 116.17246103286743, "_step": 0, "_wandb": {"runtime": 115}}