{"score": 9.31, "_timestamp": 1709126533.6840756, "_runtime": 72.48569560050964, "_step": 0, "_wandb": {"runtime": 71}}