{"score": 493.17, "_timestamp": 1709019106.2107725, "_runtime": 232.7551884651184, "_step": 0, "_wandb": {"runtime": 231}}