{"score": 321.47, "_timestamp": 1708985155.9994795, "_runtime": 309.2203755378723, "_step": 0, "_wandb": {"runtime": 308}}