{"score": 9.31, "_timestamp": 1709085196.0332778, "_runtime": 148.06526279449463, "_step": 0, "_wandb": {"runtime": 147}}