{"score": 398.0, "_timestamp": 1709006108.2331495, "_runtime": 236.84922552108765, "_step": 0, "_wandb": {"runtime": 236}}