{"score": 442.52, "_timestamp": 1709014298.3003578, "_runtime": 499.8918697834015, "_step": 0, "_wandb": {"runtime": 499}}