{"score": 301.25, "_timestamp": 1708995857.4812605, "_runtime": 190.95729756355286, "_step": 0, "_wandb": {"runtime": 190}}