actor_1,actor_2
53.0, 50.14814758300781
51.166664123535156, 53.61111068725586
50.14814758300781, 48.518516540527344
48.518516540527344, 49.53703689575195
49.12963104248047, 48.72222137451172
47.09259033203125, 53.814815521240234
51.981483459472656, 51.981483459472656
47.09259033203125, 53.814815521240234
50.75926208496094, 50.55555725097656
47.09259033203125, 53.814815521240234
48.518516540527344, 47.09259033203125
46.074073791503906, 48.925926208496094
48.72222137451172, 45.46296310424805
46.074073791503906, 48.925926208496094
48.72222137451172, 45.46296310424805
46.074073791503906, 48.925926208496094
44.24073791503906, 38.333335876464844
43.22222137451172, 43.62963104248047
43.833335876464844, 35.685184478759766
43.22222137451172, 43.62963104248047
43.833335876464844, 35.685184478759766
43.22222137451172, 43.62963104248047
43.833335876464844, 35.685184478759766
43.22222137451172, 43.62963104248047
