actor_1,actor_2
51.166664123535156, 54.83333206176758
57.27777862548828, 44.03703689575195
47.703704833984375, 50.35185241699219
56.05555725097656, 45.05555725097656
47.296295166015625, 48.11111068725586
54.22222137451172, 44.85185241699219
47.296295166015625, 48.11111068725586
54.22222137451172, 44.85185241699219
47.703704833984375, 45.25926208496094
47.703704833984375, 53.407405853271484
47.703704833984375, 50.35185241699219
53.61111068725586, 47.09259033203125
53.203704833984375, 53.814815521240234
53.61111068725586, 47.09259033203125
53.203704833984375, 53.814815521240234
51.166664123535156, 46.685184478759766
53.203704833984375, 53.814815521240234
51.166664123535156, 46.685184478759766
53.407405853271484, 49.94444274902344
47.703704833984375, 53.407405853271484
53.61111068725586, 55.44444274902344
53.61111068725586, 47.09259033203125
53.203704833984375, 54.83333206176758
53.61111068725586, 47.09259033203125
45.87036895751953, 47.09259033203125
47.09259033203125, 43.018516540527344
45.87036895751953, 47.09259033203125
47.09259033203125, 43.018516540527344
45.87036895751953, 47.09259033203125
47.09259033203125, 43.018516540527344
45.87036895751953, 47.09259033203125
46.074073791503906, 44.44444274902344
45.87036895751953, 47.09259033203125
46.074073791503906, 44.44444274902344
45.87036895751953, 47.09259033203125
46.074073791503906, 44.44444274902344
45.87036895751953, 47.09259033203125
46.074073791503906, 44.44444274902344
45.666664123535156, 44.44444274902344
43.62963104248047, 46.481483459472656
44.64814758300781, 42.203704833984375
42.814815521240234, 43.833335876464844
44.64814758300781, 42.203704833984375
42.814815521240234, 43.833335876464844
42.40740966796875, 40.37036895751953
41.185184478759766, 41.185184478759766
39.14814758300781, 40.37036895751953
41.185184478759766, 41.185184478759766
36.5, 36.5
30.185184478759766, 34.87036895751953
40.77777862548828, 42.814815521240234
43.018516540527344, 41.59259033203125
40.77777862548828, 42.814815521240234
