actor_1,actor_2
51.574073791503906, 53.0
57.48147964477539, 47.5
46.685184478759766, 47.703704833984375
55.44444274902344, 48.314815521240234
45.87036895751953, 46.685184478759766
52.592594146728516, 48.314815521240234
45.87036895751953, 46.685184478759766
52.592594146728516, 48.314815521240234
46.074073791503906, 44.64814758300781
44.64814758300781, 53.407405853271484
46.685184478759766, 47.703704833984375
54.22222137451172, 49.74073791503906
50.14814758300781, 52.185184478759766
54.22222137451172, 49.74073791503906
50.14814758300781, 52.185184478759766
51.166664123535156, 49.333335876464844
50.14814758300781, 52.185184478759766
51.166664123535156, 49.333335876464844
51.166664123535156, 50.55555725097656
44.64814758300781, 53.407405853271484
50.55555725097656, 53.203704833984375
54.22222137451172, 49.74073791503906
48.72222137451172, 51.77777862548828
54.22222137451172, 49.74073791503906
43.425926208496094, 43.833335876464844
46.481483459472656, 44.85185241699219
43.425926208496094, 43.833335876464844
46.481483459472656, 44.85185241699219
43.425926208496094, 43.833335876464844
46.481483459472656, 44.85185241699219
43.425926208496094, 43.833335876464844
45.46296310424805, 45.25926208496094
43.425926208496094, 43.833335876464844
45.46296310424805, 45.25926208496094
43.425926208496094, 43.833335876464844
45.46296310424805, 45.25926208496094
43.425926208496094, 43.833335876464844
45.46296310424805, 45.25926208496094
42.0, 40.981483459472656
40.77777862548828, 43.425926208496094
39.96296310424805, 40.77777862548828
44.03703689575195, 40.37036895751953
39.96296310424805, 40.77777862548828
43.018516540527344, 39.75926208496094
39.96296310424805, 40.77777862548828
43.018516540527344, 39.75926208496094
38.333335876464844, 38.53703689575195
41.796295166015625, 38.74073791503906
38.333335876464844, 38.53703689575195
40.574073791503906, 37.518516540527344
32.83333206176758, 33.44444274902344
32.018516540527344, 30.185184478759766
32.62963104248047, 28.962963104248047
33.24074172973633, 30.38888931274414
31.61111068725586, 30.796295166015625
30.796295166015625, 32.62963104248047
33.44444274902344, 31.0
29.574073791503906, 31.0
33.44444274902344, 31.0
