actor_1,actor_2
52.185184478759766, 53.203704833984375
58.296295166015625, 48.72222137451172
50.35185241699219, 50.14814758300781
46.88888931274414, 47.09259033203125
50.35185241699219, 50.14814758300781
48.72222137451172, 53.61111068725586
47.703704833984375, 45.87036895751953
48.314815521240234, 48.72222137451172
50.55555725097656, 50.55555725097656
48.314815521240234, 48.72222137451172
49.53703689575195, 49.12963104248047
48.314815521240234, 48.72222137451172
47.90740966796875, 42.814815521240234
48.925926208496094, 47.296295166015625
45.25926208496094, 48.314815521240234
48.925926208496094, 47.296295166015625
45.25926208496094, 48.314815521240234
47.296295166015625, 44.44444274902344
42.814815521240234, 46.27777862548828
45.05555725097656, 43.018516540527344
41.38888931274414, 44.24073791503906
45.05555725097656, 43.018516540527344
