actor_1,actor_2
46.074073791503906, 43.833335876464844
46.074073791503906, 48.314815521240234
42.0, 42.203704833984375
53.0, 34.46296310424805
43.22222137451172, 45.25926208496094
51.166664123535156, 37.314815521240234
48.314815521240234, 53.203704833984375
51.166664123535156, 37.314815521240234
48.314815521240234, 53.203704833984375
51.166664123535156, 37.314815521240234
48.314815521240234, 53.203704833984375
51.166664123535156, 37.314815521240234
46.88888931274414, 48.925926208496094
51.166664123535156, 37.314815521240234
46.88888931274414, 48.925926208496094
51.166664123535156, 37.314815521240234
46.88888931274414, 48.925926208496094
51.166664123535156, 37.314815521240234
46.88888931274414, 48.925926208496094
51.166664123535156, 37.314815521240234
46.88888931274414, 48.925926208496094
49.333335876464844, 38.53703689575195
42.203704833984375, 45.05555725097656
45.87036895751953, 35.27777862548828
42.203704833984375, 45.05555725097656
45.87036895751953, 35.27777862548828
42.203704833984375, 45.05555725097656
45.87036895751953, 35.27777862548828
41.38888931274414, 42.61111068725586
45.87036895751953, 35.27777862548828
41.38888931274414, 42.61111068725586
45.87036895751953, 35.27777862548828
41.38888931274414, 42.61111068725586
40.37036895751953, 36.296295166015625
41.38888931274414, 42.61111068725586
38.333335876464844, 32.62963104248047
41.38888931274414, 42.61111068725586
38.333335876464844, 32.62963104248047
38.94444274902344, 37.314815521240234
35.481483459472656, 42.814815521240234
38.94444274902344, 37.314815521240234
34.25925827026367, 38.53703689575195
36.703704833984375, 33.64814758300781
34.25925827026367, 38.53703689575195
33.85185241699219, 32.62963104248047
34.25925827026367, 38.53703689575195
31.0, 31.0
31.203704833984375, 34.66666793823242
31.0, 31.0
31.203704833984375, 34.66666793823242
31.0, 31.0
31.203704833984375, 34.66666793823242
31.0, 31.0
