actor_1,actor_2
44.85185241699219, 44.44444274902344
46.27777862548828, 46.481483459472656
40.574073791503906, 44.44444274902344
52.185184478759766, 36.90740966796875
42.40740966796875, 45.25926208496094
52.185184478759766, 38.94444274902344
46.685184478759766, 54.22222137451172
52.185184478759766, 38.94444274902344
46.685184478759766, 54.22222137451172
52.185184478759766, 38.94444274902344
46.685184478759766, 54.22222137451172
52.185184478759766, 38.94444274902344
45.666664123535156, 50.75926208496094
52.185184478759766, 38.94444274902344
45.666664123535156, 50.75926208496094
52.185184478759766, 38.94444274902344
45.666664123535156, 50.75926208496094
52.185184478759766, 38.94444274902344
45.666664123535156, 50.75926208496094
52.185184478759766, 38.94444274902344
45.666664123535156, 50.75926208496094
46.685184478759766, 40.37036895751953
41.796295166015625, 47.703704833984375
43.018516540527344, 35.88888931274414
41.796295166015625, 47.703704833984375
43.018516540527344, 35.88888931274414
41.796295166015625, 47.703704833984375
43.018516540527344, 35.88888931274414
40.166664123535156, 44.44444274902344
43.018516540527344, 35.88888931274414
40.166664123535156, 44.44444274902344
43.018516540527344, 35.88888931274414
40.166664123535156, 44.44444274902344
38.74073791503906, 38.333335876464844
40.166664123535156, 44.44444274902344
36.5, 35.27777862548828
40.166664123535156, 44.44444274902344
36.5, 35.27777862548828
38.333335876464844, 37.925926208496094
37.925926208496094, 42.61111068725586
38.333335876464844, 37.925926208496094
35.685184478759766, 38.53703689575195
35.685184478759766, 33.64814758300781
35.685184478759766, 38.53703689575195
33.85185241699219, 32.22222137451172
35.685184478759766, 38.53703689575195
31.814815521240234, 30.592592239379883
32.83333206176758, 34.46296310424805
31.814815521240234, 30.592592239379883
32.83333206176758, 34.46296310424805
31.814815521240234, 30.592592239379883
32.83333206176758, 34.46296310424805
31.814815521240234, 30.592592239379883
