actor_1,actor_2
57.88888931274414, 57.27777862548828
61.75925827026367, 61.96296310424805
57.074073791503906, 54.425926208496094
60.33333206176758, 56.66666793823242
57.074073791503906, 63.38888931274414
58.296295166015625, 61.55555725097656
58.703704833984375, 60.74074172973633
56.87036895751953, 45.05555725097656
59.72222137451172, 57.48147964477539
58.296295166015625, 61.55555725097656
57.685184478759766, 56.05555725097656
57.48147964477539, 61.14814758300781
58.092594146728516, 59.314815521240234
55.03703689575195, 49.53703689575195
58.092594146728516, 59.314815521240234
54.22222137451172, 50.96296310424805
57.27777862548828, 57.88888931274414
53.814815521240234, 51.981483459472656
56.87036895751953, 53.407405853271484
57.48147964477539, 61.14814758300781
52.796295166015625, 51.574073791503906
51.981483459472656, 57.48147964477539
52.796295166015625, 51.574073791503906
51.981483459472656, 57.48147964477539
52.796295166015625, 51.574073791503906
51.981483459472656, 57.48147964477539
52.796295166015625, 51.574073791503906
