actor_1,actor_2
51.166664123535156, 51.77777862548828
54.83333206176758, 39.96296310424805
50.55555725097656, 50.55555725097656
42.40740966796875, 47.296295166015625
50.55555725097656, 50.55555725097656
42.0, 50.55555725097656
45.46296310424805, 39.75926208496094
42.203704833984375, 44.03703689575195
46.88888931274414, 43.833335876464844
42.203704833984375, 44.03703689575195
47.09259033203125, 42.814815521240234
42.203704833984375, 44.03703689575195
43.425926208496094, 36.90740966796875
40.37036895751953, 39.96296310424805
38.94444274902344, 40.166664123535156
40.37036895751953, 39.96296310424805
38.94444274902344, 40.166664123535156
37.72222137451172, 36.09259033203125
36.5, 36.703704833984375
38.53703689575195, 36.703704833984375
37.314815521240234, 37.925926208496094
38.53703689575195, 36.703704833984375
