actor_1,actor_2
49.53703689575195, 49.12963104248047
47.09259033203125, 49.94444274902344
46.074073791503906, 46.27777862548828
55.24074172973633, 39.96296310424805
46.685184478759766, 50.35185241699219
53.814815521240234, 43.22222137451172
48.518516540527344, 57.074073791503906
53.814815521240234, 43.22222137451172
48.518516540527344, 57.074073791503906
53.814815521240234, 43.22222137451172
48.518516540527344, 57.074073791503906
53.814815521240234, 43.22222137451172
47.90740966796875, 53.814815521240234
53.814815521240234, 43.22222137451172
47.90740966796875, 53.814815521240234
53.814815521240234, 43.22222137451172
47.90740966796875, 53.814815521240234
53.814815521240234, 43.22222137451172
47.90740966796875, 53.814815521240234
53.814815521240234, 43.22222137451172
47.90740966796875, 53.814815521240234
51.981483459472656, 45.666664123535156
45.46296310424805, 50.35185241699219
50.14814758300781, 42.814815521240234
45.46296310424805, 50.35185241699219
50.14814758300781, 42.814815521240234
45.46296310424805, 50.35185241699219
50.14814758300781, 42.814815521240234
42.203704833984375, 46.481483459472656
50.14814758300781, 42.814815521240234
42.203704833984375, 46.481483459472656
50.14814758300781, 42.814815521240234
42.203704833984375, 46.481483459472656
47.296295166015625, 44.24073791503906
42.203704833984375, 46.481483459472656
43.018516540527344, 38.74073791503906
42.203704833984375, 46.481483459472656
43.018516540527344, 38.74073791503906
40.166664123535156, 38.94444274902344
38.333335876464844, 42.203704833984375
40.166664123535156, 38.94444274902344
37.11111068725586, 39.55555725097656
39.14814758300781, 35.27777862548828
37.11111068725586, 39.55555725097656
38.333335876464844, 33.24074172973633
37.11111068725586, 39.55555725097656
36.703704833984375, 30.796295166015625
35.481483459472656, 35.27777862548828
34.25925827026367, 35.27777862548828
35.481483459472656, 35.27777862548828
34.25925827026367, 35.27777862548828
