actor_1,actor_2
59.51852035522461, 59.72222137451172
62.574073791503906, 53.203704833984375
56.87036895751953, 60.12963104248047
63.38888931274414, 52.185184478759766
54.83333206176758, 53.814815521240234
57.48147964477539, 57.685184478759766
56.87036895751953, 60.12963104248047
63.38888931274414, 52.185184478759766
56.87036895751953, 60.12963104248047
62.37036895751953, 53.0
59.925926208496094, 61.55555725097656
62.37036895751953, 53.0
58.092594146728516, 56.66666793823242
60.12963104248047, 59.925926208496094
58.907405853271484, 61.75925827026367
59.314815521240234, 59.314815521240234
57.48147964477539, 60.74074172973633
57.48147964477539, 57.074073791503906
56.05555725097656, 58.703704833984375
57.48147964477539, 57.074073791503906
56.05555725097656, 58.703704833984375
51.77777862548828, 54.22222137451172
51.77777862548828, 54.22222137451172
49.53703689575195, 51.574073791503906
51.574073791503906, 41.59259033203125
48.11111068725586, 51.37036895751953
50.75926208496094, 42.814815521240234
48.518516540527344, 50.35185241699219
48.925926208496094, 42.61111068725586
47.5, 50.75926208496094
46.27777862548828, 43.22222137451172
45.46296310424805, 48.11111068725586
43.018516540527344, 43.62963104248047
44.24073791503906, 39.75926208496094
40.77777862548828, 38.12963104248047
39.96296310424805, 40.166664123535156
39.14814758300781, 38.74073791503906
39.96296310424805, 40.166664123535156
37.518516540527344, 36.5
39.96296310424805, 40.166664123535156
37.314815521240234, 36.703704833984375
39.96296310424805, 40.166664123535156
