actor_1,actor_2
51.37036895751953, 46.074073791503906
44.44444274902344, 51.981483459472656
49.12963104248047, 45.25926208496094
39.14814758300781, 47.5
47.5, 39.75926208496094
39.55555725097656, 48.518516540527344
47.703704833984375, 44.44444274902344
39.55555725097656, 48.518516540527344
47.09259033203125, 44.64814758300781
39.55555725097656, 48.518516540527344
43.425926208496094, 36.296295166015625
39.55555725097656, 42.814815521240234
41.38888931274414, 36.09259033203125
39.55555725097656, 42.814815521240234
41.38888931274414, 36.09259033203125
39.55555725097656, 42.814815521240234
38.12963104248047, 32.425926208496094
38.12963104248047, 37.314815521240234
36.09259033203125, 39.14814758300781
38.12963104248047, 37.314815521240234
35.685184478759766, 38.94444274902344
37.518516540527344, 36.5
