actor_1,actor_2
61.96296310424805, 60.33333206176758
60.53703689575195, 64.40740966796875
57.88888931274414, 59.72222137451172
64.0, 54.01852035522461
59.925926208496094, 61.96296310424805
63.796295166015625, 54.62963104248047
61.14814758300781, 63.796295166015625
63.796295166015625, 54.62963104248047
61.14814758300781, 63.796295166015625
63.796295166015625, 54.62963104248047
61.14814758300781, 63.796295166015625
63.796295166015625, 54.62963104248047
58.5, 61.96296310424805
63.796295166015625, 54.62963104248047
58.5, 61.96296310424805
63.796295166015625, 54.62963104248047
58.5, 61.96296310424805
63.796295166015625, 54.62963104248047
58.5, 61.96296310424805
63.796295166015625, 54.62963104248047
58.5, 61.96296310424805
60.94444274902344, 55.85185241699219
50.75926208496094, 54.83333206176758
54.01852035522461, 46.27777862548828
50.75926208496094, 54.83333206176758
54.01852035522461, 46.27777862548828
50.75926208496094, 54.83333206176758
54.01852035522461, 46.27777862548828
50.96296310424805, 56.25925827026367
54.01852035522461, 46.27777862548828
50.96296310424805, 56.25925827026367
54.01852035522461, 46.27777862548828
50.96296310424805, 56.25925827026367
54.62963104248047, 46.88888931274414
50.96296310424805, 56.25925827026367
55.24074172973633, 47.90740966796875
50.96296310424805, 56.25925827026367
55.24074172973633, 47.90740966796875
52.796295166015625, 51.981483459472656
49.12963104248047, 55.03703689575195
52.796295166015625, 51.981483459472656
46.481483459472656, 52.796295166015625
50.35185241699219, 50.14814758300781
46.481483459472656, 52.796295166015625
47.5, 47.5
46.481483459472656, 52.796295166015625
44.85185241699219, 47.09259033203125
49.12963104248047, 45.666664123535156
44.85185241699219, 47.09259033203125
46.481483459472656, 45.46296310424805
44.85185241699219, 47.09259033203125
43.425926208496094, 42.40740966796875
44.85185241699219, 47.09259033203125
40.574073791503906, 40.166664123535156
44.85185241699219, 47.09259033203125
40.574073791503906, 40.166664123535156
