actor_1,actor_2
45.05555725097656, 48.314815521240234
55.85185241699219, 38.12963104248047
43.833335876464844, 46.685184478759766
56.87036895751953, 38.94444274902344
45.05555725097656, 48.11111068725586
60.94444274902344, 42.61111068725586
45.05555725097656, 48.11111068725586
60.94444274902344, 42.61111068725586
47.90740966796875, 47.09259033203125
41.185184478759766, 50.55555725097656
43.833335876464844, 46.685184478759766
56.05555725097656, 41.38888931274414
46.88888931274414, 57.074073791503906
56.05555725097656, 41.38888931274414
46.88888931274414, 57.074073791503906
57.88888931274414, 45.46296310424805
46.88888931274414, 57.074073791503906
57.88888931274414, 45.46296310424805
51.574073791503906, 57.27777862548828
57.88888931274414, 45.46296310424805
51.574073791503906, 57.27777862548828
54.22222137451172, 43.22222137451172
49.333335876464844, 52.796295166015625
53.407405853271484, 42.203704833984375
50.35185241699219, 49.12963104248047
38.333335876464844, 49.333335876464844
44.03703689575195, 47.09259033203125
51.77777862548828, 39.35185241699219
44.03703689575195, 47.09259033203125
51.77777862548828, 39.35185241699219
44.03703689575195, 47.09259033203125
54.22222137451172, 43.22222137451172
44.03703689575195, 47.09259033203125
54.22222137451172, 43.22222137451172
44.03703689575195, 47.09259033203125
54.22222137451172, 43.22222137451172
44.03703689575195, 47.09259033203125
47.09259033203125, 45.666664123535156
44.03703689575195, 47.09259033203125
46.88888931274414, 41.185184478759766
44.03703689575195, 47.09259033203125
46.88888931274414, 41.185184478759766
44.03703689575195, 47.09259033203125
46.88888931274414, 41.185184478759766
44.03703689575195, 47.09259033203125
46.88888931274414, 41.185184478759766
38.12963104248047, 39.14814758300781
40.37036895751953, 37.314815521240234
38.333335876464844, 37.11111068725586
34.46296310424805, 36.703704833984375
38.333335876464844, 37.11111068725586
34.25925827026367, 33.64814758300781
35.481483459472656, 40.37036895751953
36.5, 35.481483459472656
34.66666793823242, 35.88888931274414
36.5, 35.481483459472656
34.66666793823242, 35.88888931274414
34.25925827026367, 32.22222137451172
32.83333206176758, 33.44444274902344
34.25925827026367, 32.22222137451172
32.83333206176758, 33.44444274902344
36.09259033203125, 34.25925827026367
