actor_1,actor_2
59.314815521240234, 60.12963104248047
56.25925827026367, 53.61111068725586
58.907405853271484, 55.44444274902344
55.03703689575195, 54.62963104248047
56.25925827026367, 58.092594146728516
53.814815521240234, 55.44444274902344
56.66666793823242, 56.46296310424805
53.814815521240234, 55.44444274902344
56.05555725097656, 59.51852035522461
54.83333206176758, 53.0
55.03703689575195, 59.314815521240234
53.407405853271484, 54.425926208496094
52.38888931274414, 43.22222137451172
54.425926208496094, 53.0
55.44444274902344, 57.48147964477539
54.425926208496094, 53.0
55.44444274902344, 57.48147964477539
54.01852035522461, 54.01852035522461
55.44444274902344, 57.48147964477539
53.203704833984375, 55.24074172973633
52.796295166015625, 45.25926208496094
53.407405853271484, 55.03703689575195
51.166664123535156, 45.87036895751953
47.703704833984375, 46.685184478759766
45.87036895751953, 41.185184478759766
48.925926208496094, 46.481483459472656
44.03703689575195, 44.03703689575195
42.61111068725586, 49.53703689575195
44.24073791503906, 43.62963104248047
37.314815521240234, 41.38888931274414
44.24073791503906, 43.62963104248047
39.55555725097656, 40.981483459472656
