actor_1,actor_2
55.64814758300781, 58.703704833984375
57.074073791503906, 56.25925827026367
55.64814758300781, 54.425926208496094
54.62963104248047, 51.77777862548828
53.203704833984375, 55.44444274902344
51.77777862548828, 54.62963104248047
53.203704833984375, 56.05555725097656
54.425926208496094, 54.01852035522461
53.814815521240234, 56.87036895751953
54.425926208496094, 54.01852035522461
54.425926208496094, 56.87036895751953
54.425926208496094, 54.01852035522461
55.44444274902344, 56.46296310424805
55.85185241699219, 53.814815521240234
55.44444274902344, 56.46296310424805
55.85185241699219, 53.814815521240234
55.44444274902344, 55.24074172973633
54.425926208496094, 55.85185241699219
53.407405853271484, 50.35185241699219
51.37036895751953, 49.74073791503906
49.333335876464844, 49.94444274902344
49.74073791503906, 49.94444274902344
51.574073791503906, 50.35185241699219
44.64814758300781, 42.61111068725586
42.814815521240234, 43.018516540527344
44.64814758300781, 42.61111068725586
42.814815521240234, 43.018516540527344
44.64814758300781, 42.61111068725586
