actor_1,actor_2
54.83333206176758, 56.66666793823242
59.925926208496094, 55.24074172973633
52.592594146728516, 53.407405853271484
59.51852035522461, 55.44444274902344
52.592594146728516, 50.35185241699219
53.61111068725586, 52.185184478759766
52.185184478759766, 55.64814758300781
50.75926208496094, 51.981483459472656
53.814815521240234, 57.074073791503906
55.64814758300781, 56.25925827026367
50.96296310424805, 45.46296310424805
57.27777862548828, 55.64814758300781
56.05555725097656, 56.05555725097656
52.185184478759766, 54.62963104248047
53.407405853271484, 55.64814758300781
54.62963104248047, 56.46296310424805
50.75926208496094, 45.46296310424805
56.66666793823242, 56.05555725097656
55.85185241699219, 55.85185241699219
51.574073791503906, 52.796295166015625
53.0, 54.83333206176758
53.814815521240234, 56.87036895751953
50.55555725097656, 47.90740966796875
53.814815521240234, 56.87036895751953
44.03703689575195, 45.05555725097656
40.77777862548828, 39.35185241699219
45.666664123535156, 45.666664123535156
46.27777862548828, 46.481483459472656
43.833335876464844, 42.0
44.03703689575195, 44.85185241699219
43.833335876464844, 42.0
37.11111068725586, 35.88888931274414
41.38888931274414, 37.72222137451172
39.14814758300781, 35.685184478759766
37.925926208496094, 34.66666793823242
37.11111068725586, 40.574073791503906
41.185184478759766, 40.981483459472656
34.87036895751953, 37.72222137451172
41.185184478759766, 40.981483459472656
34.25925827026367, 34.05555725097656
37.314815521240234, 40.166664123535156
37.314815521240234, 40.166664123535156
