actor_1,actor_2
49.74073791503906, 50.96296310424805
49.94444274902344, 47.09259033203125
49.53703689575195, 50.14814758300781
50.55555725097656, 47.09259033203125
45.05555725097656, 47.703704833984375
47.703704833984375, 47.5
45.05555725097656, 47.703704833984375
47.703704833984375, 47.5
43.22222137451172, 47.09259033203125
47.703704833984375, 47.5
43.22222137451172, 47.09259033203125
46.481483459472656, 49.12963104248047
48.518516540527344, 49.333335876464844
48.314815521240234, 48.925926208496094
44.24073791503906, 45.05555725097656
46.074073791503906, 44.85185241699219
45.25926208496094, 44.24073791503906
43.425926208496094, 44.24073791503906
41.796295166015625, 42.0
41.796295166015625, 42.0
41.796295166015625, 42.0
