actor_1,actor_2
59.11111068725586, 53.407405853271484
58.907405853271484, 56.66666793823242
52.185184478759766, 53.203704833984375
50.96296310424805, 50.14814758300781
52.38888931274414, 50.96296310424805
46.88888931274414, 47.296295166015625
49.74073791503906, 48.518516540527344
43.425926208496094, 43.62963104248047
40.37036895751953, 38.74073791503906
39.35185241699219, 39.55555725097656
40.37036895751953, 38.74073791503906
39.35185241699219, 39.55555725097656
40.37036895751953, 38.74073791503906
