actor_1,actor_2
30.796295166015625, 36.90740966796875
38.333335876464844, 31.0
29.574073791503906, 37.314815521240234
38.12963104248047, 31.407407760620117
30.592592239379883, 42.40740966796875
45.46296310424805, 32.62963104248047
30.592592239379883, 42.40740966796875
45.46296310424805, 32.62963104248047
31.814815521240234, 40.77777862548828
45.46296310424805, 32.62963104248047
31.814815521240234, 40.77777862548828
42.203704833984375, 32.22222137451172
34.66666793823242, 38.94444274902344
42.0, 31.407407760620117
36.5, 36.703704833984375
44.44444274902344, 30.38888931274414
36.5, 36.703704833984375
38.74073791503906, 29.37036895751953
32.018516540527344, 35.27777862548828
39.14814758300781, 30.185184478759766
32.018516540527344, 35.27777862548828
33.44444274902344, 29.77777862548828
32.018516540527344, 35.27777862548828
33.44444274902344, 29.77777862548828
29.37036895751953, 30.38888931274414
33.44444274902344, 29.77777862548828
29.37036895751953, 30.38888931274414
28.759258270263672, 27.740741729736328
29.37036895751953, 30.38888931274414
28.759258270263672, 27.740741729736328
27.537036895751953, 31.203704833984375
28.351852416992188, 27.537036895751953
24.27777862548828, 28.962963104248047
26.314815521240234, 25.703704833984375
25.296295166015625, 28.351852416992188
26.314815521240234, 25.703704833984375
25.296295166015625, 28.351852416992188
26.314815521240234, 24.88888931274414
25.907407760620117, 26.925926208496094
26.72222137451172, 25.092592239379883
24.074073791503906, 26.11111068725586
26.11111068725586, 24.481481552124023
24.481481552124023, 25.5
26.11111068725586, 24.481481552124023
24.481481552124023, 24.88888931274414
26.11111068725586, 24.481481552124023
24.27777862548828, 24.27777862548828
24.685184478759766, 25.296295166015625
24.27777862548828, 24.27777862548828
24.481481552124023, 24.074073791503906
23.870370864868164, 26.72222137451172
24.074073791503906, 23.66666603088379
24.074073791503906, 26.11111068725586
24.074073791503906, 23.05555534362793
23.259258270263672, 25.5
24.074073791503906, 23.870370864868164
22.648147583007812, 25.296295166015625
23.66666603088379, 23.05555534362793
21.629629135131836, 24.481481552124023
23.66666603088379, 23.05555534362793
22.240741729736328, 24.27777862548828
23.66666603088379, 23.05555534362793
22.648147583007812, 24.074073791503906
23.66666603088379, 23.05555534362793
22.44444465637207, 23.462963104248047
