actor_1,actor_2
53.814815521240234, 52.592594146728516
51.981483459472656, 55.24074172973633
48.518516540527344, 51.37036895751953
56.46296310424805, 49.53703689575195
48.518516540527344, 51.77777862548828
51.981483459472656, 50.75926208496094
51.574073791503906, 55.85185241699219
51.981483459472656, 50.75926208496094
51.574073791503906, 55.85185241699219
51.981483459472656, 50.75926208496094
51.574073791503906, 55.85185241699219
51.981483459472656, 50.75926208496094
52.796295166015625, 54.83333206176758
51.981483459472656, 50.75926208496094
52.796295166015625, 54.83333206176758
51.981483459472656, 50.75926208496094
52.796295166015625, 54.83333206176758
51.981483459472656, 50.75926208496094
52.796295166015625, 54.83333206176758
51.981483459472656, 50.75926208496094
52.796295166015625, 54.83333206176758
50.75926208496094, 50.35185241699219
46.481483459472656, 47.296295166015625
45.25926208496094, 46.27777862548828
48.72222137451172, 39.75926208496094
45.05555725097656, 46.074073791503906
50.14814758300781, 40.166664123535156
49.12963104248047, 43.22222137451172
47.90740966796875, 45.87036895751953
45.25926208496094, 51.37036895751953
47.09259033203125, 46.27777862548828
45.666664123535156, 50.35185241699219
46.481483459472656, 47.296295166015625
45.25926208496094, 46.27777862548828
48.72222137451172, 39.75926208496094
45.25926208496094, 46.27777862548828
48.72222137451172, 39.75926208496094
39.35185241699219, 37.925926208496094
39.55555725097656, 36.09259033203125
37.518516540527344, 38.333335876464844
39.14814758300781, 37.518516540527344
37.11111068725586, 38.333335876464844
43.62963104248047, 44.44444274902344
44.03703689575195, 44.44444274902344
37.518516540527344, 35.685184478759766
38.12963104248047, 39.35185241699219
38.53703689575195, 37.518516540527344
38.333335876464844, 38.333335876464844
37.314815521240234, 35.27777862548828
37.11111068725586, 38.333335876464844
35.685184478759766, 35.074073791503906
35.074073791503906, 36.09259033203125
35.074073791503906, 35.074073791503906
34.46296310424805, 36.09259033203125
34.05555725097656, 33.24074172973633
34.46296310424805, 36.09259033203125
34.05555725097656, 33.24074172973633
30.796295166015625, 32.62963104248047
31.814815521240234, 31.407407760620117
30.796295166015625, 32.62963104248047
31.814815521240234, 31.407407760620117
30.796295166015625, 32.62963104248047
31.814815521240234, 31.407407760620117
