actor_1,actor_2
49.53703689575195, 50.75926208496094
57.685184478759766, 50.35185241699219
48.72222137451172, 49.94444274902344
57.48147964477539, 50.35185241699219
49.74073791503906, 50.14814758300781
57.48147964477539, 50.35185241699219
49.74073791503906, 50.14814758300781
57.48147964477539, 50.35185241699219
50.55555725097656, 48.925926208496094
48.72222137451172, 53.203704833984375
48.72222137451172, 49.94444274902344
55.24074172973633, 50.14814758300781
53.203704833984375, 55.24074172973633
55.24074172973633, 50.14814758300781
53.203704833984375, 55.24074172973633
54.425926208496094, 50.14814758300781
53.203704833984375, 55.24074172973633
54.425926208496094, 50.14814758300781
54.22222137451172, 54.62963104248047
54.425926208496094, 50.14814758300781
54.22222137451172, 54.62963104248047
49.94444274902344, 46.27777862548828
49.94444274902344, 49.74073791503906
46.27777862548828, 49.12963104248047
45.87036895751953, 47.90740966796875
51.166664123535156, 46.481483459472656
47.5, 49.12963104248047
51.166664123535156, 46.481483459472656
47.5, 49.12963104248047
51.166664123535156, 46.481483459472656
47.5, 49.12963104248047
51.166664123535156, 46.481483459472656
47.5, 49.12963104248047
51.166664123535156, 46.481483459472656
47.5, 49.12963104248047
50.55555725097656, 47.09259033203125
47.5, 49.12963104248047
50.55555725097656, 47.09259033203125
47.5, 49.12963104248047
50.55555725097656, 47.09259033203125
45.87036895751953, 47.90740966796875
50.55555725097656, 47.09259033203125
45.87036895751953, 47.90740966796875
50.55555725097656, 47.09259033203125
44.85185241699219, 45.25926208496094
50.55555725097656, 47.09259033203125
38.74073791503906, 37.925926208496094
37.925926208496094, 35.88888931274414
39.55555725097656, 41.38888931274414
40.574073791503906, 43.425926208496094
41.796295166015625, 40.166664123535156
39.75926208496094, 40.166664123535156
40.77777862548828, 38.333335876464844
39.75926208496094, 40.166664123535156
40.77777862548828, 38.333335876464844
39.75926208496094, 40.166664123535156
38.53703689575195, 31.814815521240234
37.314815521240234, 33.64814758300781
35.685184478759766, 32.425926208496094
32.83333206176758, 32.62963104248047
