actor_1,actor_2
58.296295166015625, 55.03703689575195
56.66666793823242, 56.87036895751953
55.44444274902344, 55.03703689575195
54.425926208496094, 54.22222137451172
57.27777862548828, 61.55555725097656
60.94444274902344, 58.703704833984375
57.27777862548828, 61.55555725097656
62.16666793823242, 59.51852035522461
57.074073791503906, 60.94444274902344
62.16666793823242, 59.51852035522461
50.14814758300781, 55.24074172973633
47.5, 50.14814758300781
48.925926208496094, 51.166664123535156
51.166664123535156, 50.35185241699219
48.925926208496094, 49.53703689575195
49.53703689575195, 49.333335876464844
47.09259033203125, 47.296295166015625
48.314815521240234, 48.925926208496094
52.38888931274414, 50.75926208496094
50.35185241699219, 49.94444274902344
52.38888931274414, 54.01852035522461
46.27777862548828, 46.074073791503906
52.38888931274414, 54.01852035522461
46.27777862548828, 46.074073791503906
