actor_1,actor_2
54.01852035522461, 54.22222137451172
59.72222137451172, 48.518516540527344
53.61111068725586, 53.0
46.88888931274414, 51.574073791503906
53.61111068725586, 53.0
48.11111068725586, 53.0
53.61111068725586, 53.0
49.12963104248047, 52.185184478759766
52.592594146728516, 57.27777862548828
58.5, 47.703704833984375
52.592594146728516, 55.44444274902344
58.5, 47.703704833984375
51.981483459472656, 54.62963104248047
55.64814758300781, 50.14814758300781
51.981483459472656, 54.62963104248047
55.64814758300781, 50.14814758300781
49.53703689575195, 53.61111068725586
55.64814758300781, 50.14814758300781
49.53703689575195, 53.61111068725586
54.83333206176758, 51.981483459472656
49.53703689575195, 53.61111068725586
54.83333206176758, 51.981483459472656
48.72222137451172, 50.35185241699219
51.981483459472656, 51.37036895751953
48.72222137451172, 50.35185241699219
48.925926208496094, 47.5
43.22222137451172, 44.64814758300781
47.703704833984375, 46.27777862548828
37.518516540527344, 39.96296310424805
42.61111068725586, 40.166664123535156
37.518516540527344, 39.96296310424805
42.61111068725586, 40.166664123535156
37.518516540527344, 39.96296310424805
38.12963104248047, 34.25925827026367
35.685184478759766, 34.46296310424805
33.64814758300781, 36.90740966796875
35.685184478759766, 34.46296310424805
33.64814758300781, 36.90740966796875
35.685184478759766, 34.46296310424805
33.64814758300781, 36.90740966796875
