actor_1,actor_2
53.407405853271484, 55.44444274902344
60.53703689575195, 48.314815521240234
52.38888931274414, 54.01852035522461
60.33333206176758, 50.55555725097656
52.592594146728516, 52.185184478759766
50.55555725097656, 58.5
52.38888931274414, 54.01852035522461
60.33333206176758, 50.55555725097656
52.38888931274414, 54.01852035522461
58.092594146728516, 51.981483459472656
55.24074172973633, 59.11111068725586
58.092594146728516, 51.981483459472656
56.25925827026367, 57.27777862548828
58.092594146728516, 51.981483459472656
56.25925827026367, 57.27777862548828
58.092594146728516, 51.981483459472656
53.61111068725586, 54.22222137451172
58.5, 51.37036895751953
53.61111068725586, 54.22222137451172
58.5, 51.37036895751953
53.61111068725586, 54.22222137451172
53.203704833984375, 48.518516540527344
48.72222137451172, 48.314815521240234
43.62963104248047, 54.62963104248047
47.703704833984375, 49.94444274902344
52.592594146728516, 48.925926208496094
47.703704833984375, 49.94444274902344
50.75926208496094, 50.14814758300781
47.703704833984375, 49.94444274902344
50.75926208496094, 50.14814758300781
47.703704833984375, 49.94444274902344
50.75926208496094, 50.14814758300781
47.703704833984375, 49.94444274902344
50.75926208496094, 50.14814758300781
46.27777862548828, 51.166664123535156
50.75926208496094, 50.14814758300781
46.27777862548828, 51.166664123535156
47.703704833984375, 47.296295166015625
46.27777862548828, 51.166664123535156
47.703704833984375, 47.296295166015625
44.24073791503906, 50.35185241699219
47.703704833984375, 47.296295166015625
41.796295166015625, 49.12963104248047
45.25926208496094, 46.481483459472656
50.55555725097656, 37.72222137451172
38.53703689575195, 37.11111068725586
35.685184478759766, 40.574073791503906
38.53703689575195, 37.11111068725586
34.05555725097656, 38.333335876464844
38.74073791503906, 36.90740966796875
34.05555725097656, 38.333335876464844
38.12963104248047, 35.481483459472656
32.83333206176758, 37.518516540527344
38.12963104248047, 35.481483459472656
32.83333206176758, 37.518516540527344
36.5, 35.481483459472656
32.83333206176758, 37.518516540527344
36.5, 35.481483459472656
31.203704833984375, 33.85185241699219
33.24074172973633, 32.425926208496094
31.203704833984375, 33.85185241699219
31.61111068725586, 31.61111068725586
31.203704833984375, 33.85185241699219
31.61111068725586, 31.61111068725586
31.203704833984375, 33.85185241699219
31.61111068725586, 31.61111068725586
