actor_1,actor_2
55.24074172973633, 57.48147964477539
57.88888931274414, 48.518516540527344
52.185184478759766, 53.61111068725586
57.48147964477539, 45.87036895751953
51.166664123535156, 51.981483459472656
56.46296310424805, 45.666664123535156
51.166664123535156, 51.981483459472656
56.46296310424805, 45.666664123535156
52.38888931274414, 48.72222137451172
51.574073791503906, 55.85185241699219
52.185184478759766, 53.61111068725586
56.25925827026367, 46.27777862548828
54.01852035522461, 54.83333206176758
56.25925827026367, 46.27777862548828
54.01852035522461, 54.83333206176758
55.24074172973633, 45.666664123535156
54.01852035522461, 54.83333206176758
55.24074172973633, 45.666664123535156
55.64814758300781, 52.185184478759766
51.574073791503906, 55.85185241699219
54.62963104248047, 56.46296310424805
56.25925827026367, 46.27777862548828
53.61111068725586, 55.24074172973633
56.25925827026367, 46.27777862548828
49.12963104248047, 48.11111068725586
43.22222137451172, 48.518516540527344
53.61111068725586, 55.24074172973633
56.25925827026367, 46.27777862548828
49.12963104248047, 48.11111068725586
43.22222137451172, 48.518516540527344
52.38888931274414, 54.83333206176758
50.55555725097656, 41.796295166015625
45.05555725097656, 44.44444274902344
41.796295166015625, 46.481483459472656
45.05555725097656, 44.44444274902344
38.74073791503906, 43.62963104248047
46.88888931274414, 50.14814758300781
50.14814758300781, 44.03703689575195
41.185184478759766, 45.25926208496094
46.88888931274414, 41.185184478759766
41.185184478759766, 45.25926208496094
45.46296310424805, 41.38888931274414
38.94444274902344, 41.38888931274414
43.833335876464844, 40.37036895751953
38.94444274902344, 41.38888931274414
40.166664123535156, 36.90740966796875
36.703704833984375, 37.925926208496094
37.314815521240234, 34.46296310424805
36.703704833984375, 37.925926208496094
36.5, 34.87036895751953
36.703704833984375, 37.925926208496094
34.25925827026367, 33.03703689575195
36.703704833984375, 37.925926208496094
34.25925827026367, 33.03703689575195
36.703704833984375, 37.925926208496094
