actor_1,actor_2
56.25925827026367, 53.61111068725586
57.48147964477539, 54.62963104248047
54.83333206176758, 59.72222137451172
55.85185241699219, 52.592594146728516
54.425926208496094, 56.87036895751953
53.203704833984375, 55.44444274902344
58.703704833984375, 50.14814758300781
53.203704833984375, 55.44444274902344
58.907405853271484, 48.72222137451172
53.203704833984375, 55.44444274902344
57.48147964477539, 49.74073791503906
53.203704833984375, 55.44444274902344
51.77777862548828, 40.981483459472656
48.314815521240234, 46.481483459472656
46.481483459472656, 46.27777862548828
39.55555725097656, 43.22222137451172
46.685184478759766, 44.85185241699219
