actor_1,actor_2
60.12963104248047, 56.66666793823242
57.074073791503906, 60.53703689575195
56.46296310424805, 55.24074172973633
54.01852035522461, 52.38888931274414
50.96296310424805, 54.01852035522461
52.185184478759766, 53.814815521240234
56.05555725097656, 54.83333206176758
48.925926208496094, 53.814815521240234
53.0, 51.574073791503906
48.925926208496094, 53.814815521240234
53.0, 51.574073791503906
48.925926208496094, 53.814815521240234
51.77777862548828, 50.96296310424805
48.925926208496094, 53.814815521240234
48.518516540527344, 42.61111068725586
45.87036895751953, 45.87036895751953
45.05555725097656, 43.62963104248047
37.72222137451172, 40.981483459472656
43.833335876464844, 44.03703689575195
44.24073791503906, 44.44444274902344
