actor_1,actor_2
51.77777862548828, 54.01852035522461
57.48147964477539, 46.88888931274414
51.166664123535156, 50.75926208496094
46.88888931274414, 48.11111068725586
51.166664123535156, 50.75926208496094
47.09259033203125, 54.425926208496094
47.09259033203125, 47.703704833984375
53.407405853271484, 46.27777862548828
55.44444274902344, 57.48147964477539
53.814815521240234, 47.90740966796875
54.22222137451172, 56.46296310424805
56.87036895751953, 52.38888931274414
54.22222137451172, 56.46296310424805
56.87036895751953, 52.38888931274414
54.22222137451172, 56.46296310424805
53.814815521240234, 53.61111068725586
54.22222137451172, 56.46296310424805
53.814815521240234, 53.61111068725586
54.22222137451172, 56.46296310424805
51.574073791503906, 48.72222137451172
51.981483459472656, 50.14814758300781
44.24073791503906, 51.166664123535156
48.925926208496094, 49.12963104248047
48.72222137451172, 48.518516540527344
48.925926208496094, 49.12963104248047
48.72222137451172, 48.518516540527344
45.05555725097656, 44.44444274902344
41.796295166015625, 44.24073791503906
43.62963104248047, 39.55555725097656
41.796295166015625, 44.24073791503906
40.981483459472656, 37.11111068725586
41.796295166015625, 44.24073791503906
38.53703689575195, 34.25925827026367
37.314815521240234, 39.14814758300781
38.53703689575195, 34.25925827026367
37.314815521240234, 39.14814758300781
38.53703689575195, 34.25925827026367
37.314815521240234, 39.14814758300781
38.53703689575195, 34.25925827026367
