{"score": 243.5, "_timestamp": 1708995055.5940695, "_runtime": 134.266042470932, "_step": 0, "_wandb": {"runtime": 133}}