{"score": 9.34145, "_timestamp": 1707321013.0950146, "_runtime": 385.31377363204956, "_step": 0, "_wandb": {"runtime": 384}}