actor_1,actor_2
20.753137588500977, 20.65899658203125
20.65899658203125, 20.56485366821289
20.65899658203125, 20.65899658203125
20.56485366821289, 20.753137588500977
20.753137588500977, 20.56485366821289
20.65899658203125, 20.65899658203125
20.65899658203125, 20.65899658203125
20.847280502319336, 20.47071075439453
20.847280502319336, 20.47071075439453
