actor_1,actor_2
21.12970733642578, 20.941423416137695
21.12970733642578, 20.753137588500977
21.12970733642578, 20.847280502319336
21.12970733642578, 20.847280502319336
21.22385025024414, 20.753137588500977
21.22385025024414, 20.65899658203125
21.317991256713867, 20.65899658203125
21.22385025024414, 20.753137588500977
