actor_1,actor_2
41.46443557739258, 41.65271759033203
42.02928924560547, 40.05229949951172
41.46443557739258, 41.65271759033203
42.02928924560547, 40.05229949951172
41.46443557739258, 41.65271759033203
42.02928924560547, 40.05229949951172
41.1820068359375, 41.65271759033203
41.746864318847656, 39.769874572753906
41.1820068359375, 41.65271759033203
41.746864318847656, 39.769874572753906
41.087867736816406, 41.087867736816406
39.769874572753906, 40.71129608154297
41.46443557739258, 41.65271759033203
40.99372100830078, 39.110877990722656
40.24058532714844, 41.1820068359375
40.99372100830078, 39.110877990722656
39.39330291748047, 40.05229949951172
41.1820068359375, 38.92259216308594
39.39330291748047, 40.05229949951172
40.24058532714844, 39.39330291748047
40.3347282409668, 40.05229949951172
39.58158874511719, 40.428871154785156
39.205020904541016, 39.864017486572266
40.05229949951172, 39.39330291748047
39.205020904541016, 39.864017486572266
40.05229949951172, 39.39330291748047
39.205020904541016, 39.864017486572266
40.05229949951172, 39.39330291748047
39.39330291748047, 40.05229949951172
40.05229949951172, 39.39330291748047
39.39330291748047, 40.05229949951172
40.05229949951172, 39.39330291748047
39.39330291748047, 40.05229949951172
40.05229949951172, 39.39330291748047
39.39330291748047, 40.05229949951172
34.87447738647461, 35.91004180908203
36.851463317871094, 31.391212463378906
35.53347396850586, 35.72175598144531
36.851463317871094, 31.485355377197266
35.53347396850586, 35.72175598144531
36.192466735839844, 30.63807487487793
35.06275939941406, 33.93305206298828
36.94560623168945, 34.87447738647461
36.28661346435547, 37.69874572753906
36.94560623168945, 34.87447738647461
36.28661346435547, 37.69874572753906
36.663177490234375, 35.25104522705078
36.09832763671875, 36.38075256347656
35.81589889526367, 35.62761688232422
35.81589889526367, 35.62761688232422
34.87447738647461, 36.28661346435547
34.59204864501953, 34.21548080444336
33.93305206298828, 34.68619155883789
34.59204864501953, 34.21548080444336
33.2740592956543, 32.52091979980469
29.602510452270508, 32.144351959228516
35.81589889526367, 35.91004180908203
32.99163055419922, 32.144351959228516
32.803348541259766, 32.42677688598633
29.50836944580078, 32.61506271362305
31.391212463378906, 33.08577346801758
34.30962371826172, 33.55648422241211
32.803348541259766, 34.30962371826172
