actor_1,actor_2
39.958160400390625, 39.299163818359375
40.24058532714844, 40.24058532714844
39.58158874511719, 40.52301025390625
40.24058532714844, 40.80543899536133
39.205020904541016, 39.299163818359375
38.734310150146484, 39.01673889160156
38.451881408691406, 38.26359558105469
38.451881408691406, 39.487449645996094
38.451881408691406, 38.26359558105469
39.299163818359375, 39.205020904541016
40.71129608154297, 39.67573165893555
40.24058532714844, 40.24058532714844
39.58158874511719, 40.52301025390625
40.24058532714844, 40.80543899536133
39.01673889160156, 39.487449645996094
37.510459899902344, 38.35774230957031
37.322174072265625, 37.22803497314453
38.169456481933594, 39.39330291748047
39.110877990722656, 38.451881408691406
38.169456481933594, 39.110877990722656
39.01673889160156, 38.451881408691406
38.169456481933594, 39.110877990722656
39.01673889160156, 38.451881408691406
37.69874572753906, 38.92259216308594
39.01673889160156, 38.451881408691406
38.451881408691406, 38.92259216308594
37.88703155517578, 38.169456481933594
37.69874572753906, 36.663177490234375
37.6046028137207, 37.792884826660156
37.13389205932617, 36.56903839111328
36.75732421875, 37.981170654296875
37.03974914550781, 36.94560623168945
36.94560623168945, 37.6046028137207
37.41632080078125, 36.56903839111328
36.56903839111328, 37.322174072265625
35.62761688232422, 35.34518814086914
36.663177490234375, 35.91004180908203
35.25104522705078, 36.00418472290039
36.192466735839844, 35.91004180908203
35.25104522705078, 36.00418472290039
36.00418472290039, 36.75732421875
35.62761688232422, 35.72175598144531
34.87447738647461, 35.72175598144531
33.08577346801758, 35.4393310546875
33.08577346801758, 35.4393310546875
33.08577346801758, 35.4393310546875
