actor_1,actor_2
39.67573165893555, 42.40585708618164
42.02928924560547, 37.6046028137207
39.67573165893555, 42.40585708618164
42.02928924560547, 37.6046028137207
39.67573165893555, 42.40585708618164
42.02928924560547, 37.6046028137207
41.087867736816406, 43.53556442260742
42.12342834472656, 38.075313568115234
41.087867736816406, 43.53556442260742
42.12342834472656, 38.075313568115234
40.05229949951172, 40.99372100830078
41.46443557739258, 36.38075256347656
40.89958190917969, 39.58158874511719
36.09832763671875, 40.05229949951172
39.205020904541016, 40.99372100830078
40.146446228027344, 35.81589889526367
39.205020904541016, 40.99372100830078
40.617156982421875, 36.192466735839844
40.05229949951172, 40.99372100830078
40.617156982421875, 36.192466735839844
39.67573165893555, 39.39330291748047
36.09832763671875, 40.05229949951172
37.6046028137207, 37.981170654296875
38.546024322509766, 35.72175598144531
38.734310150146484, 39.205020904541016
38.546024322509766, 35.72175598144531
38.734310150146484, 39.205020904541016
38.546024322509766, 35.72175598144531
38.734310150146484, 39.205020904541016
38.828453063964844, 36.00418472290039
38.734310150146484, 39.205020904541016
38.828453063964844, 36.00418472290039
39.67573165893555, 39.39330291748047
35.4393310546875, 38.546024322509766
37.6046028137207, 37.981170654296875
38.546024322509766, 35.72175598144531
37.6046028137207, 37.981170654296875
38.546024322509766, 35.72175598144531
34.78033447265625, 34.30962371826172
32.52091979980469, 34.027198791503906
34.87447738647461, 35.62761688232422
35.15690612792969, 33.93305206298828
32.803348541259766, 32.52091979980469
31.014644622802734, 32.050209045410156
32.897491455078125, 31.86192512512207
31.014644622802734, 32.050209045410156
31.76778221130371, 31.29707145690918
30.1673641204834, 31.485355377197266
31.76778221130371, 31.29707145690918
30.1673641204834, 31.485355377197266
30.63807487487793, 29.696651458740234
30.1673641204834, 31.485355377197266
27.71966552734375, 26.025104522705078
28.661087036132812, 27.62552261352539
27.0606689453125, 27.15481185913086
28.661087036132812, 27.62552261352539
27.0606689453125, 27.15481185913086
28.661087036132812, 27.62552261352539
