actor_1,actor_2
43.62970733642578, 42.21757507324219
41.37029266357422, 42.40585708618164
42.97071075439453, 43.06485366821289
43.253135681152344, 40.80543899536133
43.62970733642578, 42.21757507324219
41.37029266357422, 42.40585708618164
42.97071075439453, 43.06485366821289
41.93514633178711, 40.428871154785156
42.31171417236328, 41.746864318847656
40.71129608154297, 42.21757507324219
42.31171417236328, 41.746864318847656
40.71129608154297, 42.21757507324219
42.31171417236328, 41.746864318847656
40.24058532714844, 40.3347282409668
41.37029266357422, 39.110877990722656
40.24058532714844, 40.3347282409668
41.37029266357422, 39.110877990722656
40.24058532714844, 40.3347282409668
39.769874572753906, 38.451881408691406
40.24058532714844, 40.3347282409668
37.981170654296875, 35.4393310546875
38.169456481933594, 37.6046028137207
37.510459899902344, 37.792884826660156
36.94560623168945, 36.192466735839844
36.663177490234375, 36.663177490234375
