actor_1,actor_2
22.541841506958008, 23.389122009277344
22.91840934753418, 23.67154884338379
23.01255226135254, 24.04811668395996
23.1066951751709, 23.765689849853516
23.200836181640625, 23.953975677490234
23.1066951751709, 23.953975677490234
23.57740592956543, 23.57740592956543
23.48326301574707, 23.57740592956543
23.48326301574707, 23.57740592956543
23.48326301574707, 23.57740592956543
