actor_1,actor_2
41.746864318847656, 41.27614974975586
40.05229949951172, 40.80543899536133
41.27614974975586, 40.71129608154297
39.864017486572266, 39.39330291748047
39.299163818359375, 39.864017486572266
39.864017486572266, 39.39330291748047
37.792884826660156, 37.6046028137207
33.17991638183594, 34.121337890625
36.38075256347656, 36.09832763671875
32.238494873046875, 32.61506271362305
34.78033447265625, 33.83891296386719
32.238494873046875, 32.61506271362305
33.83891296386719, 33.55648422241211
30.355648040771484, 29.414226531982422
