actor_1,actor_2
41.55857849121094, 41.087867736816406
40.24058532714844, 42.68828582763672
40.89958190917969, 40.99372100830078
41.746864318847656, 40.99372100830078
41.55857849121094, 41.087867736816406
40.24058532714844, 42.68828582763672
40.89958190917969, 40.99372100830078
40.52301025390625, 40.80543899536133
41.27614974975586, 38.92259216308594
40.99372100830078, 40.80543899536133
41.37029266357422, 40.80543899536133
40.24058532714844, 42.68828582763672
40.89958190917969, 40.428871154785156
39.769874572753906, 41.84100341796875
40.89958190917969, 40.428871154785156
39.769874572753906, 41.84100341796875
39.58158874511719, 40.24058532714844
39.769874572753906, 39.110877990722656
38.546024322509766, 39.01673889160156
39.769874572753906, 39.110877990722656
38.546024322509766, 39.01673889160156
39.487449645996094, 39.487449645996094
37.510459899902344, 38.26359558105469
38.169456481933594, 38.35774230957031
38.451881408691406, 36.851463317871094
35.91004180908203, 36.75732421875
37.69874572753906, 36.94560623168945
37.88703155517578, 37.69874572753906
35.25104522705078, 35.62761688232422
37.6046028137207, 37.03974914550781
35.25104522705078, 35.62761688232422
37.6046028137207, 37.03974914550781
35.25104522705078, 35.62761688232422
36.09832763671875, 36.09832763671875
37.03974914550781, 37.6046028137207
33.83891296386719, 32.52091979980469
34.68619155883789, 34.87447738647461
33.83891296386719, 32.52091979980469
32.61506271362305, 31.485355377197266
32.42677688598633, 31.76778221130371
32.144351959228516, 34.49790954589844
34.68619155883789, 35.62761688232422
