actor_1,actor_2
42.12342834472656, 42.02928924560547
40.89958190917969, 42.12342834472656
41.087867736816406, 42.02928924560547
42.97071075439453, 41.746864318847656
42.12342834472656, 42.02928924560547
40.89958190917969, 42.12342834472656
41.087867736816406, 42.02928924560547
42.02928924560547, 41.27614974975586
40.99372100830078, 41.65271759033203
42.02928924560547, 41.27614974975586
40.99372100830078, 41.65271759033203
42.02928924560547, 41.27614974975586
40.99372100830078, 41.65271759033203
42.02928924560547, 41.27614974975586
40.99372100830078, 41.65271759033203
42.02928924560547, 41.27614974975586
38.640167236328125, 39.864017486572266
39.958160400390625, 40.146446228027344
40.71129608154297, 39.110877990722656
41.087867736816406, 40.146446228027344
40.05229949951172, 40.52301025390625
41.087867736816406, 40.146446228027344
40.05229949951172, 40.52301025390625
39.958160400390625, 40.146446228027344
40.89958190917969, 39.110877990722656
40.24058532714844, 39.958160400390625
39.299163818359375, 39.487449645996094
40.24058532714844, 39.958160400390625
39.299163818359375, 39.487449645996094
39.01673889160156, 39.958160400390625
36.47489547729492, 35.53347396850586
34.96862030029297, 34.87447738647461
36.192466735839844, 35.81589889526367
34.87447738647461, 35.53347396850586
35.34518814086914, 34.87447738647461
34.87447738647461, 35.53347396850586
34.121337890625, 32.99163055419922
34.49790954589844, 33.83891296386719
32.33263397216797, 32.803348541259766
34.40376663208008, 34.027198791503906
32.709205627441406, 32.61506271362305
31.579498291015625, 31.391212463378906
30.449790954589844, 29.696651458740234
