actor_1,actor_2
45.135982513427734, 43.912132263183594
43.72385025024414, 44.382843017578125
43.53556442260742, 43.44142150878906
42.12342834472656, 44.00627899169922
43.53556442260742, 43.44142150878906
42.12342834472656, 44.00627899169922
42.59414291381836, 42.59414291381836
42.12342834472656, 44.00627899169922
40.80543899536133, 40.71129608154297
40.617156982421875, 42.12342834472656
40.80543899536133, 40.71129608154297
40.617156982421875, 42.12342834472656
40.71129608154297, 40.428871154785156
40.617156982421875, 42.12342834472656
39.58158874511719, 39.39330291748047
39.299163818359375, 41.1820068359375
35.81589889526367, 35.53347396850586
35.34518814086914, 37.13389205932617
35.25104522705078, 34.21548080444336
35.34518814086914, 37.13389205932617
35.25104522705078, 34.21548080444336
35.34518814086914, 37.13389205932617
35.25104522705078, 36.192466735839844
34.21548080444336, 34.21548080444336
35.25104522705078, 36.192466735839844
