actor_1,actor_2
44.10041809082031, 43.8179931640625
41.65271759033203, 42.59414291381836
43.15899658203125, 42.87657165527344
40.52301025390625, 41.65271759033203
43.15899658203125, 42.87657165527344
40.52301025390625, 41.65271759033203
43.253135681152344, 41.27614974975586
40.52301025390625, 41.65271759033203
40.617156982421875, 39.487449645996094
38.546024322509766, 38.828453063964844
40.617156982421875, 39.487449645996094
38.546024322509766, 38.828453063964844
39.58158874511719, 38.734310150146484
38.546024322509766, 38.828453063964844
39.110877990722656, 37.322174072265625
38.451881408691406, 37.03974914550781
32.61506271362305, 34.40376663208008
34.49790954589844, 33.2740592956543
32.61506271362305, 34.40376663208008
34.49790954589844, 33.2740592956543
32.61506271362305, 34.40376663208008
34.49790954589844, 33.2740592956543
