actor_1,actor_2
48.336822509765625, 45.98326110839844
45.60669708251953, 46.73640441894531
47.77196502685547, 46.171546936035156
44.853553771972656, 45.98326110839844
47.77196502685547, 46.171546936035156
44.853553771972656, 45.98326110839844
47.30125427246094, 45.60669708251953
44.853553771972656, 45.98326110839844
45.60669708251953, 43.62970733642578
42.68828582763672, 42.5
41.93514633178711, 42.78242492675781
42.5, 42.31171417236328
41.65271759033203, 42.59414291381836
39.487449645996094, 39.110877990722656
38.734310150146484, 39.299163818359375
39.487449645996094, 39.110877990722656
36.663177490234375, 38.075313568115234
39.487449645996094, 39.110877990722656
36.663177490234375, 38.075313568115234
