actor_1,actor_2
47.489540100097656, 46.265689849853516
44.19456100463867, 47.489540100097656
46.64225769042969, 45.41841125488281
43.44142150878906, 46.171546936035156
46.64225769042969, 45.41841125488281
43.44142150878906, 46.171546936035156
45.98326110839844, 45.32426834106445
43.44142150878906, 46.171546936035156
44.10041809082031, 43.62970733642578
41.746864318847656, 43.44142150878906
44.10041809082031, 43.62970733642578
41.746864318847656, 43.44142150878906
43.62970733642578, 42.97071075439453
41.746864318847656, 43.44142150878906
42.87657165527344, 42.12342834472656
41.46443557739258, 43.253135681152344
39.958160400390625, 37.6046028137207
39.205020904541016, 39.205020904541016
37.13389205932617, 37.792884826660156
39.205020904541016, 39.205020904541016
37.13389205932617, 37.792884826660156
39.205020904541016, 39.205020904541016
