actor_1,actor_2
46.73640441894531, 45.135982513427734
45.60669708251953, 45.230125427246094
44.00627899169922, 45.135982513427734
45.794979095458984, 44.75941467285156
44.00627899169922, 45.135982513427734
42.31171417236328, 41.65271759033203
40.71129608154297, 42.02928924560547
42.31171417236328, 41.65271759033203
40.71129608154297, 42.02928924560547
38.92259216308594, 39.01673889160156
38.828453063964844, 38.35774230957031
38.92259216308594, 39.01673889160156
38.451881408691406, 38.169456481933594
38.92259216308594, 39.01673889160156
37.22803497314453, 37.22803497314453
38.92259216308594, 39.01673889160156
37.22803497314453, 37.22803497314453
38.92259216308594, 39.01673889160156
38.451881408691406, 38.26359558105469
