actor_1,actor_2
47.86610794067383, 45.98326110839844
46.73640441894531, 45.98326110839844
45.230125427246094, 45.98326110839844
46.548118591308594, 45.230125427246094
45.230125427246094, 45.98326110839844
43.15899658203125, 42.78242492675781
41.93514633178711, 42.87657165527344
43.15899658203125, 42.78242492675781
41.93514633178711, 42.87657165527344
40.3347282409668, 39.205020904541016
38.828453063964844, 39.205020904541016
40.3347282409668, 39.205020904541016
36.38075256347656, 38.546024322509766
40.3347282409668, 39.205020904541016
36.38075256347656, 38.546024322509766
40.3347282409668, 39.205020904541016
