actor_1,actor_2
45.98326110839844, 44.571128845214844
43.72385025024414, 44.28870391845703
44.853553771972656, 44.853553771972656
43.253135681152344, 43.912132263183594
44.853553771972656, 44.853553771972656
43.253135681152344, 43.912132263183594
44.28870391845703, 44.382843017578125
44.28870391845703, 43.34728240966797
44.28870391845703, 44.382843017578125
44.28870391845703, 43.34728240966797
44.28870391845703, 44.382843017578125
44.28870391845703, 43.34728240966797
43.912132263183594, 43.72385025024414
43.253135681152344, 43.912132263183594
41.84100341796875, 41.1820068359375
40.89958190917969, 40.52301025390625
39.958160400390625, 41.087867736816406
40.89958190917969, 40.52301025390625
38.640167236328125, 39.958160400390625
38.451881408691406, 37.22803497314453
35.72175598144531, 35.91004180908203
37.792884826660156, 36.47489547729492
35.72175598144531, 35.91004180908203
37.792884826660156, 36.47489547729492
