actor_1,actor_2
42.12342834472656, 43.34728240966797
43.44142150878906, 41.746864318847656
42.12342834472656, 43.34728240966797
43.44142150878906, 41.746864318847656
42.12342834472656, 43.34728240966797
43.44142150878906, 41.746864318847656
43.15899658203125, 42.78242492675781
42.97071075439453, 42.97071075439453
41.087867736816406, 43.06485366821289
40.99372100830078, 41.55857849121094
41.27614974975586, 41.65271759033203
42.02928924560547, 40.71129608154297
40.80543899536133, 41.1820068359375
42.02928924560547, 40.71129608154297
40.80543899536133, 41.1820068359375
42.02928924560547, 40.71129608154297
40.80543899536133, 41.1820068359375
42.02928924560547, 40.71129608154297
39.864017486572266, 40.99372100830078
40.80543899536133, 39.769874572753906
39.205020904541016, 40.05229949951172
39.110877990722656, 39.01673889160156
39.205020904541016, 40.05229949951172
39.110877990722656, 39.01673889160156
39.205020904541016, 40.05229949951172
38.546024322509766, 38.26359558105469
39.205020904541016, 39.299163818359375
36.75732421875, 35.4393310546875
37.6046028137207, 37.41632080078125
38.35774230957031, 38.546024322509766
36.47489547729492, 35.62761688232422
38.35774230957031, 38.546024322509766
36.47489547729492, 35.62761688232422
36.192466735839844, 34.59204864501953
34.40376663208008, 34.121337890625
32.99163055419922, 33.368202209472656
34.49790954589844, 34.96862030029297
36.851463317871094, 35.4393310546875
