actor_1,actor_2
42.31171417236328, 42.97071075439453
42.68828582763672, 43.253135681152344
44.10041809082031, 39.58158874511719
43.34728240966797, 42.40585708618164
42.97071075439453, 42.59414291381836
42.31171417236328, 42.40585708618164
42.68828582763672, 42.31171417236328
42.21757507324219, 42.12342834472656
40.617156982421875, 43.34728240966797
40.80543899536133, 41.65271759033203
41.746864318847656, 41.746864318847656
40.80543899536133, 41.65271759033203
41.46443557739258, 41.1820068359375
40.80543899536133, 41.65271759033203
39.67573165893555, 39.39330291748047
39.01673889160156, 39.487449645996094
39.67573165893555, 39.39330291748047
39.01673889160156, 39.487449645996094
38.640167236328125, 38.734310150146484
38.35774230957031, 39.958160400390625
39.67573165893555, 37.88703155517578
37.322174072265625, 39.01673889160156
39.67573165893555, 37.88703155517578
35.72175598144531, 36.28661346435547
38.35774230957031, 37.981170654296875
38.075313568115234, 37.510459899902344
37.22803497314453, 34.121337890625
38.169456481933594, 37.88703155517578
36.09832763671875, 37.981170654296875
36.75732421875, 35.53347396850586
34.68619155883789, 35.62761688232422
36.75732421875, 35.53347396850586
34.68619155883789, 35.62761688232422
36.75732421875, 35.53347396850586
