actor_1,actor_2
42.68828582763672, 42.97071075439453
43.53556442260742, 42.78242492675781
42.68828582763672, 42.97071075439453
43.53556442260742, 42.78242492675781
42.68828582763672, 42.97071075439453
43.53556442260742, 42.78242492675781
42.97071075439453, 42.40585708618164
42.31171417236328, 41.93514633178711
42.12342834472656, 43.15899658203125
41.27614974975586, 40.99372100830078
41.37029266357422, 41.746864318847656
41.27614974975586, 40.99372100830078
39.39330291748047, 38.92259216308594
32.709205627441406, 37.88703155517578
39.67573165893555, 38.92259216308594
30.920501708984375, 35.72175598144531
36.47489547729492, 35.62761688232422
30.920501708984375, 35.72175598144531
34.121337890625, 35.91004180908203
36.38075256347656, 35.25104522705078
