actor_1,actor_2
42.21757507324219, 41.55857849121094
40.3347282409668, 42.68828582763672
42.21757507324219, 41.37029266357422
40.428871154785156, 41.65271759033203
42.21757507324219, 41.37029266357422
40.428871154785156, 41.65271759033203
41.93514633178711, 41.1820068359375
40.428871154785156, 41.65271759033203
39.205020904541016, 39.487449645996094
39.864017486572266, 38.35774230957031
39.205020904541016, 39.487449645996094
39.864017486572266, 38.35774230957031
38.734310150146484, 38.734310150146484
38.075313568115234, 39.299163818359375
38.734310150146484, 38.734310150146484
38.075313568115234, 39.299163818359375
38.075313568115234, 36.663177490234375
38.075313568115234, 39.299163818359375
34.78033447265625, 33.74477005004883
34.87447738647461, 35.91004180908203
33.93305206298828, 32.709205627441406
34.87447738647461, 35.91004180908203
33.93305206298828, 32.709205627441406
34.87447738647461, 35.91004180908203
34.59204864501953, 34.027198791503906
35.4393310546875, 35.62761688232422
34.59204864501953, 34.027198791503906
