{"score": 219.36069999999995, "_timestamp": 1709109421.826976, "_runtime": 1945.1766300201416, "_step": 0, "_wandb": {"runtime": 1944}}