{"score": 10.06818181818182, "_timestamp": 1709084998.0474286, "_runtime": 28.246200561523438, "_step": 0, "_wandb": {"runtime": 27}}