{"score": 16.362999999999996, "_timestamp": 1709128676.1245599, "_runtime": 898.8583998680115, "_step": 0, "_wandb": {"runtime": 898}}