{"score": 11.21992, "_timestamp": 1707307908.7852082, "_runtime": 557.583122253418, "_step": 0, "_wandb": {"runtime": 556}}