{"score": 226.08, "_timestamp": 1709002099.8865654, "_runtime": 140.9768843650818, "_step": 0, "_wandb": {"runtime": 140}}