{"score": 161.5251, "_timestamp": 1709082812.7153127, "_runtime": 1091.4465517997742, "_step": 0, "_wandb": {"runtime": 1090}}