{"score": 380.19, "_timestamp": 1709015146.0085602, "_runtime": 179.39140629768372, "_step": 0, "_wandb": {"runtime": 178}}