{"score": 10.169, "_timestamp": 1707263553.6426773, "_runtime": 4.671093225479126, "_step": 0, "_wandb": {"runtime": 3}}