{"score": 284.04, "_timestamp": 1708996074.1145618, "_runtime": 207.6059126853943, "_step": 0, "_wandb": {"runtime": 206}}