{"score": 9.31, "_timestamp": 1709127570.9788017, "_runtime": 33.0599946975708, "_step": 0, "_wandb": {"runtime": 32}}