{"score": 9.31, "_timestamp": 1709046936.0727425, "_runtime": 70.70038437843323, "_step": 0, "_wandb": {"runtime": 70}}