{"score": 346.22, "_timestamp": 1709003915.304195, "_runtime": 311.2327048778534, "_step": 0, "_wandb": {"runtime": 310}}