{"score": 333.86, "_timestamp": 1709014551.7342873, "_runtime": 245.32139420509338, "_step": 0, "_wandb": {"runtime": 244}}