{"score": 500.0, "_timestamp": 1709021898.1630023, "_runtime": 659.8679711818695, "_step": 0, "_wandb": {"runtime": 659}}