{"score": 9.31, "_timestamp": 1707263499.3334408, "_runtime": 8.438569784164429, "_step": 0, "_wandb": {"runtime": 7}}