{"score": 9.31, "_timestamp": 1709131151.2245584, "_runtime": 34.68251633644104, "_step": 0, "_wandb": {"runtime": 33}}