{"score": 9.31, "_timestamp": 1709067135.7703688, "_runtime": 21.437070846557617, "_step": 0, "_wandb": {"runtime": 20}}