{"score": 500.0, "_timestamp": 1708994068.5458956, "_runtime": 620.9715156555176, "_step": 0, "_wandb": {"runtime": 620}}