{"score": 318.35, "_timestamp": 1708999767.628778, "_runtime": 174.11620903015137, "_step": 0, "_wandb": {"runtime": 173}}