{"score": 388.71, "_timestamp": 1709025898.4724953, "_runtime": 233.65449237823486, "_step": 0, "_wandb": {"runtime": 232}}