{"score": 140.1401, "_timestamp": 1709086854.540401, "_runtime": 1581.9111878871918, "_step": 0, "_wandb": {"runtime": 1581}}