{"score": 219.7348000000001, "_timestamp": 1709100187.483429, "_runtime": 1997.4944269657135, "_step": 0, "_wandb": {"runtime": 1996}}