{"score": 9.317272727272728, "_timestamp": 1709117135.5434842, "_runtime": 63.91465210914612, "_step": 0, "_wandb": {"runtime": 63}}