{"score": 30.974299999999992, "_timestamp": 1709129849.8228545, "_runtime": 1163.9494125843048, "_step": 0, "_wandb": {"runtime": 1163}}