{"score": 16.23625, "_timestamp": 1709127486.9145405, "_runtime": 69.70869445800781, "_step": 0, "_wandb": {"runtime": 68}}