{"score": 365.9, "_timestamp": 1709025653.6563828, "_runtime": 213.61357879638672, "_step": 0, "_wandb": {"runtime": 212}}