{"score": 3.0005009128940294, "_timestamp": 1707256904.6056244, "_runtime": 1.730576515197754, "_step": 0, "_wandb": {"runtime": 0}}