{"score": 9.31, "_timestamp": 1709121722.8358397, "_runtime": 29.11205768585205, "_step": 0, "_wandb": {"runtime": 28}}