{"score": 89.00660000000003, "_timestamp": 1709064331.1864874, "_runtime": 4757.046517372131, "_step": 0, "_wandb": {"runtime": 4756}}