{"score": 250.88, "_timestamp": 1709020451.96815, "_runtime": 130.74335980415344, "_step": 0, "_wandb": {"runtime": 130}}