{"score": 419.597, "_timestamp": 1709119582.6864343, "_runtime": 2294.424264192581, "_step": 0, "_wandb": {"runtime": 2293}}