{"score": 469.17, "_timestamp": 1708998774.8252702, "_runtime": 377.02901124954224, "_step": 0, "_wandb": {"runtime": 376}}