{"score": 9.31, "_timestamp": 1709131616.9667363, "_runtime": 33.53673434257507, "_step": 0, "_wandb": {"runtime": 32}}