{"score": 9.31, "_timestamp": 1709086916.2958505, "_runtime": 53.03101849555969, "_step": 0, "_wandb": {"runtime": 52}}