{"score": 9.31, "_timestamp": 1709109463.4892352, "_runtime": 32.37520122528076, "_step": 0, "_wandb": {"runtime": 27}}