{"score": 9.31, "_timestamp": 1707264723.671795, "_runtime": 197.02793383598328, "_step": 0, "_wandb": {"runtime": 196}}