{"score": 185.34, "_timestamp": 1709027031.3164244, "_runtime": 193.22372031211853, "_step": 0, "_wandb": {"runtime": 192}}