{"score": 9.31, "_timestamp": 1709100237.904045, "_runtime": 40.47389602661133, "_step": 0, "_wandb": {"runtime": 39}}