{"score": 250.69229999999996, "_timestamp": 1709096643.8741207, "_runtime": 771.0093858242035, "_step": 0, "_wandb": {"runtime": 770}}