{"score": 9.31, "_timestamp": 1709114172.5947206, "_runtime": 114.16377353668213, "_step": 0, "_wandb": {"runtime": 113}}