{"score": 441.28, "_timestamp": 1708984427.581628, "_runtime": 136.57635498046875, "_step": 0, "_wandb": {"runtime": 135}}