{"score": 487.38, "_timestamp": 1708987579.8513863, "_runtime": 367.16199922561646, "_step": 0, "_wandb": {"runtime": 366}}