{"score": 9.31, "_timestamp": 1709131500.4646935, "_runtime": 17.238850593566895, "_step": 0, "_wandb": {"runtime": 16}}