{"score": 9.31, "_timestamp": 1709117186.9162447, "_runtime": 42.99836564064026, "_step": 0, "_wandb": {"runtime": 41}}