{"score": 9.31, "_timestamp": 1707270357.6301296, "_runtime": 106.13715147972107, "_step": 0, "_wandb": {"runtime": 105}}