{"score": 22.54499, "_timestamp": 1707269735.3474753, "_runtime": 636.5268983840942, "_step": 0, "_wandb": {"runtime": 635}}