{"score": 1.0000534247145894, "_timestamp": 1707258500.2782264, "_runtime": 2.3719522953033447, "_step": 0, "_wandb": {"runtime": 1}}