{"score": 9.31, "_timestamp": 1709078940.3648481, "_runtime": 49.3185760974884, "_step": 0, "_wandb": {"runtime": 48}}