{"score": 9.31, "_timestamp": 1709117277.1454713, "_runtime": 36.45751738548279, "_step": 0, "_wandb": {"runtime": 35}}