{"score": 9.31, "_timestamp": 1709059489.1883824, "_runtime": 31.811171293258667, "_step": 0, "_wandb": {"runtime": 31}}