{"score": 146.9362, "_timestamp": 1709113932.8019192, "_runtime": 2130.425914287567, "_step": 0, "_wandb": {"runtime": 2129}}