{"score": 9.31, "_timestamp": 1709078755.163669, "_runtime": 49.225282192230225, "_step": 0, "_wandb": {"runtime": 48}}