{"score": 75.34740000000001, "_timestamp": 1709095863.5733078, "_runtime": 1152.3846278190613, "_step": 0, "_wandb": {"runtime": 1151}}