{"score": 21.98636, "_timestamp": 1707317876.992714, "_runtime": 2824.9968099594116, "_step": 0, "_wandb": {"runtime": 2824}}