{"score": 77.17522, "_timestamp": 1707331133.468573, "_runtime": 1418.0071880817413, "_step": 0, "_wandb": {"runtime": 1417}}