{"score": 492.16, "_timestamp": 1709001031.349385, "_runtime": 258.3677079677582, "_step": 0, "_wandb": {"runtime": 257}}