{"score": 9.31, "_timestamp": 1709055028.5116735, "_runtime": 42.565197467803955, "_step": 0, "_wandb": {"runtime": 41}}