{"score": 9.57727272727273, "_timestamp": 1709076848.6385083, "_runtime": 44.32674527168274, "_step": 0, "_wandb": {"runtime": 43}}