{"score": 441.65, "_timestamp": 1709012174.619522, "_runtime": 194.7233431339264, "_step": 0, "_wandb": {"runtime": 194}}