{"score": 9.31, "_timestamp": 1707264511.0674798, "_runtime": 563.7740368843079, "_step": 0, "_wandb": {"runtime": 563}}