{"score": 9.31, "_timestamp": 1709124696.5887423, "_runtime": 27.901045322418213, "_step": 0, "_wandb": {"runtime": 27}}