{"score": 9.63494, "_timestamp": 1707327925.0426912, "_runtime": 374.82298731803894, "_step": 0, "_wandb": {"runtime": 373}}