{"score": 325.39, "_timestamp": 1709025257.4867828, "_runtime": 183.81659388542175, "_step": 0, "_wandb": {"runtime": 182}}