{"score": 215.23589999999996, "_timestamp": 1709103318.5865037, "_runtime": 3068.4120926856995, "_step": 0, "_wandb": {"runtime": 3067}}