{"score": 270.46, "_timestamp": 1709006384.6668632, "_runtime": 262.17048931121826, "_step": 0, "_wandb": {"runtime": 261}}