{"score": 9.31, "_timestamp": 1709121805.8367853, "_runtime": 69.32551741600037, "_step": 0, "_wandb": {"runtime": 68}}