{"score": 12.501790000000002, "_timestamp": 1707315042.5523107, "_runtime": 713.1840198040009, "_step": 0, "_wandb": {"runtime": 712}}