{"score": 418.09, "_timestamp": 1709006521.418314, "_runtime": 127.58305788040161, "_step": 0, "_wandb": {"runtime": 126}}