{"score": 7.000106095958335, "_timestamp": 1707258695.3600943, "_runtime": 4.858275413513184, "_step": 0, "_wandb": {"runtime": 0}}