{"score": 90.65080000000002, "_timestamp": 1709117060.999053, "_runtime": 1474.94172000885, "_step": 0, "_wandb": {"runtime": 1474}}