{"score": 9.31, "_timestamp": 1709130155.7324347, "_runtime": 46.32830572128296, "_step": 0, "_wandb": {"runtime": 45}}