{"score": 306.7, "_timestamp": 1708999582.136178, "_runtime": 182.2133469581604, "_step": 0, "_wandb": {"runtime": 181}}