{"score": 475.95, "_timestamp": 1708996567.851853, "_runtime": 482.01173400878906, "_step": 0, "_wandb": {"runtime": 481}}