{"score": 240.84, "_timestamp": 1708995229.8773978, "_runtime": 162.65201568603516, "_step": 0, "_wandb": {"runtime": 162}}