{"score": 196.32220000000004, "_timestamp": 1709051889.2067022, "_runtime": 1859.9682903289795, "_step": 0, "_wandb": {"runtime": 1859}}