{"score": 465.06, "_timestamp": 1709006954.101788, "_runtime": 213.65752005577087, "_step": 0, "_wandb": {"runtime": 212}}