{"score": 39.36600000000001, "_timestamp": 1709078615.6825635, "_runtime": 298.5179464817047, "_step": 0, "_wandb": {"runtime": 297}}