{"score": 10.66875, "_timestamp": 1709131258.1270204, "_runtime": 92.73203444480896, "_step": 0, "_wandb": {"runtime": 92}}