{"score": 9.31, "_timestamp": 1709119637.003975, "_runtime": 44.73046684265137, "_step": 0, "_wandb": {"runtime": 44}}