{"score": 304.19, "_timestamp": 1709012535.60876, "_runtime": 351.2969620227814, "_step": 0, "_wandb": {"runtime": 350}}