{"score": 9.364545454545457, "_timestamp": 1709076794.7231493, "_runtime": 43.41806221008301, "_step": 0, "_wandb": {"runtime": 42}}