{"score": 9.31, "_timestamp": 1707307341.6533673, "_runtime": 310.94169521331787, "_step": 0, "_wandb": {"runtime": 310}}