{"score": 460.95, "_timestamp": 1709001528.5177524, "_runtime": 241.86606240272522, "_step": 0, "_wandb": {"runtime": 241}}