{"score": 10.207870000000002, "_timestamp": 1707334303.8255715, "_runtime": 908.9281015396118, "_step": 0, "_wandb": {"runtime": 908}}