{"score": 25.32012, "_timestamp": 1707322894.5500493, "_runtime": 966.5293521881104, "_step": 0, "_wandb": {"runtime": 965}}