{"score": 324.5832, "_timestamp": 1709106145.7881331, "_runtime": 2698.1983730793, "_step": 0, "_wandb": {"runtime": 2697}}