{"score": 9.31, "_timestamp": 1709059254.7821345, "_runtime": 82.4532265663147, "_step": 0, "_wandb": {"runtime": 81}}