{"score": 318.49, "_timestamp": 1708993088.1873994, "_runtime": 309.60130548477173, "_step": 0, "_wandb": {"runtime": 308}}