{"score": 9.31, "_timestamp": 1709078872.4275508, "_runtime": 18.37728786468506, "_step": 0, "_wandb": {"runtime": 17}}