{"score": 9.31, "_timestamp": 1709125760.0471606, "_runtime": 21.663095712661743, "_step": 0, "_wandb": {"runtime": 21}}