{"score": 9.31, "_timestamp": 1709131471.3106194, "_runtime": 30.978498458862305, "_step": 0, "_wandb": {"runtime": 30}}