actor_1,actor_2
29.98552703857422, 30.709117889404297
30.27496337890625, 29.98552703857422
28.393632888793945, 30.27496337890625
30.781475067138672, 30.347322463989258
28.393632888793945, 30.27496337890625
30.781475067138672, 30.347322463989258
28.393632888793945, 30.27496337890625
30.781475067138672, 30.347322463989258
28.393632888793945, 29.69609260559082
30.781475067138672, 30.347322463989258
28.393632888793945, 29.69609260559082
30.27496337890625, 29.768451690673828
28.393632888793945, 29.69609260559082
30.27496337890625, 29.768451690673828
28.393632888793945, 29.69609260559082
30.27496337890625, 29.768451690673828
28.393632888793945, 29.69609260559082
30.27496337890625, 29.768451690673828
27.38060760498047, 28.972503662109375
29.623733520507812, 28.972503662109375
27.38060760498047, 28.972503662109375
29.623733520507812, 28.972503662109375
27.38060760498047, 28.972503662109375
29.623733520507812, 28.972503662109375
27.38060760498047, 28.972503662109375
29.261940002441406, 28.24891471862793
28.61071014404297, 29.768451690673828
29.261940002441406, 28.24891471862793
28.61071014404297, 29.768451690673828
29.261940002441406, 28.24891471862793
28.61071014404297, 29.768451690673828
29.261940002441406, 28.24891471862793
28.61071014404297, 29.768451690673828
29.261940002441406, 28.24891471862793
27.452966690063477, 29.044862747192383
28.61071014404297, 28.104196548461914
27.88711929321289, 28.61071014404297
27.597684860229492, 26.512300491333008
27.235889434814453, 27.597684860229492
27.597684860229492, 26.512300491333008
27.235889434814453, 27.597684860229492
27.597684860229492, 26.512300491333008
27.235889434814453, 27.597684860229492
27.597684860229492, 26.512300491333008
27.235889434814453, 27.597684860229492
27.597684860229492, 26.512300491333008
26.874095916748047, 26.72937774658203
27.88711929321289, 28.61071014404297
26.874095916748047, 26.72937774658203
27.235889434814453, 27.597684860229492
26.874095916748047, 26.72937774658203
27.235889434814453, 27.597684860229492
26.874095916748047, 26.72937774658203
26.874095916748047, 26.72937774658203
28.465991973876953, 28.755428314208984
26.874095916748047, 26.72937774658203
27.814762115478516, 27.9594783782959
26.874095916748047, 26.72937774658203
27.814762115478516, 27.9594783782959
26.874095916748047, 26.72937774658203
28.24891471862793, 28.538349151611328
27.742403030395508, 27.525325775146484
28.24891471862793, 28.538349151611328
