actor_1,actor_2
27.814762115478516, 29.33429718017578
29.551374435424805, 27.6700439453125
26.657018661499023, 28.82778549194336
30.27496337890625, 29.840810775756836
26.657018661499023, 28.82778549194336
30.27496337890625, 29.840810775756836
26.657018661499023, 28.82778549194336
30.27496337890625, 29.840810775756836
26.72937774658203, 28.972503662109375
30.27496337890625, 29.840810775756836
26.72937774658203, 28.972503662109375
30.27496337890625, 30.05788803100586
26.72937774658203, 28.972503662109375
30.27496337890625, 30.05788803100586
26.72937774658203, 28.972503662109375
30.27496337890625, 30.05788803100586
26.72937774658203, 28.972503662109375
30.27496337890625, 30.05788803100586
27.30824851989746, 30.202606201171875
30.27496337890625, 30.202606201171875
27.30824851989746, 30.202606201171875
30.27496337890625, 30.202606201171875
27.30824851989746, 30.202606201171875
30.27496337890625, 30.202606201171875
27.30824851989746, 30.202606201171875
29.623733520507812, 27.9594783782959
28.393632888793945, 30.492040634155273
29.623733520507812, 27.9594783782959
28.393632888793945, 30.492040634155273
29.623733520507812, 27.9594783782959
28.393632888793945, 30.492040634155273
29.623733520507812, 27.9594783782959
28.393632888793945, 30.492040634155273
29.623733520507812, 27.9594783782959
28.465991973876953, 31.79450035095215
28.538349151611328, 28.031837463378906
28.393632888793945, 31.360347747802734
27.163532257080078, 27.6700439453125
25.788711547851562, 26.946455001831055
25.788711547851562, 26.946455001831055
25.788711547851562, 26.946455001831055
25.788711547851562, 26.946455001831055
25.788711547851562, 26.946455001831055
