actor_1,actor_2
23.690303802490234, 26.874095916748047
25.28219985961914, 25.35455894470215
24.269174575805664, 25.426918029785156
24.920406341552734, 25.788711547851562
25.426918029785156, 25.643993377685547
25.426918029785156, 25.643993377685547
25.28219985961914, 25.933429718017578
25.788711547851562, 26.657018661499023
25.788711547851562, 26.657018661499023
