actor_1,actor_2
25.137481689453125, 29.261940002441406
27.597684860229492, 29.11722183227539
27.018814086914062, 29.189579010009766
27.235889434814453, 28.321273803710938
26.72937774658203, 27.30824851989746
26.72937774658203, 27.30824851989746
24.77568817138672, 26.22286605834961
26.1505069732666, 26.946455001831055
26.1505069732666, 26.946455001831055
