actor_1,actor_2
20.072359085083008, 20.072359085083008
20.0, 20.0
20.0, 20.0
20.0, 20.0
20.0, 20.0
20.0, 20.0
20.0, 20.0
20.0, 20.0
