actor_1,actor_2
29.913169860839844, 28.683067321777344
28.538349151611328, 28.465991973876953
28.538349151611328, 28.465991973876953
28.031837463378906, 27.30824851989746
27.6700439453125, 26.43994140625
28.683067321777344, 28.900144577026367
28.683067321777344, 28.900144577026367
28.683067321777344, 28.900144577026367
27.6700439453125, 29.261940002441406
27.6700439453125, 29.261940002441406
27.018814086914062, 28.24891471862793
27.6700439453125, 28.321273803710938
29.33429718017578, 28.61071014404297
27.6700439453125, 28.321273803710938
28.393632888793945, 28.538349151611328
29.551374435424805, 27.38060760498047
27.6700439453125, 28.321273803710938
28.24891471862793, 27.30824851989746
26.22286605834961, 27.163532257080078
27.38060760498047, 27.235889434814453
25.788711547851562, 26.005788803100586
26.512300491333008, 25.426918029785156
