actor_1,actor_2
30.492040634155273, 29.840810775756836
29.189579010009766, 29.189579010009766
29.189579010009766, 29.189579010009766
27.525325775146484, 29.189579010009766
27.163532257080078, 28.900144577026367
27.163532257080078, 28.900144577026367
28.24891471862793, 30.202606201171875
29.189579010009766, 30.202606201171875
29.044862747192383, 27.6700439453125
29.479015350341797, 29.768451690673828
29.044862747192383, 27.6700439453125
29.479015350341797, 29.768451690673828
29.044862747192383, 27.6700439453125
29.33429718017578, 29.261940002441406
27.38060760498047, 28.538349151611328
29.33429718017578, 29.261940002441406
27.38060760498047, 28.538349151611328
27.9594783782959, 27.742403030395508
27.38060760498047, 28.538349151611328
27.9594783782959, 27.742403030395508
27.38060760498047, 28.538349151611328
27.9594783782959, 27.742403030395508
27.38060760498047, 28.538349151611328
27.9594783782959, 27.742403030395508
27.38060760498047, 28.538349151611328
26.295223236083984, 25.86107063293457
27.38060760498047, 28.538349151611328
26.295223236083984, 25.86107063293457
27.38060760498047, 28.538349151611328
26.295223236083984, 25.86107063293457
27.38060760498047, 28.538349151611328
26.295223236083984, 25.86107063293457
27.38060760498047, 28.538349151611328
26.295223236083984, 25.86107063293457
