actor_1,actor_2
23.400867462158203, 22.38784408569336
21.80897331237793, 22.749637603759766
22.460203170776367, 22.38784408569336
21.80897331237793, 22.749637603759766
22.460203170776367, 22.38784408569336
21.80897331237793, 22.749637603759766
22.677278518676758, 22.89435577392578
23.907381057739258, 22.89435577392578
22.677278518676758, 22.89435577392578
23.907381057739258, 22.89435577392578
22.677278518676758, 22.89435577392578
23.907381057739258, 22.89435577392578
22.677278518676758, 22.89435577392578
23.907381057739258, 22.89435577392578
22.677278518676758, 22.89435577392578
23.907381057739258, 22.89435577392578
21.881332397460938, 22.821996688842773
23.83502197265625, 23.328510284423828
21.881332397460938, 22.821996688842773
23.83502197265625, 23.328510284423828
21.881332397460938, 22.821996688842773
23.83502197265625, 23.328510284423828
21.881332397460938, 22.821996688842773
23.039073944091797, 23.039073944091797
21.881332397460938, 22.821996688842773
23.039073944091797, 23.039073944091797
21.881332397460938, 22.821996688842773
23.039073944091797, 23.039073944091797
21.881332397460938, 22.821996688842773
23.039073944091797, 23.039073944091797
21.881332397460938, 22.821996688842773
22.098407745361328, 22.89435577392578
23.83502197265625, 23.328510284423828
22.098407745361328, 22.89435577392578
23.039073944091797, 23.039073944091797
22.098407745361328, 22.89435577392578
23.039073944091797, 23.039073944091797
23.111433029174805, 23.328510284423828
23.111433029174805, 23.328510284423828
24.269174575805664, 23.328510284423828
23.111433029174805, 23.328510284423828
23.762662887573242, 23.400867462158203
23.111433029174805, 23.328510284423828
23.762662887573242, 23.400867462158203
23.111433029174805, 23.328510284423828
23.039073944091797, 23.400867462158203
23.762662887573242, 23.400867462158203
23.039073944091797, 23.400867462158203
23.762662887573242, 23.400867462158203
