{"score": 3.0002409558638403, "_timestamp": 1707256875.0525608, "_runtime": 2.5417397022247314, "_step": 0, "_wandb": {"runtime": 1}}