{"score": 450.75, "_timestamp": 1709010660.9858139, "_runtime": 260.69284176826477, "_step": 0, "_wandb": {"runtime": 260}}