{"score": 470.4, "_timestamp": 1708997501.8428063, "_runtime": 924.5350513458252, "_step": 0, "_wandb": {"runtime": 923}}