{"score": 19.678181818181823, "_timestamp": 1709106176.453428, "_runtime": 21.55335807800293, "_step": 0, "_wandb": {"runtime": 20}}