{"score": 394.1, "_timestamp": 1709018544.908448, "_runtime": 234.00404906272888, "_step": 0, "_wandb": {"runtime": 233}}