{"score": 91.56, "_timestamp": 1709023871.208363, "_runtime": 211.29482412338257, "_step": 0, "_wandb": {"runtime": 210}}