{"score": 46.8667, "_timestamp": 1709074294.8427196, "_runtime": 1256.474717617035, "_step": 0, "_wandb": {"runtime": 1255}}