{"score": 9.31, "_timestamp": 1709078971.845784, "_runtime": 17.96849489212036, "_step": 0, "_wandb": {"runtime": 17}}