{"score": 428.65, "_timestamp": 1709017191.8417516, "_runtime": 159.36482763290405, "_step": 0, "_wandb": {"runtime": 155}}