actor_1,actor_2
38.01818084716797, 34.69091033935547
