actor_1,actor_2
37.69091033935547, 35.61818313598633
