actor_1,actor_2
36.16363525390625, 36.436363220214844
