actor_1,actor_2
35.890907287597656, 34.6363639831543
