actor_1,actor_2
35.563636779785156, 34.90909194946289
