actor_1,actor_2
32.45454406738281, 36.272727966308594
