actor_1,actor_2
36.98181915283203, 36.98181915283203
