actor_1,actor_2
32.672725677490234, 45.599998474121094
