actor_1,actor_2
32.345455169677734, 43.96363830566406
