actor_1,actor_2
31.909090042114258, 30.654544830322266
