actor_1,actor_2
32.181819915771484, 37.254547119140625
