actor_1,actor_2
31.690908432006836, 38.18181610107422
