actor_1,actor_2
32.29090881347656, 36.76363754272461
