actor_1,actor_2
33.436363220214844, 45.3272705078125
