actor_1,actor_2
33.654544830322266, 45.54545593261719
