actor_1,actor_2
32.78181838989258, 45.109092712402344
