actor_1,actor_2
30.600000381469727, 33.54545593261719
