actor_1,actor_2
31.909090042114258, 43.47272491455078
