actor_1,actor_2
31.14545440673828, 38.509090423583984
