actor_1,actor_2
31.309091567993164, 40.09090805053711
