actor_1,actor_2
31.03636360168457, 36.327274322509766
