actor_1,actor_2
31.03636360168457, 38.509090423583984
