actor_1,actor_2
31.200000762939453, 36.490909576416016
