actor_1,actor_2
31.581817626953125, 31.472726821899414
