actor_1,actor_2
31.636363983154297, 40.90909194946289
