actor_1,actor_2
32.563636779785156, 31.745454788208008
