actor_1,actor_2
33.38181686401367, 38.29090881347656
