actor_1,actor_2
33.599998474121094, 38.18181610107422
