actor_1,actor_2
30.436363220214844, 32.727272033691406
