actor_1,actor_2
38.78181838989258, 30.92727279663086
