actor_1,actor_2
39.21818161010742, 31.200000762939453
