actor_1,actor_2
42.05454635620117, 30.98181915283203
