actor_1,actor_2
31.745454788208008, 42.654544830322266
