actor_1,actor_2
30.163637161254883, 36.272727966308594
