actor_1,actor_2
33.16363525390625, 32.890907287597656
