actor_1,actor_2
33.21818161010742, 32.563636779785156
