actor_1,actor_2
41.29090881347656, 30.654544830322266
