actor_1,actor_2
45.272727966308594, 32.29090881347656
