actor_1,actor_2
45.654544830322266, 39.05454635620117
