actor_1,actor_2
34.09090805053711, 39.92727279663086
