actor_1,actor_2
32.07272720336914, 31.309091567993164
