actor_1,actor_2
34.745452880859375, 42.54545593261719
