actor_1,actor_2
34.3636360168457, 36.05454635620117
