actor_1,actor_2
46.96363830566406, 39.54545593261719
