actor_1,actor_2
48.21818161010742, 33.436363220214844
