actor_1,actor_2
37.52727127075195, 42.05454635620117
