actor_1,actor_2
35.12727355957031, 30.98181915283203
