actor_1,actor_2
30.218181610107422, 30.054546356201172
