actor_1,actor_2
35.563636779785156, 41.727272033691406
