actor_1,actor_2
30.327272415161133, 32.12727355957031
