actor_1,actor_2
34.47272872924805, 34.581817626953125
