actor_1,actor_2
30.763635635375977, 31.527273178100586
