actor_1,actor_2
40.52727508544922, 30.436363220214844
