actor_1,actor_2
46.79999923706055, 31.527273178100586
