actor_1,actor_2
30.600000381469727, 34.745452880859375
