actor_1,actor_2
31.090909957885742, 33.54545593261719
