actor_1,actor_2
30.81818199157715, 32.400001525878906
