actor_1,actor_2
35.563636779785156, 49.79999923706055
