actor_1,actor_2
32.509090423583984, 35.672725677490234
