actor_1,actor_2
30.709091186523438, 30.163637161254883
