actor_1,actor_2
35.94545364379883, 32.563636779785156
