actor_1,actor_2
50.29090881347656, 33.272727966308594
