actor_1,actor_2
41.6727294921875, 30.81818199157715
