actor_1,actor_2
36.54545593261719, 32.61818313598633
