actor_1,actor_2
36.70909118652344, 34.47272872924805
