actor_1,actor_2
32.61818313598633, 33.327274322509766
