actor_1,actor_2
30.600000381469727, 34.69091033935547
