actor_1,actor_2
31.090909957885742, 37.47272872924805
