actor_1,actor_2
30.490909576416016, 38.83636474609375
