actor_1,actor_2
30.545454025268555, 36.654544830322266
