actor_1,actor_2
35.18181610107422, 31.418182373046875
