actor_1,actor_2
31.636363983154297, 52.14545440673828
