actor_1,actor_2
32.07272720336914, 32.890907287597656
