actor_1,actor_2
32.400001525878906, 30.600000381469727
