actor_1,actor_2
31.200000762939453, 34.69091033935547
