actor_1,actor_2
31.527273178100586, 52.254547119140625
