actor_1,actor_2
38.83636474609375, 31.690908432006836
