actor_1,actor_2
37.418182373046875, 30.654544830322266
