actor_1,actor_2
34.14545440673828, 35.94545364379883
