actor_1,actor_2
31.636363983154297, 53.78181838989258
