actor_1,actor_2
30.600000381469727, 32.12727355957031
