actor_1,actor_2
30.81818199157715, 30.163637161254883
