actor_1,actor_2
33.70909118652344, 30.490909576416016
