{"score": 9.31, "_timestamp": 1709054937.7997108, "_runtime": 39.95576477050781, "_step": 0, "_wandb": {"runtime": 39}}