{"score": 9.31, "_timestamp": 1707269079.3558226, "_runtime": 1265.072737455368, "_step": 0, "_wandb": {"runtime": 1264}}