{"score": 438.61, "_timestamp": 1708986582.603985, "_runtime": 362.4046380519867, "_step": 0, "_wandb": {"runtime": 361}}