{"score": 9.31, "_timestamp": 1709117229.51865, "_runtime": 31.855397939682007, "_step": 0, "_wandb": {"runtime": 31}}