{"score": 9.31, "_timestamp": 1709078799.4594698, "_runtime": 25.663529872894287, "_step": 0, "_wandb": {"runtime": 24}}