{"score": 410.91, "_timestamp": 1709004951.688216, "_runtime": 255.02887797355652, "_step": 0, "_wandb": {"runtime": 254}}