{"score": 9.7678, "_timestamp": 1709052957.0427482, "_runtime": 1009.393312215805, "_step": 0, "_wandb": {"runtime": 1008}}