{"score": 250.0, "_timestamp": 1709008024.9417996, "_runtime": 167.50171160697937, "_step": 0, "_wandb": {"runtime": 166}}