{"score": 198.37, "_timestamp": 1709017323.0277092, "_runtime": 121.75491428375244, "_step": 0, "_wandb": {"runtime": 121}}