{"score": 10.085454545454546, "_timestamp": 1709114240.0399828, "_runtime": 54.568981885910034, "_step": 0, "_wandb": {"runtime": 53}}