{"score": 260.4727000000001, "_timestamp": 1709080243.159292, "_runtime": 1187.4174900054932, "_step": 0, "_wandb": {"runtime": 1186}}