actor_1,actor_2
2.0, 2.0
2.0, 2.0
2.0, 2.0
2.0, 2.0
1.7467700242996216, 1.6330748796463013
1.436692476272583, 1.5452196598052979
1.436692476272583, 1.5452196598052979
1.684754490852356, 1.695090413093567
1.684754490852356, 1.695090413093567
1.7312661409378052, 1.83979332447052
1.684754490852356, 1.7932816743850708
1.8811368942260742, 1.9586563110351562
1.9948320388793945, 1.7829457521438599
1.7674418687820435, 1.664082646369934
1.684754490852356, 1.7932816743850708
