actor_1,actor_2
2.0, 2.0
2.0, 1.9638242721557617
1.8036175966262817, 1.8087855577468872
2.0, 1.9638242721557617
1.8036175966262817, 1.8087855577468872
1.5658915042877197, 1.6692506074905396
1.2403100728988647, 1.7881137132644653
1.3798449039459229, 1.6692506074905396
1.4056847095489502, 1.7209302186965942
1.9638242721557617, 2.0
1.9638242721557617, 2.0
1.9638242721557617, 2.0
2.0, 1.591731309890747
2.0, 1.2041343450546265
2.0, 1.2041343450546265
2.0, 0.8733850121498108
2.0, 0.8940568566322327
2.0, 0.950904369354248
1.8759689331054688, 1.1111111640930176
1.5968992710113525, 1.105943202972412
1.4677002429962158, 1.0749354362487793
1.4677002429962158, 1.0749354362487793
1.198966383934021, 1.1266149282455444
1.198966383934021, 1.1266149282455444
1.1782945394515991, 1.2196382284164429
1.3126615285873413, 1.5865633487701416
1.3126615285873413, 1.5865633487701416
1.0335917472839355, 1.7260981798171997
1.0335917472839355, 1.7260981798171997
1.2609819173812866, 1.8449612855911255
1.5452196598052979, 2.0
1.6175711154937744, 2.0
1.5710594654083252, 2.0
1.503875970840454, 2.0
1.503875970840454, 2.0
1.9638242721557617, 2.0
1.9638242721557617, 2.0
1.9483203887939453, 1.6382428407669067
2.0, 1.2041343450546265
2.0, 1.2041343450546265
2.0, 0.8733850121498108
2.0, 0.8733850121498108
2.0, 0.8940568566322327
2.0, 0.950904369354248
1.8759689331054688, 1.1111111640930176
1.5968992710113525, 1.105943202972412
1.4677002429962158, 1.0749354362487793
1.4677002429962158, 1.0749354362487793
1.2299741506576538, 1.0077519416809082
1.2299741506576538, 1.0077519416809082
1.198966383934021, 1.1266149282455444
1.198966383934021, 1.1266149282455444
1.13178288936615, 1.3953487873077393
1.3126615285873413, 1.5865633487701416
0.7958656549453735, 1.4883720874786377
0.7958656549453735, 1.4883720874786377
0.6770026087760925, 1.3436692953109741
0.801033616065979, 1.4935400485992432
0.801033616065979, 1.4935400485992432
0.950904369354248, 1.5710594654083252
