actor_1,actor_2
2.0, 2.0
2.0, 2.0
2.0, 2.0
2.0, 2.0
1.1369508504867554, 2.0
0.9870800971984863, 2.0
0.9870800971984863, 2.0
1.0180878639221191, 2.0
1.2144702672958374, 2.0
1.5607235431671143, 2.0
1.514211893081665, 1.850129246711731
1.4780361652374268, 1.8036175966262817
1.4780361652374268, 1.8036175966262817
1.4780361652374268, 1.8036175966262817
1.7674418687820435, 1.9431524276733398
2.0, 1.9793281555175781
2.0, 1.8759689331054688
2.0, 1.9793281555175781
2.0, 1.7260981798171997
2.0, 1.7260981798171997
2.0, 1.9586563110351562
2.0, 2.0
2.0, 2.0
2.0, 2.0
2.0, 2.0
2.0, 2.0
2.0, 2.0
2.0, 2.0
1.6692506074905396, 2.0
1.5555555820465088, 2.0
1.5555555820465088, 2.0
