actor_1,actor_2
1.8346253633499146, 2.0
1.762273907661438, 2.0
1.7364341020584106, 2.0
1.7932816743850708, 2.0
1.83979332447052, 2.0
1.8966407775878906, 2.0
1.9741601943969727, 2.0
1.9638242721557617, 1.6227390766143799
1.9638242721557617, 1.6227390766143799
1.9638242721557617, 1.6227390766143799
