actor_1,actor_2
1.989664077758789, 2.0
1.2403100728988647, 2.0
1.1731265783309937, 1.860465168952942
1.1937984228134155, 1.6279069185256958
1.297157645225525, 1.5193798542022705
1.3023256063461304, 1.3901808261871338
1.2506459951400757, 1.297157645225525
1.2041343450546265, 1.0956072807312012
1.2041343450546265, 1.0956072807312012
1.2041343450546265, 1.0956072807312012
