actor_1,actor_2
2.0, 2.0
2.0, 2.0
2.0, 2.0
2.0, 2.0
1.503875970840454, 2.0
1.436692476272583, 2.0
1.436692476272583, 2.0
1.6434108018875122, 2.0
1.7571059465408325, 2.0
1.7209302186965942, 2.0
1.3178294897079468, 1.8191214799880981
1.2248061895370483, 1.7416020631790161
1.2248061895370483, 1.7416020631790161
1.2248061895370483, 1.7416020631790161
1.4573643207550049, 2.0
1.5555555820465088, 2.0
1.591731309890747, 1.9276485443115234
1.7209302186965942, 1.6330748796463013
1.6227390766143799, 1.0801033973693848
1.6227390766143799, 1.0801033973693848
1.6227390766143799, 1.0801033973693848
1.6227390766143799, 1.0801033973693848
1.5968992710113525, 1.0542635917663574
