actor_1,actor_2
2.0, 2.0
2.0, 1.3850128650665283
1.7105942964553833, 0.9870800971984863
1.7105942964553833, 0.9870800971984863
0.9560723304748535, 0.6408268809318542
0.7596899271011353, 0.40310078859329224
0.7596899271011353, 0.40310078859329224
0.7596899271011353, 0.40310078859329224
