actor_1,actor_2
1.860465168952942, 2.0
1.8708010911941528, 2.0
1.8914728164672852, 2.0
2.0, 2.0
2.0, 2.0
2.0, 2.0
2.0, 2.0
1.7777777910232544, 1.18863046169281
1.4987080097198486, 0.9354005455970764
1.4987080097198486, 0.9354005455970764
0.9250646233558655, 0.6770026087760925
0.8733850121498108, 0.6666666865348816
0.237726092338562, 0.3462532162666321
0.237726092338562, 0.3462532162666321
0.237726092338562, 0.3462532162666321
0.43927648663520813, 0.49095606803894043
0.43927648663520813, 0.49095606803894043
0.682170569896698, 0.6873385310173035
0.6976743936538696, 0.8527131676673889
1.0852713584899902, 1.7829457521438599
1.2558139562606812, 1.901808738708496
1.4108526706695557, 1.762273907661438
1.4108526706695557, 1.762273907661438
1.4108526706695557, 1.762273907661438
1.4108526706695557, 1.762273907661438
1.4108526706695557, 1.762273907661438
1.591731309890747, 2.0
1.591731309890747, 2.0
1.7054263353347778, 2.0
1.9793281555175781, 2.0
2.0, 2.0
2.0, 2.0
2.0, 2.0
2.0, 2.0
