actor_1,actor_2
2.0, 2.0
2.0, 1.9793281555175781
1.5607235431671143, 1.7467700242996216
2.0, 1.9793281555175781
1.5607235431671143, 1.7467700242996216
1.6434108018875122, 1.6072351932525635
1.116279125213623, 1.2919896841049194
1.4211885929107666, 1.4935400485992432
1.7054263353347778, 1.989664077758789
1.9638242721557617, 2.0
2.0, 1.83979332447052
1.9638242721557617, 2.0
2.0, 1.83979332447052
2.0, 2.0
1.7571059465408325, 1.9534883499145508
2.0, 2.0
1.7571059465408325, 1.9534883499145508
2.0, 2.0
1.7571059465408325, 1.9534883499145508
1.8863048553466797, 2.0
2.0, 2.0
1.8863048553466797, 2.0
2.0, 2.0
1.7157622575759888, 1.8759689331054688
2.0, 2.0
1.7157622575759888, 1.8759689331054688
2.0, 2.0
1.7157622575759888, 1.8759689331054688
1.8552972078323364, 2.0
2.0, 2.0
1.762273907661438, 2.0
2.0, 2.0
1.5607235431671143, 1.7209302186965942
1.9379844665527344, 2.0
2.0, 2.0
1.7467700242996216, 2.0
2.0, 2.0
1.762273907661438, 2.0
2.0, 2.0
1.5607235431671143, 1.7209302186965942
1.9379844665527344, 2.0
2.0, 2.0
1.7054263353347778, 1.8087855577468872
1.9741601943969727, 1.9793281555175781
2.0, 1.901808738708496
1.901808738708496, 2.0
2.0, 1.989664077758789
1.7054263353347778, 1.8087855577468872
2.0, 1.989664077758789
1.4935400485992432, 1.4728682041168213
1.4935400485992432, 1.4728682041168213
1.4780361652374268, 1.524547815322876
