actor_1,actor_2
2.0, 2.0
1.7260981798171997, 1.7364341020584106
2.0, 2.0
1.7260981798171997, 1.7364341020584106
2.0, 2.0
1.7260981798171997, 1.7364341020584106
2.0, 2.0
1.7260981798171997, 1.7364341020584106
2.0, 2.0
1.7260981798171997, 1.7364341020584106
1.049095630645752, 1.447028398513794
1.3229974508285522, 1.5762274265289307
1.6795865297317505, 1.829457402229309
1.9741601943969727, 1.8087855577468872
1.9844961166381836, 2.0
1.9741601943969727, 1.8087855577468872
1.9844961166381836, 2.0
1.9741601943969727, 1.8087855577468872
2.0, 1.9173126220703125
2.0, 1.684754490852356
1.922480583190918, 1.5555555820465088
1.684754490852356, 1.198966383934021
1.354005217552185, 1.0542635917663574
1.4160206317901611, 1.2816537618637085
0.8113695383071899, 0.842377245426178
0.8837209343910217, 1.0697674751281738
0.8837209343910217, 1.0697674751281738
1.1576226949691772, 1.4521963596343994
1.0542635917663574, 1.7002583742141724
1.3178294897079468, 1.8191214799880981
1.5503876209259033, 1.9276485443115234
1.684754490852356, 1.5762274265289307
1.5090439319610596, 1.8914728164672852
1.6279069185256958, 1.6330748796463013
1.684754490852356, 1.5762274265289307
1.5297157764434814, 1.4677002429962158
1.2609819173812866, 1.2351421117782593
0.9664082527160645, 1.116279125213623
0.9457364082336426, 0.961240291595459
1.4056847095489502, 1.3178294897079468
0.9457364082336426, 0.961240291595459
1.2351421117782593, 1.0180878639221191
0.9457364082336426, 0.961240291595459
1.2351421117782593, 1.0180878639221191
0.9457364082336426, 0.961240291595459
0.9457364082336426, 0.961240291595459
1.4056847095489502, 1.3178294897079468
0.9457364082336426, 0.961240291595459
