actor_1,actor_2
2.0, 2.0
2.0, 1.2609819173812866
1.9173126220703125, 1.02842378616333
1.9173126220703125, 1.02842378616333
1.0801033973693848, 0.5891472697257996
0.7648578882217407, 0.4961240291595459
0.7648578882217407, 0.4961240291595459
0.7648578882217407, 0.4961240291595459
