actor_1,actor_2
2.0, 2.0
2.0, 2.0
2.0, 2.0
2.0, 2.0
1.3695091009140015, 1.3695091009140015
0.6563307642936707, 1.2919896841049194
0.6563307642936707, 1.2919896841049194
0.8372092843055725, 1.4625322818756104
0.8372092843055725, 1.4625322818756104
1.0749354362487793, 1.7209302186965942
1.0904393196105957, 1.7829457521438599
1.1731265783309937, 2.0
1.1214470863342285, 2.0
1.0852713584899902, 2.0
1.0852713584899902, 2.0
1.0852713584899902, 2.0
1.0852713584899902, 2.0
1.2248061895370483, 2.0
1.2248061895370483, 2.0
1.2248061895370483, 2.0
1.6795865297317505, 2.0
1.751937985420227, 1.9379844665527344
1.8242894411087036, 1.2713178396224976
1.7984496355056763, 1.209302306175232
1.7312661409378052, 1.0904393196105957
