actor_1,actor_2
2.0, 2.0
2.0, 2.0
2.0, 2.0
2.0, 2.0
1.1731265783309937, 1.116279125213623
0.8682170510292053, 0.9819121360778809
0.8682170510292053, 0.9819121360778809
1.0904393196105957, 1.1214470863342285
1.0904393196105957, 1.1214470863342285
1.2041343450546265, 1.2919896841049194
1.1576226949691772, 1.3126615285873413
1.4056847095489502, 1.5193798542022705
1.4521963596343994, 1.6175711154937744
1.524547815322876, 1.5607235431671143
1.524547815322876, 1.5607235431671143
1.524547815322876, 1.5607235431671143
1.524547815322876, 1.5607235431671143
1.7157622575759888, 1.9379844665527344
1.7157622575759888, 1.9379844665527344
1.7157622575759888, 1.9379844665527344
1.9741601943969727, 2.0
2.0, 2.0
2.0, 2.0
2.0, 2.0
2.0, 2.0
2.0, 2.0
2.0, 2.0
