actor_1,actor_2
2.0, 2.0
2.0, 1.850129246711731
2.0, 1.534883737564087
2.0, 1.534883737564087
1.0956072807312012, 0.6614987254142761
0.7648578882217407, 0.48578810691833496
0.7648578882217407, 0.48578810691833496
0.7648578882217407, 0.48578810691833496
