actor_1,actor_2
2.0, 2.0
2.0, 1.6434108018875122
1.7932816743850708, 1.2351421117782593
1.7932816743850708, 1.2351421117782593
0.9664082527160645, 0.7906976938247681
0.723514199256897, 0.6925064325332642
0.723514199256897, 0.6925064325332642
0.723514199256897, 0.6925064325332642
