actor_1,actor_2
2.0, 2.0
2.0, 1.9069766998291016
2.0, 1.6795865297317505
2.0, 1.6795865297317505
1.18863046169281, 1.1421188116073608
0.8888888955116272, 1.0645995140075684
0.8888888955116272, 1.0645995140075684
1.1627906560897827, 1.2919896841049194
1.1627906560897827, 1.2919896841049194
1.3126615285873413, 1.4573643207550049
1.374677062034607, 1.524547815322876
1.4160206317901611, 1.7002583742141724
1.286821722984314, 1.6537467241287231
1.0542635917663574, 1.5813953876495361
1.0542635917663574, 1.5813953876495361
1.0542635917663574, 1.5813953876495361
1.0542635917663574, 1.5813953876495361
1.2299741506576538, 1.8552972078323364
1.2299741506576538, 1.8552972078323364
1.2299741506576538, 1.8552972078323364
1.503875970840454, 2.0
1.7157622575759888, 1.9638242721557617
1.4005167484283447, 1.4728682041168213
1.0801033973693848, 1.0645995140075684
