actor_1,actor_2
2.0, 1.932816505432129
1.7571059465408325, 1.2248061895370483
1.5607235431671143, 1.2506459951400757
1.5607235431671143, 1.2506459951400757
0.8682170510292053, 0.7080103158950806
0.5426356792449951, 0.5891472697257996
0.5426356792449951, 0.5891472697257996
0.5891472697257996, 0.7028423547744751
0.5891472697257996, 0.7028423547744751
0.6976743936538696, 0.6511628031730652
0.5891472697257996, 0.7028423547744751
