actor_1,actor_2
2.0, 2.0
2.0, 2.0
2.0, 1.9741601943969727
2.0, 1.9741601943969727
1.3333333730697632, 1.1834625005722046
0.842377245426178, 1.105943202972412
0.842377245426178, 1.105943202972412
1.1472867727279663, 1.354005217552185
1.1472867727279663, 1.354005217552185
1.2299741506576538, 1.6589146852493286
1.2196382284164429, 1.6537467241287231
1.4108526706695557, 2.0
1.5452196598052979, 2.0
1.4987080097198486, 1.591731309890747
1.4987080097198486, 1.591731309890747
1.4987080097198486, 1.591731309890747
1.4987080097198486, 1.591731309890747
1.684754490852356, 1.9069766998291016
1.684754490852356, 1.9069766998291016
1.684754490852356, 1.9069766998291016
2.0, 1.7984496355056763
2.0, 1.5090439319610596
2.0, 1.3695091009140015
2.0, 1.3695091009140015
2.0, 1.2454780340194702
2.0, 1.0697674751281738
2.0, 1.0697674751281738
2.0, 1.0852713584899902
1.8087855577468872, 1.116279125213623
1.4728682041168213, 0.8888888955116272
1.5658915042877197, 0.961240291595459
1.6330748796463013, 0.950904369354248
1.5968992710113525, 0.8733850121498108
1.5658915042877197, 0.9767441749572754
1.3126615285873413, 0.8940568566322327
1.2196382284164429, 0.9354005455970764
1.2454780340194702, 1.02842378616333
0.8733850121498108, 1.0697674751281738
0.8733850121498108, 1.0697674751281738
