actor_1,actor_2
2.0, 2.0
1.7674418687820435, 1.5607235431671143
1.2403100728988647, 1.1731265783309937
1.2403100728988647, 1.1731265783309937
0.6563307642936707, 0.5839793086051941
0.2583979368209839, 0.45478036999702454
0.2583979368209839, 0.45478036999702454
0.3927648663520813, 0.6356589198112488
0.3927648663520813, 0.6356589198112488
0.713178277015686, 0.8268733620643616
0.8113695383071899, 0.832041323184967
1.2299741506576538, 1.0542635917663574
0.8113695383071899, 0.832041323184967
1.0645995140075684, 0.8992248177528381
