actor_1,actor_2
2.0, 2.0
2.0, 2.0
2.0, 2.0
2.0, 2.0
2.0, 2.0
1.6537467241287231, 2.0
1.6537467241287231, 2.0
1.7157622575759888, 2.0
1.7157622575759888, 2.0
1.664082646369934, 2.0
1.6072351932525635, 2.0
1.5813953876495361, 2.0
1.3436692953109741, 2.0
1.049095630645752, 2.0
1.049095630645752, 2.0
1.049095630645752, 2.0
1.049095630645752, 2.0
1.1266149282455444, 2.0
1.1266149282455444, 2.0
1.1266149282455444, 2.0
1.1421188116073608, 2.0
1.0956072807312012, 2.0
0.9715762138366699, 2.0
0.9095607399940491, 2.0
