actor_1,actor_2
2.0, 2.0
2.0, 2.0
1.9069766998291016, 1.9173126220703125
2.0, 2.0
1.9069766998291016, 1.9173126220703125
1.5865633487701416, 1.2609819173812866
0.91989666223526, 1.0335917472839355
1.0542635917663574, 1.2299741506576538
1.2816537618637085, 1.5968992710113525
1.5400516986846924, 1.83979332447052
1.7054263353347778, 1.6537467241287231
1.5400516986846924, 1.83979332447052
1.7054263353347778, 1.6537467241287231
1.6692506074905396, 2.0
1.8036175966262817, 2.0
1.8449612855911255, 2.0
2.0, 2.0
2.0, 2.0
2.0, 2.0
2.0, 2.0
2.0, 2.0
2.0, 2.0
1.9069766998291016, 1.9173126220703125
1.286821722984314, 2.0
1.3178294897079468, 2.0
1.4521963596343994, 2.0
1.8139535188674927, 2.0
1.8449612855911255, 2.0
1.8811368942260742, 1.9276485443115234
1.8811368942260742, 1.9276485443115234
1.8811368942260742, 1.9276485443115234
2.0, 2.0
2.0, 2.0
2.0, 1.695090413093567
2.0, 1.4625322818756104
2.0, 1.1369508504867554
2.0, 1.2351421117782593
1.6899224519729614, 0.91989666223526
1.6795865297317505, 1.0801033973693848
1.5865633487701416, 1.1214470863342285
1.3953487873077393, 1.2403100728988647
1.116279125213623, 1.0697674751281738
0.6408268809318542, 0.9715762138366699
0.6408268809318542, 0.9715762138366699
1.0025839805603027, 1.447028398513794
1.1576226949691772, 1.7209302186965942
