actor_1,actor_2
2.0, 2.0
2.0, 2.0
1.922480583190918, 1.7312661409378052
1.922480583190918, 1.7312661409378052
1.105943202972412, 0.9974160194396973
0.7338501214981079, 0.8733850121498108
0.7338501214981079, 0.8733850121498108
0.8992248177528381, 1.0801033973693848
0.8992248177528381, 1.0801033973693848
1.4780361652374268, 1.2919896841049194
0.8992248177528381, 1.0801033973693848
