actor_1,actor_2
2.0, 2.0
2.0, 1.591731309890747
2.0, 1.1937984228134155
2.0, 1.1937984228134155
1.4521963596343994, 0.723514199256897
1.02842378616333, 0.6149870753288269
1.02842378616333, 0.6149870753288269
1.02842378616333, 0.6149870753288269
