actor_1,actor_2
2.0, 2.0
2.0, 1.8656331300735474
1.7984496355056763, 1.3488372564315796
1.7984496355056763, 1.3488372564315796
0.8165374398231506, 0.7648578882217407
0.3255814015865326, 0.6253229975700378
0.3255814015865326, 0.6253229975700378
0.682170569896698, 0.7338501214981079
0.682170569896698, 0.7338501214981079
1.1679586172103882, 1.0335917472839355
0.682170569896698, 0.7338501214981079
