actor_1,actor_2
2.0, 2.0
2.0, 1.6692506074905396
1.7674418687820435, 1.4832041263580322
1.7674418687820435, 1.4832041263580322
1.0129199028015137, 1.0335917472839355
0.8475452065467834, 1.1421188116073608
0.8475452065467834, 1.1421188116073608
1.0852713584899902, 1.2506459951400757
1.3953487873077393, 1.7105942964553833
1.6330748796463013, 1.8656331300735474
1.7054263353347778, 1.8036175966262817
1.762273907661438, 1.6589146852493286
1.695090413093567, 1.860465168952942
1.762273907661438, 1.6589146852493286
1.8139535188674927, 2.0
1.860465168952942, 1.922480583190918
1.860465168952942, 1.922480583190918
1.860465168952942, 1.922480583190918
2.0, 1.9276485443115234
2.0, 1.7157622575759888
2.0, 1.6382428407669067
2.0, 1.5710594654083252
2.0, 1.436692476272583
2.0, 1.2558139562606812
2.0, 1.1524547338485718
2.0, 1.1731265783309937
1.6692506074905396, 1.1627906560897827
1.2919896841049194, 1.0180878639221191
0.7803617715835571, 0.9974160194396973
0.7803617715835571, 0.9974160194396973
0.9457364082336426, 1.1369508504867554
1.1834625005722046, 1.266149878501892
1.3695091009140015, 1.297157645225525
