actor_1,actor_2
2.0, 2.0
2.0, 1.6382428407669067
1.7002583742141724, 1.3953487873077393
1.7002583742141724, 1.3953487873077393
0.5736433863639832, 1.0129199028015137
0.6718346476554871, 0.9974160194396973
0.6718346476554871, 0.9974160194396973
0.950904369354248, 1.1214470863342285
1.2919896841049194, 1.4521963596343994
1.4987080097198486, 1.850129246711731
1.6227390766143799, 1.6434108018875122
1.6382428407669067, 1.5452196598052979
1.5813953876495361, 1.7054263353347778
1.6382428407669067, 1.5452196598052979
1.6899224519729614, 2.0
1.7777777910232544, 1.901808738708496
1.7777777910232544, 1.901808738708496
1.7777777910232544, 1.901808738708496
2.0, 2.0
2.0, 2.0
2.0, 2.0
2.0, 2.0
2.0, 1.8242894411087036
2.0, 1.4521963596343994
1.9586563110351562, 1.426356554031372
1.8708010911941528, 1.374677062034607
1.4987080097198486, 1.2713178396224976
0.7803617715835571, 1.0749354362487793
0.8682170510292053, 1.1007752418518066
1.198966383934021, 1.276485800743103
1.2609819173812866, 1.3695091009140015
1.2299741506576538, 1.266149878501892
1.5297157764434814, 1.3901808261871338
1.2299741506576538, 1.266149878501892
1.5297157764434814, 1.3901808261871338
1.2299741506576538, 1.266149878501892
1.2351421117782593, 1.1627906560897827
1.2299741506576538, 1.266149878501892
1.2351421117782593, 1.1627906560897827
1.2299741506576538, 1.266149878501892
