actor_1,actor_2
2.0, 2.0
2.0, 2.0
2.0, 2.0
2.0, 2.0
1.4935400485992432, 1.6537467241287231
1.6072351932525635, 1.762273907661438
1.6072351932525635, 1.762273907661438
1.8242894411087036, 2.0
2.0, 2.0
1.8242894411087036, 2.0
2.0, 2.0
1.8242894411087036, 2.0
1.8863048553466797, 2.0
2.0, 2.0
1.8863048553466797, 2.0
2.0, 2.0
1.8863048553466797, 2.0
1.8346253633499146, 2.0
2.0, 2.0
