actor_1,actor_2
2.0, 2.0
2.0, 1.7209302186965942
1.912144660949707, 1.4625322818756104
1.912144660949707, 1.4625322818756104
0.950904369354248, 0.9095607399940491
0.7441860437393188, 0.7700258493423462
0.7441860437393188, 0.7700258493423462
1.0697674751281738, 0.950904369354248
0.7441860437393188, 0.7700258493423462
1.0697674751281738, 0.950904369354248
