actor_1,actor_2
2.0, 2.0
2.0, 2.0
2.0, 1.7829457521438599
2.0, 1.7829457521438599
1.5193798542022705, 1.354005217552185
1.3333333730697632, 1.3178294897079468
1.3333333730697632, 1.3178294897079468
1.3333333730697632, 1.3178294897079468
