actor_1,actor_2
1.9483203887939453, 2.0
1.7157622575759888, 2.0
1.8346253633499146, 2.0
1.9483203887939453, 2.0
2.0, 1.9844961166381836
2.0, 1.9431524276733398
2.0, 1.9534883499145508
2.0, 2.0
2.0, 1.9276485443115234
2.0, 1.1627906560897827
2.0, 1.0542635917663574
2.0, 1.0335917472839355
1.6589146852493286, 0.8992248177528381
1.4315245151519775, 0.8940568566322327
1.2403100728988647, 0.8217054009437561
1.1576226949691772, 0.8268733620643616
0.5012919902801514, 0.44961240887641907
0.5012919902801514, 0.44961240887641907
