actor_1,actor_2
2.0, 1.9793281555175781
2.0, 1.276485800743103
2.0, 1.1214470863342285
2.0, 1.1214470863342285
1.0129199028015137, 0.8062015771865845
0.5374677181243896, 0.6925064325332642
0.5374677181243896, 0.6925064325332642
0.7028423547744751, 0.7545219659805298
0.7028423547744751, 0.7545219659805298
0.8165374398231506, 0.8217054009437561
0.91989666223526, 0.8165374398231506
0.8165374398231506, 0.8217054009437561
