actor_1,actor_2
2.0, 2.0
2.0, 2.0
2.0, 1.8242894411087036
2.0, 1.8242894411087036
1.2248061895370483, 1.2041343450546265
0.9405684471130371, 1.105943202972412
0.9405684471130371, 1.105943202972412
1.1421188116073608, 1.2558139562606812
1.1421188116073608, 1.2558139562606812
1.2919896841049194, 1.4160206317901611
1.2558139562606812, 1.426356554031372
1.4883720874786377, 1.6899224519729614
1.612403154373169, 1.524547815322876
1.354005217552185, 1.503875970840454
1.524547815322876, 1.524547815322876
1.1731265783309937, 1.286821722984314
1.4573643207550049, 1.514211893081665
1.6692506074905396, 1.524547815322876
1.3074935674667358, 1.3229974508285522
1.5813953876495361, 1.5090439319610596
