actor_1,actor_2
1.9586563110351562, 1.9173126220703125
2.0, 1.3488372564315796
1.751937985420227, 1.2299741506576538
1.751937985420227, 1.2299741506576538
0.8733850121498108, 0.91989666223526
1.02842378616333, 0.930232584476471
0.5788113474845886, 0.8475452065467834
1.02842378616333, 0.930232584476471
0.5788113474845886, 0.8475452065467834
1.02842378616333, 0.930232584476471
