actor_1,actor_2
2.0, 1.922480583190918
2.0, 1.0439276695251465
1.860465168952942, 0.8785529732704163
1.860465168952942, 0.8785529732704163
1.0645995140075684, 0.5684754252433777
0.7441860437393188, 0.48578810691833496
0.7441860437393188, 0.48578810691833496
0.7441860437393188, 0.48578810691833496
