actor_1,actor_2
1.9844961166381836, 2.0
1.9379844665527344, 2.0
1.9276485443115234, 2.0
2.0, 2.0
2.0, 2.0
2.0, 2.0
2.0, 2.0
1.7416020631790161, 1.6434108018875122
1.4573643207550049, 1.354005217552185
1.4573643207550049, 1.354005217552185
0.8372092843055725, 1.0645995140075684
1.2196382284164429, 1.209302306175232
0.8217054009437561, 1.0232558250427246
0.5581395626068115, 0.8165374398231506
0.5581395626068115, 0.8165374398231506
0.7751938104629517, 0.9250646233558655
0.9974160194396973, 1.1421188116073608
1.2713178396224976, 1.7777777910232544
1.3436692953109741, 1.762273907661438
1.4005167484283447, 1.7054263353347778
1.4005167484283447, 1.7054263353347778
1.5297157764434814, 2.0
1.8139535188674927, 2.0
1.8139535188674927, 2.0
2.0, 2.0
2.0, 2.0
2.0, 2.0
2.0, 2.0
2.0, 2.0
2.0, 2.0
2.0, 2.0
2.0, 2.0
2.0, 2.0
1.6899224519729614, 1.6072351932525635
1.5090439319610596, 1.4573643207550049
1.5090439319610596, 1.4573643207550049
1.354005217552185, 1.297157645225525
1.354005217552185, 1.297157645225525
1.354005217552185, 1.297157645225525
1.3074935674667358, 1.3798449039459229
1.198966383934021, 1.2506459951400757
0.6770026087760925, 1.0439276695251465
0.6770026087760925, 1.0439276695251465
0.7441860437393188, 1.1007752418518066
0.7441860437393188, 1.1007752418518066
1.3488372564315796, 1.850129246711731
1.447028398513794, 2.0
1.514211893081665, 2.0
1.4883720874786377, 2.0
1.5297157764434814, 2.0
1.8139535188674927, 2.0
1.7829457521438599, 2.0
2.0, 2.0
2.0, 2.0
2.0, 2.0
2.0, 2.0
2.0, 2.0
2.0, 2.0
2.0, 2.0
1.9586563110351562, 1.9689922332763672
2.0, 2.0
1.989664077758789, 2.0
2.0, 2.0
2.0, 2.0
1.7312661409378052, 1.7467700242996216
2.0, 2.0
1.7674418687820435, 1.8708010911941528
2.0, 2.0
1.7777777910232544, 1.9173126220703125
2.0, 2.0
2.0, 2.0
1.7312661409378052, 1.7467700242996216
2.0, 2.0
1.7777777910232544, 1.9173126220703125
2.0, 2.0
1.850129246711731, 1.8966407775878906
2.0, 2.0
1.8759689331054688, 1.8966407775878906
