actor_1,actor_2
2.0, 2.0
1.4987080097198486, 1.5090439319610596
2.0, 2.0
1.4987080097198486, 1.5090439319610596
2.0, 2.0
1.4987080097198486, 1.5090439319610596
2.0, 2.0
1.4987080097198486, 1.5090439319610596
2.0, 2.0
1.4987080097198486, 1.5090439319610596
1.2506459951400757, 1.2558139562606812
1.524547815322876, 1.850129246711731
1.8346253633499146, 2.0
2.0, 2.0
2.0, 2.0
2.0, 2.0
1.8811368942260742, 1.8759689331054688
1.4987080097198486, 1.5090439319610596
1.6537467241287231, 1.5813953876495361
1.4987080097198486, 1.5090439319610596
1.2816537618637085, 1.447028398513794
1.7571059465408325, 2.0
1.8708010911941528, 2.0
1.7829457521438599, 2.0
1.7829457521438599, 2.0
2.0, 2.0
2.0, 2.0
2.0, 1.9689922332763672
2.0, 2.0
1.8191214799880981, 1.4883720874786377
1.6330748796463013, 1.266149878501892
1.3953487873077393, 1.3901808261871338
1.198966383934021, 1.2609819173812866
1.3953487873077393, 1.3901808261871338
0.832041323184967, 1.1266149282455444
1.0077519416809082, 1.2454780340194702
1.2248061895370483, 1.3281654119491577
1.209302306175232, 1.2919896841049194
1.8242894411087036, 1.9276485443115234
1.860465168952942, 2.0
1.829457402229309, 2.0
1.829457402229309, 2.0
1.829457402229309, 2.0
1.829457402229309, 2.0
2.0, 2.0
1.9586563110351562, 1.772609829902649
2.0, 1.4418604373931885
2.0, 1.2919896841049194
2.0, 1.059431552886963
2.0, 0.8578811287879944
1.8914728164672852, 0.8837209343910217
1.6537467241287231, 0.8578811287879944
1.524547815322876, 0.9560723304748535
1.3333333730697632, 1.0232558250427246
1.0077519416809082, 1.0801033973693848
1.1421188116073608, 1.1679586172103882
0.9560723304748535, 1.0904393196105957
0.9767441749572754, 1.059431552886963
0.9974160194396973, 0.9147287011146545
0.9767441749572754, 1.059431552886963
0.9974160194396973, 0.9147287011146545
0.9767441749572754, 1.059431552886963
0.9974160194396973, 0.9147287011146545
0.9767441749572754, 1.059431552886963
0.9974160194396973, 0.9147287011146545
0.9767441749572754, 1.059431552886963
0.9974160194396973, 0.9147287011146545
