actor_1,actor_2
2.0, 2.0
1.8449612855911255, 1.6072351932525635
1.5297157764434814, 1.2713178396224976
1.5297157764434814, 1.2713178396224976
0.7183462381362915, 0.7493540048599243
0.7028423547744751, 0.8578811287879944
0.7028423547744751, 0.8578811287879944
0.9767441749572754, 1.0542635917663574
1.3023256063461304, 1.6795865297317505
1.503875970840454, 1.7881137132644653
1.5607235431671143, 1.612403154373169
1.5968992710113525, 1.4780361652374268
1.5762274265289307, 1.664082646369934
1.5968992710113525, 1.4780361652374268
1.7105942964553833, 2.0
1.7260981798171997, 1.8552972078323364
1.7260981798171997, 1.8552972078323364
1.7260981798171997, 1.8552972078323364
1.9741601943969727, 2.0
2.0, 1.8863048553466797
2.0, 1.6692506074905396
2.0, 1.2919896841049194
2.0, 1.2919896841049194
2.0, 1.2919896841049194
2.0, 1.364341139793396
2.0, 1.059431552886963
2.0, 1.0232558250427246
2.0, 0.8785529732704163
1.8759689331054688, 0.7700258493423462
1.7054263353347778, 0.8268733620643616
1.0801033973693848, 0.8062015771865845
1.0335917472839355, 0.8785529732704163
0.6976743936538696, 0.8682170510292053
0.6976743936538696, 0.8682170510292053
0.6976743936538696, 0.8682170510292053
