actor_1,actor_2
2.0, 2.0
2.0, 1.8449612855911255
1.829457402229309, 1.4056847095489502
1.829457402229309, 1.4056847095489502
0.9664082527160645, 0.7390180826187134
0.5012919902801514, 0.7080103158950806
0.5012919902801514, 0.7080103158950806
0.6201550364494324, 0.8578811287879944
0.6201550364494324, 0.8578811287879944
0.8630490899085999, 1.1576226949691772
0.9870800971984863, 1.3591731786727905
1.3178294897079468, 1.9173126220703125
1.5090439319610596, 1.684754490852356
1.6175711154937744, 1.4677002429962158
1.4418604373931885, 1.7260981798171997
1.5710594654083252, 1.5193798542022705
1.3695091009140015, 1.7312661409378052
1.534883737564087, 1.534883737564087
1.3023256063461304, 1.3850128650665283
1.4677002429962158, 1.5503876209259033
1.684754490852356, 1.9483203887939453
1.7209302186965942, 1.901808738708496
1.7209302186965942, 1.901808738708496
1.7209302186965942, 1.901808738708496
1.829457402229309, 1.8139535188674927
1.829457402229309, 1.8139535188674927
1.829457402229309, 1.8139535188674927
1.8087855577468872, 1.8242894411087036
1.829457402229309, 1.8139535188674927
1.7674418687820435, 1.8242894411087036
1.829457402229309, 1.8139535188674927
2.0, 1.7105942964553833
1.989664077758789, 1.2713178396224976
1.3023256063461304, 1.0904393196105957
1.3023256063461304, 1.0904393196105957
1.2558139562606812, 1.1782945394515991
1.2144702672958374, 1.3850128650665283
1.2558139562606812, 1.1782945394515991
1.2144702672958374, 1.3850128650665283
