actor_1,actor_2
2.0, 2.0
2.0, 2.0
1.8346253633499146, 1.6899224519729614
1.8346253633499146, 1.6899224519729614
1.059431552886963, 1.0439276695251465
0.6718346476554871, 0.9870800971984863
0.6718346476554871, 0.9870800971984863
0.961240291595459, 1.18863046169281
0.961240291595459, 1.18863046169281
1.1007752418518066, 1.4883720874786377
1.1679586172103882, 1.7467700242996216
1.4521963596343994, 2.0
1.6795865297317505, 2.0
1.6795865297317505, 1.5968992710113525
1.5607235431671143, 2.0
1.674418568611145, 1.7002583742141724
1.6795865297317505, 1.5968992710113525
1.6330748796463013, 1.7932816743850708
1.6795865297317505, 1.5968992710113525
1.6279069185256958, 2.0
1.7777777910232544, 2.0
1.772609829902649, 2.0
1.772609829902649, 2.0
1.7467700242996216, 2.0
1.7467700242996216, 2.0
1.7467700242996216, 2.0
2.0, 2.0
2.0, 2.0
2.0, 1.2454780340194702
2.0, 1.0801033973693848
2.0, 1.0801033973693848
2.0, 1.0801033973693848
2.0, 1.038759708404541
1.8759689331054688, 0.8630490899085999
1.6692506074905396, 0.8062015771865845
1.7312661409378052, 0.91989666223526
1.8087855577468872, 0.9922480583190918
1.7054263353347778, 0.9974160194396973
1.4211885929107666, 1.0542635917663574
1.0645995140075684, 0.9664082527160645
0.6873385310173035, 0.9095607399940491
0.6873385310173035, 0.9095607399940491
0.91989666223526, 1.105943202972412
