actor_1,actor_2
2.0, 2.0
2.0, 2.0
2.0, 1.7467700242996216
2.0, 1.7467700242996216
1.4935400485992432, 1.0439276695251465
1.2144702672958374, 1.059431552886963
1.2144702672958374, 1.059431552886963
1.2144702672958374, 1.059431552886963
