actor_1,actor_2
1.772609829902649, 2.0
1.9689922332763672, 2.0
2.0, 1.9948320388793945
2.0, 1.9431524276733398
1.912144660949707, 2.0
2.0, 1.9431524276733398
1.9586563110351562, 1.9534883499145508
1.5813953876495361, 1.6072351932525635
1.8708010911941528, 2.0
2.0, 2.0
1.912144660949707, 2.0
2.0, 1.9431524276733398
1.912144660949707, 2.0
2.0, 1.9431524276733398
1.9586563110351562, 1.9534883499145508
1.6227390766143799, 1.3798449039459229
1.3695091009140015, 1.3281654119491577
1.3178294897079468, 1.5503876209259033
1.2041343450546265, 1.7467700242996216
1.4005167484283447, 2.0
1.772609829902649, 2.0
1.9689922332763672, 2.0
1.9638242721557617, 2.0
1.9586563110351562, 2.0
1.9586563110351562, 2.0
2.0, 1.8966407775878906
2.0, 1.5503876209259033
2.0, 1.354005217552185
2.0, 1.4160206317901611
2.0, 1.436692476272583
2.0, 1.5503876209259033
1.7054263353347778, 1.0129199028015137
1.4625322818756104, 0.8527131676673889
1.4625322818756104, 0.8527131676673889
1.1266149282455444, 0.6925064325332642
1.116279125213623, 0.8578811287879944
0.8372092843055725, 1.3488372564315796
0.6098191142082214, 1.4056847095489502
0.6098191142082214, 1.4056847095489502
0.8992248177528381, 1.8449612855911255
0.5788113474845886, 1.2041343450546265
0.7338501214981079, 1.4987080097198486
1.1111111640930176, 1.83979332447052
1.3178294897079468, 1.9483203887939453
1.5503876209259033, 1.7984496355056763
1.6330748796463013, 1.674418568611145
1.8036175966262817, 2.0
1.8036175966262817, 2.0
1.8036175966262817, 2.0
1.8036175966262817, 2.0
1.8346253633499146, 1.989664077758789
2.0, 1.9689922332763672
2.0, 1.5503876209259033
2.0, 1.354005217552185
2.0, 0.9560723304748535
2.0, 0.801033616065979
2.0, 0.801033616065979
2.0, 0.801033616065979
2.0, 0.8578811287879944
1.7932816743850708, 0.7906976938247681
1.5503876209259033, 0.6976743936538696
1.4780361652374268, 0.6563307642936707
1.266149878501892, 0.6098191142082214
1.266149878501892, 0.6098191142082214
1.02842378616333, 0.5322997570037842
0.9819121360778809, 0.6149870753288269
0.9819121360778809, 0.682170569896698
0.8268733620643616, 1.0801033973693848
0.5633074641227722, 1.1214470863342285
0.5633074641227722, 1.1214470863342285
0.5633074641227722, 1.1214470863342285
0.8527131676673889, 1.436692476272583
