actor_1,actor_2
2.0, 2.0
2.0, 2.0
1.9948320388793945, 2.0
2.0, 2.0
1.9948320388793945, 2.0
1.4780361652374268, 2.0
1.3229974508285522, 2.0
1.3901808261871338, 2.0
1.4521963596343994, 2.0
1.9534883499145508, 2.0
1.9534883499145508, 2.0
1.9534883499145508, 2.0
2.0, 2.0
2.0, 1.829457402229309
2.0, 1.829457402229309
2.0, 1.0542635917663574
2.0, 1.0697674751281738
2.0, 1.0852713584899902
2.0, 1.297157645225525
2.0, 1.5090439319610596
2.0, 1.5400516986846924
2.0, 1.5400516986846924
1.9793281555175781, 1.7312661409378052
1.9793281555175781, 1.7312661409378052
1.8552972078323364, 1.9379844665527344
1.503875970840454, 2.0
1.503875970840454, 2.0
1.3695091009140015, 2.0
1.3695091009140015, 2.0
1.5762274265289307, 2.0
1.6382428407669067, 2.0
1.684754490852356, 2.0
1.6795865297317505, 2.0
1.6382428407669067, 2.0
1.6382428407669067, 2.0
1.9534883499145508, 2.0
1.9534883499145508, 2.0
2.0, 2.0
2.0, 1.829457402229309
2.0, 1.829457402229309
2.0, 1.0542635917663574
2.0, 1.0542635917663574
2.0, 1.0697674751281738
2.0, 1.0852713584899902
2.0, 1.297157645225525
2.0, 1.5090439319610596
2.0, 1.5400516986846924
2.0, 1.5400516986846924
1.9534883499145508, 1.514211893081665
1.9534883499145508, 1.514211893081665
1.9793281555175781, 1.7312661409378052
1.9793281555175781, 1.7312661409378052
1.6175711154937744, 2.0
1.503875970840454, 2.0
0.9457364082336426, 2.0
0.9457364082336426, 2.0
0.5426356792449951, 2.0
0.8527131676673889, 2.0
0.8527131676673889, 2.0
1.049095630645752, 2.0
