actor_1,actor_2
2.0, 2.0
2.0, 1.6227390766143799
1.9948320388793945, 1.534883737564087
1.9948320388793945, 1.534883737564087
1.2558139562606812, 1.1421188116073608
0.7855297327041626, 1.038759708404541
0.7855297327041626, 1.038759708404541
0.842377245426178, 1.1266149282455444
0.842377245426178, 1.1266149282455444
1.0852713584899902, 1.1369508504867554
1.198966383934021, 1.2506459951400757
1.514211893081665, 2.0
1.7002583742141724, 1.8966407775878906
1.8139535188674927, 1.695090413093567
1.6072351932525635, 1.8656331300735474
1.751937985420227, 1.7260981798171997
1.524547815322876, 1.8242894411087036
1.6589146852493286, 1.6899224519729614
1.8139535188674927, 1.695090413093567
1.5658915042877197, 1.6279069185256958
1.8759689331054688, 2.0
1.9379844665527344, 2.0
1.9379844665527344, 2.0
1.9379844665527344, 2.0
1.989664077758789, 1.9534883499145508
1.989664077758789, 1.9534883499145508
1.989664077758789, 1.9534883499145508
1.922480583190918, 2.0
1.989664077758789, 1.9534883499145508
2.0, 2.0
2.0, 1.4935400485992432
1.8242894411087036, 1.1214470863342285
1.3074935674667358, 1.0335917472839355
1.276485800743103, 1.1111111640930176
1.2454780340194702, 1.1369508504867554
1.1524547338485718, 1.049095630645752
0.9095607399940491, 1.0697674751281738
