actor_1,actor_2
2.0, 2.0
2.0, 1.0439276695251465
1.514211893081665, 0.8113695383071899
1.514211893081665, 0.8113695383071899
0.6511628031730652, 0.4237726032733917
0.5271317958831787, 0.3927648663520813
0.5271317958831787, 0.3927648663520813
0.5271317958831787, 0.3927648663520813
