actor_1,actor_2
1.9586563110351562, 2.0
2.0, 2.0
1.9379844665527344, 2.0
2.0, 2.0
1.9379844665527344, 2.0
2.0, 2.0
1.9379844665527344, 2.0
2.0, 2.0
1.9379844665527344, 2.0
2.0, 2.0
1.9069766998291016, 2.0
2.0, 2.0
1.9069766998291016, 2.0
2.0, 2.0
1.9069766998291016, 2.0
2.0, 2.0
1.8914728164672852, 2.0
2.0, 2.0
1.8914728164672852, 2.0
2.0, 1.9948320388793945
1.8914728164672852, 2.0
2.0, 1.9948320388793945
1.8914728164672852, 2.0
2.0, 1.9948320388793945
1.8914728164672852, 2.0
2.0, 1.9793281555175781
2.0, 1.9844961166381836
1.7777777910232544, 0.7441860437393188
1.4780361652374268, 0.6149870753288269
1.447028398513794, 0.7803617715835571
1.1731265783309937, 0.842377245426178
1.1731265783309937, 0.842377245426178
0.6253229975700378, 0.6149870753288269
0.45478036999702454, 0.35142117738723755
0.45478036999702454, 0.35142117738723755
