actor_1,actor_2
2.0, 2.0
2.0, 1.503875970840454
2.0, 1.3126615285873413
2.0, 1.3126615285873413
1.4677002429962158, 0.91989666223526
1.2609819173812866, 0.8578811287879944
1.2609819173812866, 0.8578811287879944
1.2609819173812866, 0.8578811287879944
