actor_1,actor_2
2.0, 2.0
2.0, 1.6227390766143799
2.0, 1.354005217552185
2.0, 1.354005217552185
1.0904393196105957, 0.9405684471130371
0.6511628031730652, 0.8785529732704163
0.6511628031730652, 0.8785529732704163
0.8888888955116272, 1.0129199028015137
0.8888888955116272, 1.0129199028015137
1.1369508504867554, 1.1937984228134155
1.2506459951400757, 1.3695091009140015
1.4521963596343994, 2.0
1.4780361652374268, 2.0
1.5658915042877197, 1.9173126220703125
1.5658915042877197, 1.9173126220703125
1.5658915042877197, 1.9173126220703125
1.5658915042877197, 1.9173126220703125
1.7209302186965942, 2.0
1.7209302186965942, 2.0
1.7209302186965942, 2.0
2.0, 2.0
2.0, 2.0
2.0, 2.0
2.0, 2.0
2.0, 1.8966407775878906
2.0, 1.6795865297317505
2.0, 1.6795865297317505
2.0, 1.5865633487701416
2.0, 1.6537467241287231
2.0, 1.1679586172103882
2.0, 1.1266149282455444
2.0, 1.0129199028015137
2.0, 0.9715762138366699
2.0, 1.0335917472839355
1.9793281555175781, 0.9250646233558655
1.7002583742141724, 0.9354005455970764
1.5400516986846924, 0.9354005455970764
0.9819121360778809, 0.9405684471130371
0.9819121360778809, 0.9405684471130371
