actor_1,actor_2
1.8036175966262817, 1.9069766998291016
1.612403154373169, 2.0
1.4677002429962158, 1.7260981798171997
1.3850128650665283, 1.1421188116073608
1.3901808261871338, 0.9870800971984863
1.4418604373931885, 0.9354005455970764
1.4780361652374268, 1.0697674751281738
1.3436692953109741, 1.0077519416809082
1.3074935674667358, 1.0956072807312012
1.3074935674667358, 1.0956072807312012
1.426356554031372, 1.4056847095489502
1.4987080097198486, 1.5658915042877197
1.4056847095489502, 1.6692506074905396
1.426356554031372, 1.6899224519729614
1.426356554031372, 1.6899224519729614
1.4935400485992432, 1.7105942964553833
1.5400516986846924, 1.7674418687820435
1.4211885929107666, 1.9276485443115234
1.3591731786727905, 1.7002583742141724
1.3333333730697632, 1.4832041263580322
1.3333333730697632, 1.4832041263580322
1.374677062034607, 1.7105942964553833
1.374677062034607, 1.7105942964553833
1.426356554031372, 1.83979332447052
1.4005167484283447, 1.5555555820465088
1.374677062034607, 0.48578810691833496
1.286821722984314, 0.3049095571041107
1.286821722984314, 0.3049095571041107
1.286821722984314, 0.3049095571041107
1.286821722984314, 0.3049095571041107
1.2816537618637085, 0.2945736348628998
