actor_1,actor_2
2.0, 1.9844961166381836
2.0, 1.2816537618637085
1.850129246711731, 1.1369508504867554
1.850129246711731, 1.1369508504867554
1.0232558250427246, 0.7596899271011353
0.7441860437393188, 0.6614987254142761
0.7441860437393188, 0.6614987254142761
0.7441860437393188, 0.6614987254142761
