actor_1,actor_2
2.0, 2.0
2.0, 2.0
1.9793281555175781, 2.0
2.0, 2.0
1.9793281555175781, 2.0
1.5193798542022705, 1.503875970840454
0.7390180826187134, 1.5658915042877197
0.9715762138366699, 1.591731309890747
1.2816537618637085, 1.989664077758789
1.8346253633499146, 2.0
2.0, 2.0
1.8346253633499146, 2.0
2.0, 2.0
2.0, 2.0
1.4883720874786377, 2.0
1.9173126220703125, 2.0
2.0, 2.0
1.9173126220703125, 2.0
2.0, 2.0
1.7312661409378052, 2.0
2.0, 2.0
1.7312661409378052, 2.0
2.0, 2.0
1.7312661409378052, 2.0
2.0, 2.0
1.5400516986846924, 2.0
1.9844961166381836, 2.0
2.0, 2.0
1.9379844665527344, 2.0
2.0, 2.0
1.684754490852356, 2.0
2.0, 2.0
1.684754490852356, 2.0
2.0, 2.0
1.684754490852356, 2.0
2.0, 2.0
1.4573643207550049, 1.8811368942260742
1.9638242721557617, 2.0
2.0, 2.0
1.9638242721557617, 2.0
2.0, 2.0
1.7105942964553833, 2.0
2.0, 2.0
1.6175711154937744, 2.0
2.0, 2.0
1.3488372564315796, 1.772609829902649
1.8708010911941528, 2.0
2.0, 2.0
1.8708010911941528, 2.0
2.0, 2.0
1.6175711154937744, 2.0
2.0, 2.0
1.6175711154937744, 2.0
2.0, 2.0
1.3850128650665283, 1.7416020631790161
1.8708010911941528, 2.0
2.0, 2.0
1.6175711154937744, 2.0
2.0, 2.0
1.6175711154937744, 2.0
2.0, 2.0
1.3850128650665283, 1.7416020631790161
1.8708010911941528, 2.0
2.0, 2.0
1.6175711154937744, 2.0
2.0, 2.0
1.6175711154937744, 2.0
2.0, 2.0
1.3850128650665283, 1.7416020631790161
1.8708010911941528, 2.0
2.0, 2.0
1.6175711154937744, 2.0
2.0, 2.0
1.6175711154937744, 2.0
2.0, 2.0
1.3850128650665283, 1.7416020631790161
1.8708010911941528, 2.0
2.0, 2.0
1.6175711154937744, 2.0
2.0, 2.0
1.297157645225525, 1.5658915042877197
1.7881137132644653, 2.0
2.0, 2.0
1.5400516986846924, 1.8346253633499146
2.0, 2.0
1.297157645225525, 1.5658915042877197
1.7881137132644653, 2.0
2.0, 2.0
1.5400516986846924, 1.8346253633499146
2.0, 2.0
1.5400516986846924, 1.8346253633499146
1.7881137132644653, 2.0
2.0, 2.0
1.5400516986846924, 1.8346253633499146
2.0, 2.0
1.5400516986846924, 1.8346253633499146
1.7881137132644653, 2.0
2.0, 2.0
1.5400516986846924, 1.8346253633499146
2.0, 2.0
1.5400516986846924, 1.8346253633499146
1.7881137132644653, 2.0
2.0, 2.0
1.5400516986846924, 1.8346253633499146
2.0, 2.0
1.297157645225525, 1.5658915042877197
1.7881137132644653, 2.0
2.0, 2.0
1.5400516986846924, 1.8346253633499146
2.0, 2.0
1.297157645225525, 1.5658915042877197
