actor_1,actor_2
1.5658915042877197, 2.0
1.751937985420227, 1.9431524276733398
1.8811368942260742, 1.9483203887939453
1.9431524276733398, 1.8656331300735474
2.0, 1.8449612855911255
1.9844961166381836, 1.4108526706695557
1.7777777910232544, 1.447028398513794
1.7054263353347778, 0.842377245426178
1.6589146852493286, 0.8268733620643616
1.6589146852493286, 0.8268733620643616
1.13178288936615, 0.723514199256897
1.0956072807312012, 0.8113695383071899
0.43410852551460266, 0.3617570996284485
0.43410852551460266, 0.3617570996284485
0.43410852551460266, 0.3617570996284485
