actor_1,actor_2
2.0, 2.0
2.0, 1.9741601943969727
2.0, 1.5555555820465088
2.0, 1.5555555820465088
1.038759708404541, 0.8940568566322327
0.6873385310173035, 0.9095607399940491
0.6873385310173035, 0.9095607399940491
0.9922480583190918, 1.0542635917663574
0.9922480583190918, 1.0542635917663574
1.1731265783309937, 1.4315245151519775
1.1266149282455444, 1.5865633487701416
1.3591731786727905, 2.0
1.503875970840454, 1.8759689331054688
1.5762274265289307, 1.4625322818756104
1.4056847095489502, 1.932816505432129
1.5503876209259033, 1.4728682041168213
1.3385013341903687, 1.989664077758789
1.4935400485992432, 1.6485787630081177
1.5762274265289307, 1.4625322818756104
1.3798449039459229, 1.664082646369934
1.83979332447052, 2.0
1.860465168952942, 2.0
1.860465168952942, 2.0
1.860465168952942, 2.0
2.0, 1.8811368942260742
2.0, 1.8811368942260742
2.0, 1.8811368942260742
1.989664077758789, 1.9069766998291016
1.8036175966262817, 2.0
1.989664077758789, 1.9069766998291016
1.8036175966262817, 2.0
1.9173126220703125, 1.8036175966262817
1.5658915042877197, 1.524547815322876
1.4780361652374268, 1.3488372564315796
1.4780361652374268, 1.3488372564315796
1.524547815322876, 1.4056847095489502
1.514211893081665, 1.4832041263580322
1.524547815322876, 1.364341139793396
