actor_1,actor_2
2.0, 2.0
1.932816505432129, 1.9534883499145508
2.0, 2.0
1.932816505432129, 1.9534883499145508
2.0, 2.0
1.932816505432129, 1.9534883499145508
2.0, 2.0
1.932816505432129, 1.9534883499145508
2.0, 2.0
1.932816505432129, 1.9534883499145508
0.91989666223526, 1.8552972078323364
1.286821722984314, 2.0
1.674418568611145, 2.0
1.9948320388793945, 2.0
1.9948320388793945, 2.0
1.9948320388793945, 2.0
1.9741601943969727, 1.7829457521438599
2.0, 1.2816537618637085
2.0, 1.2816537618637085
2.0, 1.049095630645752
2.0, 1.1111111640930176
2.0, 1.2248061895370483
1.9638242721557617, 1.059431552886963
1.9431524276733398, 0.8475452065467834
1.8242894411087036, 0.7596899271011353
1.8242894411087036, 0.7596899271011353
1.2609819173812866, 0.7390180826187134
1.2609819173812866, 0.7390180826187134
0.930232584476471, 0.9250646233558655
0.7596899271011353, 1.0801033973693848
0.38242894411087036, 1.0645995140075684
0.38242894411087036, 1.0645995140075684
0.341085284948349, 0.6925064325332642
0.5478036403656006, 1.0335917472839355
0.5478036403656006, 1.0335917472839355
