actor_1,actor_2
2.0, 2.0
2.0, 1.8036175966262817
1.591731309890747, 1.4625322818756104
1.591731309890747, 1.4625322818756104
0.7545219659805298, 0.9560723304748535
0.8785529732704163, 1.049095630645752
0.8785529732704163, 1.049095630645752
1.276485800743103, 1.1679586172103882
0.8785529732704163, 1.049095630645752
1.276485800743103, 1.1679586172103882
0.8785529732704163, 1.049095630645752
1.276485800743103, 1.1679586172103882
0.8785529732704163, 1.049095630645752
