actor_1,actor_2
2.0, 2.0
2.0, 1.4056847095489502
2.0, 1.1214470863342285
2.0, 1.1214470863342285
1.3436692953109741, 0.7648578882217407
1.049095630645752, 0.7906976938247681
1.049095630645752, 0.7906976938247681
1.049095630645752, 0.7906976938247681
