actor_1,actor_2
2.0, 2.0
1.7777777910232544, 2.0
2.0, 2.0
1.7777777910232544, 2.0
2.0, 2.0
1.7777777910232544, 2.0
2.0, 2.0
1.7777777910232544, 2.0
2.0, 2.0
1.7777777910232544, 2.0
1.1472867727279663, 2.0
1.3333333730697632, 2.0
1.6227390766143799, 2.0
1.9379844665527344, 2.0
1.9379844665527344, 2.0
1.9379844665527344, 2.0
1.9379844665527344, 2.0
1.9741601943969727, 1.4160206317901611
1.9741601943969727, 1.4160206317901611
1.9379844665527344, 0.8682170510292053
1.9379844665527344, 0.8682170510292053
1.9379844665527344, 0.8682170510292053
1.9844961166381836, 0.8940568566322327
1.9173126220703125, 1.059431552886963
1.7777777910232544, 1.2609819173812866
1.4056847095489502, 1.1214470863342285
1.0232558250427246, 0.8785529732704163
1.0232558250427246, 0.8785529732704163
0.8785529732704163, 0.723514199256897
0.8785529732704163, 0.723514199256897
0.8785529732704163, 0.723514199256897
0.8785529732704163, 0.723514199256897
0.8475452065467834, 0.842377245426178
0.9715762138366699, 1.447028398513794
1.049095630645752, 1.7157622575759888
0.3720930218696594, 1.6072351932525635
0.3720930218696594, 1.6072351932525635
0.3720930218696594, 1.6072351932525635
0.3720930218696594, 1.6072351932525635
