actor_1,actor_2
2.0, 2.0
1.9069766998291016, 2.0
2.0, 2.0
1.9069766998291016, 2.0
2.0, 2.0
1.9069766998291016, 2.0
2.0, 2.0
1.9069766998291016, 2.0
2.0, 2.0
1.9069766998291016, 2.0
1.0025839805603027, 1.602067232131958
1.1679586172103882, 1.5813953876495361
1.2816537618637085, 1.8863048553466797
1.4780361652374268, 1.860465168952942
1.4780361652374268, 1.860465168952942
1.4780361652374268, 1.860465168952942
1.4935400485992432, 1.7984496355056763
1.5658915042877197, 1.8449612855911255
1.5658915042877197, 1.8449612855911255
1.4728682041168213, 1.6072351932525635
1.4625322818756104, 1.5297157764434814
