actor_1,actor_2
1.8759689331054688, 2.0
1.9069766998291016, 2.0
1.9793281555175781, 1.674418568611145
2.0, 1.6330748796463013
1.860465168952942, 2.0
2.0, 1.6330748796463013
1.8863048553466797, 1.83979332447052
1.684754490852356, 1.2144702672958374
1.524547815322876, 1.0852713584899902
1.524547815322876, 1.0852713584899902
1.0077519416809082, 1.0077519416809082
1.0077519416809082, 1.0077519416809082
0.12403100728988647, 0.6356589198112488
0.12403100728988647, 0.6356589198112488
0.12403100728988647, 0.6356589198112488
0.2532299757003784, 0.7028423547744751
