actor_1,actor_2
2.0, 2.0
2.0, 2.0
1.4780361652374268, 1.276485800743103
1.4780361652374268, 1.276485800743103
0.7028423547744751, 0.682170569896698
0.4651162922382355, 0.43927648663520813
0.4651162922382355, 0.43927648663520813
0.4651162922382355, 0.43927648663520813
