actor_1,actor_2
1.9844961166381836, 2.0
1.9844961166381836, 2.0
2.0, 2.0
1.9741601943969727, 2.0
2.0, 1.9379844665527344
2.0, 1.9483203887939453
1.8811368942260742, 2.0
2.0, 1.9483203887939453
1.8811368942260742, 2.0
2.0, 1.9483203887939453
2.0, 1.912144660949707
1.7209302186965942, 0.8062015771865845
1.1524547338485718, 0.6976743936538696
1.1524547338485718, 0.6976743936538696
0.6873385310173035, 0.7803617715835571
1.364341139793396, 0.9974160194396973
0.6873385310173035, 0.8475452065467834
0.5684754252433777, 0.6511628031730652
0.5684754252433777, 0.6511628031730652
0.8475452065467834, 0.842377245426178
0.5684754252433777, 0.6511628031730652
0.8475452065467834, 0.842377245426178
0.5684754252433777, 0.6511628031730652
0.8475452065467834, 0.842377245426178
0.5684754252433777, 0.6511628031730652
0.8475452065467834, 0.842377245426178
