actor_1,actor_2
2.0, 2.0
1.901808738708496, 1.9689922332763672
2.0, 2.0
1.901808738708496, 1.9689922332763672
2.0, 2.0
1.901808738708496, 1.9689922332763672
2.0, 2.0
1.901808738708496, 1.9689922332763672
2.0, 2.0
1.901808738708496, 1.9689922332763672
1.2713178396224976, 1.354005217552185
1.7984496355056763, 1.602067232131958
1.5090439319610596, 2.0
2.0, 2.0
1.5090439319610596, 2.0
1.8811368942260742, 2.0
2.0, 1.9844961166381836
1.8811368942260742, 2.0
2.0, 2.0
2.0, 2.0
1.2403100728988647, 1.6485787630081177
1.7157622575759888, 2.0
2.0, 2.0
1.5555555820465088, 1.8036175966262817
1.9483203887939453, 2.0
2.0, 1.860465168952942
2.0, 2.0
1.8863048553466797, 1.9741601943969727
1.932816505432129, 1.850129246711731
1.4625322818756104, 1.5658915042877197
1.7777777910232544, 1.8759689331054688
2.0, 1.762273907661438
2.0, 2.0
1.5813953876495361, 1.436692476272583
1.116279125213623, 1.3488372564315796
1.1627906560897827, 1.0645995140075684
1.116279125213623, 1.3488372564315796
1.1627906560897827, 1.0645995140075684
1.116279125213623, 1.3488372564315796
1.1627906560897827, 1.0645995140075684
1.116279125213623, 1.3488372564315796
1.1627906560897827, 1.0645995140075684
1.116279125213623, 1.3488372564315796
1.1627906560897827, 1.0645995140075684
