actor_1,actor_2
2.0, 2.0
1.829457402229309, 1.762273907661438
1.6330748796463013, 1.4418604373931885
1.6330748796463013, 1.4418604373931885
0.682170569896698, 0.8165374398231506
0.6614987254142761, 0.8113695383071899
0.6614987254142761, 0.8113695383071899
0.7545219659805298, 0.9354005455970764
0.9767441749572754, 1.2041343450546265
1.514211893081665, 1.4418604373931885
0.9767441749572754, 1.2041343450546265
1.3178294897079468, 1.5090439319610596
1.751937985420227, 1.3901808261871338
1.18863046169281, 1.4883720874786377
1.5710594654083252, 1.3695091009140015
1.0077519416809082, 1.1214470863342285
1.5710594654083252, 1.3695091009140015
1.0077519416809082, 1.1214470863342285
1.6175711154937744, 1.9483203887939453
1.9741601943969727, 1.7984496355056763
1.4935400485992432, 1.912144660949707
1.7881137132644653, 1.7777777910232544
1.297157645225525, 1.4160206317901611
1.7881137132644653, 1.7777777910232544
1.297157645225525, 1.4160206317901611
1.6072351932525635, 1.8346253633499146
1.9689922332763672, 1.6692506074905396
1.4677002429962158, 1.602067232131958
1.772609829902649, 1.6382428407669067
1.266149878501892, 1.1369508504867554
1.0904393196105957, 0.9715762138366699
1.0542635917663574, 1.105943202972412
1.0904393196105957, 0.9715762138366699
1.0542635917663574, 1.105943202972412
