actor_1,actor_2
2.0, 2.0
2.0, 2.0
2.0, 2.0
2.0, 2.0
1.2144702672958374, 1.4987080097198486
0.8888888955116272, 2.0
0.8888888955116272, 2.0
1.1421188116073608, 2.0
1.3901808261871338, 2.0
1.6485787630081177, 2.0
1.7777777910232544, 1.674418568611145
1.5400516986846924, 2.0
1.7105942964553833, 1.7984496355056763
1.8036175966262817, 1.4935400485992432
1.664082646369934, 1.8346253633499146
1.8656331300735474, 1.6537467241287231
1.751937985420227, 2.0
1.8656331300735474, 1.6537467241287231
1.6589146852493286, 2.0
1.8656331300735474, 1.6537467241287231
1.6589146852493286, 2.0
1.8087855577468872, 1.7312661409378052
1.5503876209259033, 2.0
1.7571059465408325, 1.4108526706695557
1.4625322818756104, 1.7105942964553833
1.7054263353347778, 1.4315245151519775
1.3591731786727905, 1.5865633487701416
1.7054263353347778, 1.4315245151519775
1.3591731786727905, 1.5865633487701416
1.7054263353347778, 1.4315245151519775
1.3591731786727905, 1.5865633487701416
1.5813953876495361, 1.4418604373931885
1.1576226949691772, 1.3850128650665283
1.4573643207550049, 1.4625322818756104
1.7571059465408325, 1.4108526706695557
1.4573643207550049, 1.4625322818756104
1.7054263353347778, 1.4315245151519775
1.3436692953109741, 1.3178294897079468
1.0645995140075684, 1.1007752418518066
1.276485800743103, 1.0852713584899902
1.0645995140075684, 1.1007752418518066
1.0645995140075684, 1.1007752418518066
1.4005167484283447, 1.2144702672958374
1.0645995140075684, 1.1007752418518066
1.4005167484283447, 1.2144702672958374
1.0645995140075684, 1.1007752418518066
1.276485800743103, 1.0852713584899902
1.0645995140075684, 1.1007752418518066
1.0852713584899902, 0.9457364082336426
1.0645995140075684, 1.1007752418518066
1.0852713584899902, 0.9457364082336426
1.0645995140075684, 1.1007752418518066
