actor_1,actor_2
2.0, 1.5090439319610596
2.0, 1.3488372564315796
2.0, 1.3281654119491577
2.0, 1.3281654119491577
1.0852713584899902, 1.209302306175232
0.8578811287879944, 1.1421188116073608
0.8578811287879944, 1.1421188116073608
1.2454780340194702, 1.1421188116073608
0.8578811287879944, 1.1421188116073608
1.2454780340194702, 1.1421188116073608
0.8578811287879944, 1.1421188116073608
1.2454780340194702, 1.1421188116073608
0.8578811287879944, 1.1421188116073608
