actor_1,actor_2
2.0, 2.0
2.0, 1.426356554031372
1.7209302186965942, 1.3901808261871338
1.7209302186965942, 1.3901808261871338
0.9250646233558655, 1.3126615285873413
0.91989666223526, 1.1627906560897827
0.91989666223526, 1.1627906560897827
1.3333333730697632, 1.1576226949691772
0.91989666223526, 1.1627906560897827
1.3333333730697632, 1.1576226949691772
0.91989666223526, 1.1627906560897827
1.3333333730697632, 1.1576226949691772
0.91989666223526, 1.1627906560897827
