actor_1,actor_2
2.0, 2.0
2.0, 1.5503876209259033
1.860465168952942, 0.950904369354248
1.860465168952942, 0.950904369354248
1.0335917472839355, 0.5271317958831787
0.832041323184967, 0.3204134404659271
0.832041323184967, 0.3204134404659271
0.832041323184967, 0.3204134404659271
