actor_1,actor_2
2.0, 2.0
2.0, 2.0
2.0, 1.8552972078323364
2.0, 1.8552972078323364
1.297157645225525, 1.5813953876495361
1.3385013341903687, 1.8036175966262817
1.3385013341903687, 1.8036175966262817
1.751937985420227, 2.0
1.9586563110351562, 2.0
2.0, 2.0
1.9586563110351562, 2.0
2.0, 2.0
1.7984496355056763, 2.0
2.0, 2.0
1.7984496355056763, 2.0
1.9844961166381836, 2.0
2.0, 2.0
1.7932816743850708, 2.0
2.0, 2.0
1.7932816743850708, 2.0
1.9483203887939453, 2.0
2.0, 2.0
2.0, 2.0
2.0, 2.0
2.0, 2.0
