actor_1,actor_2
2.0, 2.0
2.0, 1.7984496355056763
2.0, 1.7467700242996216
2.0, 1.7467700242996216
1.4780361652374268, 1.6589146852493286
1.3436692953109741, 1.8191214799880981
1.3436692953109741, 1.8191214799880981
1.4315245151519775, 1.8708010911941528
1.5297157764434814, 1.9793281555175781
1.695090413093567, 2.0
1.7105942964553833, 1.9069766998291016
1.7157622575759888, 1.674418568611145
1.7002583742141724, 2.0
1.7157622575759888, 1.674418568611145
1.8914728164672852, 2.0
1.8449612855911255, 1.7881137132644653
1.8914728164672852, 2.0
1.8449612855911255, 1.7881137132644653
1.8914728164672852, 2.0
1.8449612855911255, 1.7881137132644653
1.8656331300735474, 2.0
1.83979332447052, 1.8242894411087036
1.922480583190918, 1.534883737564087
1.664082646369934, 1.3229974508285522
1.7002583742141724, 1.4315245151519775
1.7105942964553833, 1.4677002429962158
1.5762274265289307, 1.3953487873077393
1.3229974508285522, 1.266149878501892
1.3798449039459229, 1.5658915042877197
