actor_1,actor_2
2.0, 2.0
2.0, 1.5607235431671143
1.9689922332763672, 1.1576226949691772
1.9689922332763672, 1.1576226949691772
1.0542635917663574, 0.6976743936538696
0.7545219659805298, 0.6718346476554871
0.7545219659805298, 0.6718346476554871
0.7545219659805298, 0.6718346476554871
