actor_1,actor_2
2.0, 2.0
2.0, 2.0
2.0, 2.0
2.0, 2.0
1.266149878501892, 2.0
1.2919896841049194, 2.0
1.2919896841049194, 2.0
1.354005217552185, 2.0
1.4832041263580322, 2.0
1.534883737564087, 2.0
1.436692476272583, 1.6072351932525635
1.364341139793396, 1.4211885929107666
1.364341139793396, 1.4211885929107666
1.364341139793396, 1.4211885929107666
1.6382428407669067, 1.684754490852356
1.901808738708496, 1.7416020631790161
2.0, 1.3901808261871338
2.0, 0.6356589198112488
2.0, 0.5581395626068115
2.0, 0.5581395626068115
2.0, 0.9715762138366699
2.0, 1.4056847095489502
2.0, 1.7312661409378052
2.0, 1.8242894411087036
2.0, 1.860465168952942
2.0, 1.912144660949707
1.7260981798171997, 2.0
2.0, 2.0
1.1937984228134155, 2.0
1.5503876209259033, 2.0
1.5503876209259033, 2.0
1.6330748796463013, 2.0
1.5762274265289307, 2.0
1.4521963596343994, 2.0
1.664082646369934, 2.0
1.7984496355056763, 1.4883720874786377
1.5865633487701416, 1.922480583190918
1.7571059465408325, 1.5710594654083252
1.5865633487701416, 1.922480583190918
1.602067232131958, 1.7312661409378052
1.7984496355056763, 1.4883720874786377
1.4832041263580322, 1.7105942964553833
1.7571059465408325, 1.5710594654083252
1.5865633487701416, 1.922480583190918
1.6589146852493286, 1.6537467241287231
1.354005217552185, 1.8191214799880981
1.4832041263580322, 1.7105942964553833
1.7571059465408325, 1.5710594654083252
1.4108526706695557, 1.6330748796463013
1.5193798542022705, 1.6382428407669067
1.684754490852356, 1.3850128650665283
1.4108526706695557, 1.6330748796463013
1.6537467241287231, 1.4780361652374268
1.2351421117782593, 1.5555555820465088
1.5193798542022705, 1.6382428407669067
1.684754490852356, 1.3850128650665283
1.4108526706695557, 1.6330748796463013
1.6537467241287231, 1.4780361652374268
