actor_1,actor_2
2.0, 2.0
1.7364341020584106, 1.2144702672958374
1.5658915042877197, 0.9922480583190918
1.5658915042877197, 0.9922480583190918
0.9250646233558655, 0.6718346476554871
0.6976743936538696, 0.41860464215278625
0.6976743936538696, 0.41860464215278625
0.6976743936538696, 0.41860464215278625
