actor_1,actor_2
2.0, 2.0
2.0, 2.0
2.0, 2.0
2.0, 2.0
1.5607235431671143, 2.0
1.6434108018875122, 2.0
1.6434108018875122, 2.0
1.7984496355056763, 2.0
1.8914728164672852, 2.0
1.772609829902649, 2.0
1.695090413093567, 2.0
1.6692506074905396, 2.0
1.6692506074905396, 2.0
1.6692506074905396, 2.0
1.8759689331054688, 2.0
2.0, 2.0
1.8811368942260742, 2.0
1.4987080097198486, 1.6537467241287231
1.4418604373931885, 1.2144702672958374
1.286821722984314, 0.7803617715835571
1.286821722984314, 0.7803617715835571
1.286821722984314, 0.7803617715835571
1.286821722984314, 0.7803617715835571
1.1834625005722046, 0.5891472697257996
1.2041343450546265, 0.594315230846405
1.1007752418518066, 0.8940568566322327
1.1834625005722046, 1.1834625005722046
1.1421188116073608, 1.0697674751281738
1.105943202972412, 1.0025839805603027
1.105943202972412, 1.0025839805603027
1.0129199028015137, 0.9147287011146545
1.1214470863342285, 0.9767441749572754
1.1214470863342285, 0.9767441749572754
1.1214470863342285, 0.9767441749572754
1.2403100728988647, 1.198966383934021
1.3953487873077393, 1.436692476272583
1.7881137132644653, 2.0
1.7467700242996216, 2.0
1.7467700242996216, 2.0
1.7467700242996216, 2.0
1.3901808261871338, 2.0
1.6434108018875122, 2.0
1.6434108018875122, 2.0
1.7312661409378052, 2.0
1.8036175966262817, 2.0
1.7881137132644653, 2.0
1.695090413093567, 2.0
1.6692506074905396, 2.0
1.6692506074905396, 2.0
1.6692506074905396, 2.0
1.8759689331054688, 2.0
1.8759689331054688, 2.0
1.8759689331054688, 2.0
1.8449612855911255, 2.0
1.6227390766143799, 1.9586563110351562
1.3953487873077393, 0.9457364082336426
1.286821722984314, 0.7803617715835571
1.1834625005722046, 0.5891472697257996
