actor_1,actor_2
2.0, 2.0
2.0, 1.4987080097198486
1.6537467241287231, 1.3488372564315796
1.6537467241287231, 1.3488372564315796
1.0801033973693848, 0.9560723304748535
0.6253229975700378, 0.9560723304748535
0.6253229975700378, 0.9560723304748535
0.7441860437393188, 1.0439276695251465
0.7441860437393188, 1.0439276695251465
1.0025839805603027, 1.1369508504867554
1.13178288936615, 1.1266149282455444
1.0025839805603027, 1.1369508504867554
