actor_1,actor_2
1.9586563110351562, 2.0
1.612403154373169, 2.0
1.6382428407669067, 2.0
1.7777777910232544, 2.0
1.932816505432129, 2.0
2.0, 2.0
2.0, 2.0
2.0, 2.0
2.0, 2.0
2.0, 2.0
2.0, 2.0
2.0, 2.0
2.0, 2.0
2.0, 2.0
2.0, 2.0
2.0, 2.0
2.0, 2.0
2.0, 2.0
1.3695091009140015, 2.0
1.049095630645752, 1.5710594654083252
0.7751938104629517, 1.3074935674667358
0.7751938104629517, 1.3074935674667358
0.7751938104629517, 1.3074935674667358
0.9974160194396973, 1.4625322818756104
0.9974160194396973, 1.4625322818756104
1.1472867727279663, 1.6899224519729614
1.2558139562606812, 1.9586563110351562
1.2403100728988647, 2.0
1.2248061895370483, 1.850129246711731
1.2041343450546265, 1.7777777910232544
1.2041343450546265, 1.7777777910232544
1.2041343450546265, 1.7777777910232544
1.2041343450546265, 1.7777777910232544
1.2041343450546265, 1.7777777910232544
1.374677062034607, 2.0
1.591731309890747, 2.0
2.0, 2.0
2.0, 2.0
2.0, 2.0
2.0, 2.0
