actor_1,actor_2
2.0, 2.0
1.6485787630081177, 2.0
2.0, 2.0
1.6485787630081177, 2.0
2.0, 2.0
1.6485787630081177, 2.0
2.0, 2.0
1.6485787630081177, 2.0
2.0, 2.0
1.6485787630081177, 2.0
1.2144702672958374, 1.6589146852493286
1.514211893081665, 1.751937985420227
1.6537467241287231, 2.0
1.772609829902649, 2.0
1.772609829902649, 2.0
1.772609829902649, 2.0
1.8087855577468872, 2.0
2.0, 1.6537467241287231
2.0, 1.6537467241287231
2.0, 1.0904393196105957
2.0, 1.0904393196105957
2.0, 1.0904393196105957
2.0, 1.1266149282455444
2.0, 1.2299741506576538
2.0, 1.3695091009140015
2.0, 1.3488372564315796
1.850129246711731, 1.2403100728988647
1.850129246711731, 1.2403100728988647
1.5813953876495361, 1.18863046169281
1.5813953876495361, 1.18863046169281
1.5813953876495361, 1.18863046169281
1.5813953876495361, 1.18863046169281
1.4832041263580322, 1.3488372564315796
0.7648578882217407, 1.6175711154937744
0.7183462381362915, 1.6279069185256958
0.3772609829902649, 1.2248061895370483
0.3772609829902649, 1.2248061895370483
0.3772609829902649, 1.2248061895370483
0.3772609829902649, 1.2248061895370483
