actor_1,actor_2
2.0, 2.0
2.0, 2.0
2.0, 1.7571059465408325
2.0, 1.7571059465408325
1.3488372564315796, 1.2041343450546265
0.91989666223526, 1.209302306175232
0.91989666223526, 1.209302306175232
1.1782945394515991, 1.4056847095489502
1.1782945394515991, 1.4056847095489502
1.364341139793396, 1.8708010911941528
1.3281654119491577, 1.9689922332763672
1.5297157764434814, 2.0
1.6072351932525635, 2.0
1.6434108018875122, 1.5762274265289307
1.5400516986846924, 2.0
1.6485787630081177, 1.7984496355056763
1.6434108018875122, 1.5762274265289307
1.591731309890747, 1.9793281555175781
1.6434108018875122, 1.5762274265289307
1.751937985420227, 2.0
1.8759689331054688, 2.0
1.8552972078323364, 1.8966407775878906
1.8552972078323364, 1.8966407775878906
1.8036175966262817, 1.8708010911941528
1.8036175966262817, 1.8708010911941528
1.8036175966262817, 1.8708010911941528
2.0, 1.7054263353347778
2.0, 1.7054263353347778
1.9431524276733398, 0.8475452065467834
2.0, 0.7028423547744751
2.0, 0.7028423547744751
2.0, 0.7028423547744751
1.860465168952942, 0.9095607399940491
1.6485787630081177, 0.7648578882217407
1.5503876209259033, 0.6563307642936707
1.5968992710113525, 0.7596899271011353
1.6899224519729614, 0.8785529732704163
1.7002583742141724, 0.9870800971984863
1.5762274265289307, 1.059431552886963
1.3023256063461304, 1.049095630645752
0.9043927788734436, 1.0645995140075684
0.9043927788734436, 1.0645995140075684
1.1627906560897827, 1.2919896841049194
