actor_1,actor_2
2.0, 2.0
2.0, 2.0
2.0, 1.4780361652374268
2.0, 1.4780361652374268
1.0749354362487793, 0.9354005455970764
0.6770026087760925, 0.8217054009437561
0.6770026087760925, 0.8217054009437561
0.8940568566322327, 0.8527131676673889
0.6770026087760925, 0.8217054009437561
0.8940568566322327, 0.8527131676673889
