actor_1,actor_2
2.0, 2.0
2.0, 1.4677002429962158
1.912144660949707, 1.1472867727279663
1.912144660949707, 1.1472867727279663
1.13178288936615, 0.7338501214981079
0.6976743936538696, 0.6408268809318542
0.6976743936538696, 0.6408268809318542
0.6976743936538696, 0.6408268809318542
