actor_1,actor_2
2.0, 2.0
1.922480583190918, 1.8036175966262817
1.6382428407669067, 1.4315245151519775
1.6382428407669067, 1.4315245151519775
0.8992248177528381, 1.0439276695251465
0.6873385310173035, 0.9147287011146545
0.6873385310173035, 0.9147287011146545
0.8785529732704163, 1.0645995140075684
1.3695091009140015, 1.4108526706695557
1.5555555820465088, 1.9483203887939453
1.6072351932525635, 1.7881137132644653
1.5503876209259033, 1.7105942964553833
1.5503876209259033, 1.7105942964553833
1.5503876209259033, 1.7105942964553833
1.7829457521438599, 2.0
2.0, 2.0
2.0, 2.0
2.0, 2.0
2.0, 2.0
2.0, 2.0
2.0, 2.0
2.0, 2.0
2.0, 1.3385013341903687
1.9276485443115234, 1.2144702672958374
1.6589146852493286, 1.0439276695251465
1.6537467241287231, 1.1266149282455444
1.364341139793396, 1.1214470863342285
1.3333333730697632, 1.1472867727279663
0.930232584476471, 0.961240291595459
0.8940568566322327, 1.038759708404541
0.8940568566322327, 1.038759708404541
