actor_1,actor_2
2.0, 2.0
2.0, 1.4160206317901611
1.7002583742141724, 1.2196382284164429
1.7002583742141724, 1.2196382284164429
0.9715762138366699, 0.8940568566322327
0.5426356792449951, 0.7855297327041626
0.5426356792449951, 0.7855297327041626
0.6873385310173035, 0.8733850121498108
0.6873385310173035, 0.8733850121498108
1.0077519416809082, 0.9767441749572754
0.6873385310173035, 0.8733850121498108
