actor_1,actor_2
2.0, 2.0
2.0, 1.286821722984314
1.6485787630081177, 1.02842378616333
1.6485787630081177, 1.02842378616333
0.682170569896698, 0.7751938104629517
0.6666666865348816, 0.7493540048599243
0.6666666865348816, 0.7493540048599243
0.9819121360778809, 0.8165374398231506
0.6666666865348816, 0.7493540048599243
0.9819121360778809, 0.8165374398231506
0.6666666865348816, 0.7493540048599243
0.9819121360778809, 0.8165374398231506
0.6666666865348816, 0.7493540048599243
