actor_1,actor_2
2.0, 2.0
1.9689922332763672, 1.2248061895370483
1.4418604373931885, 0.842377245426178
1.4418604373931885, 0.842377245426178
0.6976743936538696, 0.5167958736419678
0.4444444477558136, 0.4134366810321808
0.4444444477558136, 0.4134366810321808
0.4444444477558136, 0.4134366810321808
