actor_1,actor_2
2.0, 2.0
2.0, 1.1369508504867554
1.9534883499145508, 0.8578811287879944
1.9534883499145508, 0.8578811287879944
0.9354005455970764, 0.39793282747268677
0.6356589198112488, 0.2067183405160904
0.6356589198112488, 0.2067183405160904
0.6356589198112488, 0.2067183405160904
