actor_1,actor_2
2.0, 2.0
2.0, 2.0
1.9741601943969727, 2.0
2.0, 2.0
1.9741601943969727, 2.0
1.602067232131958, 1.829457402229309
1.5193798542022705, 2.0
1.612403154373169, 2.0
1.6434108018875122, 1.7209302186965942
2.0, 2.0
2.0, 2.0
2.0, 2.0
2.0, 2.0
2.0, 2.0
1.9741601943969727, 2.0
1.2609819173812866, 2.0
1.6227390766143799, 2.0
1.829457402229309, 2.0
1.850129246711731, 2.0
1.7467700242996216, 1.932816505432129
1.7467700242996216, 1.932816505432129
2.0, 2.0
2.0, 2.0
2.0, 1.9379844665527344
2.0, 2.0
2.0, 1.932816505432129
2.0, 1.901808738708496
2.0, 1.860465168952942
1.850129246711731, 1.7777777910232544
1.850129246711731, 1.7777777910232544
0.8992248177528381, 1.3695091009140015
1.0749354362487793, 1.6485787630081177
1.1111111640930176, 1.8914728164672852
1.2609819173812866, 2.0
1.364341139793396, 2.0
1.3178294897079468, 1.8656331300735474
1.5090439319610596, 2.0
1.7105942964553833, 2.0
1.7571059465408325, 1.7932816743850708
1.7571059465408325, 1.7932816743850708
1.7571059465408325, 1.7932816743850708
1.7571059465408325, 1.7932816743850708
1.7571059465408325, 1.7932816743850708
1.7571059465408325, 1.7932816743850708
1.7571059465408325, 1.7932816743850708
2.0, 1.7674418687820435
2.0, 1.6795865297317505
2.0, 1.4728682041168213
2.0, 1.2403100728988647
2.0, 0.8992248177528381
2.0, 0.8992248177528381
2.0, 0.8992248177528381
2.0, 1.059431552886963
1.8346253633499146, 0.9405684471130371
1.6899224519729614, 0.9147287011146545
1.7105942964553833, 0.9974160194396973
1.7312661409378052, 1.0852713584899902
1.751937985420227, 1.2919896841049194
1.6330748796463013, 1.1472867727279663
1.354005217552185, 1.1731265783309937
1.2609819173812866, 1.3385013341903687
0.8837209343910217, 1.2041343450546265
1.0129199028015137, 1.4521963596343994
1.0852713584899902, 1.6175711154937744
1.1576226949691772, 1.6589146852493286
