actor_1,actor_2
2.0, 2.0
2.0, 1.612403154373169
1.850129246711731, 1.4625322818756104
1.850129246711731, 1.4625322818756104
1.3074935674667358, 1.0645995140075684
0.8578811287879944, 1.0180878639221191
0.8578811287879944, 1.0180878639221191
0.91989666223526, 1.1782945394515991
0.91989666223526, 1.1782945394515991
1.0129199028015137, 1.2919896841049194
0.9922480583190918, 1.3436692953109741
1.4573643207550049, 1.7105942964553833
1.6692506074905396, 1.912144660949707
1.7984496355056763, 1.7260981798171997
1.5968992710113525, 1.751937985420227
1.7312661409378052, 1.7312661409378052
1.5090439319610596, 1.5503876209259033
1.6692506074905396, 1.7312661409378052
1.7984496355056763, 1.7260981798171997
1.591731309890747, 1.5762274265289307
1.0542635917663574, 1.1679586172103882
1.5968992710113525, 1.5710594654083252
1.0542635917663574, 1.1679586172103882
1.3436692953109741, 1.3126615285873413
1.0542635917663574, 1.1679586172103882
