actor_1,actor_2
2.0, 2.0
2.0, 2.0
2.0, 1.860465168952942
2.0, 1.860465168952942
1.4056847095489502, 1.3074935674667358
1.1937984228134155, 1.3436692953109741
1.1937984228134155, 1.3436692953109741
1.524547815322876, 1.7312661409378052
1.524547815322876, 1.7312661409378052
1.8191214799880981, 2.0
1.772609829902649, 2.0
1.8552972078323364, 2.0
1.8811368942260742, 2.0
1.9534883499145508, 1.989664077758789
1.9534883499145508, 1.989664077758789
1.9534883499145508, 1.989664077758789
1.9534883499145508, 1.989664077758789
2.0, 2.0
2.0, 2.0
2.0, 2.0
1.922480583190918, 1.9793281555175781
1.922480583190918, 1.9793281555175781
2.0, 2.0
2.0, 2.0
2.0, 2.0
1.9534883499145508, 1.7674418687820435
1.7105942964553833, 1.3126615285873413
1.7932816743850708, 1.684754490852356
2.0, 1.901808738708496
1.7571059465408325, 1.850129246711731
1.6589146852493286, 1.8811368942260742
1.5090439319610596, 1.6485787630081177
1.4677002429962158, 1.266149878501892
1.5090439319610596, 1.6485787630081177
1.4677002429962158, 1.266149878501892
1.5090439319610596, 1.6485787630081177
1.4677002429962158, 1.266149878501892
