actor_1,actor_2
2.0, 1.9844961166381836
1.8759689331054688, 1.4987080097198486
1.4573643207550049, 1.2816537618637085
1.4573643207550049, 1.2816537618637085
0.5581395626068115, 0.9767441749572754
0.6976743936538696, 1.0025839805603027
0.6976743936538696, 1.0025839805603027
1.0025839805603027, 1.0956072807312012
1.3436692953109741, 1.2299741506576538
1.0025839805603027, 1.0956072807312012
1.3436692953109741, 1.2299741506576538
1.0025839805603027, 1.0956072807312012
1.198966383934021, 1.1214470863342285
1.0025839805603027, 1.0956072807312012
1.198966383934021, 1.1214470863342285
1.0025839805603027, 1.0956072807312012
