actor_1,actor_2
2.0, 2.0
2.0, 2.0
1.989664077758789, 2.0
2.0, 2.0
1.989664077758789, 2.0
1.9431524276733398, 2.0
1.7260981798171997, 2.0
1.7829457521438599, 2.0
1.7157622575759888, 1.9483203887939453
2.0, 2.0
2.0, 2.0
2.0, 2.0
2.0, 2.0
2.0, 2.0
1.989664077758789, 2.0
2.0, 2.0
1.3798449039459229, 2.0
2.0, 2.0
1.3798449039459229, 2.0
1.4935400485992432, 2.0
1.6434108018875122, 2.0
1.8036175966262817, 2.0
1.751937985420227, 2.0
1.8811368942260742, 2.0
1.8811368942260742, 2.0
1.8811368942260742, 2.0
1.8811368942260742, 2.0
1.8191214799880981, 1.9276485443115234
1.8191214799880981, 1.9276485443115234
2.0, 1.8759689331054688
2.0, 1.1834625005722046
2.0, 0.961240291595459
2.0, 0.961240291595459
2.0, 0.7803617715835571
2.0, 0.7803617715835571
2.0, 0.8062015771865845
2.0, 1.0025839805603027
1.8759689331054688, 0.9043927788734436
1.8656331300735474, 1.0232558250427246
1.751937985420227, 1.0077519416809082
1.4987080097198486, 0.91989666223526
1.534883737564087, 0.9922480583190918
1.2196382284164429, 0.91989666223526
1.1524547338485718, 1.1731265783309937
1.1472867727279663, 1.2403100728988647
1.1834625005722046, 1.6279069185256958
1.1834625005722046, 1.6279069185256958
1.7571059465408325, 1.9741601943969727
1.9844961166381836, 2.0
2.0, 1.901808738708496
1.9844961166381836, 2.0
2.0, 1.901808738708496
1.9844961166381836, 2.0
