actor_1,actor_2
2.0, 2.0
2.0, 2.0
1.8966407775878906, 1.8552972078323364
1.8966407775878906, 1.8552972078323364
1.1731265783309937, 1.3178294897079468
0.9819121360778809, 1.3436692953109741
0.9819121360778809, 1.3436692953109741
1.209302306175232, 1.6279069185256958
1.3850128650665283, 2.0
1.3695091009140015, 2.0
1.354005217552185, 2.0
1.3126615285873413, 1.83979332447052
1.3126615285873413, 1.83979332447052
1.3126615285873413, 1.83979332447052
1.4056847095489502, 2.0
1.829457402229309, 2.0
1.9431524276733398, 2.0
2.0, 2.0
2.0, 2.0
2.0, 2.0
2.0, 2.0
2.0, 2.0
1.9534883499145508, 1.8966407775878906
