actor_1,actor_2
1.8552972078323364, 2.0
1.9793281555175781, 2.0
1.8966407775878906, 2.0
1.9483203887939453, 1.6899224519729614
1.9793281555175781, 1.7157622575759888
2.0, 1.8191214799880981
1.8139535188674927, 1.9844961166381836
2.0, 1.8191214799880981
1.8139535188674927, 1.9844961166381836
2.0, 1.8191214799880981
1.8656331300735474, 1.9586563110351562
2.0, 1.762273907661438
1.8656331300735474, 1.9586563110351562
2.0, 1.762273907661438
1.8656331300735474, 1.9586563110351562
2.0, 1.7777777910232544
1.9173126220703125, 1.8552972078323364
1.612403154373169, 0.961240291595459
1.0542635917663574, 0.5581395626068115
1.0232558250427246, 0.5478036403656006
0.8268733620643616, 0.4444444477558136
0.7183462381362915, 0.4651162922382355
0.5891472697257996, 0.5219638347625732
0.475452184677124, 0.40310078859329224
0.3617570996284485, 0.3049095571041107
0.3617570996284485, 0.3049095571041107
