actor_1,actor_2
2.0, 2.0
2.0, 0.7855297327041626
1.8863048553466797, 0.5633074641227722
1.8863048553466797, 0.5633074641227722
1.0697674751281738, 0.341085284948349
0.9095607399940491, 0.2532299757003784
0.9095607399940491, 0.2532299757003784
0.9095607399940491, 0.2532299757003784
