actor_1,actor_2
2.0, 2.0
2.0, 0.9250646233558655
1.9844961166381836, 0.6304909586906433
1.9844961166381836, 0.6304909586906433
0.8475452065467834, 0.356589138507843
0.5994831919670105, 0.2532299757003784
0.5994831919670105, 0.2532299757003784
0.5994831919670105, 0.2532299757003784
