actor_1,actor_2
1.83979332447052, 2.0
1.9069766998291016, 2.0
2.0, 2.0
2.0, 2.0
1.9069766998291016, 2.0
2.0, 2.0
1.8863048553466797, 2.0
2.0, 2.0
1.8863048553466797, 2.0
2.0, 1.8139535188674927
1.8863048553466797, 2.0
2.0, 1.8139535188674927
1.8863048553466797, 2.0
2.0, 1.8139535188674927
1.8863048553466797, 2.0
2.0, 1.8139535188674927
1.9586563110351562, 1.7364341020584106
1.6279069185256958, 0.5839793086051941
1.3953487873077393, 0.5684754252433777
1.3953487873077393, 0.5684754252433777
0.961240291595459, 0.5581395626068115
0.91989666223526, 0.6304909586906433
0.4134366810321808, 0.4289405643939972
0.35142117738723755, 0.22739018499851227
0.35142117738723755, 0.22739018499851227
