actor_1,actor_2
2.0, 2.0
1.8139535188674927, 2.0
2.0, 2.0
1.8139535188674927, 2.0
2.0, 2.0
1.8139535188674927, 2.0
2.0, 2.0
1.8139535188674927, 2.0
2.0, 2.0
1.8139535188674927, 2.0
1.2041343450546265, 2.0
1.7364341020584106, 2.0
2.0, 2.0
2.0, 2.0
2.0, 2.0
1.8139535188674927, 2.0
1.3591731786727905, 2.0
1.83979332447052, 2.0
2.0, 2.0
1.7312661409378052, 2.0
2.0, 2.0
1.7312661409378052, 2.0
2.0, 2.0
1.5710594654083252, 2.0
1.9844961166381836, 2.0
2.0, 2.0
2.0, 2.0
2.0, 2.0
1.2248061895370483, 2.0
1.5452196598052979, 2.0
1.912144660949707, 2.0
2.0, 2.0
1.7777777910232544, 2.0
2.0, 2.0
1.7777777910232544, 2.0
2.0, 2.0
1.7777777910232544, 2.0
1.9586563110351562, 2.0
2.0, 2.0
2.0, 2.0
2.0, 2.0
2.0, 2.0
1.2248061895370483, 2.0
1.4005167484283447, 1.922480583190918
1.447028398513794, 1.7260981798171997
1.7364341020584106, 2.0
2.0, 2.0
1.7002583742141724, 2.0
2.0, 1.9638242721557617
1.514211893081665, 1.7260981798171997
1.9276485443115234, 1.9948320388793945
2.0, 1.8759689331054688
1.8449612855911255, 2.0
2.0, 1.8759689331054688
1.8449612855911255, 2.0
2.0, 1.9638242721557617
1.7002583742141724, 2.0
2.0, 1.9638242721557617
1.7002583742141724, 2.0
1.9276485443115234, 1.9948320388793945
2.0, 1.8759689331054688
1.9276485443115234, 1.9948320388793945
2.0, 1.8759689331054688
1.9276485443115234, 1.9948320388793945
2.0, 1.8759689331054688
2.0, 2.0
1.8139535188674927, 1.5452196598052979
1.4005167484283447, 1.4625322818756104
1.3798449039459229, 1.3695091009140015
1.4005167484283447, 1.4625322818756104
1.3798449039459229, 1.3695091009140015
1.4005167484283447, 1.4625322818756104
1.3798449039459229, 1.3695091009140015
1.4005167484283447, 1.4625322818756104
1.3798449039459229, 1.3695091009140015
1.4005167484283447, 1.4625322818756104
1.3798449039459229, 1.3695091009140015
1.4005167484283447, 1.4625322818756104
