actor_1,actor_2
2.0, 2.0
1.9793281555175781, 1.2299741506576538
1.4935400485992432, 1.0180878639221191
1.4935400485992432, 1.0180878639221191
0.48578810691833496, 0.7338501214981079
0.6304909586906433, 0.7700258493423462
0.6304909586906433, 0.7700258493423462
1.049095630645752, 0.9354005455970764
0.6304909586906433, 0.7700258493423462
1.049095630645752, 0.9354005455970764
0.6304909586906433, 0.7700258493423462
1.049095630645752, 0.9354005455970764
0.6304909586906433, 0.7700258493423462
