actor_1,actor_2
1.9173126220703125, 2.0
1.7674418687820435, 2.0
1.8708010911941528, 2.0
1.7881137132644653, 2.0
1.7364341020584106, 2.0
1.7209302186965942, 1.674418568611145
1.8036175966262817, 1.901808738708496
1.7674418687820435, 1.3126615285873413
1.7674418687820435, 1.3126615285873413
1.7674418687820435, 1.3126615285873413
1.7571059465408325, 1.266149878501892
1.4315245151519775, 1.209302306175232
1.116279125213623, 1.198966383934021
1.4315245151519775, 1.209302306175232
1.0904393196105957, 1.13178288936615
