actor_1,actor_2
2.0, 2.0
2.0, 1.9844961166381836
1.9638242721557617, 1.3901808261871338
1.9638242721557617, 1.3901808261871338
1.0077519416809082, 0.9095607399940491
0.6563307642936707, 0.713178277015686
0.6563307642936707, 0.713178277015686
0.8268733620643616, 0.8475452065467834
0.8268733620643616, 0.8475452065467834
1.2196382284164429, 1.1679586172103882
0.8268733620643616, 0.8475452065467834
