actor_1,actor_2
2.0, 2.0
1.8759689331054688, 1.2816537618637085
1.4728682041168213, 1.0852713584899902
1.4728682041168213, 1.0852713584899902
0.6511628031730652, 0.8682170510292053
0.5736433863639832, 0.7596899271011353
0.5736433863639832, 0.7596899271011353
0.7700258493423462, 0.8475452065467834
1.1214470863342285, 1.426356554031372
1.4521963596343994, 2.0
1.5762274265289307, 1.7932816743850708
1.6175711154937744, 1.7260981798171997
1.6175711154937744, 1.7260981798171997
1.6175711154937744, 1.7260981798171997
1.6795865297317505, 1.9741601943969727
2.0, 2.0
2.0, 2.0
2.0, 1.8191214799880981
2.0, 1.695090413093567
2.0, 1.695090413093567
2.0, 1.6330748796463013
1.8552972078323364, 1.4521963596343994
1.5090439319610596, 0.9095607399940491
1.3695091009140015, 0.8992248177528381
1.0749354362487793, 0.8578811287879944
1.0439276695251465, 0.9043927788734436
0.7751938104629517, 0.9354005455970764
1.1782945394515991, 1.0180878639221191
0.475452184677124, 0.7596899271011353
0.7028423547744751, 0.8062015771865845
0.7028423547744751, 0.8062015771865845
1.0542635917663574, 1.0180878639221191
0.7751938104629517, 0.8630490899085999
1.0542635917663574, 1.0180878639221191
