actor_1,actor_2
2.0, 2.0
2.0, 2.0
1.7932816743850708, 1.850129246711731
2.0, 2.0
1.7932816743850708, 1.850129246711731
1.5555555820465088, 1.684754490852356
1.4418604373931885, 2.0
1.4883720874786377, 2.0
1.5607235431671143, 1.8914728164672852
2.0, 2.0
2.0, 2.0
2.0, 2.0
2.0, 2.0
2.0, 2.0
1.7932816743850708, 1.850129246711731
1.3385013341903687, 2.0
1.534883737564087, 2.0
1.6382428407669067, 2.0
1.6899224519729614, 2.0
1.6795865297317505, 2.0
1.6795865297317505, 2.0
2.0, 2.0
2.0, 1.9948320388793945
2.0, 1.8087855577468872
2.0, 2.0
1.83979332447052, 1.591731309890747
1.7209302186965942, 1.5503876209259033
1.674418568611145, 1.4935400485992432
1.5400516986846924, 1.534883737564087
1.5400516986846924, 1.534883737564087
0.7286821603775024, 1.1834625005722046
0.9405684471130371, 1.3023256063461304
1.1421188116073608, 1.602067232131958
1.3385013341903687, 2.0
1.3229974508285522, 2.0
1.2144702672958374, 1.6795865297317505
1.436692476272583, 2.0
1.664082646369934, 2.0
1.664082646369934, 1.850129246711731
1.664082646369934, 1.850129246711731
1.664082646369934, 1.850129246711731
1.664082646369934, 1.850129246711731
1.664082646369934, 1.850129246711731
1.664082646369934, 1.850129246711731
1.664082646369934, 1.850129246711731
2.0, 1.7260981798171997
2.0, 1.602067232131958
2.0, 1.3850128650665283
2.0, 1.2919896841049194
2.0, 1.1214470863342285
2.0, 1.1214470863342285
2.0, 1.1214470863342285
2.0, 1.0904393196105957
1.8863048553466797, 0.9354005455970764
1.6434108018875122, 0.8578811287879944
1.5710594654083252, 0.8578811287879944
1.5762274265289307, 0.8888888955116272
1.4883720874786377, 0.9922480583190918
1.3178294897079468, 0.9819121360778809
1.1007752418518066, 1.0645995140075684
1.1421188116073608, 1.2299741506576538
0.6873385310173035, 1.0697674751281738
0.832041323184967, 1.13178288936615
1.0025839805603027, 1.2248061895370483
1.0697674751281738, 1.2919896841049194
