actor_1,actor_2
2.0, 2.0
2.0, 2.0
2.0, 2.0
2.0, 2.0
1.6434108018875122, 2.0
1.9431524276733398, 2.0
1.9431524276733398, 2.0
2.0, 2.0
1.9431524276733398, 2.0
2.0, 2.0
1.9431524276733398, 2.0
2.0, 2.0
1.9431524276733398, 2.0
