actor_1,actor_2
2.0, 2.0
1.922480583190918, 2.0
2.0, 2.0
1.922480583190918, 2.0
2.0, 2.0
1.922480583190918, 2.0
2.0, 2.0
1.922480583190918, 2.0
2.0, 2.0
1.922480583190918, 2.0
1.5090439319610596, 2.0
1.4780361652374268, 2.0
1.5813953876495361, 2.0
1.4832041263580322, 1.989664077758789
1.4832041263580322, 1.989664077758789
1.4832041263580322, 1.989664077758789
1.4418604373931885, 1.6899224519729614
1.6175711154937744, 1.2919896841049194
1.6175711154937744, 1.2919896841049194
1.2351421117782593, 0.49095606803894043
1.2351421117782593, 0.49095606803894043
1.2351421117782593, 0.49095606803894043
1.3281654119491577, 0.7855297327041626
1.374677062034607, 1.1266149282455444
1.4108526706695557, 1.3798449039459229
1.503875970840454, 1.4935400485992432
1.4108526706695557, 1.4625322818756104
1.503875970840454, 1.4935400485992432
1.4108526706695557, 1.4625322818756104
1.4108526706695557, 1.514211893081665
1.1472867727279663, 0.9560723304748535
1.1524547338485718, 1.3023256063461304
1.1472867727279663, 0.9560723304748535
1.1524547338485718, 1.3023256063461304
1.286821722984314, 0.961240291595459
1.0697674751281738, 1.1369508504867554
1.286821722984314, 0.961240291595459
0.9715762138366699, 0.950904369354248
1.1524547338485718, 1.3023256063461304
0.9715762138366699, 0.950904369354248
1.0697674751281738, 1.1369508504867554
