actor_1,actor_2
2.0, 2.0
1.8966407775878906, 2.0
2.0, 2.0
1.8966407775878906, 2.0
2.0, 2.0
1.8966407775878906, 2.0
2.0, 2.0
1.8966407775878906, 2.0
2.0, 2.0
1.8966407775878906, 2.0
1.038759708404541, 2.0
1.5193798542022705, 2.0
1.6899224519729614, 2.0
2.0, 2.0
2.0, 2.0
2.0, 2.0
1.8811368942260742, 2.0
2.0, 2.0
1.8087855577468872, 2.0
2.0, 2.0
1.8087855577468872, 2.0
2.0, 2.0
1.8087855577468872, 2.0
2.0, 2.0
1.0439276695251465, 2.0
1.447028398513794, 2.0
1.6899224519729614, 2.0
1.6795865297317505, 2.0
1.901808738708496, 2.0
1.901808738708496, 2.0
1.901808738708496, 2.0
1.9069766998291016, 1.8863048553466797
1.8036175966262817, 1.3178294897079468
1.8036175966262817, 1.3178294897079468
1.7829457521438599, 0.8837209343910217
1.7829457521438599, 0.8837209343910217
1.5555555820465088, 0.8113695383071899
1.3333333730697632, 0.8630490899085999
0.9767441749572754, 0.6666666865348816
0.8888888955116272, 0.6459948420524597
0.7803617715835571, 0.6098191142082214
0.801033616065979, 0.6459948420524597
0.713178277015686, 0.6408268809318542
0.7855297327041626, 0.7493540048599243
0.8992248177528381, 1.0697674751281738
0.4961240291595459, 0.9870800971984863
0.4961240291595459, 0.9870800971984863
0.594315230846405, 1.1369508504867554
0.594315230846405, 1.1369508504867554
0.7441860437393188, 1.3281654119491577
0.8372092843055725, 1.4315245151519775
1.02842378616333, 1.5555555820465088
1.374677062034607, 1.989664077758789
1.5813953876495361, 2.0
1.6072351932525635, 2.0
1.6072351932525635, 2.0
1.6072351932525635, 2.0
1.6072351932525635, 2.0
1.6072351932525635, 2.0
1.534883737564087, 1.7777777910232544
1.534883737564087, 1.7777777910232544
1.772609829902649, 1.8863048553466797
1.8191214799880981, 1.5503876209259033
1.7467700242996216, 1.1369508504867554
1.7416020631790161, 0.8217054009437561
1.7416020631790161, 0.8217054009437561
1.7416020631790161, 0.8217054009437561
1.7416020631790161, 0.8217054009437561
