actor_1,actor_2
2.0, 1.912144660949707
2.0, 1.989664077758789
2.0, 2.0
2.0, 2.0
1.1576226949691772, 1.7674418687820435
1.0077519416809082, 1.8552972078323364
1.0077519416809082, 1.8552972078323364
1.198966383934021, 1.7881137132644653
1.436692476272583, 1.7157622575759888
1.3695091009140015, 1.1421188116073608
1.436692476272583, 1.7157622575759888
1.4005167484283447, 1.3333333730697632
1.2816537618637085, 1.684754490852356
1.4418604373931885, 1.4780361652374268
1.364341139793396, 1.0801033973693848
1.3953487873077393, 1.5555555820465088
1.364341139793396, 1.0801033973693848
1.2609819173812866, 1.5452196598052979
1.4315245151519775, 1.4056847095489502
1.5968992710113525, 1.762273907661438
1.7777777910232544, 1.6382428407669067
1.5968992710113525, 1.762273907661438
1.7209302186965942, 1.7312661409378052
1.6537467241287231, 1.3953487873077393
1.5658915042877197, 1.7157622575759888
1.695090413093567, 1.514211893081665
1.5658915042877197, 1.7157622575759888
1.6382428407669067, 1.6175711154937744
1.5658915042877197, 1.7157622575759888
