actor_1,actor_2
2.0, 2.0
2.0, 2.0
1.9741601943969727, 2.0
2.0, 2.0
1.9741601943969727, 2.0
2.0, 2.0
1.4780361652374268, 2.0
1.8708010911941528, 2.0
2.0, 2.0
1.8708010911941528, 2.0
2.0, 2.0
1.8708010911941528, 2.0
2.0, 2.0
1.8708010911941528, 2.0
2.0, 2.0
1.8708010911941528, 2.0
2.0, 2.0
1.8708010911941528, 2.0
2.0, 2.0
1.8708010911941528, 2.0
