actor_1,actor_2
2.0, 2.0
2.0, 1.6692506074905396
1.932816505432129, 1.4625322818756104
1.932816505432129, 1.4625322818756104
1.3281654119491577, 1.1214470863342285
1.0542635917663574, 1.0439276695251465
1.0542635917663574, 1.0439276695251465
1.0542635917663574, 1.0439276695251465
