actor_1,actor_2
2.0, 2.0
2.0, 1.13178288936615
2.0, 0.8113695383071899
2.0, 0.8113695383071899
1.0645995140075684, 0.5374677181243896
0.7338501214981079, 0.49095606803894043
0.7338501214981079, 0.49095606803894043
0.7338501214981079, 0.49095606803894043
