actor_1,actor_2
2.0, 2.0
1.7984496355056763, 1.4728682041168213
0.9250646233558655, 1.1679586172103882
1.7984496355056763, 1.4728682041168213
0.9250646233558655, 1.1679586172103882
1.286821722984314, 1.1214470863342285
0.45994833111763, 0.8630490899085999
0.9095607399940491, 1.0180878639221191
1.198966383934021, 1.772609829902649
1.286821722984314, 1.8966407775878906
1.3333333730697632, 1.591731309890747
1.354005217552185, 1.5090439319610596
1.534883737564087, 2.0
1.751937985420227, 2.0
1.751937985420227, 2.0
1.8346253633499146, 1.8346253633499146
2.0, 1.297157645225525
2.0, 1.297157645225525
2.0, 1.0129199028015137
2.0, 1.0129199028015137
2.0, 1.02842378616333
2.0, 1.116279125213623
2.0, 0.9922480583190918
1.6279069185256958, 0.6356589198112488
1.02842378616333, 0.5322997570037842
1.02842378616333, 0.5322997570037842
0.6253229975700378, 0.4651162922382355
0.5994831919670105, 0.5064599514007568
0.5994831919670105, 0.5064599514007568
0.4961240291595459, 0.6201550364494324
0.45994833111763, 0.9457364082336426
0.3255814015865326, 0.8837209343910217
0.3255814015865326, 0.8837209343910217
0.6098191142082214, 1.0749354362487793
0.6098191142082214, 1.0749354362487793
0.9095607399940491, 1.0180878639221191
1.198966383934021, 1.772609829902649
1.286821722984314, 1.8966407775878906
1.3333333730697632, 1.591731309890747
1.534883737564087, 2.0
1.534883737564087, 2.0
1.534883737564087, 2.0
1.534883737564087, 2.0
1.5555555820465088, 1.9173126220703125
1.7932816743850708, 2.0
1.7932816743850708, 2.0
2.0, 1.297157645225525
2.0, 1.0129199028015137
2.0, 0.8165374398231506
2.0, 0.8165374398231506
2.0, 0.8165374398231506
