actor_1,actor_2
2.0, 2.0
2.0, 2.0
2.0, 1.5297157764434814
2.0, 1.5297157764434814
1.116279125213623, 0.7441860437393188
0.8062015771865845, 0.6356589198112488
0.8062015771865845, 0.6356589198112488
0.8062015771865845, 0.6356589198112488
