actor_1,actor_2
2.0, 2.0
2.0, 2.0
2.0, 2.0
2.0, 2.0
0.9974160194396973, 2.0
1.059431552886963, 2.0
1.059431552886963, 2.0
1.198966383934021, 2.0
1.3023256063461304, 2.0
1.297157645225525, 2.0
0.9715762138366699, 2.0
0.8217054009437561, 2.0
0.8217054009437561, 2.0
0.8217054009437561, 2.0
0.91989666223526, 2.0
1.13178288936615, 2.0
1.1576226949691772, 2.0
1.4211885929107666, 1.922480583190918
1.4005167484283447, 1.1576226949691772
1.4005167484283447, 1.1576226949691772
1.4005167484283447, 1.1576226949691772
