actor_1,actor_2
2.0, 1.5762274265289307
2.0, 1.286821722984314
2.0, 1.3229974508285522
2.0, 1.3229974508285522
1.105943202972412, 1.1524547338485718
0.9974160194396973, 1.286821722984314
0.9974160194396973, 1.286821722984314
1.1369508504867554, 1.2713178396224976
1.364341139793396, 1.4056847095489502
1.4418604373931885, 1.7984496355056763
1.0645995140075684, 1.9741601943969727
0.9457364082336426, 1.8966407775878906
0.9457364082336426, 1.8966407775878906
0.9457364082336426, 1.8966407775878906
1.2609819173812866, 2.0
1.534883737564087, 2.0
1.5193798542022705, 1.9379844665527344
1.5607235431671143, 1.612403154373169
1.5452196598052979, 0.9767441749572754
1.5452196598052979, 0.9767441749572754
1.5452196598052979, 0.9767441749572754
