actor_1,actor_2
2.0, 2.0
2.0, 1.7571059465408325
2.0, 1.286821722984314
2.0, 1.286821722984314
1.0077519416809082, 0.7545219659805298
0.6563307642936707, 0.7338501214981079
0.6563307642936707, 0.7338501214981079
0.9715762138366699, 0.930232584476471
0.6563307642936707, 0.7338501214981079
0.9715762138366699, 0.930232584476471
