actor_1,actor_2
2.0, 2.0
1.762273907661438, 1.0439276695251465
1.2558139562606812, 0.6511628031730652
1.2558139562606812, 0.6511628031730652
0.594315230846405, 0.43410852551460266
0.4651162922382355, 0.35142117738723755
0.4651162922382355, 0.35142117738723755
0.4651162922382355, 0.35142117738723755
