actor_1,actor_2
2.0, 2.0
2.0, 1.591731309890747
2.0, 1.3385013341903687
2.0, 1.3385013341903687
1.4005167484283447, 1.0077519416809082
1.1214470863342285, 0.8940568566322327
1.1214470863342285, 0.8940568566322327
1.1214470863342285, 0.8940568566322327
