actor_1,actor_2
1.8191214799880981, 2.0
1.83979332447052, 2.0
2.0, 2.0
1.9069766998291016, 1.9844961166381836
2.0, 2.0
1.9483203887939453, 1.8449612855911255
1.8242894411087036, 1.9793281555175781
1.9483203887939453, 1.8449612855911255
1.8242894411087036, 1.9793281555175781
1.9483203887939453, 1.8449612855911255
1.850129246711731, 1.7674418687820435
1.5297157764434814, 0.8940568566322327
1.1214470863342285, 0.7803617715835571
1.1214470863342285, 0.7803617715835571
0.5684754252433777, 0.6459948420524597
1.0645995140075684, 1.02842378616333
0.5426356792449951, 0.6614987254142761
0.6563307642936707, 0.6614987254142761
0.6563307642936707, 0.6614987254142761
0.950904369354248, 0.8527131676673889
0.6563307642936707, 0.6614987254142761
0.950904369354248, 0.8527131676673889
0.6563307642936707, 0.6614987254142761
0.950904369354248, 0.8527131676673889
0.6563307642936707, 0.6614987254142761
0.950904369354248, 0.8527131676673889
