actor_1,actor_2
2.0, 2.0
2.0, 2.0
1.9276485443115234, 1.5297157764434814
1.9276485443115234, 1.5297157764434814
0.9870800971984863, 0.7958656549453735
0.6304909586906433, 0.5478036403656006
0.6304909586906433, 0.5478036403656006
0.6304909586906433, 0.5478036403656006
