actor_1,actor_2
2.0, 2.0
2.0, 1.2454780340194702
2.0, 1.0439276695251465
2.0, 1.0439276695251465
1.4935400485992432, 0.6718346476554871
1.105943202972412, 0.48578810691833496
1.105943202972412, 0.48578810691833496
1.105943202972412, 0.48578810691833496
