actor_1,actor_2
2.0, 2.0
1.8966407775878906, 1.6692506074905396
1.602067232131958, 1.4521963596343994
1.602067232131958, 1.4521963596343994
0.7286821603775024, 1.0025839805603027
0.6098191142082214, 0.9560723304748535
0.6098191142082214, 0.9560723304748535
0.842377245426178, 1.0439276695251465
1.1472867727279663, 1.4160206317901611
1.4677002429962158, 1.4211885929107666
1.1472867727279663, 1.4160206317901611
1.374677062034607, 1.4625322818756104
1.6072351932525635, 1.2919896841049194
1.2919896841049194, 1.5865633487701416
1.5193798542022705, 1.3591731786727905
1.18863046169281, 1.2558139562606812
1.5193798542022705, 1.3591731786727905
1.18863046169281, 1.2558139562606812
1.6795865297317505, 2.0
1.829457402229309, 1.6072351932525635
1.602067232131958, 2.0
1.751937985420227, 1.6795865297317505
1.4832041263580322, 1.5297157764434814
1.751937985420227, 1.6795865297317505
1.4832041263580322, 1.5297157764434814
1.6382428407669067, 1.6589146852493286
1.901808738708496, 1.286821722984314
1.6279069185256958, 1.4315245151519775
1.2713178396224976, 1.049095630645752
1.2609819173812866, 1.209302306175232
1.2403100728988647, 1.4108526706695557
1.2609819173812866, 1.209302306175232
