actor_1,actor_2
1.9534883499145508, 2.0
1.9844961166381836, 2.0
2.0, 1.6175711154937744
2.0, 1.8087855577468872
2.0, 2.0
1.8708010911941528, 1.364341139793396
1.5400516986846924, 1.2506459951400757
1.6899224519729614, 1.514211893081665
1.0956072807312012, 1.1266149282455444
0.8165374398231506, 0.9560723304748535
0.8165374398231506, 0.9560723304748535
0.9974160194396973, 1.2351421117782593
1.1679586172103882, 1.4728682041168213
1.436692476272583, 1.4728682041168213
1.534883737564087, 1.198966383934021
1.3798449039459229, 1.5297157764434814
1.534883737564087, 1.198966383934021
1.3385013341903687, 1.591731309890747
1.6589146852493286, 1.762273907661438
1.7364341020584106, 1.4418604373931885
1.6589146852493286, 1.762273907661438
1.7364341020584106, 1.4418604373931885
1.6330748796463013, 1.7984496355056763
1.7364341020584106, 1.4418604373931885
2.0, 1.9793281555175781
1.8811368942260742, 1.9534883499145508
2.0, 1.7260981798171997
1.8552972078323364, 1.664082646369934
1.286821722984314, 1.4418604373931885
1.3281654119491577, 1.1679586172103882
1.286821722984314, 1.4418604373931885
1.3281654119491577, 1.1679586172103882
1.286821722984314, 1.4418604373931885
1.3281654119491577, 1.1679586172103882
1.286821722984314, 1.4418604373931885
1.3281654119491577, 1.1679586172103882
1.286821722984314, 1.4418604373931885
1.3281654119491577, 1.1679586172103882
1.286821722984314, 1.4418604373931885
1.3281654119491577, 1.1679586172103882
