actor_1,actor_2
1.8811368942260742, 2.0
1.829457402229309, 2.0
1.8966407775878906, 2.0
1.8966407775878906, 2.0
1.9431524276733398, 2.0
2.0, 1.6330748796463013
2.0, 1.6382428407669067
2.0, 1.447028398513794
2.0, 1.5090439319610596
2.0, 1.5865633487701416
2.0, 1.602067232131958
1.9431524276733398, 1.2144702672958374
1.5452196598052979, 1.02842378616333
1.5452196598052979, 1.02842378616333
1.2144702672958374, 0.9767441749572754
1.2144702672958374, 0.9767441749572754
1.0542635917663574, 0.9922480583190918
1.0542635917663574, 0.9922480583190918
0.8630490899085999, 1.1782945394515991
0.5994831919670105, 0.9715762138366699
0.2739018201828003, 0.8733850121498108
0.2739018201828003, 0.8733850121498108
0.2739018201828003, 0.8733850121498108
0.45994833111763, 0.9147287011146545
0.45994833111763, 0.9147287011146545
0.930232584476471, 1.2299741506576538
1.2299741506576538, 1.7105942964553833
1.4056847095489502, 1.912144660949707
1.4832041263580322, 1.772609829902649
1.4935400485992432, 1.7002583742141724
1.4935400485992432, 1.7002583742141724
1.4935400485992432, 1.7002583742141724
1.4935400485992432, 1.7002583742141724
1.4935400485992432, 1.7002583742141724
1.7105942964553833, 1.9431524276733398
1.8656331300735474, 2.0
2.0, 1.5193798542022705
2.0, 1.447028398513794
2.0, 1.447028398513794
2.0, 1.447028398513794
