actor_1,actor_2
1.901808738708496, 2.0
2.0, 2.0
1.8708010911941528, 2.0
2.0, 2.0
1.8708010911941528, 2.0
2.0, 2.0
1.8708010911941528, 2.0
2.0, 2.0
1.8708010911941528, 2.0
2.0, 2.0
1.9483203887939453, 2.0
2.0, 2.0
1.9483203887939453, 2.0
2.0, 2.0
1.9483203887939453, 2.0
2.0, 2.0
2.0, 1.9483203887939453
1.7105942964553833, 1.612403154373169
1.5865633487701416, 1.2558139562606812
1.5090439319610596, 1.3229974508285522
1.13178288936615, 1.0852713584899902
1.13178288936615, 1.0852713584899902
0.3720930218696594, 0.8940568566322327
0.3720930218696594, 0.8940568566322327
0.3720930218696594, 0.8940568566322327
