actor_1,actor_2
2.0, 2.0
1.772609829902649, 1.3178294897079468
1.2196382284164429, 0.9405684471130371
1.2196382284164429, 0.9405684471130371
0.49095606803894043, 0.45994833111763
0.3720930218696594, 0.3462532162666321
0.3720930218696594, 0.3462532162666321
0.3720930218696594, 0.3462532162666321
