actor_1,actor_2
2.0, 2.0
2.0, 1.6330748796463013
2.0, 1.3901808261871338
2.0, 1.3901808261871338
1.3281654119491577, 0.7855297327041626
1.0077519416809082, 0.713178277015686
1.0077519416809082, 0.713178277015686
1.0077519416809082, 0.713178277015686
