actor_1,actor_2
2.0, 2.0
2.0, 2.0
2.0, 2.0
2.0, 2.0
1.6692506074905396, 1.901808738708496
1.7312661409378052, 2.0
1.7312661409378052, 2.0
1.8087855577468872, 2.0
1.8346253633499146, 2.0
1.8966407775878906, 2.0
1.8242894411087036, 2.0
1.9173126220703125, 1.83979332447052
1.8656331300735474, 2.0
1.9173126220703125, 1.83979332447052
2.0, 2.0
2.0, 2.0
2.0, 2.0
2.0, 2.0
2.0, 2.0
1.6589146852493286, 2.0
1.7312661409378052, 2.0
