actor_1,actor_2
2.0, 2.0
1.989664077758789, 1.762273907661438
1.3333333730697632, 1.591731309890747
1.989664077758789, 1.762273907661438
1.3333333730697632, 1.591731309890747
1.447028398513794, 1.3850128650665283
0.6459948420524597, 1.2041343450546265
1.0645995140075684, 1.2919896841049194
1.4211885929107666, 1.9534883499145508
1.7467700242996216, 1.9379844665527344
1.8811368942260742, 1.5865633487701416
1.7467700242996216, 1.9379844665527344
1.8811368942260742, 1.5865633487701416
1.8552972078323364, 2.0
2.0, 1.9844961166381836
1.8191214799880981, 2.0
2.0, 1.9844961166381836
1.8191214799880981, 2.0
2.0, 1.9844961166381836
1.695090413093567, 2.0
1.9948320388793945, 2.0
1.9844961166381836, 1.7777777910232544
2.0, 2.0
2.0, 2.0
1.9379844665527344, 1.612403154373169
1.4005167484283447, 1.266149878501892
0.7906976938247681, 1.5193798542022705
1.4625322818756104, 1.6382428407669067
1.524547815322876, 1.829457402229309
1.4780361652374268, 1.5090439319610596
1.8242894411087036, 2.0
1.912144660949707, 1.912144660949707
1.7260981798171997, 1.503875970840454
1.4883720874786377, 1.286821722984314
1.4832041263580322, 1.4108526706695557
1.4005167484283447, 1.266149878501892
