actor_1,actor_2
2.0, 2.0
2.0, 1.4573643207550049
2.0, 1.297157645225525
2.0, 1.297157645225525
1.2454780340194702, 0.7906976938247681
0.9354005455970764, 0.5116279125213623
0.9354005455970764, 0.5116279125213623
0.9354005455970764, 0.5116279125213623
