actor_1,actor_2
2.0, 2.0
2.0, 1.4160206317901611
1.9173126220703125, 1.1937984228134155
1.9173126220703125, 1.1937984228134155
1.1679586172103882, 0.8475452065467834
0.91989666223526, 0.7286821603775024
0.91989666223526, 0.7286821603775024
0.91989666223526, 0.7286821603775024
