actor_1,actor_2
2.0, 2.0
2.0, 2.0
2.0, 2.0
2.0, 2.0
1.9586563110351562, 1.7674418687820435
1.5710594654083252, 1.8242894411087036
1.5710594654083252, 1.8242894411087036
1.7467700242996216, 2.0
1.7467700242996216, 2.0
1.912144660949707, 2.0
1.9741601943969727, 2.0
2.0, 2.0
1.9741601943969727, 2.0
2.0, 2.0
