actor_1,actor_2
2.0, 2.0
2.0, 1.6692506074905396
2.0, 1.4211885929107666
2.0, 1.4211885929107666
1.3436692953109741, 0.961240291595459
1.0180878639221191, 0.8630490899085999
1.0180878639221191, 0.8630490899085999
1.0180878639221191, 0.8630490899085999
