actor_1,actor_2
2.0, 2.0
2.0, 1.751937985420227
2.0, 1.4832041263580322
2.0, 1.4832041263580322
1.1937984228134155, 0.9250646233558655
0.9147287011146545, 0.7751938104629517
0.9147287011146545, 0.7751938104629517
0.9147287011146545, 0.7751938104629517
