actor_1,actor_2
2.0, 2.0
2.0, 1.7932816743850708
2.0, 1.8759689331054688
2.0, 1.8759689331054688
1.4780361652374268, 1.2454780340194702
0.8578811287879944, 0.8785529732704163
0.8578811287879944, 0.8785529732704163
0.8940568566322327, 1.0904393196105957
0.8940568566322327, 1.0904393196105957
0.8992248177528381, 0.9767441749572754
0.8733850121498108, 0.801033616065979
0.8992248177528381, 0.9767441749572754
