actor_1,actor_2
2.0, 2.0
2.0, 2.0
1.9483203887939453, 2.0
2.0, 2.0
1.9483203887939453, 2.0
1.4160206317901611, 1.7002583742141724
1.13178288936615, 1.7002583742141724
1.2609819173812866, 1.9276485443115234
1.3178294897079468, 2.0
1.932816505432129, 2.0
1.932816505432129, 2.0
1.932816505432129, 2.0
2.0, 2.0
2.0, 2.0
2.0, 2.0
2.0, 2.0
2.0, 2.0
2.0, 2.0
2.0, 2.0
2.0, 1.7209302186965942
2.0, 1.7467700242996216
2.0, 1.7467700242996216
1.9844961166381836, 1.7002583742141724
1.9844961166381836, 1.7002583742141724
1.7984496355056763, 1.674418568611145
1.5865633487701416, 1.7571059465408325
0.6718346476554871, 1.4521963596343994
0.6718346476554871, 1.4521963596343994
0.45478036999702454, 1.2558139562606812
0.5994831919670105, 1.4832041263580322
0.5994831919670105, 1.4832041263580322
0.682170569896698, 1.426356554031372
0.9922480583190918, 1.3850128650665283
1.2041343450546265, 1.7209302186965942
1.2919896841049194, 2.0
1.3126615285873413, 2.0
1.3126615285873413, 2.0
1.3126615285873413, 2.0
1.4521963596343994, 2.0
1.4521963596343994, 2.0
1.4521963596343994, 2.0
1.9069766998291016, 2.0
1.9069766998291016, 2.0
2.0, 2.0
2.0, 2.0
2.0, 2.0
2.0, 2.0
