actor_1,actor_2
1.8966407775878906, 2.0
1.9069766998291016, 2.0
2.0, 2.0
2.0, 2.0
1.989664077758789, 2.0
2.0, 2.0
2.0, 1.7674418687820435
1.5193798542022705, 1.3281654119491577
1.0956072807312012, 1.3023256063461304
1.4935400485992432, 1.5193798542022705
1.8966407775878906, 2.0
1.9069766998291016, 2.0
1.9638242721557617, 2.0
2.0, 2.0
2.0, 1.7777777910232544
2.0, 1.8863048553466797
2.0, 1.7674418687820435
1.5503876209259033, 1.1007752418518066
1.2248061895370483, 1.0129199028015137
1.1576226949691772, 1.1679586172103882
1.0232558250427246, 1.503875970840454
1.4780361652374268, 1.8087855577468872
1.8966407775878906, 2.0
1.9069766998291016, 2.0
1.9638242721557617, 2.0
1.9431524276733398, 2.0
2.0, 2.0
2.0, 1.6795865297317505
2.0, 1.6589146852493286
2.0, 1.3488372564315796
2.0, 1.1937984228134155
1.5710594654083252, 0.8268733620643616
1.2299741506576538, 0.8888888955116272
1.2299741506576538, 0.8888888955116272
0.8268733620643616, 0.9870800971984863
1.0232558250427246, 1.503875970840454
1.0232558250427246, 1.503875970840454
0.7958656549453735, 1.6175711154937744
1.1576226949691772, 2.0
1.4987080097198486, 2.0
1.6589146852493286, 2.0
1.674418568611145, 2.0
1.9431524276733398, 2.0
1.9638242721557617, 2.0
1.9638242721557617, 2.0
2.0, 1.5658915042877197
2.0, 1.276485800743103
2.0, 1.0232558250427246
2.0, 1.0232558250427246
2.0, 1.0232558250427246
2.0, 1.0749354362487793
2.0, 1.0749354362487793
2.0, 0.9974160194396973
1.534883737564087, 0.7390180826187134
1.2816537618637085, 0.713178277015686
1.2816537618637085, 0.713178277015686
1.1576226949691772, 0.6666666865348816
1.1576226949691772, 0.6666666865348816
1.1266149282455444, 0.7390180826187134
1.1266149282455444, 0.7390180826187134
0.8268733620643616, 0.9870800971984863
0.6718346476554871, 1.0749354362487793
0.38759690523147583, 1.1782945394515991
0.38759690523147583, 1.1782945394515991
0.38759690523147583, 1.1782945394515991
0.552971601486206, 1.354005217552185
0.552971601486206, 1.354005217552185
