actor_1,actor_2
2.0, 2.0
2.0, 2.0
2.0, 2.0
2.0, 2.0
1.5452196598052979, 1.5865633487701416
1.5090439319610596, 1.9689922332763672
1.5090439319610596, 1.9689922332763672
1.6330748796463013, 2.0
1.7312661409378052, 2.0
1.7674418687820435, 2.0
1.772609829902649, 1.9483203887939453
1.7829457521438599, 1.7416020631790161
1.751937985420227, 2.0
1.7829457521438599, 1.7416020631790161
1.8346253633499146, 2.0
1.8708010911941528, 1.9844961166381836
1.8708010911941528, 1.9844961166381836
1.8708010911941528, 1.9844961166381836
2.0, 2.0
2.0, 1.8552972078323364
2.0, 1.6330748796463013
2.0, 1.4521963596343994
2.0, 1.286821722984314
2.0, 1.1731265783309937
1.9948320388793945, 1.3126615285873413
2.0, 1.6485787630081177
1.850129246711731, 1.6692506074905396
1.524547815322876, 1.3798449039459229
1.1472867727279663, 1.3333333730697632
1.1472867727279663, 1.3333333730697632
1.3953487873077393, 1.6382428407669067
1.534883737564087, 1.922480583190918
1.4987080097198486, 1.7157622575759888
