actor_1,actor_2
2.0, 2.0
1.8139535188674927, 1.5607235431671143
1.3436692953109741, 1.3798449039459229
1.8139535188674927, 1.5607235431671143
1.3436692953109741, 1.3798449039459229
1.266149878501892, 1.276485800743103
1.4780361652374268, 2.0
1.602067232131958, 1.8656331300735474
1.7054263353347778, 1.6382428407669067
2.0, 2.0
2.0, 2.0
1.8139535188674927, 1.5607235431671143
1.0852713584899902, 1.2506459951400757
1.0439276695251465, 1.1472867727279663
1.354005217552185, 1.6227390766143799
1.5400516986846924, 1.8914728164672852
1.6589146852493286, 1.6434108018875122
1.829457402229309, 2.0
1.850129246711731, 2.0
1.922480583190918, 1.8552972078323364
1.8449612855911255, 2.0
1.922480583190918, 1.8552972078323364
1.8449612855911255, 2.0
1.922480583190918, 1.8552972078323364
1.7984496355056763, 2.0
1.829457402229309, 1.612403154373169
1.6589146852493286, 1.7260981798171997
1.7777777910232544, 1.5813953876495361
1.9069766998291016, 1.9534883499145508
2.0, 1.9069766998291016
1.9069766998291016, 1.9534883499145508
2.0, 1.9069766998291016
1.9069766998291016, 1.9534883499145508
1.9793281555175781, 1.8708010911941528
1.7054263353347778, 1.4573643207550049
1.4935400485992432, 1.364341139793396
1.2144702672958374, 1.2816537618637085
1.2196382284164429, 1.2144702672958374
1.2144702672958374, 1.2816537618637085
1.2196382284164429, 1.2144702672958374
1.2144702672958374, 1.2816537618637085
1.2196382284164429, 1.2144702672958374
1.2144702672958374, 1.2816537618637085
1.2196382284164429, 1.2144702672958374
1.2144702672958374, 1.2816537618637085
