actor_1,actor_2
2.0, 2.0
1.9276485443115234, 1.2454780340194702
1.436692476272583, 1.0852713584899902
1.436692476272583, 1.0852713584899902
0.723514199256897, 0.6253229975700378
0.48578810691833496, 0.40310078859329224
0.48578810691833496, 0.40310078859329224
0.48578810691833496, 0.40310078859329224
