actor_1,actor_2
2.0, 2.0
2.0, 2.0
1.989664077758789, 2.0
2.0, 2.0
1.989664077758789, 2.0
1.4728682041168213, 1.8087855577468872
1.2351421117782593, 2.0
1.266149878501892, 2.0
1.4056847095489502, 2.0
1.9586563110351562, 2.0
1.9586563110351562, 2.0
1.9586563110351562, 2.0
2.0, 2.0
2.0, 2.0
2.0, 2.0
2.0, 1.922480583190918
2.0, 1.8449612855911255
2.0, 1.9276485443115234
2.0, 1.7105942964553833
1.8708010911941528, 1.4521963596343994
1.7364341020584106, 1.4315245151519775
1.7364341020584106, 1.4315245151519775
1.5297157764434814, 1.4315245151519775
1.5297157764434814, 1.4315245151519775
1.4521963596343994, 1.503875970840454
1.3126615285873413, 1.9069766998291016
1.3126615285873413, 1.9069766998291016
1.0232558250427246, 2.0
1.0232558250427246, 2.0
1.1679586172103882, 2.0
1.447028398513794, 2.0
1.5193798542022705, 2.0
1.5297157764434814, 2.0
1.5607235431671143, 2.0
1.5607235431671143, 2.0
1.9586563110351562, 2.0
1.9586563110351562, 2.0
2.0, 2.0
2.0, 2.0
2.0, 2.0
2.0, 1.922480583190918
2.0, 1.922480583190918
2.0, 1.8449612855911255
2.0, 1.9276485443115234
2.0, 1.7105942964553833
1.8708010911941528, 1.4521963596343994
1.7364341020584106, 1.4315245151519775
1.7364341020584106, 1.4315245151519775
1.5090439319610596, 1.3488372564315796
1.5090439319610596, 1.3488372564315796
1.5297157764434814, 1.4315245151519775
1.5297157764434814, 1.4315245151519775
1.4315245151519775, 1.664082646369934
1.3126615285873413, 1.9069766998291016
0.682170569896698, 1.7777777910232544
0.682170569896698, 1.7777777910232544
0.5684754252433777, 1.4625322818756104
0.6976743936538696, 1.591731309890747
0.6976743936538696, 1.591731309890747
0.832041323184967, 1.6537467241287231
