actor_1,actor_2
2.0, 2.0
2.0, 1.0129199028015137
2.0, 0.8940568566322327
2.0, 0.8940568566322327
1.3591731786727905, 0.5322997570037842
0.5994831919670105, 0.38759690523147583
0.5994831919670105, 0.38759690523147583
0.5994831919670105, 0.38759690523147583
