actor_1,actor_2
2.0, 2.0
2.0, 1.9586563110351562
2.0, 1.7571059465408325
2.0, 1.7571059465408325
1.3901808261871338, 1.1421188116073608
1.1007752418518066, 1.1524547338485718
1.1007752418518066, 1.1524547338485718
1.2816537618637085, 1.364341139793396
1.2816537618637085, 1.364341139793396
1.426356554031372, 1.5452196598052979
1.354005217552185, 1.6537467241287231
1.7209302186965942, 2.0
1.932816505432129, 2.0
1.9741601943969727, 2.0
1.9741601943969727, 2.0
1.9741601943969727, 2.0
1.9741601943969727, 2.0
2.0, 2.0
2.0, 2.0
2.0, 2.0
2.0, 2.0
2.0, 2.0
1.5193798542022705, 1.5297157764434814
1.8914728164672852, 2.0
2.0, 2.0
1.8914728164672852, 2.0
2.0, 2.0
1.772609829902649, 1.695090413093567
1.5193798542022705, 1.5297157764434814
1.772609829902649, 1.695090413093567
1.5193798542022705, 1.5297157764434814
1.772609829902649, 1.695090413093567
1.5193798542022705, 1.5297157764434814
1.5193798542022705, 1.5297157764434814
1.8914728164672852, 2.0
1.989664077758789, 2.0
1.989664077758789, 2.0
1.989664077758789, 2.0
1.989664077758789, 2.0
1.989664077758789, 2.0
2.0, 2.0
2.0, 2.0
2.0, 1.901808738708496
2.0, 1.7364341020584106
2.0, 1.4935400485992432
1.8087855577468872, 1.2506459951400757
1.5865633487701416, 0.9560723304748535
1.3695091009140015, 0.8268733620643616
1.426356554031372, 0.9560723304748535
1.4728682041168213, 1.0749354362487793
1.6330748796463013, 1.4005167484283447
1.674418568611145, 1.2713178396224976
1.2403100728988647, 1.1111111640930176
1.1007752418518066, 0.9819121360778809
