actor_1,actor_2
2.0, 2.0
2.0, 2.0
1.8242894411087036, 1.612403154373169
1.8242894411087036, 1.612403154373169
0.7958656549453735, 0.9870800971984863
0.7441860437393188, 1.1834625005722046
0.7441860437393188, 1.1834625005722046
1.0180878639221191, 1.4521963596343994
1.2609819173812866, 1.8036175966262817
1.4883720874786377, 2.0
1.4935400485992432, 1.8087855577468872
1.4056847095489502, 1.7209302186965942
1.4056847095489502, 1.7209302186965942
1.4056847095489502, 1.7209302186965942
1.5968992710113525, 1.989664077758789
1.860465168952942, 1.9689922332763672
1.9689922332763672, 1.8708010911941528
2.0, 1.5452196598052979
2.0, 1.5452196598052979
2.0, 1.0077519416809082
2.0, 1.0077519416809082
2.0, 1.0077519416809082
2.0, 1.1627906560897827
2.0, 1.286821722984314
2.0, 1.1937984228134155
2.0, 1.0956072807312012
1.9844961166381836, 0.9922480583190918
1.9844961166381836, 0.9922480583190918
1.612403154373169, 0.9095607399940491
1.5710594654083252, 1.0956072807312012
1.5710594654083252, 1.0956072807312012
1.3074935674667358, 1.1472867727279663
1.2248061895370483, 1.1834625005722046
0.7700258493423462, 1.2506459951400757
0.7700258493423462, 1.2506459951400757
