actor_1,actor_2
2.0, 2.0
2.0, 1.447028398513794
2.0, 1.209302306175232
2.0, 1.209302306175232
1.1627906560897827, 0.713178277015686
0.6873385310173035, 0.7183462381362915
0.6873385310173035, 0.7183462381362915
0.8733850121498108, 0.8578811287879944
0.6873385310173035, 0.7183462381362915
0.8733850121498108, 0.8578811287879944
