actor_1,actor_2
2.0, 1.989664077758789
1.922480583190918, 1.4677002429962158
1.5297157764434814, 1.2041343450546265
1.5297157764434814, 1.2041343450546265
0.8630490899085999, 0.6976743936538696
0.6614987254142761, 0.604651153087616
0.6614987254142761, 0.604651153087616
0.6614987254142761, 0.604651153087616
