actor_1,actor_2
2.0, 2.0
2.0, 2.0
1.7364341020584106, 1.762273907661438
2.0, 2.0
1.7364341020584106, 1.762273907661438
1.7054263353347778, 1.8242894411087036
1.5090439319610596, 2.0
1.591731309890747, 2.0
1.6537467241287231, 2.0
2.0, 2.0
2.0, 2.0
2.0, 2.0
2.0, 2.0
2.0, 2.0
1.7364341020584106, 1.762273907661438
1.9069766998291016, 2.0
2.0, 2.0
1.9069766998291016, 2.0
2.0, 2.0
1.9069766998291016, 2.0
2.0, 2.0
1.9069766998291016, 2.0
2.0, 2.0
1.9069766998291016, 2.0
1.4677002429962158, 2.0
1.4987080097198486, 1.9534883499145508
2.0, 2.0
2.0, 2.0
2.0, 2.0
