actor_1,actor_2
2.0, 2.0
2.0, 2.0
1.7260981798171997, 1.7416020631790161
2.0, 2.0
1.7260981798171997, 1.7416020631790161
1.5813953876495361, 1.7984496355056763
1.297157645225525, 2.0
1.3850128650665283, 2.0
1.4987080097198486, 2.0
2.0, 2.0
2.0, 2.0
2.0, 2.0
2.0, 2.0
2.0, 2.0
1.7260981798171997, 1.7416020631790161
1.695090413093567, 2.0
1.8036175966262817, 2.0
1.7571059465408325, 2.0
1.8811368942260742, 2.0
1.7984496355056763, 2.0
1.7984496355056763, 2.0
2.0, 2.0
2.0, 2.0
2.0, 2.0
2.0, 2.0
2.0, 1.695090413093567
2.0, 1.602067232131958
2.0, 1.4677002429962158
1.6485787630081177, 1.2558139562606812
1.6485787630081177, 1.2558139562606812
0.5994831919670105, 0.950904369354248
1.0697674751281738, 1.2506459951400757
1.1472867727279663, 1.850129246711731
1.695090413093567, 2.0
1.8191214799880981, 2.0
1.7674418687820435, 2.0
1.83979332447052, 2.0
1.772609829902649, 2.0
1.8656331300735474, 2.0
1.8656331300735474, 2.0
1.8656331300735474, 2.0
1.8656331300735474, 2.0
1.8656331300735474, 2.0
1.8656331300735474, 2.0
1.8656331300735474, 2.0
2.0, 2.0
2.0, 2.0
2.0, 1.9741601943969727
2.0, 1.7984496355056763
2.0, 1.4935400485992432
2.0, 1.4935400485992432
2.0, 1.4935400485992432
2.0, 1.3385013341903687
2.0, 0.9870800971984863
2.0, 0.7493540048599243
2.0, 0.7906976938247681
2.0, 0.8527131676673889
2.0, 0.9405684471130371
1.5865633487701416, 0.801033616065979
1.2403100728988647, 0.8165374398231506
1.0129199028015137, 0.8165374398231506
0.5736433863639832, 0.7338501214981079
0.5736433863639832, 0.7338501214981079
