actor_1,actor_2
2.0, 2.0
2.0, 1.2351421117782593
1.4211885929107666, 0.9819121360778809
1.4211885929107666, 0.9819121360778809
0.8630490899085999, 0.7286821603775024
0.6304909586906433, 0.6304909586906433
0.6304909586906433, 0.6304909586906433
0.6304909586906433, 0.6304909586906433
