actor_1,actor_2
1.7829457521438599, 2.0
1.8191214799880981, 2.0
2.0, 1.9379844665527344
2.0, 1.9586563110351562
2.0, 2.0
2.0, 1.0077519416809082
1.6589146852493286, 1.0129199028015137
1.4625322818756104, 1.0542635917663574
1.1214470863342285, 0.8165374398231506
0.39793282747268677, 0.5064599514007568
0.39793282747268677, 0.5064599514007568
0.4651162922382355, 0.5994831919670105
0.4651162922382355, 0.5994831919670105
0.682170569896698, 0.6356589198112488
0.4651162922382355, 0.5994831919670105
0.682170569896698, 0.6356589198112488
