actor_1,actor_2
2.0, 2.0
2.0, 2.0
2.0, 1.8656331300735474
2.0, 1.8656331300735474
1.2299741506576538, 0.832041323184967
0.9664082527160645, 0.6149870753288269
0.9664082527160645, 0.6149870753288269
0.9664082527160645, 0.6149870753288269
