actor_1,actor_2
2.0, 1.9534883499145508
2.0, 1.6175711154937744
2.0, 1.5503876209259033
2.0, 1.5503876209259033
1.0697674751281738, 0.7286821603775024
0.7028423547744751, 0.6201550364494324
0.7028423547744751, 0.6201550364494324
0.7028423547744751, 0.6201550364494324
