actor_1,actor_2
2.0, 2.0
1.684754490852356, 1.8656331300735474
2.0, 2.0
1.684754490852356, 1.8656331300735474
2.0, 2.0
1.684754490852356, 1.8656331300735474
2.0, 2.0
1.684754490852356, 1.8656331300735474
2.0, 2.0
1.684754490852356, 1.8656331300735474
1.1731265783309937, 1.2609819173812866
1.5503876209259033, 1.7002583742141724
2.0, 2.0
2.0, 2.0
2.0, 2.0
1.684754490852356, 1.8656331300735474
1.7054263353347778, 2.0
1.9793281555175781, 2.0
2.0, 2.0
1.8708010911941528, 2.0
2.0, 2.0
1.8708010911941528, 2.0
2.0, 2.0
1.7364341020584106, 2.0
2.0, 2.0
1.7364341020584106, 2.0
2.0, 2.0
1.7932816743850708, 1.8914728164672852
2.0, 2.0
1.7932816743850708, 1.8914728164672852
2.0, 2.0
1.4883720874786377, 1.591731309890747
1.9534883499145508, 2.0
1.9689922332763672, 2.0
1.922480583190918, 2.0
1.922480583190918, 2.0
2.0, 2.0
2.0, 2.0
2.0, 2.0
2.0, 2.0
2.0, 1.6795865297317505
2.0, 1.524547815322876
1.5503876209259033, 1.5607235431671143
1.591731309890747, 1.4315245151519775
1.5503876209259033, 1.5607235431671143
1.2506459951400757, 1.3591731786727905
1.5452196598052979, 1.4780361652374268
1.2506459951400757, 1.3591731786727905
1.266149878501892, 1.2609819173812866
1.2506459951400757, 1.3591731786727905
1.266149878501892, 1.2609819173812866
1.2506459951400757, 1.3591731786727905
1.266149878501892, 1.2609819173812866
1.2506459951400757, 1.3591731786727905
1.266149878501892, 1.2609819173812866
1.2506459951400757, 1.3591731786727905
1.266149878501892, 1.2609819173812866
