actor_1,actor_2
2.0, 2.0
2.0, 2.0
2.0, 1.7157622575759888
2.0, 1.7157622575759888
1.354005217552185, 1.2919896841049194
0.8682170510292053, 1.0697674751281738
0.8682170510292053, 1.0697674751281738
0.9870800971984863, 1.1679586172103882
0.9870800971984863, 1.1679586172103882
1.2299741506576538, 1.3591731786727905
1.3178294897079468, 1.4521963596343994
1.5400516986846924, 2.0
1.6537467241287231, 1.8966407775878906
1.674418568611145, 1.5400516986846924
1.5865633487701416, 1.7829457521438599
1.6589146852493286, 1.612403154373169
1.524547815322876, 1.7467700242996216
1.602067232131958, 1.6072351932525635
1.674418568611145, 1.5400516986846924
1.534883737564087, 1.4987080097198486
1.436692476272583, 1.3591731786727905
1.524547815322876, 1.5503876209259033
1.436692476272583, 1.3591731786727905
