actor_1,actor_2
2.0, 2.0
2.0, 2.0
1.912144660949707, 1.9431524276733398
2.0, 2.0
1.912144660949707, 1.9431524276733398
1.5090439319610596, 1.5865633487701416
1.5193798542022705, 2.0
1.3953487873077393, 1.9276485443115234
1.02842378616333, 1.8191214799880981
1.4315245151519775, 2.0
1.4315245151519775, 2.0
1.4315245151519775, 2.0
1.5813953876495361, 2.0
1.6899224519729614, 2.0
1.7571059465408325, 2.0
1.7571059465408325, 2.0
