actor_1,actor_2
1.8449612855911255, 2.0
1.8966407775878906, 2.0
1.9483203887939453, 2.0
1.9586563110351562, 2.0
2.0, 2.0
2.0, 2.0
2.0, 2.0
2.0, 2.0
2.0, 2.0
2.0, 2.0
1.8242894411087036, 2.0
2.0, 2.0
1.5658915042877197, 2.0
2.0, 2.0
1.5658915042877197, 2.0
2.0, 2.0
1.5090439319610596, 2.0
1.9534883499145508, 2.0
2.0, 2.0
1.9534883499145508, 2.0
1.9431524276733398, 2.0
1.9741601943969727, 2.0
2.0, 2.0
1.9793281555175781, 2.0
2.0, 2.0
1.9793281555175781, 2.0
2.0, 2.0
2.0, 2.0
2.0, 2.0
2.0, 2.0
1.6537467241287231, 1.9586563110351562
1.83979332447052, 2.0
1.7571059465408325, 1.8759689331054688
1.850129246711731, 1.9586563110351562
1.9638242721557617, 2.0
2.0, 1.9431524276733398
2.0, 2.0
2.0, 2.0
2.0, 2.0
1.8708010911941528, 1.7416020631790161
2.0, 1.9741601943969727
1.7777777910232544, 1.8914728164672852
1.9638242721557617, 1.850129246711731
1.7054263353347778, 1.83979332447052
