actor_1,actor_2
2.0, 2.0
2.0, 2.0
2.0, 2.0
2.0, 2.0
1.5297157764434814, 2.0
1.6899224519729614, 2.0
1.6899224519729614, 2.0
1.7932816743850708, 2.0
1.7881137132644653, 2.0
1.9689922332763672, 2.0
1.9483203887939453, 2.0
1.912144660949707, 1.9793281555175781
1.912144660949707, 1.9793281555175781
1.912144660949707, 1.9793281555175781
2.0, 2.0
2.0, 2.0
2.0, 2.0
2.0, 1.9534883499145508
2.0, 2.0
2.0, 2.0
2.0, 2.0
2.0, 2.0
2.0, 2.0
2.0, 2.0
1.5452196598052979, 2.0
2.0, 2.0
1.612403154373169, 2.0
1.612403154373169, 2.0
