actor_1,actor_2
2.0, 2.0
1.9379844665527344, 2.0
2.0, 2.0
1.9379844665527344, 2.0
2.0, 2.0
1.9379844665527344, 2.0
2.0, 2.0
1.9379844665527344, 2.0
2.0, 2.0
1.9379844665527344, 2.0
1.13178288936615, 2.0
1.3850128650665283, 1.9844961166381836
1.2454780340194702, 1.989664077758789
1.266149878501892, 1.6795865297317505
1.266149878501892, 1.6795865297317505
1.266149878501892, 1.6795865297317505
1.038759708404541, 1.3023256063461304
0.9043927788734436, 1.0956072807312012
0.9043927788734436, 1.0956072807312012
0.8578811287879944, 0.713178277015686
0.8578811287879944, 0.713178277015686
