actor_1,actor_2
2.0, 2.0
1.9586563110351562, 1.591731309890747
1.7777777910232544, 1.0852713584899902
1.7777777910232544, 1.0852713584899902
0.8062015771865845, 0.594315230846405
0.5374677181243896, 0.475452184677124
0.5374677181243896, 0.475452184677124
0.5374677181243896, 0.475452184677124
