actor_1,actor_2
2.0, 2.0
2.0, 2.0
2.0, 1.901808738708496
2.0, 1.901808738708496
1.1421188116073608, 1.1214470863342285
0.9354005455970764, 0.9974160194396973
0.9354005455970764, 0.9974160194396973
1.0749354362487793, 1.209302306175232
1.0749354362487793, 1.209302306175232
1.2713178396224976, 1.4315245151519775
1.3488372564315796, 1.4780361652374268
1.5813953876495361, 1.922480583190918
1.6795865297317505, 1.7416020631790161
1.7674418687820435, 1.6175711154937744
1.6279069185256958, 1.7105942964553833
1.7467700242996216, 1.6382428407669067
1.591731309890747, 1.7054263353347778
1.695090413093567, 1.6227390766143799
1.5297157764434814, 1.426356554031372
1.3591731786727905, 1.4108526706695557
1.3695091009140015, 1.2248061895370483
