actor_1,actor_2
2.0, 1.8087855577468872
2.0, 1.2919896841049194
2.0, 1.2248061895370483
2.0, 1.2248061895370483
1.5193798542022705, 0.8733850121498108
1.2196382284164429, 0.8062015771865845
1.2196382284164429, 0.8062015771865845
1.2196382284164429, 0.8062015771865845
