actor_1,actor_2
2.0, 2.0
2.0, 1.2816537618637085
1.7467700242996216, 1.1369508504867554
1.7467700242996216, 1.1369508504867554
0.9767441749572754, 0.6614987254142761
0.5736433863639832, 0.47028422355651855
0.5736433863639832, 0.47028422355651855
0.5736433863639832, 0.47028422355651855
