actor_1,actor_2
2.0, 2.0
2.0, 2.0
2.0, 1.5813953876495361
2.0, 1.5813953876495361
1.209302306175232, 0.8785529732704163
0.6459948420524597, 0.7700258493423462
0.6459948420524597, 0.7700258493423462
0.8475452065467834, 0.9767441749572754
0.8475452065467834, 0.9767441749572754
1.3385013341903687, 1.276485800743103
0.8475452065467834, 0.9767441749572754
