actor_1,actor_2
2.0, 2.0
2.0, 2.0
1.7674418687820435, 1.7881137132644653
2.0, 2.0
1.7674418687820435, 1.7881137132644653
1.602067232131958, 2.0
1.426356554031372, 2.0
1.3953487873077393, 2.0
1.2558139562606812, 1.8036175966262817
1.297157645225525, 1.8656331300735474
1.297157645225525, 1.8656331300735474
1.297157645225525, 1.8656331300735474
1.0645995140075684, 1.2609819173812866
0.8630490899085999, 0.5633074641227722
0.832041323184967, 0.26356589794158936
0.832041323184967, 0.26356589794158936
0.832041323184967, 0.26356589794158936
0.832041323184967, 0.26356589794158936
0.8527131676673889, 0.24289405345916748
0.930232584476471, 0.24289405345916748
1.13178288936615, 0.47028422355651855
1.266149878501892, 0.5684754252433777
1.0645995140075684, 0.4806201457977295
1.0645995140075684, 0.4806201457977295
0.930232584476471, 0.4651162922382355
0.930232584476471, 0.4651162922382355
0.930232584476471, 0.4651162922382355
0.930232584476471, 0.4651162922382355
0.9664082527160645, 0.6201550364494324
1.13178288936615, 0.9870800971984863
1.4056847095489502, 1.6279069185256958
0.9354005455970764, 1.7312661409378052
0.9354005455970764, 1.7312661409378052
0.9354005455970764, 1.7312661409378052
