actor_1,actor_2
2.0, 2.0
1.7932816743850708, 1.860465168952942
2.0, 2.0
1.7932816743850708, 1.860465168952942
2.0, 2.0
1.7932816743850708, 1.860465168952942
2.0, 2.0
1.7932816743850708, 1.860465168952942
2.0, 2.0
1.7932816743850708, 1.860465168952942
1.1266149282455444, 1.8552972078323364
1.3178294897079468, 2.0
1.4987080097198486, 2.0
1.7674418687820435, 2.0
1.7674418687820435, 2.0
1.7674418687820435, 2.0
1.8708010911941528, 1.7209302186965942
2.0, 0.9819121360778809
2.0, 0.9819121360778809
2.0, 0.594315230846405
2.0, 0.7906976938247681
2.0, 0.9715762138366699
2.0, 0.7286821603775024
1.7467700242996216, 0.5322997570037842
1.297157645225525, 0.43927648663520813
1.297157645225525, 0.43927648663520813
0.9664082527160645, 0.5064599514007568
0.9664082527160645, 0.5064599514007568
0.9405684471130371, 1.049095630645752
1.049095630645752, 1.2558139562606812
0.7648578882217407, 1.1937984228134155
0.9250646233558655, 1.4677002429962158
0.9250646233558655, 1.4677002429962158
1.1782945394515991, 1.7209302186965942
1.4160206317901611, 2.0
1.5968992710113525, 2.0
1.4987080097198486, 2.0
1.4005167484283447, 2.0
1.4005167484283447, 2.0
1.4005167484283447, 2.0
1.4005167484283447, 2.0
1.8759689331054688, 2.0
1.8759689331054688, 2.0
2.0, 1.3850128650665283
2.0, 0.9819121360778809
2.0, 0.594315230846405
2.0, 0.5839793086051941
2.0, 0.5839793086051941
2.0, 0.5839793086051941
