actor_1,actor_2
1.8449612855911255, 2.0
1.9793281555175781, 2.0
1.9276485443115234, 2.0
1.8759689331054688, 2.0
1.901808738708496, 2.0
1.9948320388793945, 2.0
1.9948320388793945, 2.0
2.0, 1.8708010911941528
2.0, 1.8708010911941528
2.0, 1.8708010911941528
