actor_1,actor_2
2.0, 2.0
2.0, 2.0
1.6692506074905396, 1.695090413093567
2.0, 2.0
1.6692506074905396, 1.695090413093567
1.4832041263580322, 1.3798449039459229
0.9405684471130371, 1.13178288936615
1.0749354362487793, 1.2816537618637085
1.3798449039459229, 1.6175711154937744
1.6279069185256958, 1.9638242721557617
1.751937985420227, 1.8656331300735474
1.7105942964553833, 1.6795865297317505
1.922480583190918, 2.0
1.860465168952942, 2.0
2.0, 2.0
2.0, 2.0
2.0, 2.0
2.0, 2.0
2.0, 2.0
2.0, 2.0
1.6692506074905396, 1.695090413093567
2.0, 2.0
1.1524547338485718, 1.6227390766143799
1.3488372564315796, 1.9534883499145508
1.447028398513794, 2.0
1.6072351932525635, 2.0
1.8139535188674927, 2.0
1.860465168952942, 2.0
1.860465168952942, 2.0
1.8708010911941528, 2.0
1.8708010911941528, 2.0
1.8708010911941528, 2.0
2.0, 2.0
2.0, 2.0
2.0, 2.0
2.0, 2.0
2.0, 1.8242894411087036
2.0, 1.7416020631790161
2.0, 1.3023256063461304
2.0, 1.105943202972412
2.0, 1.3126615285873413
1.8811368942260742, 1.1576226949691772
1.7571059465408325, 0.9974160194396973
1.4987080097198486, 1.0232558250427246
1.1834625005722046, 1.1472867727279663
1.1834625005722046, 1.1472867727279663
0.961240291595459, 1.18863046169281
0.961240291595459, 1.18863046169281
