actor_1,actor_2
2.0, 2.0
2.0, 2.0
2.0, 2.0
2.0, 2.0
1.364341139793396, 1.3074935674667358
1.1472867727279663, 1.3488372564315796
1.1472867727279663, 1.3488372564315796
1.3333333730697632, 1.664082646369934
1.3333333730697632, 1.664082646369934
1.447028398513794, 1.901808738708496
1.4005167484283447, 2.0
1.4728682041168213, 2.0
1.4573643207550049, 2.0
1.5090439319610596, 2.0
1.5090439319610596, 2.0
1.5090439319610596, 2.0
1.5090439319610596, 2.0
1.5555555820465088, 2.0
1.5555555820465088, 2.0
1.5555555820465088, 2.0
1.7932816743850708, 2.0
1.83979332447052, 2.0
1.912144660949707, 1.7416020631790161
1.9069766998291016, 1.6227390766143799
1.9276485443115234, 1.447028398513794
