actor_1,actor_2
2.0, 2.0
2.0, 2.0
2.0, 2.0
2.0, 2.0
1.7054263353347778, 1.9793281555175781
1.534883737564087, 2.0
1.534883737564087, 2.0
1.8087855577468872, 2.0
2.0, 2.0
1.8087855577468872, 2.0
2.0, 2.0
1.8087855577468872, 2.0
1.9069766998291016, 2.0
2.0, 2.0
1.9069766998291016, 2.0
2.0, 2.0
1.9069766998291016, 2.0
1.860465168952942, 2.0
2.0, 2.0
