actor_1,actor_2
2.0, 2.0
2.0, 2.0
2.0, 1.932816505432129
2.0, 1.932816505432129
1.0129199028015137, 0.8682170510292053
0.7545219659805298, 0.7958656549453735
0.7545219659805298, 0.7958656549453735
1.049095630645752, 1.1369508504867554
1.049095630645752, 1.1369508504867554
1.2144702672958374, 1.426356554031372
1.2403100728988647, 1.7157622575759888
1.6330748796463013, 2.0
1.901808738708496, 2.0
1.8811368942260742, 1.7777777910232544
1.8036175966262817, 2.0
1.8759689331054688, 1.8191214799880981
1.6330748796463013, 2.0
1.8552972078323364, 1.9276485443115234
1.8811368942260742, 1.7777777910232544
1.7467700242996216, 1.9793281555175781
2.0, 2.0
1.8811368942260742, 2.0
2.0, 2.0
1.7312661409378052, 2.0
2.0, 2.0
1.5090439319610596, 1.5607235431671143
1.8966407775878906, 2.0
2.0, 2.0
1.751937985420227, 1.8708010911941528
2.0, 2.0
1.436692476272583, 1.4108526706695557
1.5090439319610596, 1.5607235431671143
1.436692476272583, 1.4108526706695557
