actor_1,actor_2
2.0, 2.0
2.0, 2.0
2.0, 2.0
2.0, 2.0
1.695090413093567, 1.9689922332763672
1.7364341020584106, 2.0
1.7364341020584106, 2.0
1.9793281555175781, 2.0
2.0, 2.0
1.9793281555175781, 2.0
2.0, 2.0
1.9793281555175781, 2.0
2.0, 2.0
1.9793281555175781, 2.0
2.0, 2.0
1.9793281555175781, 2.0
