actor_1,actor_2
2.0, 2.0
2.0, 2.0
2.0, 2.0
2.0, 2.0
1.524547815322876, 1.4315245151519775
1.116279125213623, 1.2919896841049194
1.116279125213623, 1.2919896841049194
1.2919896841049194, 1.5400516986846924
1.2919896841049194, 1.5400516986846924
1.297157645225525, 1.6485787630081177
1.2454780340194702, 1.6692506074905396
1.591731309890747, 2.0
1.5297157764434814, 2.0
1.3591731786727905, 1.7416020631790161
1.3591731786727905, 1.7416020631790161
1.3591731786727905, 1.7416020631790161
1.3591731786727905, 1.7416020631790161
1.503875970840454, 1.9586563110351562
1.503875970840454, 1.9586563110351562
1.503875970840454, 1.9586563110351562
2.0, 2.0
2.0, 1.684754490852356
2.0, 1.3023256063461304
2.0, 1.3023256063461304
2.0, 1.0697674751281738
2.0, 1.059431552886963
2.0, 1.059431552886963
2.0, 1.0852713584899902
2.0, 1.1214470863342285
2.0, 1.0180878639221191
2.0, 1.0852713584899902
2.0, 1.0749354362487793
2.0, 1.059431552886963
2.0, 1.1834625005722046
2.0, 1.1007752418518066
2.0, 1.2144702672958374
1.8708010911941528, 1.3591731786727905
1.4315245151519775, 1.276485800743103
1.4315245151519775, 1.276485800743103
