actor_1,actor_2
2.0, 2.0
2.0, 2.0
2.0, 2.0
2.0, 2.0
1.9276485443115234, 1.4728682041168213
1.4005167484283447, 1.3695091009140015
1.4005167484283447, 1.3695091009140015
1.4005167484283447, 1.3695091009140015
