actor_1,actor_2
2.0, 2.0
2.0, 2.0
2.0, 1.9586563110351562
2.0, 1.9586563110351562
1.4521963596343994, 1.4573643207550049
1.3385013341903687, 1.6279069185256958
1.3385013341903687, 1.6279069185256958
1.4315245151519775, 1.8191214799880981
1.6795865297317505, 2.0
1.9638242721557617, 2.0
2.0, 2.0
1.9586563110351562, 2.0
2.0, 2.0
1.922480583190918, 2.0
2.0, 2.0
1.772609829902649, 1.8966407775878906
2.0, 2.0
2.0, 2.0
1.8759689331054688, 2.0
1.8863048553466797, 1.9793281555175781
2.0, 2.0
1.8863048553466797, 1.9793281555175781
2.0, 2.0
1.8863048553466797, 1.9793281555175781
2.0, 2.0
1.8863048553466797, 1.9793281555175781
1.8708010911941528, 1.8966407775878906
2.0, 2.0
1.8708010911941528, 1.8966407775878906
1.9534883499145508, 2.0
2.0, 2.0
