actor_1,actor_2
2.0, 2.0
2.0, 1.8449612855911255
1.9741601943969727, 1.4160206317901611
1.9741601943969727, 1.4160206317901611
1.1731265783309937, 1.0232558250427246
0.5322997570037842, 0.8888888955116272
0.5322997570037842, 0.8888888955116272
0.6666666865348816, 0.9870800971984863
0.6666666865348816, 0.9870800971984863
0.8940568566322327, 1.1731265783309937
0.9819121360778809, 1.364341139793396
1.3281654119491577, 1.9638242721557617
1.4573643207550049, 1.524547815322876
1.514211893081665, 1.3126615285873413
1.3953487873077393, 1.5968992710113525
1.4677002429962158, 1.374677062034607
1.3488372564315796, 1.7105942964553833
1.447028398513794, 1.4211885929107666
1.2454780340194702, 1.297157645225525
1.3850128650665283, 1.4728682041168213
1.6382428407669067, 1.7054263353347778
1.6795865297317505, 1.6227390766143799
1.6227390766143799, 1.772609829902649
1.6795865297317505, 1.6227390766143799
1.5658915042877197, 1.83979332447052
1.6279069185256958, 1.3229974508285522
1.5090439319610596, 1.4832041263580322
1.18863046169281, 0.9405684471130371
1.18863046169281, 0.9405684471130371
1.1679586172103882, 1.1266149282455444
