actor_1,actor_2
1.9948320388793945, 2.0
2.0, 1.9689922332763672
2.0, 2.0
1.7984496355056763, 1.374677062034607
1.5762274265289307, 1.286821722984314
1.5762274265289307, 1.286821722984314
0.9043927788734436, 0.7080103158950806
0.6149870753288269, 0.6718346476554871
0.6149870753288269, 0.6718346476554871
0.7183462381362915, 0.832041323184967
0.7183462381362915, 0.832041323184967
0.930232584476471, 0.9354005455970764
1.059431552886963, 1.0025839805603027
0.930232584476471, 0.9354005455970764
