actor_1,actor_2
2.0, 2.0
2.0, 2.0
1.9483203887939453, 1.762273907661438
1.9483203887939453, 1.762273907661438
1.0749354362487793, 0.7080103158950806
0.7493540048599243, 0.5684754252433777
0.7493540048599243, 0.5684754252433777
0.7493540048599243, 0.5684754252433777
