actor_1,actor_2
2.0, 2.0
2.0, 1.9844961166381836
1.850129246711731, 1.7829457521438599
1.850129246711731, 1.7829457521438599
1.3901808261871338, 0.9664082527160645
0.8940568566322327, 0.8733850121498108
0.8940568566322327, 0.8733850121498108
0.8940568566322327, 0.8733850121498108
