actor_1,actor_2
2.0, 2.0
1.5710594654083252, 1.932816505432129
2.0, 2.0
1.5710594654083252, 1.932816505432129
2.0, 2.0
1.5710594654083252, 1.932816505432129
2.0, 2.0
1.5710594654083252, 1.932816505432129
2.0, 2.0
1.5710594654083252, 1.932816505432129
1.2454780340194702, 1.9844961166381836
1.674418568611145, 2.0
2.0, 2.0
2.0, 2.0
1.9586563110351562, 2.0
2.0, 2.0
1.9586563110351562, 2.0
1.8656331300735474, 2.0
2.0, 2.0
2.0, 2.0
1.7157622575759888, 2.0
1.7571059465408325, 2.0
2.0, 2.0
1.7571059465408325, 2.0
1.9741601943969727, 2.0
2.0, 2.0
2.0, 2.0
2.0, 2.0
1.7467700242996216, 1.7984496355056763
1.6589146852493286, 2.0
1.989664077758789, 2.0
2.0, 2.0
1.989664077758789, 2.0
2.0, 2.0
1.8708010911941528, 2.0
2.0, 2.0
2.0, 2.0
1.7571059465408325, 1.7674418687820435
1.8708010911941528, 2.0
1.989664077758789, 2.0
2.0, 2.0
2.0, 2.0
2.0, 1.9534883499145508
1.3591731786727905, 1.7571059465408325
1.684754490852356, 1.9276485443115234
1.9431524276733398, 2.0
2.0, 1.9276485443115234
1.8708010911941528, 1.7002583742141724
1.3178294897079468, 1.4211885929107666
1.751937985420227, 1.6382428407669067
1.3178294897079468, 1.4211885929107666
1.751937985420227, 1.6382428407669067
1.3178294897079468, 1.4211885929107666
1.5710594654083252, 1.3798449039459229
1.3178294897079468, 1.4211885929107666
1.5710594654083252, 1.3798449039459229
1.3178294897079468, 1.4211885929107666
1.3178294897079468, 1.4211885929107666
1.751937985420227, 1.6382428407669067
1.3178294897079468, 1.4211885929107666
1.5710594654083252, 1.3798449039459229
1.3178294897079468, 1.4211885929107666
1.5710594654083252, 1.3798449039459229
1.3178294897079468, 1.4211885929107666
1.297157645225525, 1.2558139562606812
1.3178294897079468, 1.4211885929107666
1.297157645225525, 1.2558139562606812
