actor_1,actor_2
2.0, 2.0
2.0, 1.3074935674667358
2.0, 1.1576226949691772
2.0, 1.1576226949691772
1.1524547338485718, 0.8217054009437561
0.8113695383071899, 0.6666666865348816
0.8113695383071899, 0.6666666865348816
0.8113695383071899, 0.6666666865348816
