actor_1,actor_2
2.0, 2.0
1.8708010911941528, 1.5607235431671143
1.5658915042877197, 1.3333333730697632
1.5658915042877197, 1.3333333730697632
0.801033616065979, 1.0542635917663574
0.8630490899085999, 0.7751938104629517
0.5736433863639832, 0.6563307642936707
0.8630490899085999, 0.7751938104629517
0.5736433863639832, 0.6563307642936707
0.8630490899085999, 0.7751938104629517
