actor_1,actor_2
2.0, 2.0
1.7416020631790161, 2.0
2.0, 2.0
1.7416020631790161, 2.0
2.0, 2.0
1.7416020631790161, 2.0
2.0, 2.0
1.7416020631790161, 2.0
2.0, 2.0
1.7416020631790161, 2.0
1.4315245151519775, 1.695090413093567
1.6589146852493286, 1.9638242721557617
1.850129246711731, 2.0
1.9534883499145508, 2.0
1.9534883499145508, 2.0
1.9534883499145508, 2.0
2.0, 1.8656331300735474
2.0, 1.5813953876495361
2.0, 1.5813953876495361
2.0, 1.3229974508285522
2.0, 1.3901808261871338
2.0, 1.276485800743103
1.8552972078323364, 1.02842378616333
1.5452196598052979, 0.7390180826187134
1.2713178396224976, 0.6614987254142761
1.2713178396224976, 0.6614987254142761
0.8268733620643616, 0.6098191142082214
0.8268733620643616, 0.6098191142082214
0.723514199256897, 0.7803617715835571
0.8475452065467834, 1.0801033973693848
0.604651153087616, 1.0439276695251465
1.1007752418518066, 1.5503876209259033
1.1007752418518066, 1.5503876209259033
1.3850128650665283, 1.989664077758789
1.7002583742141724, 2.0
1.8966407775878906, 2.0
1.850129246711731, 2.0
1.7829457521438599, 2.0
1.7829457521438599, 2.0
1.7829457521438599, 2.0
1.7829457521438599, 2.0
1.9069766998291016, 2.0
1.9069766998291016, 2.0
2.0, 1.762273907661438
2.0, 1.5813953876495361
2.0, 1.3229974508285522
1.9379844665527344, 1.2351421117782593
1.9379844665527344, 1.2351421117782593
1.9379844665527344, 1.2351421117782593
