actor_1,actor_2
2.0, 2.0
2.0, 1.2041343450546265
1.7157622575759888, 0.8888888955116272
1.7157622575759888, 0.8888888955116272
0.8475452065467834, 0.6098191142082214
0.604651153087616, 0.45478036999702454
0.604651153087616, 0.45478036999702454
0.604651153087616, 0.45478036999702454
