actor_1,actor_2
2.0, 2.0
2.0, 1.9586563110351562
2.0, 1.591731309890747
2.0, 1.591731309890747
1.0542635917663574, 0.7751938104629517
0.7803617715835571, 0.713178277015686
0.7803617715835571, 0.713178277015686
0.7803617715835571, 0.713178277015686
