actor_1,actor_2
1.9948320388793945, 2.0
2.0, 2.0
2.0, 2.0
2.0, 2.0
2.0, 2.0
2.0, 2.0
1.4056847095489502, 1.209302306175232
0.9147287011146545, 1.13178288936615
0.9147287011146545, 1.13178288936615
1.0852713584899902, 1.503875970840454
1.0852713584899902, 1.503875970840454
1.038759708404541, 2.0
0.9870800971984863, 2.0
1.0749354362487793, 2.0
1.2506459951400757, 1.8914728164672852
1.447028398513794, 1.4987080097198486
1.447028398513794, 1.4987080097198486
1.447028398513794, 1.4987080097198486
1.447028398513794, 1.4987080097198486
1.524547815322876, 1.8139535188674927
1.524547815322876, 1.8139535188674927
1.524547815322876, 1.8139535188674927
1.9534883499145508, 1.922480583190918
2.0, 1.8036175966262817
2.0, 1.374677062034607
2.0, 0.8268733620643616
2.0, 0.8268733620643616
2.0, 0.8062015771865845
2.0, 0.8062015771865845
1.9379844665527344, 0.9819121360778809
1.7467700242996216, 0.961240291595459
1.5762274265289307, 0.930232584476471
1.7416020631790161, 1.0025839805603027
1.7777777910232544, 0.9974160194396973
1.8759689331054688, 0.7906976938247681
1.8759689331054688, 0.7906976938247681
1.7105942964553833, 0.8527131676673889
1.7002583742141724, 1.049095630645752
1.4211885929107666, 1.3178294897079468
0.9560723304748535, 1.4108526706695557
0.9560723304748535, 1.4108526706695557
0.9560723304748535, 1.4108526706695557
