actor_1,actor_2
2.0, 2.0
2.0, 2.0
2.0, 2.0
2.0, 2.0
1.297157645225525, 1.3953487873077393
1.2713178396224976, 1.7105942964553833
1.2713178396224976, 1.7105942964553833
1.4056847095489502, 2.0
1.684754490852356, 2.0
1.9793281555175781, 2.0
2.0, 2.0
1.9276485443115234, 2.0
2.0, 2.0
1.860465168952942, 2.0
2.0, 2.0
1.7157622575759888, 2.0
2.0, 2.0
1.9689922332763672, 2.0
2.0, 2.0
1.850129246711731, 2.0
2.0, 2.0
1.850129246711731, 2.0
1.9483203887939453, 2.0
2.0, 2.0
1.9483203887939453, 2.0
2.0, 2.0
1.7829457521438599, 2.0
2.0, 2.0
1.829457402229309, 2.0
1.9586563110351562, 2.0
2.0, 2.0
1.829457402229309, 2.0
2.0, 2.0
1.829457402229309, 2.0
1.9586563110351562, 2.0
2.0, 2.0
1.9586563110351562, 2.0
2.0, 2.0
1.7984496355056763, 2.0
1.912144660949707, 1.989664077758789
2.0, 2.0
1.912144660949707, 1.989664077758789
2.0, 2.0
