actor_1,actor_2
2.0, 2.0
2.0, 1.8449612855911255
2.0, 1.6227390766143799
2.0, 1.6227390766143799
1.4832041263580322, 1.1007752418518066
0.9767441749572754, 0.9870800971984863
0.9767441749572754, 0.9870800971984863
1.0852713584899902, 1.18863046169281
1.0852713584899902, 1.18863046169281
1.2609819173812866, 1.3178294897079468
1.3901808261871338, 1.3385013341903687
1.2609819173812866, 1.3178294897079468
