actor_1,actor_2
2.0, 1.7364341020584106
2.0, 1.2506459951400757
2.0, 1.0956072807312012
2.0, 1.0956072807312012
1.6330748796463013, 0.49095606803894043
1.2506459951400757, 0.40310078859329224
1.2506459951400757, 0.40310078859329224
1.2506459951400757, 0.40310078859329224
