actor_1,actor_2
2.0, 2.0
2.0, 1.8759689331054688
2.0, 1.514211893081665
2.0, 1.514211893081665
1.5968992710113525, 1.1111111640930176
1.1421188116073608, 1.049095630645752
1.1421188116073608, 1.049095630645752
1.1421188116073608, 1.049095630645752
