actor_1,actor_2
2.0, 2.0
2.0, 2.0
2.0, 1.8914728164672852
2.0, 1.8914728164672852
1.7829457521438599, 1.0904393196105957
1.3901808261871338, 1.0180878639221191
1.3901808261871338, 1.0180878639221191
1.3901808261871338, 1.0180878639221191
