actor_1,actor_2
2.0, 2.0
2.0, 1.850129246711731
2.0, 1.6537467241287231
2.0, 1.6537467241287231
2.0, 1.6072351932525635
2.0, 1.6795865297317505
2.0, 1.6795865297317505
2.0, 1.6795865297317505
