actor_1,actor_2
2.0, 2.0
1.932816505432129, 1.4987080097198486
1.4728682041168213, 1.1369508504867554
1.4728682041168213, 1.1369508504867554
0.7751938104629517, 0.5478036403656006
0.3927648663520813, 0.341085284948349
0.3927648663520813, 0.341085284948349
0.3927648663520813, 0.341085284948349
