actor_1,actor_2
2.0, 2.0
2.0, 1.6330748796463013
1.829457402229309, 1.2713178396224976
1.829457402229309, 1.2713178396224976
0.6356589198112488, 0.9664082527160645
0.832041323184967, 0.9043927788734436
0.832041323184967, 0.9043927788734436
1.1731265783309937, 1.1369508504867554
0.832041323184967, 0.9043927788734436
1.1731265783309937, 1.1369508504867554
0.832041323184967, 0.9043927788734436
1.1731265783309937, 1.1369508504867554
0.832041323184967, 0.9043927788734436
