actor_1,actor_2
2.0, 2.0
2.0, 2.0
1.8656331300735474, 1.7932816743850708
1.8656331300735474, 1.7932816743850708
0.9974160194396973, 1.1627906560897827
0.842377245426178, 1.116279125213623
0.842377245426178, 1.116279125213623
1.059431552886963, 1.2558139562606812
1.3074935674667358, 1.6072351932525635
1.6175711154937744, 1.4056847095489502
1.3074935674667358, 1.6072351932525635
1.5710594654083252, 1.4728682041168213
1.116279125213623, 1.3126615285873413
1.4935400485992432, 1.5865633487701416
1.6175711154937744, 1.2454780340194702
1.374677062034607, 1.3695091009140015
1.116279125213623, 1.3126615285873413
1.1731265783309937, 1.1111111640930176
1.116279125213623, 1.3126615285873413
1.1731265783309937, 1.1111111640930176
1.116279125213623, 1.3126615285873413
1.1731265783309937, 1.1111111640930176
