actor_1,actor_2
2.0, 2.0
2.0, 1.105943202972412
2.0, 0.9767441749572754
2.0, 0.9767441749572754
1.2248061895370483, 0.552971601486206
0.8527131676673889, 0.45994833111763
0.8527131676673889, 0.45994833111763
0.8527131676673889, 0.45994833111763
