actor_1,actor_2
2.0, 2.0
2.0, 2.0
2.0, 2.0
2.0, 2.0
1.3488372564315796, 1.3385013341903687
1.1007752418518066, 1.2919896841049194
1.1007752418518066, 1.2919896841049194
1.354005217552185, 1.4987080097198486
1.354005217552185, 1.4987080097198486
1.695090413093567, 1.6485787630081177
1.354005217552185, 1.4987080097198486
