actor_1,actor_2
2.0, 2.0
2.0, 2.0
2.0, 1.9431524276733398
2.0, 1.9431524276733398
1.2506459951400757, 0.8733850121498108
0.961240291595459, 0.8578811287879944
0.961240291595459, 0.8578811287879944
0.961240291595459, 0.8578811287879944
