actor_1,actor_2
2.0, 2.0
1.8966407775878906, 2.0
2.0, 2.0
1.8966407775878906, 2.0
2.0, 2.0
1.8966407775878906, 2.0
2.0, 2.0
1.8966407775878906, 2.0
2.0, 2.0
1.8966407775878906, 2.0
1.4780361652374268, 1.9741601943969727
1.8863048553466797, 2.0
2.0, 2.0
2.0, 2.0
2.0, 2.0
1.8966407775878906, 2.0
1.8449612855911255, 2.0
2.0, 2.0
1.591731309890747, 2.0
2.0, 2.0
1.591731309890747, 2.0
2.0, 2.0
1.591731309890747, 2.0
1.922480583190918, 2.0
2.0, 2.0
1.922480583190918, 2.0
2.0, 2.0
1.6382428407669067, 2.0
2.0, 2.0
1.6382428407669067, 2.0
2.0, 2.0
1.524547815322876, 1.762273907661438
1.9069766998291016, 1.7054263353347778
1.524547815322876, 1.762273907661438
1.9069766998291016, 1.7054263353347778
1.524547815322876, 1.762273907661438
1.5865633487701416, 1.5090439319610596
1.524547815322876, 1.762273907661438
1.5865633487701416, 1.5090439319610596
