actor_1,actor_2
2.0, 2.0
2.0, 1.83979332447052
1.8811368942260742, 1.2196382284164429
1.8811368942260742, 1.2196382284164429
1.0129199028015137, 0.713178277015686
0.7080103158950806, 0.604651153087616
0.7080103158950806, 0.604651153087616
0.7080103158950806, 0.604651153087616
