actor_1,actor_2
2.0, 2.0
2.0, 2.0
2.0, 2.0
2.0, 2.0
1.4883720874786377, 1.0749354362487793
1.038759708404541, 1.0025839805603027
1.038759708404541, 1.0025839805603027
1.038759708404541, 1.0025839805603027
