actor_1,actor_2
2.0, 2.0
2.0, 2.0
2.0, 1.6589146852493286
2.0, 1.6589146852493286
1.3901808261871338, 1.0077519416809082
1.0335917472839355, 0.8992248177528381
1.0335917472839355, 0.8992248177528381
1.0335917472839355, 0.8992248177528381
