actor_1,actor_2
2.0, 2.0
2.0, 1.664082646369934
1.7312661409378052, 1.4935400485992432
1.7312661409378052, 1.4935400485992432
1.1369508504867554, 0.9664082527160645
0.8940568566322327, 0.7855297327041626
0.8940568566322327, 0.7855297327041626
0.8940568566322327, 0.7855297327041626
