actor_1,actor_2
2.0, 2.0
1.9689922332763672, 1.7932816743850708
1.7674418687820435, 1.514211893081665
1.7674418687820435, 1.514211893081665
1.0077519416809082, 1.0801033973693848
0.8527131676673889, 1.1111111640930176
0.8527131676673889, 1.1111111640930176
0.9405684471130371, 1.3074935674667358
1.18863046169281, 1.7002583742141724
1.5762274265289307, 2.0
1.6795865297317505, 2.0
1.7002583742141724, 1.8346253633499146
1.7002583742141724, 1.8346253633499146
1.7002583742141724, 1.8346253633499146
1.7364341020584106, 2.0
2.0, 2.0
2.0, 2.0
2.0, 2.0
2.0, 2.0
2.0, 2.0
2.0, 2.0
2.0, 1.9586563110351562
1.602067232131958, 1.3488372564315796
1.6795865297317505, 1.209302306175232
1.5400516986846924, 1.0697674751281738
1.6072351932525635, 1.1782945394515991
1.1472867727279663, 1.1679586172103882
1.4728682041168213, 1.354005217552185
0.7596899271011353, 0.9819121360778809
0.8733850121498108, 1.13178288936615
0.8733850121498108, 1.13178288936615
1.1111111640930176, 1.5503876209259033
1.0025839805603027, 1.674418568611145
1.0439276695251465, 1.6175711154937744
1.4728682041168213, 2.0
1.6279069185256958, 2.0
1.7002583742141724, 2.0
1.7002583742141724, 2.0
1.7002583742141724, 2.0
1.7002583742141724, 2.0
1.7002583742141724, 2.0
1.7002583742141724, 2.0
1.9793281555175781, 2.0
2.0, 2.0
2.0, 1.695090413093567
2.0, 1.4573643207550049
2.0, 1.4573643207550049
2.0, 1.4573643207550049
2.0, 1.4573643207550049
2.0, 1.4573643207550049
2.0, 1.4573643207550049
2.0, 1.4160206317901611
1.9793281555175781, 1.4005167484283447
1.503875970840454, 1.105943202972412
1.4728682041168213, 1.1369508504867554
1.5090439319610596, 1.0335917472839355
1.4005167484283447, 0.9560723304748535
1.4005167484283447, 0.9560723304748535
1.1627906560897827, 0.8475452065467834
1.1627906560897827, 0.8475452065467834
1.1214470863342285, 0.8733850121498108
1.1007752418518066, 1.0801033973693848
1.038759708404541, 1.0697674751281738
0.7751938104629517, 0.9095607399940491
0.7751938104629517, 0.9095607399940491
