actor_1,actor_2
2.0, 2.0
2.0, 1.9173126220703125
2.0, 1.7829457521438599
2.0, 1.7829457521438599
1.6692506074905396, 0.9405684471130371
1.364341139793396, 0.9819121360778809
1.364341139793396, 0.9819121360778809
1.364341139793396, 0.9819121360778809
