actor_1,actor_2
2.0, 2.0
1.772609829902649, 2.0
2.0, 2.0
1.772609829902649, 2.0
2.0, 2.0
1.772609829902649, 2.0
2.0, 2.0
1.772609829902649, 2.0
2.0, 2.0
1.772609829902649, 2.0
1.0129199028015137, 1.534883737564087
1.5607235431671143, 1.7777777910232544
1.7881137132644653, 2.0
2.0, 2.0
2.0, 2.0
2.0, 2.0
1.8346253633499146, 2.0
2.0, 2.0
1.684754490852356, 2.0
2.0, 2.0
1.684754490852356, 2.0
1.9173126220703125, 2.0
2.0, 2.0
1.9173126220703125, 2.0
2.0, 2.0
1.9173126220703125, 2.0
1.9793281555175781, 2.0
1.9689922332763672, 2.0
1.9689922332763672, 2.0
1.9689922332763672, 2.0
1.9431524276733398, 2.0
1.9173126220703125, 2.0
1.9173126220703125, 2.0
1.901808738708496, 1.5762274265289307
1.8552972078323364, 1.4728682041168213
