actor_1,actor_2
2.0, 2.0
1.7932816743850708, 1.9276485443115234
2.0, 2.0
1.7932816743850708, 1.9276485443115234
2.0, 2.0
1.7932816743850708, 1.9276485443115234
2.0, 2.0
1.7932816743850708, 1.9276485443115234
2.0, 2.0
1.7932816743850708, 1.9276485443115234
1.2041343450546265, 1.1679586172103882
0.930232584476471, 0.9095607399940491
0.6408268809318542, 0.8268733620643616
0.930232584476471, 0.9095607399940491
0.6408268809318542, 0.8268733620643616
0.930232584476471, 0.9095607399940491
0.6408268809318542, 0.8268733620643616
0.930232584476471, 0.9095607399940491
0.6408268809318542, 0.8268733620643616
0.930232584476471, 0.9095607399940491
