actor_1,actor_2
1.534883737564087, 1.9793281555175781
1.2299741506576538, 2.0
1.3488372564315796, 2.0
1.6382428407669067, 2.0
1.9534883499145508, 2.0
2.0, 2.0
2.0, 2.0
2.0, 2.0
2.0, 2.0
2.0, 2.0
2.0, 2.0
2.0, 2.0
2.0, 1.9276485443115234
2.0, 1.9276485443115234
2.0, 1.829457402229309
2.0, 1.829457402229309
2.0, 1.9534883499145508
2.0, 1.9534883499145508
1.2248061895370483, 1.1266149282455444
0.801033616065979, 0.6976743936538696
0.3204134404659271, 0.4651162922382355
0.3204134404659271, 0.4651162922382355
