actor_1,actor_2
2.0, 2.0
2.0, 2.0
1.6330748796463013, 1.8449612855911255
2.0, 2.0
1.6330748796463013, 1.8449612855911255
1.534883737564087, 1.6330748796463013
1.762273907661438, 2.0
2.0, 2.0
1.5968992710113525, 2.0
2.0, 2.0
1.5968992710113525, 2.0
2.0, 2.0
1.9741601943969727, 2.0
2.0, 2.0
1.7467700242996216, 2.0
2.0, 2.0
1.7467700242996216, 2.0
2.0, 2.0
1.7467700242996216, 2.0
2.0, 2.0
1.7467700242996216, 2.0
2.0, 2.0
1.7467700242996216, 2.0
2.0, 2.0
1.7467700242996216, 2.0
1.7364341020584106, 2.0
2.0, 2.0
1.7364341020584106, 2.0
1.9741601943969727, 2.0
2.0, 2.0
1.9741601943969727, 2.0
2.0, 2.0
1.5813953876495361, 1.5813953876495361
1.591731309890747, 1.7777777910232544
1.5813953876495361, 1.5813953876495361
1.591731309890747, 1.7777777910232544
