actor_1,actor_2
2.0, 2.0
1.901808738708496, 1.4935400485992432
1.5090439319610596, 1.364341139793396
1.5090439319610596, 1.364341139793396
0.713178277015686, 1.1782945394515991
0.6718346476554871, 1.2196382284164429
0.6718346476554871, 1.2196382284164429
0.9250646233558655, 1.3074935674667358
1.2506459951400757, 1.5452196598052979
1.5865633487701416, 1.8552972078323364
1.7674418687820435, 1.8966407775878906
1.6330748796463013, 1.8708010911941528
1.6330748796463013, 1.8708010911941528
1.6330748796463013, 1.8708010911941528
1.8914728164672852, 2.0
2.0, 2.0
2.0, 2.0
2.0, 2.0
2.0, 1.932816505432129
2.0, 1.932816505432129
2.0, 1.6382428407669067
2.0, 1.3798449039459229
1.674418568611145, 1.0542635917663574
1.5503876209259033, 0.9922480583190918
1.374677062034607, 0.9250646233558655
1.374677062034607, 0.9819121360778809
0.9819121360778809, 1.049095630645752
1.3436692953109741, 1.1421188116073608
0.6201550364494324, 0.9974160194396973
0.8992248177528381, 1.059431552886963
0.8992248177528381, 1.059431552886963
1.3591731786727905, 1.3901808261871338
1.3850128650665283, 1.514211893081665
1.297157645225525, 1.436692476272583
1.83979332447052, 1.6537467241287231
1.2713178396224976, 1.1472867727279663
1.3126615285873413, 1.1834625005722046
