{"score": 10.29, "_timestamp": 1709131333.4084845, "_runtime": 67.23551845550537, "_step": 0, "_wandb": {"runtime": 66}}