{"score": 16.42125, "_timestamp": 1709131103.6672008, "_runtime": 71.33334374427795, "_step": 0, "_wandb": {"runtime": 68}}