{"score": 175.63, "_timestamp": 1709021229.493622, "_runtime": 127.61064910888672, "_step": 0, "_wandb": {"runtime": 126}}