{"score": 417.46, "_timestamp": 1709017709.4131463, "_runtime": 368.02804136276245, "_step": 0, "_wandb": {"runtime": 367}}