{"score": 453.3, "_timestamp": 1709007188.3403895, "_runtime": 223.6386215686798, "_step": 0, "_wandb": {"runtime": 222}}