{"score": 246.92, "_timestamp": 1709017025.0021262, "_runtime": 217.20332026481628, "_step": 0, "_wandb": {"runtime": 216}}