{"score": 9.6865, "_timestamp": 1707334586.5135083, "_runtime": 270.19835329055786, "_step": 0, "_wandb": {"runtime": 269}}