{"score": 123.34, "_timestamp": 1708987942.2957807, "_runtime": 216.77075862884521, "_step": 0, "_wandb": {"runtime": 216}}