{"score": 9.31, "_timestamp": 1709129934.4770076, "_runtime": 20.547918558120728, "_step": 0, "_wandb": {"runtime": 19}}