{"score": 9.31, "_timestamp": 1709059560.869455, "_runtime": 60.91730308532715, "_step": 0, "_wandb": {"runtime": 60}}