{"score": 9.31, "_timestamp": 1709078306.1825776, "_runtime": 56.96052551269531, "_step": 0, "_wandb": {"runtime": 56}}