{"score": 422.71, "_timestamp": 1708994771.642903, "_runtime": 225.1554720401764, "_step": 0, "_wandb": {"runtime": 224}}