{"score": 144.08, "_timestamp": 1709016799.7195845, "_runtime": 269.1316134929657, "_step": 0, "_wandb": {"runtime": 268}}