{"score": 94.21009999999998, "_timestamp": 1709092718.8721945, "_runtime": 680.7635095119476, "_step": 0, "_wandb": {"runtime": 680}}