{"score": 9.31, "_timestamp": 1709115477.877232, "_runtime": 45.38015103340149, "_step": 0, "_wandb": {"runtime": 44}}