{"score": 325.1, "_timestamp": 1709015562.548248, "_runtime": 405.78145813941956, "_step": 0, "_wandb": {"runtime": 405}}