{"score": 22.32090909090909, "_timestamp": 1709059366.793483, "_runtime": 101.09565711021423, "_step": 0, "_wandb": {"runtime": 100}}