{"score": 383.37, "_timestamp": 1708999219.6648154, "_runtime": 188.60496044158936, "_step": 0, "_wandb": {"runtime": 187}}