{"score": 421.57, "_timestamp": 1708992762.721182, "_runtime": 414.1280541419983, "_step": 0, "_wandb": {"runtime": 413}}