{"score": 493.92, "_timestamp": 1708985616.9801476, "_runtime": 451.09530663490295, "_step": 0, "_wandb": {"runtime": 450}}