{"score": 9.31, "_timestamp": 1709111610.5591981, "_runtime": 87.49194717407227, "_step": 0, "_wandb": {"runtime": 86}}