{"score": 272.44, "_timestamp": 1709011957.9220343, "_runtime": 460.1500701904297, "_step": 0, "_wandb": {"runtime": 459}}