{"score": 493.35, "_timestamp": 1709020314.5900035, "_runtime": 305.79940152168274, "_step": 0, "_wandb": {"runtime": 305}}