{"score": 9.31, "_timestamp": 1709051940.5162857, "_runtime": 40.47576856613159, "_step": 0, "_wandb": {"runtime": 39}}