{"score": 487.35, "_timestamp": 1709011145.0665276, "_runtime": 473.7092306613922, "_step": 0, "_wandb": {"runtime": 473}}