{"score": 253.4046000000001, "_timestamp": 1709098127.7863166, "_runtime": 1474.9771325588226, "_step": 0, "_wandb": {"runtime": 1474}}