{"score": 120.487, "_timestamp": 1709094700.0402155, "_runtime": 571.625652551651, "_step": 0, "_wandb": {"runtime": 570}}