{"score": 221.70930000000007, "_timestamp": 1709071799.4133832, "_runtime": 2611.989986181259, "_step": 0, "_wandb": {"runtime": 2611}}