{"score": 346.11, "_timestamp": 1709008581.0352552, "_runtime": 538.7640070915222, "_step": 0, "_wandb": {"runtime": 538}}