{"score": 218.28769999999997, "_timestamp": 1709058909.5539594, "_runtime": 1230.9229793548584, "_step": 0, "_wandb": {"runtime": 1230}}