{"score": 484.22, "_timestamp": 1708991348.782524, "_runtime": 1284.6988911628723, "_step": 0, "_wandb": {"runtime": 1283}}