{"score": 174.81, "_timestamp": 1708984695.6047864, "_runtime": 250.64749932289124, "_step": 0, "_wandb": {"runtime": 249}}