{"score": 10.187272727272727, "_timestamp": 1709057542.6581469, "_runtime": 49.21143078804016, "_step": 0, "_wandb": {"runtime": 48}}