{"score": 9.31, "_timestamp": 1709115419.978886, "_runtime": 56.32261681556702, "_step": 0, "_wandb": {"runtime": 55}}