{"score": 188.42, "_timestamp": 1708988446.004356, "_runtime": 215.5594129562378, "_step": 0, "_wandb": {"runtime": 214}}