actor_1,actor_2
0.06797385960817337, 0.27973857522010803
0.13594771921634674, 2.0
0.21960784494876862, 0.9934640526771545
0.3189542591571808, 0.26405230164527893
0.19346405565738678, 0.21699346601963043
0.38692811131477356, 0.0784313753247261
0.24313725531101227, 0.13856209814548492
0.11503268033266068, 0.22745098173618317
0.30588236451148987, 0.10980392247438431
0.18562091886997223, 0.09934640675783157
0.13856209814548492, 0.08888889104127884
0.13333334028720856, 0.05751634016633034
0.12026143819093704, 0.03660130873322487
0.06013071909546852, 0.03921568766236305
0.05751634016633034, 0.033986929804086685
0.04444444552063942, 0.033986929804086685
0.054901961237192154, 0.041830066591501236
0.04444444552063942, 0.05228758230805397
0.04444444552063942, 0.03921568766236305
0.04444444552063942, 0.03921568766236305
0.04444444552063942, 0.03921568766236305
