actor_1,actor_2
1.2418301105499268, 0.8392156958580017
0.8183006644248962, 0.34248366951942444
0.7973856329917908, 0.250980406999588
0.7973856329917908, 0.250980406999588
0.6797385811805725, 0.12287581712007523
0.6326797604560852, 0.08888889104127884
0.6326797604560852, 0.08888889104127884
0.6326797604560852, 0.08888889104127884
