actor_1,actor_2
0.9620915055274963, 0.7555555701255798
0.6509804129600525, 0.30588236451148987
0.6143791079521179, 0.23006536066532135
0.6143791079521179, 0.23006536066532135
0.5124183297157288, 0.15163399279117584
0.5176470875740051, 0.13594771921634674
0.5176470875740051, 0.13594771921634674
0.5176470875740051, 0.13594771921634674
