actor_1,actor_2
0.43398693203926086, 2.0
0.47058823704719543, 2.0
0.5594771504402161, 2.0
0.5385621190071106, 1.4483660459518433
0.6457516551017761, 1.2627451419830322
0.857516348361969, 1.032679796218872
1.3098039627075195, 0.886274516582489
1.4352941513061523, 0.7058823704719543
1.4352941513061523, 0.7058823704719543
1.4352941513061523, 0.7058823704719543
2.0, 0.8784313797950745
2.0, 0.9333333373069763
2.0, 0.9228758215904236
1.3359477519989014, 0.7686274647712708
1.0352941751480103, 0.5098039507865906
0.9647058844566345, 0.4418300688266754
0.8653594851493835, 0.3686274588108063
0.8653594851493835, 0.3686274588108063
0.8653594851493835, 0.3686274588108063
0.8653594851493835, 0.3686274588108063
0.6771242022514343, 0.43921568989753723
0.6483660340309143, 0.49934640526771545
0.5803921818733215, 0.4156862795352936
0.3529411852359772, 0.6509804129600525
0.3294117748737335, 0.6352941393852234
0.3294117748737335, 0.6352941393852234
0.30588236451148987, 0.5464052557945251
0.30588236451148987, 0.5464052557945251
