actor_1,actor_2
2.0, 1.9686274528503418
1.9189542531967163, 1.5477124452590942
1.4640523195266724, 1.3647059202194214
1.4640523195266724, 1.3647059202194214
0.6771242022514343, 1.074509859085083
0.7241830229759216, 1.231372594833374
0.7241830229759216, 1.231372594833374
0.9071895480155945, 1.3568627834320068
0.9960784316062927, 1.571241855621338
0.7058823704719543, 1.759477138519287
0.46797385811805725, 1.6810457706451416
0.4104575216770172, 1.3934640884399414
0.4104575216770172, 1.3934640884399414
0.4104575216770172, 1.3934640884399414
0.45490196347236633, 1.6601307392120361
0.6640523076057434, 1.8379085063934326
0.5254902243614197, 1.3803921937942505
0.27450981736183167, 0.5071895718574524
0.23529411852359772, 0.42091503739356995
0.19869281351566315, 0.3633987009525299
