actor_1,actor_2
0.6326797604560852, 0.3032679855823517
0.49934640526771545, 0.16732026636600494
0.27450981736183167, 0.1411764770746231
0.27450981736183167, 0.1411764770746231
0.01568627543747425, 0.10196078568696976
0.10980392247438431, 0.11241830140352249
0.10980392247438431, 0.11241830140352249
0.1908496767282486, 0.13071896135807037
0.10980392247438431, 0.11241830140352249
0.1908496767282486, 0.13071896135807037
0.10980392247438431, 0.11241830140352249
0.1908496767282486, 0.13071896135807037
0.10980392247438431, 0.11241830140352249
