actor_1,actor_2
0.5098039507865906, 0.7058823704719543
0.379084974527359, 2.0
0.47058823704719543, 1.1137255430221558
0.48104575276374817, 0.48627451062202454
0.5281046032905579, 0.25882354378700256
0.5385621190071106, 0.19869281351566315
0.6117647290229797, 0.29019609093666077
1.145098090171814, 0.3320261538028717
1.7176470756530762, 0.16209150850772858
1.8771241903305054, 0.0941176488995552
1.474509835243225, 0.10196078568696976
0.8235294222831726, 0.10718954354524612
0.4601307213306427, 0.09150326997041702
0.3973856270313263, 0.09673202782869339
0.23006536066532135, 0.1568627506494522
0.033986929804086685, 0.1882352977991104
0.007843137718737125, 0.1281045824289322
0.007843137718737125, 0.1281045824289322
0.007843137718737125, 0.1281045824289322
0.041830066591501236, 0.1568627506494522
0.041830066591501236, 0.1568627506494522
