actor_1,actor_2
0.379084974527359, 0.19869281351566315
0.1437908560037613, 0.04967320337891579
0.14901961386203766, 0.026143791154026985
0.14901961386203766, 0.026143791154026985
0.13071896135807037, 0.013071895577013493
0.1281045824289322, 0.007843137718737125
0.1281045824289322, 0.007843137718737125
0.1281045824289322, 0.007843137718737125
