actor_1,actor_2
0.8993464112281799, 0.8313725590705872
0.2849673330783844, 0.32418301701545715
0.8993464112281799, 0.8313725590705872
0.2849673330783844, 0.32418301701545715
0.8993464112281799, 0.8313725590705872
0.2849673330783844, 0.32418301701545715
0.8993464112281799, 0.8313725590705872
0.2849673330783844, 0.32418301701545715
0.8993464112281799, 0.8313725590705872
0.2849673330783844, 0.32418301701545715
0.2849673330783844, 0.48104575276374817
0.5045751929283142, 1.2052288055419922
0.6692810654640198, 2.0
0.9333333373069763, 1.785620927810669
0.9333333373069763, 1.785620927810669
0.9333333373069763, 1.785620927810669
1.2993464469909668, 0.43660131096839905
1.5816993713378906, 0.125490203499794
1.5816993713378906, 0.125490203499794
1.372549057006836, 0.09150326997041702
1.4326797723770142, 0.10718954354524612
1.0483660697937012, 0.11503268033266068
0.5359477400779724, 0.09150326997041702
0.2562091648578644, 0.05228758230805397
0.19869281351566315, 0.04444444552063942
0.19869281351566315, 0.04444444552063942
0.1437908560037613, 0.04444444552063942
0.1437908560037613, 0.04444444552063942
0.2065359503030777, 0.07581699639558792
0.10196078568696976, 0.13071896135807037
0.01568627543747425, 0.13333334028720856
0.01568627543747425, 0.13333334028720856
0.018300654366612434, 0.11241830140352249
0.02875817008316517, 0.22483660280704498
0.02875817008316517, 0.22483660280704498
