actor_1,actor_2
0.700653612613678, 2.0
0.6431372761726379, 2.0
0.6562091708183289, 1.8196078538894653
0.6901960968971252, 1.5764706134796143
0.7895424962043762, 1.3960784673690796
0.9202614426612854, 1.2653595209121704
1.2549020051956177, 1.2941176891326904
1.215686321258545, 1.0849673748016357
1.215686321258545, 1.0849673748016357
1.215686321258545, 1.0849673748016357
