actor_1,actor_2
1.743790864944458, 0.5490196347236633
1.3490196466445923, 0.32156863808631897
1.1843137741088867, 0.2222222238779068
1.1843137741088867, 0.2222222238779068
0.7947712540626526, 0.16993464529514313
0.6640523076057434, 0.19869281351566315
0.6640523076057434, 0.19869281351566315
0.6640523076057434, 0.19869281351566315
