actor_1,actor_2
1.016993522644043, 0.5071895718574524
0.98562091588974, 0.16470588743686676
1.0117647647857666, 0.12287581712007523
1.0117647647857666, 0.12287581712007523
0.9725490212440491, 0.07320261746644974
0.9803921580314636, 0.06797385960817337
0.9803921580314636, 0.06797385960817337
0.9803921580314636, 0.06797385960817337
