actor_1,actor_2
1.2287582159042358, 0.7450980544090271
1.0065360069274902, 0.33725491166114807
0.9359477162361145, 0.27712419629096985
0.9359477162361145, 0.27712419629096985
0.7241830229759216, 0.1725490242242813
0.6562091708183289, 0.15424837172031403
0.6562091708183289, 0.15424837172031403
0.6562091708183289, 0.15424837172031403
