actor_1,actor_2
0.12026143819093704, 0.8653594851493835
0.06013071909546852, 2.0
0.05751634016633034, 1.1241830587387085
0.06797385960817337, 0.38692811131477356
0.11503268033266068, 0.2980392277240753
0.14901961386203766, 0.23267973959445953
0.09934640675783157, 0.16209150850772858
0.08888889104127884, 0.15163399279117584
0.08888889104127884, 0.15163399279117584
