actor_1,actor_2
0.501960813999176, 0.5464052557945251
0.3686274588108063, 2.0
0.32156863808631897, 0.9045751690864563
0.3529411852359772, 0.47058823704719543
0.4287581741809845, 0.33986929059028625
0.4627451002597809, 0.2718954384326935
0.5568627715110779, 0.3189542591571808
0.7633987069129944, 0.32156863808631897
1.359477162361145, 0.1882352977991104
2.0, 0.1594771295785904
2.0, 0.15163399279117584
2.0, 0.17777778208255768
1.445751667022705, 0.1594771295785904
1.2575163841247559, 0.16732026636600494
0.6169934868812561, 0.2065359503030777
0.4601307213306427, 0.23006536066532135
0.3921568691730499, 0.2065359503030777
0.3921568691730499, 0.2065359503030777
