actor_1,actor_2
0.26143792271614075, 0.6326797604560852
0.1882352977991104, 2.0
0.20392157137393951, 1.2575163841247559
0.24313725531101227, 0.671895444393158
0.350326806306839, 0.4888888895511627
0.40522876381874084, 0.37124183773994446
0.45490196347236633, 0.29019609093666077
0.42091503739356995, 0.2379084974527359
0.5333333611488342, 0.26405230164527893
0.6771242022514343, 0.3006536066532135
1.5973856449127197, 0.26143792271614075
2.0, 0.16993464529514313
2.0, 0.1437908560037613
2.0, 0.1437908560037613
1.2522876262664795, 0.13071896135807037
1.2522876262664795, 0.13071896135807037
1.074509859085083, 0.16993464529514313
1.074509859085083, 0.16993464529514313
0.2379084974527359, 0.24836601316928864
0.1568627506494522, 0.24313725531101227
0.11241830140352249, 0.21960784494876862
0.11241830140352249, 0.21960784494876862
0.11241830140352249, 0.21960784494876862
0.20130719244480133, 0.25882354378700256
0.20130719244480133, 0.25882354378700256
0.2222222238779068, 0.33986929059028625
0.2065359503030777, 0.5830065608024597
0.16209150850772858, 1.1424837112426758
0.13594771921634674, 0.8470588326454163
0.12287581712007523, 0.7137255072593689
0.12287581712007523, 0.7137255072593689
0.12287581712007523, 0.7137255072593689
0.12287581712007523, 0.7137255072593689
0.12287581712007523, 0.7137255072593689
0.1411764770746231, 0.9594771265983582
0.1751634031534195, 1.0692811012268066
0.3189542591571808, 0.30849674344062805
0.42091503739356995, 0.2379084974527359
0.42091503739356995, 0.2379084974527359
0.42091503739356995, 0.2379084974527359
