actor_1,actor_2
0.2666666805744171, 0.43660131096839905
0.5202614665031433, 2.0
0.6352941393852234, 1.5398693084716797
0.7111111283302307, 0.6745098233222961
0.7058823704719543, 0.4261437952518463
0.5777778029441833, 0.250980406999588
0.24836601316928864, 0.0784313753247261
0.1568627506494522, 0.03921568766236305
0.16732026636600494, 0.03921568766236305
0.16732026636600494, 0.03921568766236305
0.10457516461610794, 0.054901961237192154
0.10718954354524612, 0.08366013318300247
0.13856209814548492, 0.05751634016633034
0.13856209814548492, 0.05751634016633034
0.13856209814548492, 0.05751634016633034
