actor_1,actor_2
0.2718954384326935, 0.21699346601963043
0.16470588743686676, 0.05228758230805397
0.13856209814548492, 0.03921568766236305
0.13856209814548492, 0.03921568766236305
0.07581699639558792, 0.026143791154026985
0.06013071909546852, 0.02875817008316517
0.06013071909546852, 0.02875817008316517
0.06013071909546852, 0.02875817008316517
