actor_1,actor_2
0.3973856270313263, 0.2849673330783844
0.27712419629096985, 0.06797385960817337
0.24836601316928864, 0.054901961237192154
0.24836601316928864, 0.054901961237192154
0.1908496767282486, 0.0235294122248888
0.18039216101169586, 0.01568627543747425
0.18039216101169586, 0.01568627543747425
0.18039216101169586, 0.01568627543747425
