actor_1,actor_2
0.43660131096839905, 0.33986929059028625
0.3294117748737335, 0.09934640675783157
0.3163398802280426, 0.07581699639558792
0.3163398802280426, 0.07581699639558792
0.24313725531101227, 0.05228758230805397
0.2222222238779068, 0.04444444552063942
0.2222222238779068, 0.04444444552063942
0.2222222238779068, 0.04444444552063942
