actor_1,actor_2
0.3947712481021881, 0.4470588266849518
0.33725491166114807, 2.0
0.3947712481021881, 0.6169934868812561
0.43398693203926086, 0.20130719244480133
0.6326797604560852, 0.16209150850772858
1.0196079015731812, 0.19607843458652496
1.5084967613220215, 0.07058823853731155
1.6496732234954834, 0.03660130873322487
1.2000000476837158, 0.04444444552063942
1.2000000476837158, 0.04444444552063942
0.31111112236976624, 0.05228758230805397
0.1568627506494522, 0.06535948067903519
0.07320261746644974, 0.05228758230805397
0.07320261746644974, 0.05228758230805397
0.07320261746644974, 0.05228758230805397
