actor_1,actor_2
0.13856209814548492, 0.11241830140352249
0.02875817008316517, 0.010457516647875309
0.026143791154026985, 0.0052287583239376545
0.026143791154026985, 0.0052287583239376545
0.0235294122248888, 0.0026143791619688272
0.020915033295750618, 0.0026143791619688272
0.020915033295750618, 0.0026143791619688272
0.020915033295750618, 0.0026143791619688272
