actor_1,actor_2
0.19607843458652496, 0.16209150850772858
0.08366013318300247, 0.03660130873322487
0.07581699639558792, 0.020915033295750618
0.07581699639558792, 0.020915033295750618
0.054901961237192154, 0.01568627543747425
0.04967320337891579, 0.013071895577013493
0.04967320337891579, 0.013071895577013493
0.04967320337891579, 0.013071895577013493
