actor_1,actor_2
0.2692810595035553, 0.46797385811805725
0.3032679855823517, 2.0
0.32418301701545715, 1.3620915412902832
0.44967320561408997, 0.530718982219696
0.4915032684803009, 0.2875817120075226
0.49673202633857727, 0.19607843458652496
0.29019609093666077, 0.2875817120075226
0.16470588743686676, 0.3006536066532135
0.2849673330783844, 0.11503268033266068
0.16993464529514313, 0.15163399279117584
0.1594771295785904, 0.10196078568696976
0.16209150850772858, 0.06013071909546852
0.18300653994083405, 0.0470588244497776
0.18300653994083405, 0.0470588244497776
0.16993464529514313, 0.062745101749897
0.16993464529514313, 0.062745101749897
0.16993464529514313, 0.07581699639558792
0.21699346601963043, 0.1411764770746231
0.24052287638187408, 0.10980392247438431
0.24575163424015045, 0.0941176488995552
0.24575163424015045, 0.0941176488995552
