actor_1,actor_2
0.04444444552063942, 0.04444444552063942
0.03660130873322487, 0.010457516647875309
0.03660130873322487, 0.010457516647875309
0.03660130873322487, 0.010457516647875309
0.033986929804086685, 0.0052287583239376545
0.03660130873322487, 0.0052287583239376545
0.03660130873322487, 0.0052287583239376545
0.03660130873322487, 0.0052287583239376545
