actor_1,actor_2
0.7189542651176453, 1.4535948038101196
0.601307213306427, 2.0
0.6274510025978088, 1.5816993713378906
0.6274510025978088, 1.074509859085083
0.6980392336845398, 0.8758170008659363
0.8418300747871399, 0.7084967494010925
1.0065360069274902, 0.6875817179679871
1.0692811012268066, 0.5411764979362488
1.2784314155578613, 0.6039215922355652
1.3856209516525269, 0.6196078658103943
1.8117647171020508, 0.5568627715110779
1.900653600692749, 0.38692811131477356
1.743790864944458, 0.32679739594459534
1.743790864944458, 0.32679739594459534
1.5372549295425415, 0.3189542591571808
1.5372549295425415, 0.3189542591571808
1.1372549533843994, 0.3477124273777008
1.1372549533843994, 0.3477124273777008
0.6379085183143616, 0.45228758454322815
0.4287581741809845, 0.42091503739356995
0.33986929059028625, 0.3973856270313263
0.33986929059028625, 0.3973856270313263
