actor_1,actor_2
0.18039216101169586, 0.2849673330783844
0.2718954384326935, 2.0
0.32156863808631897, 0.915032684803009
0.2718954384326935, 0.2849673330783844
0.24836601316928864, 0.15424837172031403
0.20130719244480133, 0.09150326997041702
0.16993464529514313, 0.13071896135807037
0.14901961386203766, 0.13856209814548492
0.0941176488995552, 0.04444444552063942
0.09150326997041702, 0.033986929804086685
0.11503268033266068, 0.033986929804086685
0.09934640675783157, 0.041830066591501236
0.0941176488995552, 0.0313725508749485
0.08627451211214066, 0.033986929804086685
0.10196078568696976, 0.041830066591501236
0.0941176488995552, 0.054901961237192154
0.09150326997041702, 0.04444444552063942
0.09150326997041702, 0.04444444552063942
