actor_1,actor_2
0.9464052319526672, 1.6418300867080688
0.9882352948188782, 2.0
0.8810457587242126, 1.2496732473373413
0.630065381526947, 0.7790849804878235
0.6379085183143616, 0.6562091708183289
0.6535947918891907, 0.5150327086448669
0.7712418437004089, 0.45490196347236633
0.7137255072593689, 0.35555556416511536
1.045751690864563, 0.3816993534564972
1.0771242380142212, 0.41830065846443176
1.103268027305603, 0.46797385811805725
1.244444489479065, 0.3816993534564972
1.2392157316207886, 0.29542484879493713
1.2392157316207886, 0.29542484879493713
1.1660131216049194, 0.27973857522010803
1.1660131216049194, 0.27973857522010803
0.9986928105354309, 0.32418301701545715
0.9986928105354309, 0.32418301701545715
0.7215686440467834, 0.4418300688266754
0.5934640765190125, 0.5751634240150452
0.5359477400779724, 0.6562091708183289
0.5359477400779724, 0.6562091708183289
