actor_1,actor_2
0.1908496767282486, 0.3320261538028717
0.22483660280704498, 2.0
0.3189542591571808, 0.9594771265983582
0.43921568989753723, 0.2849673330783844
0.46797385811805725, 0.24052287638187408
0.47058823704719543, 0.2980392277240753
0.37124183773994446, 0.12026143819093704
0.3816993534564972, 0.06013071909546852
0.30588236451148987, 0.062745101749897
0.30588236451148987, 0.062745101749897
0.22745098173618317, 0.0784313753247261
0.19869281351566315, 0.08366013318300247
0.1594771295785904, 0.05751634016633034
0.1594771295785904, 0.05751634016633034
0.1594771295785904, 0.05751634016633034
