actor_1,actor_2
0.30588236451148987, 0.6614379286766052
0.32156863808631897, 2.0
0.3346405327320099, 1.4849673509597778
0.33725491166114807, 0.5490196347236633
0.38692811131477356, 0.23267973959445953
0.46797385811805725, 0.1411764770746231
0.543790876865387, 0.24575163424015045
0.7712418437004089, 0.2718954384326935
1.5215686559677124, 0.10718954354524612
1.6601307392120361, 0.0235294122248888
1.0379085540771484, 0.026143791154026985
0.8601307272911072, 0.062745101749897
0.46535947918891907, 0.062745101749897
0.3633987009525299, 0.07058823853731155
0.23006536066532135, 0.15163399279117584
0.19607843458652496, 0.21960784494876862
0.1411764770746231, 0.1751634031534195
0.1411764770746231, 0.1751634031534195
0.1411764770746231, 0.1751634031534195
0.16470588743686676, 0.19869281351566315
0.16470588743686676, 0.19869281351566315
