actor_1,actor_2
0.3450980484485626, 0.3450980484485626
0.2379084974527359, 0.14901961386203766
0.21437908709049225, 0.11764705926179886
0.21437908709049225, 0.11764705926179886
0.14640523493289948, 0.08366013318300247
0.11503268033266068, 0.07058823853731155
0.11503268033266068, 0.07058823853731155
0.11503268033266068, 0.07058823853731155
