actor_1,actor_2
0.07320261746644974, 0.6666666865348816
0.03921568766236305, 0.9359477162361145
0.041830066591501236, 0.729411780834198
0.03660130873322487, 0.48366013169288635
0.04967320337891579, 0.48366013169288635
0.07581699639558792, 0.4418300688266754
0.03921568766236305, 0.3163398802280426
0.0313725508749485, 0.1882352977991104
0.0313725508749485, 0.1882352977991104
