actor_1,actor_2
0.1908496767282486, 1.443137288093567
0.27973857522010803, 2.0
0.2666666805744171, 1.8169934749603271
0.29542484879493713, 0.8627451062202454
0.41830065846443176, 0.572549045085907
0.5803921818733215, 0.42352941632270813
0.98562091588974, 0.3764705955982208
0.8601307272911072, 0.27973857522010803
1.6366013288497925, 0.3346405327320099
1.9660130739212036, 0.34248366951942444
1.0823529958724976, 0.3294117748737335
0.3450980484485626, 0.2692810595035553
0.16209150850772858, 0.22745098173618317
0.49673202633857727, 0.2849673330783844
0.16209150850772858, 0.22745098173618317
0.6431372761726379, 0.2980392277240753
0.16209150850772858, 0.22745098173618317
0.6431372761726379, 0.2980392277240753
0.23529411852359772, 0.24575163424015045
0.6954248547554016, 0.3032679855823517
0.23529411852359772, 0.24575163424015045
0.4732026159763336, 0.3529411852359772
0.25882354378700256, 0.29281046986579895
0.5516340136528015, 0.35555556416511536
0.25882354378700256, 0.29281046986579895
0.5516340136528015, 0.35555556416511536
0.31111112236976624, 0.30588236451148987
0.18562091886997223, 0.27450981736183167
0.32679739594459534, 0.3163398802280426
0.18562091886997223, 0.27450981736183167
0.4732026159763336, 0.3529411852359772
0.18562091886997223, 0.27450981736183167
0.37385621666908264, 0.30849674344062805
0.18300653994083405, 0.26143792271614075
0.37385621666908264, 0.30849674344062805
0.2222222238779068, 0.2718954384326935
0.3189542591571808, 0.2875817120075226
0.2222222238779068, 0.2718954384326935
0.3189542591571808, 0.2875817120075226
0.23267973959445953, 0.2823529541492462
0.3189542591571808, 0.2875817120075226
0.25882354378700256, 0.27450981736183167
0.3189542591571808, 0.2875817120075226
0.25882354378700256, 0.27450981736183167
0.3189542591571808, 0.2875817120075226
0.21176470816135406, 0.2535947859287262
0.3189542591571808, 0.2875817120075226
0.21176470816135406, 0.2535947859287262
0.24052287638187408, 0.26405230164527893
