actor_1,actor_2
0.27973857522010803, 1.7934640645980835
0.2875817120075226, 2.0
0.2692810595035553, 1.443137288093567
0.27450981736183167, 0.6326797604560852
0.3529411852359772, 0.3660130798816681
0.4156862795352936, 0.22745098173618317
0.5542483925819397, 0.10718954354524612
0.6457516551017761, 0.06535948067903519
0.8496732115745544, 0.17777778208255768
0.9254902005195618, 0.23267973959445953
1.3124183416366577, 0.24836601316928864
1.2496732473373413, 0.16209150850772858
0.7843137383460999, 0.10196078568696976
0.7843137383460999, 0.10196078568696976
0.4758169949054718, 0.08888889104127884
0.4758169949054718, 0.08888889104127884
0.21699346601963043, 0.125490203499794
0.21699346601963043, 0.125490203499794
0.041830066591501236, 0.29281046986579895
0.03921568766236305, 0.32679739594459534
0.02875817008316517, 0.27973857522010803
0.02875817008316517, 0.27973857522010803
0.02875817008316517, 0.27973857522010803
0.05751634016633034, 0.3607843220233917
0.05751634016633034, 0.3607843220233917
0.13071896135807037, 0.5986928343772888
0.20915032923221588, 1.1058824062347412
0.20130719244480133, 1.416993498802185
0.16470588743686676, 1.0692811012268066
0.14640523493289948, 0.7607843279838562
0.14640523493289948, 0.7607843279838562
0.14640523493289948, 0.7607843279838562
0.14640523493289948, 0.7607843279838562
0.14640523493289948, 0.7607843279838562
0.16993464529514313, 0.9281045794487
0.22483660280704498, 1.0248366594314575
0.3294117748737335, 0.16209150850772858
0.6457516551017761, 0.06535948067903519
0.6457516551017761, 0.06535948067903519
0.6457516551017761, 0.06535948067903519
