actor_1,actor_2
0.09934640675783157, 1.388235330581665
0.13333334028720856, 1.6653594970703125
0.1281045824289322, 0.49673202633857727
0.16209150850772858, 0.16209150850772858
0.18562091886997223, 0.2535947859287262
0.22745098173618317, 0.09673202782869339
0.22745098173618317, 0.20130719244480133
0.14640523493289948, 0.45490196347236633
0.32679739594459534, 0.12026143819093704
0.22745098173618317, 0.14640523493289948
0.06535948067903519, 0.2379084974527359
0.22745098173618317, 0.14640523493289948
0.062745101749897, 0.24052287638187408
0.22745098173618317, 0.14640523493289948
0.062745101749897, 0.24052287638187408
0.22745098173618317, 0.14640523493289948
0.06797385960817337, 0.21960784494876862
0.22745098173618317, 0.14640523493289948
0.06797385960817337, 0.21960784494876862
0.22745098173618317, 0.14640523493289948
0.08888889104127884, 0.1437908560037613
0.22745098173618317, 0.14640523493289948
0.08888889104127884, 0.1437908560037613
0.22745098173618317, 0.14640523493289948
0.22745098173618317, 0.14640523493289948
0.03660130873322487, 0.21699346601963043
0.22745098173618317, 0.14640523493289948
0.041830066591501236, 0.13856209814548492
