actor_1,actor_2
0.9307189583778381, 0.9045751690864563
0.4941176474094391, 0.27712419629096985
0.3450980484485626, 0.21176470816135406
0.3450980484485626, 0.21176470816135406
0.20130719244480133, 0.13856209814548492
0.1594771295785904, 0.10196078568696976
0.1594771295785904, 0.10196078568696976
0.1594771295785904, 0.10196078568696976
