actor_1,actor_2
0.3137255012989044, 0.6117647290229797
0.42091503739356995, 0.6771242022514343
0.4732026159763336, 0.24052287638187408
0.7137255072593689, 0.8653594851493835
0.6091503500938416, 0.32156863808631897
0.9385620951652527, 1.003921627998352
0.8026143908500671, 0.4287581741809845
1.189542531967163, 1.0013072490692139
0.8078431487083435, 0.8366013169288635
1.189542531967163, 1.0013072490692139
0.8967320322990417, 1.0248366594314575
1.189542531967163, 1.0013072490692139
0.8967320322990417, 1.0248366594314575
1.0980392694473267, 0.7111111283302307
0.8967320322990417, 1.0248366594314575
2.0, 1.0379085540771484
1.6941176652908325, 1.3333333730697632
1.016993522644043, 0.9228758215904236
0.6797385811805725, 0.7686274647712708
0.6535947918891907, 0.7764706015586853
0.9934640526771545, 1.0091503858566284
1.0980392694473267, 0.7111111283302307
0.9934640526771545, 1.0091503858566284
1.0980392694473267, 0.7111111283302307
1.9738562107086182, 1.3411765098571777
1.1973856687545776, 1.1084967851638794
0.4732026159763336, 0.658823549747467
0.7555555701255798, 0.9098039269447327
1.0849673748016357, 1.0013072490692139
0.828758180141449, 1.0954248905181885
0.9751634001731873, 0.6980392336845398
0.828758180141449, 1.0954248905181885
0.9751634001731873, 0.6980392336845398
0.8993464112281799, 1.0091503858566284
0.9699346423149109, 0.6614379286766052
0.8993464112281799, 1.0091503858566284
1.0954248905181885, 0.6640523076057434
0.8993464112281799, 1.0091503858566284
1.0954248905181885, 0.6640523076057434
0.9464052319526672, 0.98562091588974
1.0954248905181885, 0.6640523076057434
0.9464052319526672, 0.98562091588974
1.0954248905181885, 0.6640523076057434
0.8313725590705872, 0.7058823704719543
0.8993464112281799, 1.0091503858566284
0.8313725590705872, 0.7058823704719543
0.9464052319526672, 0.98562091588974
0.8313725590705872, 0.7058823704719543
0.9464052319526672, 0.98562091588974
0.8313725590705872, 0.7058823704719543
0.8313725590705872, 0.7058823704719543
0.7660130858421326, 0.95686274766922
0.8313725590705872, 0.7058823704719543
0.6039215922355652, 0.7529411911964417
