actor_1,actor_2
1.045751690864563, 1.8692810535430908
0.7241830229759216, 1.1712418794631958
0.6405228972434998, 0.6980392336845398
0.5699346661567688, 0.5568627715110779
0.7633987069129944, 0.5594771504402161
1.0718954801559448, 0.6823529601097107
1.5503268241882324, 0.9908496737480164
1.315032720565796, 0.886274516582489
1.0065360069274902, 0.9202614426612854
1.0065360069274902, 0.9202614426612854
0.700653612613678, 1.0379085540771484
0.8183006644248962, 1.2967320680618286
0.8183006644248962, 1.2967320680618286
0.5411764979362488, 1.1555556058883667
0.6117647290229797, 1.3751634359359741
0.4915032684803009, 0.8810457587242126
0.42091503739356995, 0.6745098233222961
0.4915032684803009, 0.671895444393158
0.4915032684803009, 0.671895444393158
0.4915032684803009, 0.671895444393158
0.5699346661567688, 0.5568627715110779
0.8183006644248962, 0.4470588266849518
0.8183006644248962, 0.4470588266849518
0.786928117275238, 0.41830065846443176
0.9986928105354309, 0.44967320561408997
1.2862745523452759, 0.5647059082984924
1.8666666746139526, 0.8261438012123108
1.5921568870544434, 0.7607843279838562
1.4326797723770142, 0.7503268122673035
1.4326797723770142, 0.7503268122673035
1.1189543008804321, 0.7529411911964417
1.0797386169433594, 0.8078431487083435
0.9333333373069763, 0.8444444537162781
0.700653612613678, 1.0379085540771484
0.658823549747467, 1.1921569108963013
0.4888888895511627, 1.2000000476837158
0.4130719006061554, 1.0248366594314575
0.49673202633857727, 1.0797386169433594
0.49673202633857727, 1.0797386169433594
0.5411764979362488, 1.1555556058883667
0.5516340136528015, 1.2679738998413086
0.5150327086448669, 0.9411764740943909
0.42091503739356995, 0.6745098233222961
0.3843137323856354, 0.6039215922355652
0.3843137323856354, 0.6039215922355652
0.3843137323856354, 0.6039215922355652
0.4130719006061554, 0.6797385811805725
0.4130719006061554, 0.6797385811805725
0.4130719006061554, 0.6797385811805725
0.5464052557945251, 0.601307213306427
0.7267974019050598, 0.46535947918891907
0.8183006644248962, 0.4470588266849518
0.786928117275238, 0.41830065846443176
0.786928117275238, 0.43921568989753723
0.786928117275238, 0.43921568989753723
