actor_1,actor_2
1.1660131216049194, 2.0
0.8705882430076599, 1.5660130977630615
0.7398692965507507, 1.0065360069274902
0.6875817179679871, 0.8130719065666199
0.8339869379997253, 0.729411780834198
0.9333333373069763, 0.6692810654640198
1.1921569108963013, 0.7241830229759216
2.0, 0.8522875905036926
2.0, 0.9699346423149109
1.5607843399047852, 0.9411764740943909
1.4901961088180542, 0.9803921580314636
1.2209150791168213, 1.0640523433685303
0.9254902005195618, 0.8941176533699036
0.8366013169288635, 0.9830065369606018
0.7189542651176453, 1.231372594833374
0.7503268122673035, 1.6522876024246216
0.5934640765190125, 1.218300700187683
0.5647059082984924, 1.3777778148651123
0.6169934868812561, 1.2810457944869995
0.47058823704719543, 0.9045751690864563
0.4313725531101227, 0.8104575276374817
0.5542483925819397, 0.9934640526771545
0.5542483925819397, 0.9934640526771545
0.6143791079521179, 0.8915032744407654
0.8339869379997253, 0.729411780834198
1.1816993951797485, 0.6352941393852234
0.9908496737480164, 0.5934640765190125
0.9908496737480164, 0.5934640765190125
1.3281046152114868, 0.6379085183143616
1.5816993713378906, 0.6954248547554016
2.0, 0.9071895480155945
1.830065369606018, 1.1058824062347412
1.3516340255737305, 0.8522875905036926
1.3516340255737305, 0.8522875905036926
1.016993522644043, 0.7346405386924744
1.016993522644043, 0.7346405386924744
1.016993522644043, 0.7346405386924744
0.9254902005195618, 0.8941176533699036
0.8366013169288635, 0.9830065369606018
0.6222222447395325, 1.3202614784240723
0.5124183297157288, 1.0222222805023193
0.4104575216770172, 0.9098039269447327
0.4104575216770172, 0.9098039269447327
0.4601307213306427, 1.0562092065811157
0.4601307213306427, 1.0562092065811157
0.5908496975898743, 1.4091503620147705
0.5254902243614197, 1.090196132659912
0.47058823704719543, 0.9045751690864563
0.4313725531101227, 0.8104575276374817
0.3816993534564972, 0.7320261597633362
0.3816993534564972, 0.7320261597633362
0.3816993534564972, 0.7320261597633362
0.46535947918891907, 0.7895424962043762
0.5045751929283142, 0.7215686440467834
0.9333333373069763, 0.6692810654640198
0.7816993594169617, 0.6248366236686707
0.7816993594169617, 0.6248366236686707
0.9908496737480164, 0.5934640765190125
0.9908496737480164, 0.5934640765190125
