actor_1,actor_2
0.5228758454322815, 2.0
0.4313725531101227, 1.8457516431808472
0.4104575216770172, 1.1633987426757812
0.4000000059604645, 0.729411780834198
0.4575163424015045, 0.5254902243614197
0.6274510025978088, 0.35555556416511536
0.7660130858421326, 0.2692810595035553
0.4601307213306427, 0.18562091886997223
0.44967320561408997, 0.2065359503030777
0.3607843220233917, 0.23267973959445953
0.43921568989753723, 0.45228758454322815
0.3607843220233917, 0.23267973959445953
0.43921568989753723, 0.45228758454322815
0.3607843220233917, 0.23267973959445953
0.40261438488960266, 0.3686274588108063
0.44967320561408997, 0.5934640765190125
0.350326806306839, 0.2718954384326935
0.4156862795352936, 0.4758169949054718
0.3607843220233917, 0.23267973959445953
0.3660130798816681, 0.3921568691730499
0.3607843220233917, 0.23267973959445953
0.3320261538028717, 0.29281046986579895
0.379084974527359, 0.43398693203926086
0.3320261538028717, 0.29281046986579895
0.3660130798816681, 0.3921568691730499
0.3320261538028717, 0.29281046986579895
