actor_1,actor_2
0.42091503739356995, 1.045751690864563
0.7189542651176453, 1.2993464469909668
1.0274510383605957, 1.3908497095108032
0.9176470637321472, 1.2679738998413086
1.1973856687545776, 1.3856209516525269
1.3908497095108032, 1.3620915412902832
1.6627451181411743, 1.3699346780776978
1.6653594970703125, 0.9699346423149109
2.0, 1.2261438369750977
2.0, 1.5346405506134033
2.0, 1.5633987188339233
1.0248366594314575, 1.0718954801559448
2.0, 1.5633987188339233
1.315032720565796, 1.2261438369750977
0.7058823704719543, 0.7973856329917908
1.5660130977630615, 1.3699346780776978
0.7058823704719543, 0.7973856329917908
1.8823529481887817, 1.5816993713378906
0.8470588326454163, 1.0013072490692139
1.8823529481887817, 1.5816993713378906
0.8470588326454163, 1.0013072490692139
2.0, 1.728104591369629
0.9071895480155945, 1.1424837112426758
1.7490196228027344, 1.7673202753067017
2.0, 1.5477124452590942
1.8483660221099854, 1.8117647171020508
1.2810457944869995, 1.3620915412902832
1.8483660221099854, 1.8117647171020508
1.6078431606292725, 1.6183006763458252
1.8483660221099854, 1.8117647171020508
1.7490196228027344, 1.7673202753067017
1.8483660221099854, 1.8117647171020508
1.8483660221099854, 1.8117647171020508
1.2810457944869995, 1.3620915412902832
1.8483660221099854, 1.8117647171020508
1.3751634359359741, 1.443137288093567
1.3803921937942505, 1.686274528503418
