actor_1,actor_2
1.9398692846298218, 0.2562091648578644
1.0143791437149048, 0.0470588244497776
0.6091503500938416, 0.0313725508749485
0.6091503500938416, 0.0313725508749485
0.3320261538028717, 0.01568627543747425
0.24575163424015045, 0.01568627543747425
0.24575163424015045, 0.01568627543747425
0.24575163424015045, 0.01568627543747425
