actor_1,actor_2
0.30849674344062805, 0.9542483687400818
0.46797385811805725, 2.0
0.42352941632270813, 0.8888888955116272
0.3921568691730499, 0.3450980484485626
0.7267974019050598, 0.37385621666908264
1.2653595209121704, 0.4261437952518463
0.800000011920929, 0.3006536066532135
0.4732026159763336, 0.1882352977991104
0.33725491166114807, 0.21699346601963043
0.33725491166114807, 0.21699346601963043
0.1568627506494522, 0.29281046986579895
0.17777778208255768, 0.38692811131477356
0.17777778208255768, 0.38692811131477356
0.13856209814548492, 0.29281046986579895
0.23529411852359772, 0.5176470875740051
0.32418301701545715, 0.8784313797950745
0.27712419629096985, 0.5908496975898743
0.2875817120075226, 0.9176470637321472
0.2875817120075226, 0.9176470637321472
0.2875817120075226, 0.9176470637321472
0.3921568691730499, 0.3450980484485626
0.8339869379997253, 0.2065359503030777
0.8339869379997253, 0.2065359503030777
0.9071895480155945, 0.1725490242242813
1.571241855621338, 0.24313725531101227
2.0, 0.35816994309425354
1.3751634359359741, 0.27712419629096985
0.8627451062202454, 0.19607843458652496
0.8549019694328308, 0.20130719244480133
0.8549019694328308, 0.20130719244480133
0.700653612613678, 0.19607843458652496
0.4313725531101227, 0.20392157137393951
0.3006536066532135, 0.21960784494876862
0.1568627506494522, 0.29281046986579895
0.13333334028720856, 0.3477124273777008
0.10980392247438431, 0.2823529541492462
0.10980392247438431, 0.26405230164527893
0.1411764770746231, 0.27973857522010803
0.1411764770746231, 0.27973857522010803
0.13856209814548492, 0.29281046986579895
0.20915032923221588, 0.40522876381874084
0.3006536066532135, 0.8366013169288635
0.27712419629096985, 0.5908496975898743
0.23529411852359772, 0.3816993534564972
0.23529411852359772, 0.3816993534564972
0.23529411852359772, 0.3816993534564972
0.2562091648578644, 0.5568627715110779
0.2562091648578644, 0.5568627715110779
0.2562091648578644, 0.5568627715110779
0.3346405327320099, 0.8261438012123108
0.630065381526947, 0.24052287638187408
0.8339869379997253, 0.2065359503030777
0.9071895480155945, 0.1725490242242813
0.6614379286766052, 0.16732026636600494
0.6614379286766052, 0.16732026636600494
