actor_1,actor_2
0.9359477162361145, 1.7673202753067017
0.9882352948188782, 2.0
1.0248366594314575, 1.6915032863616943
1.0274510383605957, 1.0666667222976685
1.1843137741088867, 0.8104575276374817
1.3045752048492432, 0.6405228972434998
1.529411792755127, 0.8339869379997253
2.0, 0.8888888955116272
2.0, 0.671895444393158
1.4562091827392578, 0.44967320561408997
1.5398693084716797, 0.4627451002597809
1.1555556058883667, 0.5202614665031433
1.0222222805023193, 0.40784314274787903
0.886274516582489, 0.4941176474094391
0.6875817179679871, 0.6405228972434998
0.5908496975898743, 0.7346405386924744
0.4601307213306427, 0.5333333611488342
0.4601307213306427, 0.5333333611488342
0.4601307213306427, 0.5333333611488342
0.5045751929283142, 0.671895444393158
0.5045751929283142, 0.671895444393158
