actor_1,actor_2
1.1058824062347412, 2.0
0.6143791079521179, 1.801307201385498
0.601307213306427, 1.0065360069274902
0.4261437952518463, 0.5777778029441833
0.5098039507865906, 0.4888888895511627
0.5176470875740051, 0.379084974527359
0.7607843279838562, 0.4104575216770172
1.3281046152114868, 0.46797385811805725
1.9398692846298218, 0.5228758454322815
1.686274528503418, 0.3477124273777008
1.6235294342041016, 0.33725491166114807
1.3281046152114868, 0.38954249024391174
1.1137255430221558, 0.3189542591571808
1.0797386169433594, 0.3764705955982208
0.758169949054718, 0.5568627715110779
0.6326797604560852, 0.6980392336845398
0.33725491166114807, 0.6928104758262634
0.33725491166114807, 0.6928104758262634
0.33725491166114807, 0.6928104758262634
0.40261438488960266, 0.9098039269447327
0.40261438488960266, 0.9098039269447327
