actor_1,actor_2
0.3973856270313263, 0.48104575276374817
0.7346405386924744, 1.8117647171020508
0.8183006644248962, 2.0
0.7372549176216125, 2.0
0.9359477162361145, 1.9555555582046509
1.2810457944869995, 1.6941176652908325
1.8692810535430908, 1.7124183177947998
1.8745098114013672, 1.3385621309280396
1.8745098114013672, 1.3385621309280396
1.8745098114013672, 1.3385621309280396
2.0, 1.500653624534607
2.0, 1.2104575634002686
1.8980392217636108, 0.7895424962043762
0.9594771265983582, 0.3686274588108063
0.49673202633857727, 0.22745098173618317
0.38954249024391174, 0.19869281351566315
0.2980392277240753, 0.16993464529514313
0.2980392277240753, 0.16993464529514313
0.2980392277240753, 0.16993464529514313
0.2980392277240753, 0.16993464529514313
0.2666666805744171, 0.1725490242242813
0.27973857522010803, 0.18039216101169586
0.23267973959445953, 0.16993464529514313
0.15163399279117584, 0.1568627506494522
0.1437908560037613, 0.13856209814548492
0.1437908560037613, 0.13856209814548492
