actor_1,actor_2
0.48366013169288635, 0.46797385811805725
0.40522876381874084, 0.24575163424015045
0.3660130798816681, 0.20392157137393951
0.3660130798816681, 0.20392157137393951
0.3346405327320099, 0.18039216101169586
0.3137255012989044, 0.19869281351566315
0.3137255012989044, 0.19869281351566315
0.3137255012989044, 0.19869281351566315
