actor_1,actor_2
0.33986929059028625, 0.5803921818733215
0.7084967494010925, 2.0
1.0692811012268066, 0.9673202633857727
1.0771242380142212, 0.9359477162361145
0.6431372761726379, 0.27973857522010803
0.5071895718574524, 0.12026143819093704
0.27450981736183167, 0.125490203499794
0.1568627506494522, 0.1594771295785904
0.1568627506494522, 0.1594771295785904
0.19346405565738678, 0.20915032923221588
0.29542484879493713, 0.42091503739356995
0.5803921818733215, 1.728104591369629
0.8967320322990417, 2.0
0.8627451062202454, 1.2209150791168213
0.8627451062202454, 1.2209150791168213
1.0274510383605957, 0.601307213306427
1.5424836874008179, 0.21699346601963043
2.0, 0.10457516461610794
2.0, 0.15424837172031403
1.8692810535430908, 0.2222222238779068
1.3385621309280396, 0.07320261746644974
1.2967320680618286, 0.05228758230805397
1.231372594833374, 0.04967320337891579
1.231372594833374, 0.04967320337891579
0.8470588326454163, 0.0470588244497776
0.23529411852359772, 0.09673202782869339
0.13071896135807037, 0.125490203499794
0.06535948067903519, 0.10980392247438431
0.06013071909546852, 0.08888889104127884
0.06013071909546852, 0.08888889104127884
