actor_1,actor_2
0.5673202872276306, 0.5281046032905579
0.5620915293693542, 0.2222222238779068
0.43660131096839905, 0.15163399279117584
0.43660131096839905, 0.15163399279117584
0.250980406999588, 0.10457516461610794
0.20130719244480133, 0.08888889104127884
0.20130719244480133, 0.08888889104127884
0.20130719244480133, 0.08888889104127884
