actor_1,actor_2
0.5333333611488342, 2.0
0.4601307213306427, 2.0
0.47058823704719543, 1.772549033164978
0.5071895718574524, 1.103268027305603
0.6169934868812561, 0.8339869379997253
0.7137255072593689, 0.6640523076057434
0.943790853023529, 0.5594771504402161
0.9071895480155945, 0.4915032684803009
1.074509859085083, 0.572549045085907
1.2130719423294067, 0.5673202872276306
1.7699346542358398, 0.6771242022514343
2.0, 0.543790876865387
2.0, 0.38954249024391174
2.0, 0.38954249024391174
1.7673202753067017, 0.3320261538028717
1.7673202753067017, 0.3320261538028717
1.1215686798095703, 0.40261438488960266
1.1215686798095703, 0.40261438488960266
0.5254902243614197, 0.5620915293693542
0.32156863808631897, 0.5071895718574524
0.2562091648578644, 0.4941176474094391
0.2562091648578644, 0.4941176474094391
0.2562091648578644, 0.4941176474094391
0.27712419629096985, 0.6065359711647034
0.27712419629096985, 0.6065359711647034
0.30849674344062805, 0.9385620951652527
0.30588236451148987, 1.3333333730697632
0.2849673330783844, 1.2967320680618286
0.24313725531101227, 1.202614426612854
0.2379084974527359, 1.0535948276519775
0.2379084974527359, 1.0535948276519775
0.2379084974527359, 1.0535948276519775
0.2379084974527359, 1.0535948276519775
0.2379084974527359, 1.0535948276519775
0.2980392277240753, 1.1973856687545776
0.4444444477558136, 1.5816993713378906
0.5542483925819397, 0.5228758454322815
0.9071895480155945, 0.4915032684803009
0.9071895480155945, 0.4915032684803009
0.9071895480155945, 0.4915032684803009
