actor_1,actor_2
0.6326797604560852, 0.658823549747467
0.9986928105354309, 1.8039215803146362
1.2000000476837158, 1.388235330581665
1.3411765098571777, 0.9803921580314636
1.6522876024246216, 0.5986928343772888
1.6627451181411743, 0.34248366951942444
1.0483660697937012, 0.17777778208255768
0.6928104758262634, 0.11764705926179886
0.5228758454322815, 0.10980392247438431
0.5228758454322815, 0.10980392247438431
0.3529411852359772, 0.18039216101169586
0.3346405327320099, 0.2379084974527359
0.26143792271614075, 0.26405230164527893
0.26143792271614075, 0.26405230164527893
0.26143792271614075, 0.26405230164527893
0.29281046986579895, 0.30588236451148987
0.29281046986579895, 0.30588236451148987
0.3294117748737335, 0.35816994309425354
0.3660130798816681, 0.41830065846443176
0.49673202633857727, 0.7320261597633362
0.7137255072593689, 1.330718994140625
0.729411780834198, 2.0
0.729411780834198, 2.0
0.729411780834198, 2.0
0.729411780834198, 2.0
0.729411780834198, 2.0
0.8313725590705872, 2.0
0.8313725590705872, 2.0
0.9071895480155945, 1.5633987188339233
1.1111111640930176, 1.6313725709915161
1.3908497095108032, 0.33986929059028625
2.0, 0.32156863808631897
1.8614379167556763, 0.23006536066532135
1.8614379167556763, 0.23006536066532135
