actor_1,actor_2
0.9124183058738708, 0.9647058844566345
1.218300700187683, 2.0
1.3830065727233887, 0.7137255072593689
1.3960784673690796, 1.5189542770385742
1.3647059202194214, 0.5803921818733215
1.3411765098571777, 1.202614426612854
0.8758170008659363, 0.7084967494010925
0.48627451062202454, 0.44967320561408997
0.4104575216770172, 0.3764705955982208
0.49934640526771545, 0.4601307213306427
0.4130719006061554, 0.37124183773994446
0.4130719006061554, 0.37124183773994446
0.3686274588108063, 0.3816993534564972
0.3686274588108063, 0.3816993534564972
0.3686274588108063, 0.3816993534564972
0.4130719006061554, 0.4732026159763336
0.4130719006061554, 0.4732026159763336
