actor_1,actor_2
1.090196132659912, 1.8535947799682617
0.9751634001731873, 1.9633986949920654
0.9699346423149109, 1.1477124691009521
1.0065360069274902, 0.6771242022514343
1.2078431844711304, 0.7398692965507507
1.4928104877471924, 0.7816993594169617
1.785620927810669, 0.7790849804878235
1.7934640645980835, 0.5150327086448669
1.6183006763458252, 0.5124183297157288
1.6183006763458252, 0.5124183297157288
1.1294118165969849, 0.6379085183143616
0.9254902005195618, 0.7712418437004089
0.6771242022514343, 0.8732026219367981
0.6771242022514343, 0.8732026219367981
0.6771242022514343, 0.8732026219367981
0.7320261597633362, 1.0666667222976685
0.7320261597633362, 1.0666667222976685
0.7712418437004089, 1.2679738998413086
0.7529411911964417, 1.5320261716842651
0.800000011920929, 2.0
0.7477124333381653, 1.871895432472229
0.6535947918891907, 1.0562092065811157
0.6535947918891907, 1.0562092065811157
0.6535947918891907, 1.0562092065811157
0.6535947918891907, 1.0562092065811157
0.6535947918891907, 1.0562092065811157
0.700653612613678, 1.0196079015731812
0.700653612613678, 1.0196079015731812
0.7372549176216125, 0.8705882430076599
0.828758180141449, 0.857516348361969
1.1215686798095703, 0.3660130798816681
1.471895456314087, 0.3816993534564972
1.215686321258545, 0.33986929059028625
1.215686321258545, 0.33986929059028625
