actor_1,actor_2
1.1973856687545776, 1.1398693323135376
0.7424836754798889, 0.48104575276374817
0.5568627715110779, 0.37385621666908264
0.5568627715110779, 0.37385621666908264
0.3633987009525299, 0.32156863808631897
0.3163398802280426, 0.33986929059028625
0.3163398802280426, 0.33986929059028625
0.37124183773994446, 0.4104575216770172
0.37124183773994446, 0.4104575216770172
0.48366013169288635, 0.5228758454322815
0.5411764979362488, 0.6352941393852234
0.8235294222831726, 1.2418301105499268
0.943790853023529, 1.602614402770996
0.6745098233222961, 1.7620915174484253
0.6745098233222961, 1.7620915174484253
0.6745098233222961, 1.7620915174484253
0.6745098233222961, 1.7620915174484253
0.7816993594169617, 1.7751634120941162
0.7816993594169617, 1.7751634120941162
0.7816993594169617, 1.7751634120941162
0.9803921580314636, 1.2522876262664795
1.0771242380142212, 0.4915032684803009
0.9045751690864563, 0.07320261746644974
0.601307213306427, 0.0235294122248888
0.501960813999176, 0.018300654366612434
0.501960813999176, 0.018300654366612434
0.501960813999176, 0.018300654366612434
