actor_1,actor_2
1.3071895837783813, 2.0
1.3490196466445923, 1.97124183177948
1.1712418794631958, 1.3542484045028687
0.9228758215904236, 0.800000011920929
1.087581753730774, 0.828758180141449
1.2679738998413086, 0.9594771265983582
1.3699346780776978, 1.003921627998352
1.4065359830856323, 0.7660130858421326
1.3516340255737305, 0.7215686440467834
1.3516340255737305, 0.7215686440467834
1.1581699848175049, 0.7686274647712708
1.0692811012268066, 0.8993464112281799
0.8078431487083435, 0.7137255072593689
0.8078431487083435, 0.7137255072593689
0.8078431487083435, 0.7137255072593689
