actor_1,actor_2
0.18039216101169586, 0.23529411852359772
0.3607843220233917, 2.0
0.7032679915428162, 1.6496732234954834
0.7686274647712708, 0.8758170008659363
0.8836601376533508, 0.6143791079521179
1.0143791437149048, 0.3947712481021881
1.0640523433685303, 0.4000000059604645
0.3947712481021881, 0.1725490242242813
0.2718954384326935, 0.04444444552063942
0.19869281351566315, 0.018300654366612434
0.1411764770746231, 0.018300654366612434
0.15424837172031403, 0.01568627543747425
0.1437908560037613, 0.01568627543747425
0.1281045824289322, 0.020915033295750618
0.12287581712007523, 0.0313725508749485
0.1281045824289322, 0.04444444552063942
0.13333334028720856, 0.03660130873322487
0.13333334028720856, 0.03660130873322487
