actor_1,actor_2
0.49934640526771545, 0.4732026159763336
0.1411764770746231, 0.18039216101169586
0.49934640526771545, 0.4732026159763336
0.1411764770746231, 0.18039216101169586
0.49934640526771545, 0.4732026159763336
0.1411764770746231, 0.18039216101169586
0.49934640526771545, 0.4732026159763336
0.1411764770746231, 0.18039216101169586
0.49934640526771545, 0.4732026159763336
0.1411764770746231, 0.18039216101169586
0.2562091648578644, 0.2065359503030777
0.062745101749897, 0.15424837172031403
0.2562091648578644, 0.2065359503030777
0.062745101749897, 0.15424837172031403
0.2562091648578644, 0.2065359503030777
0.062745101749897, 0.15424837172031403
0.1437908560037613, 0.17777778208255768
0.5098039507865906, 0.32679739594459534
0.1437908560037613, 0.17777778208255768
0.5098039507865906, 0.32679739594459534
0.1437908560037613, 0.17777778208255768
0.3843137323856354, 0.24836601316928864
0.1725490242242813, 0.21176470816135406
0.29542484879493713, 0.26405230164527893
0.1725490242242813, 0.21176470816135406
0.29542484879493713, 0.26405230164527893
0.1725490242242813, 0.21176470816135406
0.29542484879493713, 0.26405230164527893
