actor_1,actor_2
0.1725490242242813, 0.1281045824289322
0.16209150850772858, 0.0470588244497776
0.16732026636600494, 0.0313725508749485
0.16732026636600494, 0.0313725508749485
0.2065359503030777, 0.020915033295750618
0.21437908709049225, 0.020915033295750618
0.21437908709049225, 0.020915033295750618
0.21437908709049225, 0.020915033295750618
