actor_1,actor_2
0.30849674344062805, 0.31111112236976624
0.20130719244480133, 0.43660131096839905
0.15163399279117584, 0.6405228972434998
0.1437908560037613, 0.17777778208255768
0.20392157137393951, 0.21960784494876862
0.27712419629096985, 0.14640523493289948
0.3947712481021881, 0.33725491166114807
0.38692811131477356, 0.08888889104127884
0.7346405386924744, 0.5803921818733215
1.2784314155578613, 0.6640523076057434
2.0, 0.5830065608024597
1.8745098114013672, 0.31111112236976624
1.3908497095108032, 0.21437908709049225
1.3908497095108032, 0.21437908709049225
1.173856258392334, 0.14640523493289948
1.173856258392334, 0.14640523493289948
0.6326797604560852, 0.15163399279117584
0.6326797604560852, 0.15163399279117584
0.21960784494876862, 0.1437908560037613
0.14640523493289948, 0.07058823853731155
0.13071896135807037, 0.06013071909546852
0.13071896135807037, 0.06013071909546852
