actor_1,actor_2
0.5411764979362488, 0.4130719006061554
0.3032679855823517, 0.18562091886997223
0.21437908709049225, 0.14640523493289948
0.21437908709049225, 0.14640523493289948
0.13071896135807037, 0.08888889104127884
0.11241830140352249, 0.06535948067903519
0.11241830140352249, 0.06535948067903519
0.11241830140352249, 0.06535948067903519
