actor_1,actor_2
0.572549045085907, 0.4732026159763336
0.5385621190071106, 0.1908496767282486
0.530718982219696, 0.14901961386203766
0.530718982219696, 0.14901961386203766
0.5071895718574524, 0.09673202782869339
0.5098039507865906, 0.08627451211214066
0.5098039507865906, 0.08627451211214066
0.5098039507865906, 0.08627451211214066
