actor_1,actor_2
2.0, 2.0
1.8980392217636108, 0.8941176533699036
0.9673202633857727, 0.6143791079521179
0.9673202633857727, 0.6143791079521179
0.48627451062202454, 0.34248366951942444
0.4444444477558136, 0.4261437952518463
0.4444444477558136, 0.4261437952518463
0.4444444477558136, 0.4261437952518463
