actor_1,actor_2
2.0, 0.8836601376533508
1.4535948038101196, 0.3529411852359772
1.1084967851638794, 0.3006536066532135
1.1084967851638794, 0.3006536066532135
0.572549045085907, 0.2065359503030777
0.4418300688266754, 0.20130719244480133
0.4418300688266754, 0.20130719244480133
0.4418300688266754, 0.20130719244480133
