actor_1,actor_2
0.4261437952518463, 1.6052287817001343
0.4156862795352936, 1.8065359592437744
0.42352941632270813, 1.6758170127868652
0.4313725531101227, 1.4535948038101196
0.5150327086448669, 1.4797385931015015
0.6562091708183289, 1.5477124452590942
0.8810457587242126, 1.6392157077789307
0.9385620951652527, 1.3568627834320068
0.9385620951652527, 1.3568627834320068
