actor_1,actor_2
0.6666666865348816, 1.3359477519989014
0.7816993594169617, 2.0
0.8601307272911072, 1.7673202753067017
0.8653594851493835, 1.0666667222976685
1.0065360069274902, 0.6980392336845398
1.0849673748016357, 0.48104575276374817
1.315032720565796, 0.5254902243614197
2.0, 0.501960813999176
2.0, 0.2718954384326935
1.88496732711792, 0.16470588743686676
1.8901960849761963, 0.1751634031534195
1.1372549533843994, 0.19869281351566315
1.003921627998352, 0.1725490242242813
0.7843137383460999, 0.21176470816135406
0.4575163424015045, 0.3320261538028717
0.3686274588108063, 0.45490196347236633
0.21960784494876862, 0.3843137323856354
0.21960784494876862, 0.3843137323856354
0.21960784494876862, 0.3843137323856354
0.2535947859287262, 0.4575163424015045
0.2535947859287262, 0.4575163424015045
