actor_1,actor_2
0.5045751929283142, 0.7424836754798889
0.3450980484485626, 1.2679738998413086
0.3477124273777008, 1.3071895837783813
0.35555556416511536, 1.058823585510254
0.4261437952518463, 0.8444444537162781
0.5228758454322815, 0.6745098233222961
0.6745098233222961, 0.6117647290229797
0.8549019694328308, 0.5071895718574524
0.8549019694328308, 0.5071895718574524
0.8549019694328308, 0.5071895718574524
1.1477124691009521, 0.5045751929283142
1.4091503620147705, 0.47058823704719543
1.6888889074325562, 0.4156862795352936
2.0, 0.3660130798816681
2.0, 0.3450980484485626
2.0, 0.3294117748737335
2.0, 0.32679739594459534
2.0, 0.32679739594459534
2.0, 0.32679739594459534
2.0, 0.32679739594459534
1.785620927810669, 0.35816994309425354
1.5189542770385742, 0.3947712481021881
1.2575163841247559, 0.45490196347236633
0.5568627715110779, 0.7058823704719543
0.4313725531101227, 0.7450980544090271
0.4313725531101227, 0.7450980544090271
0.3843137323856354, 0.7137255072593689
0.3843137323856354, 0.7137255072593689
