actor_1,actor_2
0.054901961237192154, 1.571241855621338
0.018300654366612434, 1.5555555820465088
0.018300654366612434, 1.6993464231491089
0.01568627543747425, 1.5058823823928833
0.026143791154026985, 1.4143791198730469
0.04967320337891579, 1.2836601734161377
0.04444444552063942, 1.1137255430221558
0.04967320337891579, 0.8104575276374817
0.04967320337891579, 0.8104575276374817
