actor_1,actor_2
0.20130719244480133, 0.09150326997041702
0.03660130873322487, 0.0235294122248888
0.03921568766236305, 0.020915033295750618
0.03921568766236305, 0.020915033295750618
0.026143791154026985, 0.01568627543747425
0.01568627543747425, 0.013071895577013493
0.01568627543747425, 0.013071895577013493
0.01568627543747425, 0.013071895577013493
