actor_1,actor_2
0.03660130873322487, 1.5633987188339233
0.01568627543747425, 0.8183006644248962
0.013071895577013493, 0.17777778208255768
0.013071895577013493, 0.033986929804086685
0.0235294122248888, 0.018300654366612434
0.033986929804086685, 0.01568627543747425
0.05228758230805397, 0.07581699639558792
0.04444444552063942, 0.018300654366612434
0.07320261746644974, 0.06535948067903519
0.10196078568696976, 0.18562091886997223
0.07320261746644974, 0.06535948067903519
0.10196078568696976, 0.18562091886997223
0.07320261746644974, 0.06535948067903519
0.10196078568696976, 0.18562091886997223
0.07320261746644974, 0.06535948067903519
0.10196078568696976, 0.18562091886997223
0.07320261746644974, 0.06535948067903519
0.10196078568696976, 0.18562091886997223
