actor_1,actor_2
0.14901961386203766, 0.29542484879493713
0.2379084974527359, 2.0
0.27712419629096985, 0.9464052319526672
0.27712419629096985, 0.18300653994083405
0.3320261538028717, 0.17777778208255768
0.3529411852359772, 0.21960784494876862
0.23529411852359772, 0.07058823853731155
0.07581699639558792, 0.0313725508749485
0.03921568766236305, 0.03660130873322487
0.03921568766236305, 0.03660130873322487
0.010457516647875309, 0.0470588244497776
0.018300654366612434, 0.06797385960817337
0.018300654366612434, 0.06797385960817337
0.0313725508749485, 0.04444444552063942
0.13071896135807037, 0.1568627506494522
0.20392157137393951, 0.7084967494010925
0.24575163424015045, 0.3450980484485626
0.2849673330783844, 0.6431372761726379
0.2849673330783844, 0.6431372761726379
0.2849673330783844, 0.6431372761726379
0.27712419629096985, 0.18300653994083405
0.4888888895511627, 0.06013071909546852
0.4888888895511627, 0.06013071909546852
0.45490196347236633, 0.05228758230805397
0.4287581741809845, 0.07058823853731155
0.37124183773994446, 0.125490203499794
0.2535947859287262, 0.05228758230805397
0.08888889104127884, 0.026143791154026985
0.0784313753247261, 0.026143791154026985
0.0784313753247261, 0.026143791154026985
0.11241830140352249, 0.0235294122248888
0.13856209814548492, 0.0235294122248888
0.06797385960817337, 0.02875817008316517
0.010457516647875309, 0.0470588244497776
0.007843137718737125, 0.05751634016633034
0.0052287583239376545, 0.041830066591501236
0.0, 0.02875817008316517
0.010457516647875309, 0.03660130873322487
0.010457516647875309, 0.03660130873322487
0.0313725508749485, 0.04444444552063942
0.10457516461610794, 0.10457516461610794
0.0313725508749485, 0.04444444552063942
0.10457516461610794, 0.10457516461610794
0.0313725508749485, 0.04444444552063942
