actor_1,actor_2
0.4313725531101227, 2.0
0.29019609093666077, 2.0
0.2666666805744171, 1.416993498802185
0.2562091648578644, 0.7555555701255798
0.2875817120075226, 0.5620915293693542
0.3294117748737335, 0.3633987009525299
0.4470588266849518, 0.2718954384326935
0.5098039507865906, 0.2065359503030777
0.5098039507865906, 0.2065359503030777
0.5098039507865906, 0.2065359503030777
0.729411780834198, 0.24575163424015045
0.8941176533699036, 0.27450981736183167
1.2104575634002686, 0.26405230164527893
1.801307201385498, 0.2379084974527359
2.0, 0.1725490242242813
2.0, 0.14901961386203766
2.0, 0.13071896135807037
2.0, 0.13071896135807037
2.0, 0.13071896135807037
2.0, 0.13071896135807037
1.471895456314087, 0.1725490242242813
1.3620915412902832, 0.20130719244480133
0.9986928105354309, 0.16993464529514313
0.501960813999176, 0.671895444393158
0.4313725531101227, 0.7189542651176453
0.4313725531101227, 0.7189542651176453
0.34248366951942444, 0.5385621190071106
0.34248366951942444, 0.5385621190071106
