actor_1,actor_2
0.43921568989753723, 1.9764705896377563
0.4156862795352936, 2.0
0.40522876381874084, 1.545098066329956
0.38692811131477356, 0.8967320322990417
0.46797385811805725, 0.6457516551017761
0.6274510025978088, 0.38954249024391174
0.6562091708183289, 0.12287581712007523
0.6797385811805725, 0.09150326997041702
0.9071895480155945, 0.19607843458652496
1.1372549533843994, 0.30588236451148987
1.91372549533844, 0.3686274588108063
2.0, 0.26405230164527893
2.0, 0.2065359503030777
2.0, 0.2065359503030777
1.4143791198730469, 0.1594771295785904
1.4143791198730469, 0.1594771295785904
1.2470588684082031, 0.250980406999588
1.2470588684082031, 0.250980406999588
0.4470588266849518, 0.6065359711647034
0.2666666805744171, 0.7267974019050598
0.2065359503030777, 0.6457516551017761
0.2065359503030777, 0.6457516551017761
0.2065359503030777, 0.6457516551017761
0.250980406999588, 0.7712418437004089
0.250980406999588, 0.7712418437004089
0.27973857522010803, 1.0771242380142212
0.3294117748737335, 1.5686274766921997
0.30849674344062805, 1.8039215803146362
0.2692810595035553, 1.5686274766921997
0.23529411852359772, 1.3333333730697632
0.23529411852359772, 1.3333333730697632
0.23529411852359772, 1.3333333730697632
0.23529411852359772, 1.3333333730697632
0.23529411852359772, 1.3333333730697632
0.2535947859287262, 1.4692810773849487
0.3320261538028717, 1.2496732473373413
0.49673202633857727, 0.2849673330783844
0.6797385811805725, 0.09150326997041702
0.6797385811805725, 0.09150326997041702
0.6797385811805725, 0.09150326997041702
