actor_1,actor_2
0.2980392277240753, 0.19869281351566315
0.27712419629096985, 0.0784313753247261
0.27712419629096985, 0.06013071909546852
0.27712419629096985, 0.06013071909546852
0.26143792271614075, 0.04444444552063942
0.2535947859287262, 0.054901961237192154
0.2535947859287262, 0.054901961237192154
0.2535947859287262, 0.054901961237192154
