actor_1,actor_2
0.6431372761726379, 0.6849673390388489
0.5777778029441833, 2.0
0.6169934868812561, 1.2470588684082031
0.5516340136528015, 0.40261438488960266
0.9594771265983582, 0.41830065846443176
1.1084967851638794, 0.4444444477558136
1.1006536483764648, 0.23006536066532135
0.9542483687400818, 0.14901961386203766
0.9464052319526672, 0.13594771921634674
0.9464052319526672, 0.13594771921634674
0.3137255012989044, 0.16732026636600494
0.26405230164527893, 0.19869281351566315
0.1594771295785904, 0.14901961386203766
0.1594771295785904, 0.14901961386203766
0.1594771295785904, 0.14901961386203766
