actor_1,actor_2
0.30849674344062805, 0.09934640675783157
0.32156863808631897, 0.0313725508749485
0.2562091648578644, 0.0235294122248888
0.2562091648578644, 0.0235294122248888
0.1411764770746231, 0.010457516647875309
0.125490203499794, 0.007843137718737125
0.125490203499794, 0.007843137718737125
0.125490203499794, 0.007843137718737125
