actor_1,actor_2
0.2823529541492462, 1.7908496856689453
0.33725491166114807, 1.9450980424880981
0.3137255012989044, 1.416993498802185
0.3320261538028717, 0.9176470637321472
0.5071895718574524, 0.8339869379997253
0.6614379286766052, 0.7189542651176453
1.032679796218872, 0.700653612613678
0.9986928105354309, 0.5986928343772888
0.9986928105354309, 0.5986928343772888
0.9986928105354309, 0.5986928343772888
1.673202633857727, 0.800000011920929
1.9973856210708618, 0.8941176533699036
2.0, 1.0300654172897339
1.7464052438735962, 0.9725490212440491
1.1660131216049194, 0.8993464112281799
0.9359477162361145, 0.9124183058738708
0.6065359711647034, 0.8679738640785217
0.9359477162361145, 0.9124183058738708
0.6065359711647034, 0.8679738640785217
1.1660131216049194, 0.8993464112281799
0.6065359711647034, 0.8679738640785217
1.1660131216049194, 0.8993464112281799
0.4418300688266754, 0.9098039269447327
0.7790849804878235, 0.9359477162361145
1.045751690864563, 0.9830065369606018
0.7633987069129944, 0.9464052319526672
0.8496732115745544, 0.8679738640785217
0.8496732115745544, 0.8679738640785217
1.103268027305603, 0.9098039269447327
0.8496732115745544, 0.8679738640785217
1.103268027305603, 0.9098039269447327
