actor_1,actor_2
1.5215686559677124, 0.6823529601097107
0.25882354378700256, 0.2379084974527359
0.07320261746644974, 0.16993464529514313
0.25882354378700256, 0.2379084974527359
0.07320261746644974, 0.16993464529514313
0.15424837172031403, 0.17777778208255768
0.5568627715110779, 0.29542484879493713
0.09150326997041702, 0.14640523493289948
0.44967320561408997, 0.22483660280704498
0.09150326997041702, 0.14640523493289948
0.44967320561408997, 0.22483660280704498
0.09150326997041702, 0.14640523493289948
0.44967320561408997, 0.22483660280704498
0.09150326997041702, 0.14640523493289948
0.25882354378700256, 0.1751634031534195
0.09150326997041702, 0.14640523493289948
0.25882354378700256, 0.1751634031534195
0.09150326997041702, 0.14640523493289948
0.25882354378700256, 0.1751634031534195
0.09150326997041702, 0.14640523493289948
0.25882354378700256, 0.1751634031534195
