actor_1,actor_2
0.20392157137393951, 0.37385621666908264
0.48366013169288635, 2.0
0.6117647290229797, 1.1006536483764648
0.7372549176216125, 0.30588236451148987
0.9045751690864563, 0.3006536066532135
1.1189543008804321, 0.3006536066532135
0.7477124333381653, 0.08888889104127884
0.7241830229759216, 0.05228758230805397
0.40784314274787903, 0.062745101749897
0.40784314274787903, 0.062745101749897
0.22483660280704498, 0.06013071909546852
0.15424837172031403, 0.07320261746644974
0.08888889104127884, 0.04967320337891579
0.08888889104127884, 0.04967320337891579
0.08888889104127884, 0.04967320337891579
