actor_1,actor_2
0.35816994309425354, 0.35555556416511536
0.3816993534564972, 0.16209150850772858
0.32156863808631897, 0.1411764770746231
0.32156863808631897, 0.1411764770746231
0.21437908709049225, 0.1437908560037613
0.15424837172031403, 0.12026143819093704
0.15424837172031403, 0.12026143819093704
0.15424837172031403, 0.12026143819093704
