actor_1,actor_2
0.40522876381874084, 0.43398693203926086
0.10980392247438431, 0.700653612613678
0.08104575425386429, 0.530718982219696
0.07058823853731155, 0.3163398802280426
0.10980392247438431, 0.27450981736183167
0.09673202782869339, 0.21960784494876862
0.12287581712007523, 0.33725491166114807
0.09150326997041702, 0.2535947859287262
0.09150326997041702, 0.2535947859287262
