actor_1,actor_2
0.3477124273777008, 0.17777778208255768
0.08627451211214066, 0.06535948067903519
0.0784313753247261, 0.05228758230805397
0.0784313753247261, 0.05228758230805397
0.05228758230805397, 0.026143791154026985
0.0470588244497776, 0.0235294122248888
0.0470588244497776, 0.0235294122248888
0.0470588244497776, 0.0235294122248888
