actor_1,actor_2
0.23267973959445953, 0.6614379286766052
0.18300653994083405, 2.0
0.16993464529514313, 0.6875817179679871
0.18300653994083405, 0.4313725531101227
0.24052287638187408, 0.33725491166114807
0.30849674344062805, 0.2875817120075226
0.35555556416511536, 0.26405230164527893
0.4418300688266754, 0.2379084974527359
0.5673202872276306, 0.2562091648578644
0.6823529601097107, 0.2849673330783844
1.1529412269592285, 0.24836601316928864
2.0, 0.1725490242242813
2.0, 0.13856209814548492
2.0, 0.13856209814548492
2.0, 0.13071896135807037
2.0, 0.13071896135807037
1.301960825920105, 0.16470588743686676
1.301960825920105, 0.16470588743686676
0.4601307213306427, 0.21699346601963043
0.3320261538028717, 0.23267973959445953
0.2875817120075226, 0.21176470816135406
0.2875817120075226, 0.21176470816135406
