actor_1,actor_2
0.8366013169288635, 0.42091503739356995
0.7267974019050598, 0.18039216101169586
0.5385621190071106, 0.14640523493289948
0.5385621190071106, 0.14640523493289948
0.32418301701545715, 0.09673202782869339
0.2222222238779068, 0.10980392247438431
0.2222222238779068, 0.10980392247438431
0.2222222238779068, 0.10980392247438431
