actor_1,actor_2
0.7084967494010925, 1.7803921699523926
0.6274510025978088, 2.0
0.6745098233222961, 1.4562091827392578
0.6326797604560852, 0.5150327086448669
0.9411764740943909, 0.658823549747467
1.4143791198730469, 0.7529411911964417
1.94248366355896, 0.5490196347236633
1.9686274528503418, 0.3843137323856354
1.3856209516525269, 0.4156862795352936
1.3856209516525269, 0.4156862795352936
0.5803921818733215, 0.6405228972434998
0.5490196347236633, 1.090196132659912
0.5490196347236633, 1.090196132659912
0.3032679855823517, 0.886274516582489
0.3921568691730499, 1.2418301105499268
0.37124183773994446, 1.6705882549285889
0.35816994309425354, 1.2496732473373413
0.4732026159763336, 1.074509859085083
0.4732026159763336, 1.074509859085083
0.4732026159763336, 1.074509859085083
0.6326797604560852, 0.5150327086448669
0.8183006644248962, 0.03921568766236305
0.8183006644248962, 0.03921568766236305
0.8261438012123108, 0.018300654366612434
1.1477124691009521, 0.2065359503030777
1.4928104877471924, 0.4156862795352936
2.0, 0.30849674344062805
2.0, 0.24052287638187408
2.0, 0.21437908709049225
2.0, 0.21437908709049225
1.8352941274642944, 0.16209150850772858
1.5816993713378906, 0.19869281351566315
1.0431373119354248, 0.26143792271614075
0.5803921818733215, 0.6405228972434998
0.4156862795352936, 0.8392156958580017
0.27712419629096985, 0.7555555701255798
0.22483660280704498, 0.630065381526947
0.2692810595035553, 0.7843137383460999
0.2692810595035553, 0.7843137383460999
0.3032679855823517, 0.886274516582489
0.3529411852359772, 1.1346405744552612
0.3843137323856354, 1.573856234550476
0.35816994309425354, 1.2496732473373413
0.31111112236976624, 0.7660130858421326
0.31111112236976624, 0.7660130858421326
0.31111112236976624, 0.7660130858421326
0.3816993534564972, 0.9333333373069763
0.3816993534564972, 0.9333333373069763
0.3816993534564972, 0.9333333373069763
0.48627451062202454, 0.700653612613678
0.7320261597633362, 0.08627451211214066
0.8183006644248962, 0.03921568766236305
0.8261438012123108, 0.018300654366612434
0.5856209397315979, 0.007843137718737125
0.5856209397315979, 0.007843137718737125
