actor_1,actor_2
0.08627451211214066, 0.700653612613678
0.1882352977991104, 2.0
0.2980392277240753, 1.7516340017318726
0.3477124273777008, 0.9960784316062927
0.5490196347236633, 0.7529411911964417
0.9699346423149109, 0.47843137383461
1.2366013526916504, 0.4130719006061554
1.7542483806610107, 0.27973857522010803
1.9660130739212036, 0.2718954384326935
2.0, 0.18300653994083405
2.0, 0.07581699639558792
2.0, 0.033986929804086685
1.785620927810669, 0.026143791154026985
1.785620927810669, 0.026143791154026985
1.1947712898254395, 0.0235294122248888
1.1947712898254395, 0.0235294122248888
0.47843137383461, 0.0313725508749485
0.47843137383461, 0.0313725508749485
0.020915033295750618, 0.07581699639558792
0.010457516647875309, 0.08104575425386429
0.0052287583239376545, 0.08104575425386429
0.0052287583239376545, 0.08104575425386429
0.0052287583239376545, 0.08104575425386429
0.013071895577013493, 0.11764705926179886
0.013071895577013493, 0.11764705926179886
0.05228758230805397, 0.2666666805744171
0.0784313753247261, 0.6901960968971252
0.13071896135807037, 1.6679738759994507
0.18039216101169586, 1.715032696723938
0.1725490242242813, 1.5895425081253052
0.1725490242242813, 1.5895425081253052
0.1725490242242813, 1.5895425081253052
0.1725490242242813, 1.5895425081253052
0.1725490242242813, 1.5895425081253052
0.19346405565738678, 1.730718970298767
0.29019609093666077, 1.6915032863616943
0.7215686440467834, 0.29542484879493713
1.7542483806610107, 0.27973857522010803
1.7542483806610107, 0.27973857522010803
1.7542483806610107, 0.27973857522010803
