actor_1,actor_2
1.343790888786316, 2.0
1.3751634359359741, 2.0
1.2836601734161377, 1.359477162361145
1.087581753730774, 0.8209150433540344
1.2679738998413086, 0.7738562226295471
1.4562091827392578, 0.6745098233222961
1.3830065727233887, 0.886274516582489
1.1555556058883667, 0.4287581741809845
1.016993522644043, 0.43921568989753723
1.016993522644043, 0.43921568989753723
0.9333333373069763, 0.5202614665031433
0.9333333373069763, 0.6143791079521179
0.7895424962043762, 0.4261437952518463
0.7895424962043762, 0.4261437952518463
0.7895424962043762, 0.4261437952518463
