actor_1,actor_2
0.2379084974527359, 0.16993464529514313
0.19346405565738678, 0.06797385960817337
0.18039216101169586, 0.054901961237192154
0.18039216101169586, 0.054901961237192154
0.16209150850772858, 0.041830066591501236
0.1594771295785904, 0.0313725508749485
0.1594771295785904, 0.0313725508749485
0.1594771295785904, 0.0313725508749485
