actor_1,actor_2
0.2875817120075226, 0.23006536066532135
0.10718954354524612, 0.10980392247438431
0.2875817120075226, 0.23006536066532135
0.10718954354524612, 0.10980392247438431
0.2875817120075226, 0.23006536066532135
0.10718954354524612, 0.10980392247438431
0.2875817120075226, 0.23006536066532135
0.10718954354524612, 0.10980392247438431
0.2875817120075226, 0.23006536066532135
0.10718954354524612, 0.10980392247438431
0.1908496767282486, 0.11503268033266068
0.0941176488995552, 0.0784313753247261
0.08104575425386429, 0.06535948067903519
0.08104575425386429, 0.06535948067903519
0.05751634016633034, 0.06013071909546852
0.08104575425386429, 0.06535948067903519
0.05751634016633034, 0.06013071909546852
