actor_1,actor_2
0.13333334028720856, 0.10980392247438431
0.04444444552063942, 0.03921568766236305
0.041830066591501236, 0.033986929804086685
0.041830066591501236, 0.033986929804086685
0.03660130873322487, 0.020915033295750618
0.03660130873322487, 0.01568627543747425
0.03660130873322487, 0.01568627543747425
0.03660130873322487, 0.01568627543747425
