actor_1,actor_2
0.9359477162361145, 0.15424837172031403
0.8026143908500671, 0.0470588244497776
0.7660130858421326, 0.033986929804086685
0.7660130858421326, 0.033986929804086685
0.7477124333381653, 0.020915033295750618
0.729411780834198, 0.018300654366612434
0.729411780834198, 0.018300654366612434
0.729411780834198, 0.018300654366612434
