actor_1,actor_2
1.0562092065811157, 0.16470588743686676
0.7686274647712708, 0.06013071909546852
0.7084967494010925, 0.04967320337891579
0.7084967494010925, 0.04967320337891579
0.671895444393158, 0.0313725508749485
0.5960784554481506, 0.0235294122248888
0.5960784554481506, 0.0235294122248888
0.5960784554481506, 0.0235294122248888
