actor_1,actor_2
1.0928105115890503, 1.0849673748016357
0.8156862854957581, 0.530718982219696
0.5281046032905579, 0.4156862795352936
0.5281046032905579, 0.4156862795352936
0.24052287638187408, 0.2980392277240753
0.3137255012989044, 0.3686274588108063
0.3137255012989044, 0.3686274588108063
0.4470588266849518, 0.45490196347236633
0.6640523076057434, 0.6823529601097107
0.6535947918891907, 1.471895456314087
0.34248366951942444, 1.1398693323135376
0.24836601316928864, 0.7398692965507507
0.24836601316928864, 0.7398692965507507
0.24836601316928864, 0.7398692965507507
0.3320261538028717, 1.1555556058883667
0.38692811131477356, 1.1790850162506104
0.35555556416511536, 0.7241830229759216
0.2535947859287262, 0.21437908709049225
0.2065359503030777, 0.1751634031534195
0.2065359503030777, 0.1751634031534195
0.2065359503030777, 0.1751634031534195
0.2065359503030777, 0.1751634031534195
0.16470588743686676, 0.1411764770746231
