actor_1,actor_2
0.4000000059604645, 0.16993464529514313
0.24313725531101227, 0.06535948067903519
0.18300653994083405, 0.041830066591501236
0.18300653994083405, 0.041830066591501236
0.13333334028720856, 0.026143791154026985
0.12026143819093704, 0.026143791154026985
0.12026143819093704, 0.026143791154026985
0.12026143819093704, 0.026143791154026985
