actor_1,actor_2
0.18039216101169586, 0.1568627506494522
0.11241830140352249, 0.041830066591501236
0.10718954354524612, 0.0313725508749485
0.10718954354524612, 0.0313725508749485
0.11503268033266068, 0.01568627543747425
0.11764705926179886, 0.013071895577013493
0.11764705926179886, 0.013071895577013493
0.11764705926179886, 0.013071895577013493
