actor_1,actor_2
1.2052288055419922, 0.5673202872276306
0.786928117275238, 0.15163399279117584
0.6248366236686707, 0.10980392247438431
0.6248366236686707, 0.10980392247438431
0.4470588266849518, 0.06535948067903519
0.3947712481021881, 0.06013071909546852
0.3947712481021881, 0.06013071909546852
0.3947712481021881, 0.06013071909546852
