actor_1,actor_2
0.19346405565738678, 0.4601307213306427
0.3137255012989044, 2.0
0.5359477400779724, 1.1111111640930176
0.6849673390388489, 0.3633987009525299
0.8104575276374817, 0.32418301701545715
0.5098039507865906, 0.33725491166114807
0.3137255012989044, 0.1437908560037613
0.2849673330783844, 0.07581699639558792
0.29281046986579895, 0.06797385960817337
0.29281046986579895, 0.06797385960817337
0.19869281351566315, 0.0784313753247261
0.16470588743686676, 0.09150326997041702
0.13333334028720856, 0.06797385960817337
0.13333334028720856, 0.06797385960817337
0.13333334028720856, 0.06797385960817337
