actor_1,actor_2
0.27450981736183167, 0.47843137383461
0.33725491166114807, 1.9267973899841309
0.34248366951942444, 0.8156862854957581
0.3163398802280426, 0.32418301701545715
0.3843137323856354, 0.22745098173618317
0.40261438488960266, 0.19346405565738678
0.5228758454322815, 0.32418301701545715
1.5790849924087524, 0.4156862795352936
0.8366013169288635, 0.125490203499794
0.6039215922355652, 0.07320261746644974
1.315032720565796, 0.08627451211214066
0.5359477400779724, 0.10196078568696976
0.3294117748737335, 0.09934640675783157
0.27450981736183167, 0.11503268033266068
0.10980392247438431, 0.14640523493289948
0.0784313753247261, 0.16732026636600494
0.033986929804086685, 0.13856209814548492
0.041830066591501236, 0.16470588743686676
0.041830066591501236, 0.16470588743686676
0.04967320337891579, 0.18562091886997223
0.1281045824289322, 0.3947712481021881
0.21176470816135406, 1.3228758573532104
0.18562091886997223, 0.8653594851493835
0.17777778208255768, 0.501960813999176
0.17777778208255768, 0.501960813999176
0.17777778208255768, 0.501960813999176
0.2065359503030777, 0.828758180141449
0.23006536066532135, 0.7712418437004089
0.27712419629096985, 0.46535947918891907
0.5934640765190125, 0.1437908560037613
0.34248366951942444, 0.11241830140352249
0.34248366951942444, 0.11241830140352249
0.34248366951942444, 0.11241830140352249
