actor_1,actor_2
1.4849673509597778, 0.41830065846443176
0.8522875905036926, 0.23529411852359772
0.46535947918891907, 0.17777778208255768
0.46535947918891907, 0.17777778208255768
0.23529411852359772, 0.11764705926179886
0.21437908709049225, 0.14901961386203766
0.21437908709049225, 0.14901961386203766
0.21437908709049225, 0.14901961386203766
