actor_1,actor_2
2.0, 1.0274510383605957
1.4771242141723633, 0.40261438488960266
0.8810457587242126, 0.3006536066532135
0.8810457587242126, 0.3006536066532135
0.43398693203926086, 0.2065359503030777
0.40522876381874084, 0.23267973959445953
0.40522876381874084, 0.23267973959445953
0.40522876381874084, 0.23267973959445953
