actor_1,actor_2
0.9071895480155945, 0.8888888955116272
0.5620915293693542, 0.3477124273777008
0.11764705926179886, 0.26405230164527893
0.5620915293693542, 0.3477124273777008
0.11764705926179886, 0.26405230164527893
0.30588236451148987, 0.26405230164527893
0.05751634016633034, 0.2718954384326935
0.21699346601963043, 0.3294117748737335
0.4287581741809845, 0.5202614665031433
0.3320261538028717, 0.4418300688266754
0.27450981736183167, 0.22745098173618317
0.3320261538028717, 0.4418300688266754
0.27450981736183167, 0.22745098173618317
0.5856209397315979, 0.7816993594169617
0.38692811131477356, 0.3816993534564972
0.8156862854957581, 0.98562091588974
0.38692811131477356, 0.3816993534564972
0.8156862854957581, 0.98562091588974
0.38692811131477356, 0.3816993534564972
0.7477124333381653, 0.7607843279838562
0.47058823704719543, 0.49673202633857727
0.3032679855823517, 0.2666666805744171
0.5830065608024597, 0.46535947918891907
0.9359477162361145, 0.6509804129600525
0.8078431487083435, 0.4601307213306427
0.40261438488960266, 0.4287581741809845
0.5960784554481506, 0.5594771504402161
0.38954249024391174, 0.43921568989753723
0.5960784554481506, 0.5594771504402161
0.38954249024391174, 0.43921568989753723
0.5960784554481506, 0.5594771504402161
0.38954249024391174, 0.43921568989753723
0.5960784554481506, 0.5594771504402161
