actor_1,actor_2
0.44967320561408997, 0.543790876865387
0.3294117748737335, 1.4535948038101196
0.3686274588108063, 0.530718982219696
0.32679739594459534, 0.21437908709049225
0.5150327086448669, 0.1725490242242813
0.6875817179679871, 0.16732026636600494
1.0954248905181885, 0.10980392247438431
1.1633987426757812, 0.07058823853731155
1.0196079015731812, 0.08366013318300247
1.0196079015731812, 0.08366013318300247
0.379084974527359, 0.10457516461610794
0.13594771921634674, 0.15424837172031403
0.0026143791619688272, 0.1281045824289322
0.0470588244497776, 0.16209150850772858
0.0470588244497776, 0.16209150850772858
0.08888889104127884, 0.20392157137393951
0.13333334028720856, 0.3032679855823517
0.16470588743686676, 0.6980392336845398
0.15424837172031403, 0.9594771265983582
0.13333334028720856, 0.8392156958580017
0.13333334028720856, 0.8392156958580017
0.13856209814548492, 1.900653600692749
0.13856209814548492, 1.900653600692749
0.21699346601963043, 1.7124183177947998
0.27450981736183167, 0.3843137323856354
0.48104575276374817, 0.02875817008316517
0.3006536066532135, 0.01568627543747425
0.3006536066532135, 0.01568627543747425
0.3006536066532135, 0.01568627543747425
0.3006536066532135, 0.01568627543747425
0.24313725531101227, 0.01568627543747425
