actor_1,actor_2
1.2941176891326904, 1.7542483806610107
0.572549045085907, 1.6366013288497925
0.3843137323856354, 0.7398692965507507
0.27973857522010803, 0.43921568989753723
0.1568627506494522, 0.31111112236976624
0.03660130873322487, 0.24052287638187408
0.0235294122248888, 0.17777778208255768
0.020915033295750618, 0.12287581712007523
0.020915033295750618, 0.12287581712007523
