actor_1,actor_2
2.0, 2.0
0.6745098233222961, 0.5411764979362488
0.43921568989753723, 0.35555556416511536
0.43921568989753723, 0.35555556416511536
0.2562091648578644, 0.20915032923221588
0.23529411852359772, 0.22745098173618317
0.23529411852359772, 0.22745098173618317
0.23529411852359772, 0.22745098173618317
