actor_1,actor_2
1.430065393447876, 2.0
1.5320261716842651, 1.2287582159042358
1.6104575395584106, 1.445751667022705
1.1346405744552612, 0.7084967494010925
0.8392156958580017, 0.6823529601097107
0.8392156958580017, 0.6823529601097107
0.5620915293693542, 0.3346405327320099
0.48627451062202454, 0.3529411852359772
0.48627451062202454, 0.3529411852359772
0.48627451062202454, 0.3529411852359772
