actor_1,actor_2
1.573856234550476, 2.0
1.6339869499206543, 2.0
1.4274510145187378, 1.1529412269592285
1.3647059202194214, 0.8915032744407654
1.1843137741088867, 0.7241830229759216
0.8444444537162781, 0.2535947859287262
0.7973856329917908, 0.2692810595035553
0.9385620951652527, 0.33986929059028625
0.6666666865348816, 0.2535947859287262
0.48104575276374817, 0.1908496767282486
0.48104575276374817, 0.1908496767282486
0.48104575276374817, 0.1908496767282486
