actor_1,actor_2
0.40522876381874084, 1.5346405506134033
0.3294117748737335, 1.471895456314087
0.3032679855823517, 1.1843137741088867
0.2980392277240753, 0.9673202633857727
0.3660130798816681, 0.9464052319526672
0.48627451062202454, 0.9411764740943909
0.758169949054718, 1.016993522644043
0.671895444393158, 0.8418300747871399
0.671895444393158, 0.8418300747871399
