actor_1,actor_2
1.2784314155578613, 0.3320261538028717
0.018300654366612434, 0.16209150850772858
1.2784314155578613, 0.3320261538028717
0.018300654366612434, 0.16209150850772858
1.2784314155578613, 0.3320261538028717
0.018300654366612434, 0.16209150850772858
1.2784314155578613, 0.3320261538028717
0.018300654366612434, 0.16209150850772858
1.2784314155578613, 0.3320261538028717
0.018300654366612434, 0.16209150850772858
0.9411764740943909, 0.2562091648578644
0.03660130873322487, 0.16993464529514313
0.9411764740943909, 0.2562091648578644
0.03660130873322487, 0.16993464529514313
0.9411764740943909, 0.2562091648578644
0.03660130873322487, 0.16993464529514313
0.3686274588108063, 0.18300653994083405
0.03660130873322487, 0.16993464529514313
0.3686274588108063, 0.18300653994083405
0.03660130873322487, 0.16993464529514313
0.3686274588108063, 0.18300653994083405
0.03660130873322487, 0.16993464529514313
0.3686274588108063, 0.18300653994083405
0.03660130873322487, 0.16993464529514313
