actor_1,actor_2
0.671895444393158, 0.1882352977991104
0.2823529541492462, 0.06013071909546852
0.17777778208255768, 0.04444444552063942
0.17777778208255768, 0.04444444552063942
0.01568627543747425, 0.03660130873322487
0.018300654366612434, 0.02875817008316517
0.018300654366612434, 0.02875817008316517
0.06797385960817337, 0.03921568766236305
0.018300654366612434, 0.02875817008316517
0.06797385960817337, 0.03921568766236305
0.018300654366612434, 0.02875817008316517
0.06797385960817337, 0.03921568766236305
0.018300654366612434, 0.02875817008316517
