actor_1,actor_2
0.3843137323856354, 0.29019609093666077
0.09934640675783157, 0.10718954354524612
0.3843137323856354, 0.29019609093666077
0.09934640675783157, 0.10718954354524612
0.3843137323856354, 0.29019609093666077
0.09934640675783157, 0.10718954354524612
0.3843137323856354, 0.29019609093666077
0.09934640675783157, 0.10718954354524612
0.3843137323856354, 0.29019609093666077
0.09934640675783157, 0.10718954354524612
0.21437908709049225, 0.12026143819093704
0.08366013318300247, 0.05751634016633034
0.07320261746644974, 0.05228758230805397
0.07320261746644974, 0.05228758230805397
0.07581699639558792, 0.03921568766236305
0.07581699639558792, 0.03921568766236305
