actor_1,actor_2
0.46797385811805725, 0.2379084974527359
0.29281046986579895, 0.08888889104127884
0.26405230164527893, 0.06797385960817337
0.26405230164527893, 0.06797385960817337
0.24575163424015045, 0.04967320337891579
0.23529411852359772, 0.041830066591501236
0.23529411852359772, 0.041830066591501236
0.23529411852359772, 0.041830066591501236
