actor_1,actor_2
0.658823549747467, 2.0
0.6379085183143616, 2.0
0.6745098233222961, 1.5215686559677124
0.6562091708183289, 0.8496732115745544
0.7503268122673035, 0.5960784554481506
0.8496732115745544, 0.47058823704719543
1.0980392694473267, 0.5699346661567688
2.0, 0.7241830229759216
2.0, 0.49934640526771545
1.785620927810669, 0.29019609093666077
1.600000023841858, 0.2666666805744171
1.0405229330062866, 0.24313725531101227
0.8705882430076599, 0.18300653994083405
0.8339869379997253, 0.21960784494876862
0.6535947918891907, 0.3477124273777008
0.4915032684803009, 0.4104575216770172
0.29542484879493713, 0.2875817120075226
0.29542484879493713, 0.2875817120075226
