actor_1,actor_2
1.8954248428344727, 1.9398692846298218
1.3856209516525269, 1.9111111164093018
1.2470588684082031, 0.943790853023529
1.545098066329956, 1.0352941751480103
2.0, 1.1686275005340576
1.4248366355895996, 0.9045751690864563
1.1973856687545776, 0.9725490212440491
1.1058824062347412, 1.1633987426757812
1.1058824062347412, 1.1633987426757812
1.2967320680618286, 1.3986928462982178
1.5921568870544434, 1.5215686559677124
1.132026195526123, 1.343790888786316
1.2418301105499268, 1.3908497095108032
1.1294118165969849, 1.4326797723770142
1.0065360069274902, 1.2392157316207886
0.8967320322990417, 1.0117647647857666
1.0091503858566284, 1.0849673748016357
1.0091503858566284, 1.0849673748016357
1.0718954801559448, 0.7947712540626526
1.186928153038025, 0.4444444477558136
1.186928153038025, 0.4444444477558136
1.0823529958724976, 0.3633987009525299
1.3333333730697632, 0.4104575216770172
2.0, 0.7058823704719543
2.0, 0.7529411911964417
1.6052287817001343, 0.630065381526947
1.3542484045028687, 0.5751634240150452
1.4091503620147705, 0.6379085183143616
1.1947712898254395, 0.5516340136528015
1.1947712898254395, 0.5516340136528015
1.186928153038025, 0.8339869379997253
0.9725490212440491, 0.9882352948188782
0.8627451062202454, 0.9699346423149109
0.8627451062202454, 0.9699346423149109
0.7607843279838562, 0.8418300747871399
0.8496732115745544, 0.9594771265983582
