actor_1,actor_2
1.2209150791168213, 0.6091503500938416
1.3751634359359741, 0.24575163424015045
0.9071895480155945, 0.18562091886997223
0.9071895480155945, 0.18562091886997223
0.20130719244480133, 0.09673202782869339
0.1751634031534195, 0.15163399279117584
0.1751634031534195, 0.15163399279117584
0.1751634031534195, 0.15163399279117584
