actor_1,actor_2
0.7424836754798889, 0.5228758454322815
0.6143791079521179, 0.19346405565738678
0.5856209397315979, 0.1725490242242813
0.5856209397315979, 0.1725490242242813
0.48366013169288635, 0.09673202782869339
0.44967320561408997, 0.0784313753247261
0.44967320561408997, 0.0784313753247261
0.44967320561408997, 0.0784313753247261
