actor_1,actor_2
0.47058823704719543, 0.125490203499794
0.11503268033266068, 0.04444444552063942
0.02875817008316517, 0.04444444552063942
0.11503268033266068, 0.04444444552063942
0.02875817008316517, 0.04444444552063942
0.09150326997041702, 0.033986929804086685
0.018300654366612434, 0.04444444552063942
0.08104575425386429, 0.04444444552063942
0.018300654366612434, 0.04444444552063942
0.08104575425386429, 0.04444444552063942
0.018300654366612434, 0.04444444552063942
0.08104575425386429, 0.04444444552063942
0.018300654366612434, 0.04444444552063942
0.08104575425386429, 0.04444444552063942
0.018300654366612434, 0.04444444552063942
0.08104575425386429, 0.04444444552063942
