actor_1,actor_2
0.8313725590705872, 0.3137255012989044
0.7712418437004089, 0.09934640675783157
0.7215686440467834, 0.08627451211214066
0.7215686440467834, 0.08627451211214066
0.6039215922355652, 0.06013071909546852
0.5359477400779724, 0.03660130873322487
0.5359477400779724, 0.03660130873322487
0.5359477400779724, 0.03660130873322487
