actor_1,actor_2
0.671895444393158, 0.19869281351566315
0.6771242022514343, 0.09150326997041702
0.601307213306427, 0.07058823853731155
0.601307213306427, 0.07058823853731155
0.3450980484485626, 0.03921568766236305
0.35816994309425354, 0.026143791154026985
0.35816994309425354, 0.026143791154026985
0.35816994309425354, 0.026143791154026985
