actor_1,actor_2
1.2339869737625122, 0.3477124273777008
0.29542484879493713, 0.08104575425386429
0.19346405565738678, 0.041830066591501236
0.19346405565738678, 0.041830066591501236
0.13856209814548492, 0.026143791154026985
0.1281045824289322, 0.026143791154026985
0.1281045824289322, 0.026143791154026985
0.1281045824289322, 0.026143791154026985
