actor_1,actor_2
0.5856209397315979, 0.49673202633857727
0.8104575276374817, 0.23529411852359772
0.7111111283302307, 0.18039216101169586
0.7111111283302307, 0.18039216101169586
0.2718954384326935, 0.125490203499794
0.20915032923221588, 0.12287581712007523
0.20915032923221588, 0.12287581712007523
0.20915032923221588, 0.12287581712007523
