actor_1,actor_2
0.24836601316928864, 0.7712418437004089
0.1411764770746231, 2.0
0.14640523493289948, 1.4980392456054688
0.1594771295785904, 0.8392156958580017
0.19869281351566315, 0.4941176474094391
0.3032679855823517, 0.3346405327320099
0.32156863808631897, 0.23529411852359772
0.43660131096839905, 0.16993464529514313
0.43660131096839905, 0.16993464529514313
0.43660131096839905, 0.16993464529514313
0.5882353186607361, 0.18562091886997223
0.7607843279838562, 0.21176470816135406
1.1660131216049194, 0.1908496767282486
2.0, 0.10718954354524612
2.0, 0.08104575425386429
2.0, 0.07058823853731155
2.0, 0.054901961237192154
2.0, 0.054901961237192154
2.0, 0.054901961237192154
2.0, 0.054901961237192154
2.0, 0.06535948067903519
1.7751634120941162, 0.08104575425386429
1.474509835243225, 0.06535948067903519
0.31111112236976624, 0.14640523493289948
0.21437908709049225, 0.13594771921634674
0.21437908709049225, 0.13594771921634674
