actor_1,actor_2
0.630065381526947, 0.8967320322990417
0.6980392336845398, 2.0
0.6901960968971252, 1.1581699848175049
0.7084967494010925, 0.5071895718574524
1.003921627998352, 0.3843137323856354
1.657516360282898, 0.38954249024391174
1.4222222566604614, 0.20915032923221588
0.98562091588974, 0.13594771921634674
0.6980392336845398, 0.1281045824289322
0.6980392336845398, 0.1281045824289322
0.4000000059604645, 0.1568627506494522
0.3607843220233917, 0.18039216101169586
0.3137255012989044, 0.13333334028720856
0.3137255012989044, 0.13333334028720856
0.3137255012989044, 0.13333334028720856
