actor_1,actor_2
0.2718954384326935, 0.2980392277240753
0.1882352977991104, 2.0
0.16993464529514313, 0.8078431487083435
0.1751634031534195, 0.2692810595035553
0.20915032923221588, 0.14640523493289948
0.29019609093666077, 0.11503268033266068
0.4313725531101227, 0.18562091886997223
1.1973856687545776, 0.1594771295785904
2.0, 0.06535948067903519
1.4352941513061523, 0.05751634016633034
0.9777777791023254, 0.054901961237192154
0.8601307272911072, 0.06797385960817337
0.3032679855823517, 0.062745101749897
0.20392157137393951, 0.06797385960817337
0.10196078568696976, 0.0784313753247261
0.08366013318300247, 0.09934640675783157
0.05751634016633034, 0.08627451211214066
0.05751634016633034, 0.08627451211214066
0.05751634016633034, 0.08627451211214066
0.09673202782869339, 0.09150326997041702
