actor_1,actor_2
0.5908496975898743, 1.0274510383605957
0.5281046032905579, 2.0
0.5568627715110779, 1.7751634120941162
0.5071895718574524, 0.7372549176216125
0.6928104758262634, 0.4287581741809845
0.6823529601097107, 0.24313725531101227
0.9124183058738708, 0.350326806306839
1.8535947799682617, 0.47058823704719543
0.98562091588974, 0.2222222238779068
0.4444444477558136, 0.09673202782869339
0.4000000059604645, 0.10457516461610794
0.2535947859287262, 0.09673202782869339
0.0941176488995552, 0.08104575425386429
0.1882352977991104, 0.09150326997041702
0.17777778208255768, 0.15424837172031403
0.13594771921634674, 0.19869281351566315
0.07581699639558792, 0.125490203499794
0.07581699639558792, 0.125490203499794
0.07581699639558792, 0.125490203499794
0.11241830140352249, 0.14901961386203766
0.11241830140352249, 0.14901961386203766
