actor_1,actor_2
0.21699346601963043, 0.11764705926179886
0.09150326997041702, 0.03660130873322487
0.08104575425386429, 0.0235294122248888
0.08104575425386429, 0.0235294122248888
0.06797385960817337, 0.010457516647875309
0.04967320337891579, 0.007843137718737125
0.04967320337891579, 0.007843137718737125
0.04967320337891579, 0.007843137718737125
