actor_1,actor_2
0.31111112236976624, 0.02875817008316517
0.026143791154026985, 0.010457516647875309
0.020915033295750618, 0.010457516647875309
0.020915033295750618, 0.010457516647875309
0.0235294122248888, 0.007843137718737125
0.018300654366612434, 0.007843137718737125
0.018300654366612434, 0.007843137718737125
0.018300654366612434, 0.007843137718737125
