actor_1,actor_2
0.3686274588108063, 0.02875817008316517
0.07058823853731155, 0.010457516647875309
0.05751634016633034, 0.010457516647875309
0.05751634016633034, 0.010457516647875309
0.03660130873322487, 0.007843137718737125
0.0235294122248888, 0.007843137718737125
0.0235294122248888, 0.007843137718737125
0.0235294122248888, 0.007843137718737125
