actor_1,actor_2
0.18300653994083405, 0.18562091886997223
0.5202614665031433, 2.0
0.6562091708183289, 0.38692811131477356
0.5359477400779724, 0.379084974527359
0.20130719244480133, 0.062745101749897
0.13071896135807037, 0.02875817008316517
0.11503268033266068, 0.0313725508749485
0.10196078568696976, 0.0470588244497776
0.08104575425386429, 0.03921568766236305
0.10196078568696976, 0.020915033295750618
0.10196078568696976, 0.020915033295750618
0.10196078568696976, 0.020915033295750618
