actor_1,actor_2
1.2575163841247559, 0.9516339898109436
1.3986928462982178, 0.3633987009525299
1.2679738998413086, 0.3006536066532135
1.2679738998413086, 0.3006536066532135
0.8366013169288635, 0.20392157137393951
0.6901960968971252, 0.1594771295785904
0.6901960968971252, 0.1594771295785904
0.6901960968971252, 0.1594771295785904
