actor_1,actor_2
0.9385620951652527, 0.3843137323856354
0.9411764740943909, 0.14640523493289948
0.8784313797950745, 0.11241830140352249
0.8784313797950745, 0.11241830140352249
0.6222222447395325, 0.07581699639558792
0.5542483925819397, 0.054901961237192154
0.5542483925819397, 0.054901961237192154
0.5542483925819397, 0.054901961237192154
