actor_1,actor_2
0.27450981736183167, 0.43660131096839905
0.45228758454322815, 2.0
0.572549045085907, 0.7163398861885071
0.6614379286766052, 0.21437908709049225
0.7137255072593689, 0.22483660280704498
0.8261438012123108, 0.3450980484485626
0.7555555701255798, 0.14901961386203766
0.8183006644248962, 0.07581699639558792
0.40261438488960266, 0.07581699639558792
0.40261438488960266, 0.07581699639558792
0.1437908560037613, 0.09673202782869339
0.10457516461610794, 0.10718954354524612
0.0941176488995552, 0.08104575425386429
0.0941176488995552, 0.08104575425386429
0.0941176488995552, 0.08104575425386429
0.0941176488995552, 0.08104575425386429
