actor_1,actor_2
0.23006536066532135, 0.3947712481021881
0.42091503739356995, 2.0
0.7503268122673035, 1.887581706047058
0.9777777791023254, 0.9647058844566345
1.3516340255737305, 0.6274510025978088
1.3620915412902832, 0.3973856270313263
0.9673202633857727, 0.125490203499794
0.6954248547554016, 0.06797385960817337
0.40261438488960266, 0.07058823853731155
0.40261438488960266, 0.07058823853731155
0.13071896135807037, 0.09934640675783157
0.06013071909546852, 0.12026143819093704
0.03921568766236305, 0.0941176488995552
0.041830066591501236, 0.11241830140352249
0.041830066591501236, 0.11241830140352249
0.06013071909546852, 0.13333334028720856
0.11503268033266068, 0.2065359503030777
0.29019609093666077, 0.8052287697792053
0.4732026159763336, 1.0562092065811157
0.48366013169288635, 0.9830065369606018
0.48366013169288635, 0.9830065369606018
0.543790876865387, 1.814379096031189
0.543790876865387, 1.814379096031189
0.6039215922355652, 2.0
0.7450980544090271, 1.8274509906768799
2.0, 0.29281046986579895
2.0, 0.14901961386203766
2.0, 0.14901961386203766
2.0, 0.14901961386203766
2.0, 0.14901961386203766
1.8196078538894653, 0.10718954354524612
