actor_1,actor_2
0.18562091886997223, 0.20915032923221588
0.3163398802280426, 2.0
0.3764705955982208, 1.2261438369750977
0.42091503739356995, 0.4418300688266754
0.4915032684803009, 0.3607843220233917
0.6222222447395325, 0.23006536066532135
0.6457516551017761, 0.2222222238779068
0.8183006644248962, 0.1568627506494522
1.5084967613220215, 0.02875817008316517
1.743790864944458, 0.01568627543747425
1.2287582159042358, 0.010457516647875309
1.1111111640930176, 0.013071895577013493
1.2784314155578613, 0.013071895577013493
0.5908496975898743, 0.007843137718737125
0.1882352977991104, 0.013071895577013493
0.10980392247438431, 0.0235294122248888
0.06013071909546852, 0.020915033295750618
0.06013071909546852, 0.020915033295750618
