actor_1,actor_2
0.05228758230805397, 0.3816993534564972
0.10718954354524612, 2.0
0.08104575425386429, 1.4222222566604614
0.13594771921634674, 0.40784314274787903
0.12287581712007523, 0.20915032923221588
0.13594771921634674, 0.13333334028720856
0.13071896135807037, 0.08366013318300247
0.2065359503030777, 0.05751634016633034
0.10196078568696976, 0.11241830140352249
0.2065359503030777, 0.05751634016633034
0.10196078568696976, 0.11241830140352249
0.2065359503030777, 0.05751634016633034
0.10196078568696976, 0.11241830140352249
0.2065359503030777, 0.05751634016633034
