actor_1,actor_2
0.15424837172031403, 0.07058823853731155
0.08888889104127884, 0.020915033295750618
0.08888889104127884, 0.01568627543747425
0.08888889104127884, 0.01568627543747425
0.08104575425386429, 0.0026143791619688272
0.0784313753247261, 0.0026143791619688272
0.0784313753247261, 0.0026143791619688272
0.0784313753247261, 0.0026143791619688272
