actor_1,actor_2
0.8784313797950745, 0.3137255012989044
0.8261438012123108, 0.10980392247438431
0.8078431487083435, 0.0941176488995552
0.8078431487083435, 0.0941176488995552
0.543790876865387, 0.04967320337891579
0.44967320561408997, 0.03921568766236305
0.44967320561408997, 0.03921568766236305
0.44967320561408997, 0.03921568766236305
