actor_1,actor_2
0.4287581741809845, 0.42091503739356995
0.38692811131477356, 0.19869281351566315
0.379084974527359, 0.1725490242242813
0.379084974527359, 0.1725490242242813
0.2849673330783844, 0.12287581712007523
0.2222222238779068, 0.11764705926179886
0.2222222238779068, 0.11764705926179886
0.2222222238779068, 0.11764705926179886
