actor_1,actor_2
0.5150327086448669, 2.0
0.5856209397315979, 2.0
0.6562091708183289, 0.6483660340309143
0.7790849804878235, 0.7189542651176453
0.7215686440467834, 0.729411780834198
0.7790849804878235, 0.7189542651176453
0.8313725590705872, 0.49934640526771545
0.5856209397315979, 0.33986929059028625
0.4601307213306427, 0.40522876381874084
0.4601307213306427, 0.40522876381874084
0.33986929059028625, 0.3947712481021881
0.33986929059028625, 0.530718982219696
0.20392157137393951, 0.3320261538028717
0.22745098173618317, 0.40261438488960266
0.32679739594459534, 0.6431372761726379
0.38692811131477356, 1.0248366594314575
0.3921568691730499, 0.5673202872276306
0.3163398802280426, 0.35555556416511536
0.3346405327320099, 0.5254902243614197
0.3346405327320099, 0.5254902243614197
0.4000000059604645, 0.6117647290229797
0.46535947918891907, 0.3189542591571808
0.6169934868812561, 0.13333334028720856
0.6065359711647034, 0.11503268033266068
0.16993464529514313, 0.10457516461610794
0.16993464529514313, 0.10457516461610794
0.24052287638187408, 0.16209150850772858
0.3294117748737335, 0.27712419629096985
0.45490196347236633, 0.1882352977991104
0.45228758454322815, 0.16993464529514313
0.47058823704719543, 0.16209150850772858
0.47058823704719543, 0.16209150850772858
0.9045751690864563, 0.16993464529514313
0.9045751690864563, 0.16993464529514313
0.6745098233222961, 0.20130719244480133
0.43660131096839905, 0.29281046986579895
0.24052287638187408, 0.3633987009525299
0.24052287638187408, 0.3633987009525299
0.24052287638187408, 0.3633987009525299
