actor_1,actor_2
0.8549019694328308, 1.9320261478424072
1.116339921951294, 2.0
1.3516340255737305, 1.0562092065811157
1.7228758335113525, 1.4248366355895996
1.2915033102035522, 1.4849673509597778
1.7228758335113525, 1.4248366355895996
1.600000023841858, 1.1790850162506104
0.9385620951652527, 1.003921627998352
1.087581753730774, 1.7542483806610107
1.4797385931015015, 1.7882353067398071
1.5816993713378906, 0.800000011920929
2.0, 1.1189543008804321
1.600000023841858, 1.1790850162506104
1.1084967851638794, 0.8156862854957581
0.9542483687400818, 0.729411780834198
0.7267974019050598, 0.9830065369606018
0.6196078658103943, 1.0509804487228394
0.6849673390388489, 1.215686321258545
0.8549019694328308, 1.9320261478424072
1.116339921951294, 2.0
1.0222222805023193, 1.1816993951797485
0.7790849804878235, 0.7529411911964417
1.3516340255737305, 1.0562092065811157
1.4797385931015015, 1.7882353067398071
1.3516340255737305, 1.0562092065811157
2.0, 1.1189543008804321
1.600000023841858, 1.1790850162506104
1.1084967851638794, 0.8156862854957581
0.8261438012123108, 0.9019607901573181
0.8104575276374817, 1.1267974376678467
0.8549019694328308, 1.9320261478424072
1.0692811012268066, 2.0
1.0222222805023193, 1.1816993951797485
0.9620915055274963, 0.6509804129600525
1.8640522956848145, 0.5699346661567688
2.0, 0.7973856329917908
1.6679738759994507, 0.7058823704719543
1.3281046152114868, 0.6326797604560852
0.9385620951652527, 0.6980392336845398
0.8130719065666199, 0.7503268122673035
0.5464052557945251, 0.7921568751335144
0.530718982219696, 0.8444444537162781
0.530718982219696, 0.8444444537162781
0.5803921818733215, 0.9673202633857727
0.6875817179679871, 1.0692811012268066
0.8209150433540344, 1.3516340255737305
0.8967320322990417, 0.8810457587242126
0.7686274647712708, 1.202614426612854
0.8967320322990417, 0.8810457587242126
0.7686274647712708, 1.202614426612854
0.8627451062202454, 0.915032684803009
0.6823529601097107, 0.5411764979362488
1.0065360069274902, 0.6457516551017761
0.828758180141449, 0.6954248547554016
0.6980392336845398, 0.6614379286766052
0.6692810654640198, 0.7241830229759216
0.6980392336845398, 0.6614379286766052
0.6692810654640198, 0.7241830229759216
0.6980392336845398, 0.6614379286766052
0.6692810654640198, 0.7241830229759216
