actor_1,actor_2
0.8183006644248962, 0.6405228972434998
0.8026143908500671, 0.43921568989753723
0.8392156958580017, 0.37385621666908264
0.8392156958580017, 0.37385621666908264
0.6143791079521179, 0.2718954384326935
0.44967320561408997, 0.2666666805744171
0.44967320561408997, 0.2666666805744171
0.44967320561408997, 0.2666666805744171
