actor_1,actor_2
0.4758169949054718, 0.27450981736183167
0.43398693203926086, 0.1281045824289322
0.40522876381874084, 0.10980392247438431
0.40522876381874084, 0.10980392247438431
0.3032679855823517, 0.06797385960817337
0.27712419629096985, 0.05751634016633034
0.27712419629096985, 0.05751634016633034
0.27712419629096985, 0.05751634016633034
