actor_1,actor_2
0.1725490242242813, 1.1816993951797485
0.1908496767282486, 2.0
0.22483660280704498, 1.728104591369629
0.24313725531101227, 0.9254902005195618
0.34248366951942444, 0.6457516551017761
0.4732026159763336, 0.43660131096839905
0.45228758454322815, 0.3032679855823517
0.543790876865387, 0.2222222238779068
0.7764706015586853, 0.27450981736183167
0.8313725590705872, 0.29542484879493713
1.0535948276519775, 0.2379084974527359
0.7607843279838562, 0.11764705926179886
0.3189542591571808, 0.08366013318300247
0.3189542591571808, 0.08366013318300247
0.13333334028720856, 0.062745101749897
0.13333334028720856, 0.062745101749897
0.2222222238779068, 0.12287581712007523
0.2222222238779068, 0.12287581712007523
0.07320261746644974, 0.24575163424015045
0.062745101749897, 0.2666666805744171
0.04444444552063942, 0.24575163424015045
0.04444444552063942, 0.24575163424015045
0.04444444552063942, 0.24575163424015045
0.06797385960817337, 0.3137255012989044
0.06797385960817337, 0.3137255012989044
0.10457516461610794, 0.501960813999176
0.1281045824289322, 1.0509804487228394
0.13594771921634674, 2.0
0.13856209814548492, 1.6549019813537598
0.13594771921634674, 1.315032720565796
0.13594771921634674, 1.315032720565796
0.13594771921634674, 1.315032720565796
0.13594771921634674, 1.315032720565796
0.13594771921634674, 1.315032720565796
0.15163399279117584, 1.6209150552749634
0.2065359503030777, 1.471895456314087
0.3346405327320099, 0.3346405327320099
0.543790876865387, 0.2222222238779068
0.543790876865387, 0.2222222238779068
0.543790876865387, 0.2222222238779068
