actor_1,actor_2
0.14901961386203766, 1.3228758573532104
0.10718954354524612, 2.0
0.09673202782869339, 1.3856209516525269
0.10457516461610794, 0.8705882430076599
0.13333334028720856, 0.7320261597633362
0.18300653994083405, 0.5673202872276306
0.22483660280704498, 0.3660130798816681
0.3163398802280426, 0.3189542591571808
0.3163398802280426, 0.3189542591571808
