actor_1,actor_2
0.08366013318300247, 1.6339869499206543
0.03660130873322487, 0.9202614426612854
0.026143791154026985, 0.45490196347236633
0.0235294122248888, 0.24575163424015045
0.033986929804086685, 0.19869281351566315
0.04444444552063942, 0.1725490242242813
0.041830066591501236, 0.11241830140352249
0.0313725508749485, 0.07320261746644974
0.0313725508749485, 0.07320261746644974
