actor_1,actor_2
0.7398692965507507, 1.3960784673690796
0.5542483925819397, 2.0
0.4156862795352936, 1.0483660697937012
0.3320261538028717, 0.48366013169288635
0.29281046986579895, 0.3032679855823517
0.23006536066532135, 0.19607843458652496
0.24575163424015045, 0.14640523493289948
0.20915032923221588, 0.10457516461610794
0.22483660280704498, 0.14901961386203766
0.2562091648578644, 0.18562091886997223
0.3294117748737335, 0.18039216101169586
0.3320261538028717, 0.07320261746644974
0.1437908560037613, 0.04967320337891579
0.1437908560037613, 0.04967320337891579
0.10196078568696976, 0.0470588244497776
0.10196078568696976, 0.0470588244497776
0.08888889104127884, 0.06013071909546852
0.08888889104127884, 0.06013071909546852
0.12026143819093704, 0.10196078568696976
0.062745101749897, 0.10718954354524612
0.041830066591501236, 0.08888889104127884
0.041830066591501236, 0.08888889104127884
0.041830066591501236, 0.08888889104127884
