actor_1,actor_2
0.6666666865348816, 1.2104575634002686
0.5071895718574524, 1.5320261716842651
0.48366013169288635, 1.1973856687545776
0.4758169949054718, 0.9254902005195618
0.5071895718574524, 0.6901960968971252
0.5490196347236633, 0.5490196347236633
0.5908496975898743, 0.6326797604560852
0.5908496975898743, 0.5045751929283142
0.5908496975898743, 0.5045751929283142
0.5908496975898743, 0.5045751929283142
0.6980392336845398, 0.4758169949054718
0.7764706015586853, 0.4287581741809845
1.2052288055419922, 0.4418300688266754
1.8169934749603271, 0.44967320561408997
2.0, 0.3686274588108063
2.0, 0.32679739594459534
2.0, 0.29542484879493713
2.0, 0.29542484879493713
2.0, 0.29542484879493713
2.0, 0.29542484879493713
2.0, 0.26405230164527893
2.0, 0.30849674344062805
1.7359477281570435, 0.31111112236976624
0.9281045794487, 0.49934640526771545
0.7477124333381653, 0.5830065608024597
