actor_1,actor_2
1.0535948276519775, 0.5986928343772888
0.8758170008659363, 0.17777778208255768
0.8052287697792053, 0.13333334028720856
0.8052287697792053, 0.13333334028720856
0.6875817179679871, 0.08366013318300247
0.6797385811805725, 0.07058823853731155
0.6797385811805725, 0.07058823853731155
0.6797385811805725, 0.07058823853731155
