actor_1,actor_2
0.5882353186607361, 1.3071895837783813
0.5568627715110779, 1.772549033164978
0.4444444477558136, 2.0
0.4758169949054718, 1.7647058963775635
0.5908496975898743, 1.6836601495742798
0.6901960968971252, 1.6183006763458252
0.9307189583778381, 1.5790849924087524
0.8915032744407654, 1.2470588684082031
0.8915032744407654, 1.2470588684082031
