actor_1,actor_2
0.14901961386203766, 0.14901961386203766
0.1411764770746231, 0.041830066591501236
0.1882352977991104, 0.0313725508749485
0.1882352977991104, 0.0313725508749485
0.07058823853731155, 0.01568627543747425
0.05751634016633034, 0.01568627543747425
0.05751634016633034, 0.01568627543747425
0.05751634016633034, 0.01568627543747425
