actor_1,actor_2
0.18562091886997223, 1.1477124691009521
0.16993464529514313, 2.0
0.19869281351566315, 2.0
0.21176470816135406, 1.5032680034637451
0.2849673330783844, 1.090196132659912
0.3921568691730499, 0.8313725590705872
0.45490196347236633, 0.6745098233222961
0.530718982219696, 0.5333333611488342
0.530718982219696, 0.5333333611488342
