actor_1,actor_2
0.5620915293693542, 0.9411764740943909
0.5777778029441833, 2.0
0.5830065608024597, 1.9163398742675781
0.6274510025978088, 0.9882352948188782
0.7607843279838562, 0.6352941393852234
0.9333333373069763, 0.4313725531101227
1.0640523433685303, 0.5333333611488342
1.5032680034637451, 0.46797385811805725
2.0, 0.16732026636600494
2.0, 0.07581699639558792
1.8274509906768799, 0.08366013318300247
1.5241830348968506, 0.10196078568696976
1.401307225227356, 0.0784313753247261
1.0274510383605957, 0.09673202782869339
0.6091503500938416, 0.1437908560037613
0.5254902243614197, 0.1908496767282486
0.3633987009525299, 0.12026143819093704
0.3633987009525299, 0.12026143819093704
