actor_1,actor_2
0.32418301701545715, 1.218300700187683
0.23267973959445953, 2.0
0.23529411852359772, 1.3803921937942505
0.2535947859287262, 0.7738562226295471
0.30849674344062805, 0.5934640765190125
0.37385621666908264, 0.43921568989753723
0.41830065846443176, 0.44967320561408997
0.5045751929283142, 0.3450980484485626
0.5045751929283142, 0.3450980484485626
0.5045751929283142, 0.3450980484485626
