actor_1,actor_2
0.2065359503030777, 1.4248366355895996
0.21960784494876862, 2.0
0.23529411852359772, 0.9960784316062927
0.25882354378700256, 0.4418300688266754
0.31111112236976624, 0.3294117748737335
0.3816993534564972, 0.2535947859287262
0.42352941632270813, 0.21960784494876862
0.38954249024391174, 0.1882352977991104
0.43398693203926086, 0.2535947859287262
0.49934640526771545, 0.3189542591571808
0.7477124333381653, 0.37124183773994446
0.886274516582489, 0.21437908709049225
0.7163398861885071, 0.16732026636600494
0.7163398861885071, 0.16732026636600494
0.543790876865387, 0.1411764770746231
0.543790876865387, 0.1411764770746231
0.4156862795352936, 0.1725490242242813
0.4156862795352936, 0.1725490242242813
0.1437908560037613, 0.23529411852359772
0.13071896135807037, 0.21960784494876862
0.09673202782869339, 0.19607843458652496
0.09673202782869339, 0.19607843458652496
0.09673202782869339, 0.19607843458652496
0.10980392247438431, 0.2562091648578644
0.10980392247438431, 0.2562091648578644
0.1751634031534195, 0.4156862795352936
0.18562091886997223, 0.98562091588974
0.20130719244480133, 1.4065359830856323
0.19346405565738678, 0.9019607901573181
0.20130719244480133, 0.5385621190071106
0.20130719244480133, 0.5385621190071106
0.20130719244480133, 0.5385621190071106
0.20130719244480133, 0.5385621190071106
0.20130719244480133, 0.5385621190071106
0.2065359503030777, 0.601307213306427
0.21699346601963043, 0.5908496975898743
0.32156863808631897, 0.19869281351566315
0.38954249024391174, 0.1882352977991104
0.38954249024391174, 0.1882352977991104
0.38954249024391174, 0.1882352977991104
