actor_1,actor_2
0.3006536066532135, 2.0
0.379084974527359, 2.0
0.43398693203926086, 1.5660130977630615
0.42352941632270813, 1.0692811012268066
0.5464052557945251, 0.8366013169288635
0.658823549747467, 0.5908496975898743
0.5803921818733215, 0.3006536066532135
0.6222222447395325, 0.2222222238779068
0.7084967494010925, 0.2666666805744171
0.7712418437004089, 0.40522876381874084
0.8366013169288635, 0.5620915293693542
0.6640523076057434, 0.40522876381874084
0.6928104758262634, 0.3477124273777008
0.6928104758262634, 0.3477124273777008
0.5045751929283142, 0.30588236451148987
0.5045751929283142, 0.30588236451148987
0.5333333611488342, 0.4601307213306427
0.5333333611488342, 0.4601307213306427
0.11503268033266068, 0.6901960968971252
0.09934640675783157, 0.7660130858421326
0.07320261746644974, 0.7450980544090271
0.07320261746644974, 0.7450980544090271
0.07320261746644974, 0.7450980544090271
0.13594771921634674, 0.8810457587242126
0.13594771921634674, 0.8810457587242126
0.20392157137393951, 1.1477124691009521
0.3137255012989044, 1.7254902124404907
0.3450980484485626, 1.7385621070861816
0.3320261538028717, 1.3751634359359741
0.2980392277240753, 1.1424837112426758
0.2980392277240753, 1.1424837112426758
0.2980392277240753, 1.1424837112426758
0.2980392277240753, 1.1424837112426758
0.2980392277240753, 1.1424837112426758
0.32418301701545715, 1.3281046152114868
0.379084974527359, 1.2522876262664795
0.543790876865387, 0.44967320561408997
0.6222222447395325, 0.2222222238779068
0.6222222447395325, 0.2222222238779068
0.6222222447395325, 0.2222222238779068
