actor_1,actor_2
0.22745098173618317, 0.40522876381874084
0.29019609093666077, 1.8326797485351562
0.26405230164527893, 2.0
0.2718954384326935, 1.0248366594314575
0.3921568691730499, 0.6875817179679871
0.49934640526771545, 0.45490196347236633
1.074509859085083, 0.4156862795352936
0.9202614426612854, 0.2666666805744171
1.97124183177948, 0.3686274588108063
2.0, 0.3477124273777008
2.0, 0.1882352977991104
0.671895444393158, 0.10718954354524612
0.33986929059028625, 0.08366013318300247
0.33986929059028625, 0.08366013318300247
0.21699346601963043, 0.07581699639558792
0.21699346601963043, 0.07581699639558792
0.13594771921634674, 0.08888889104127884
0.13594771921634674, 0.08888889104127884
0.08888889104127884, 0.12287581712007523
0.05228758230805397, 0.11241830140352249
0.04444444552063942, 0.10718954354524612
0.04444444552063942, 0.10718954354524612
0.04444444552063942, 0.10718954354524612
0.054901961237192154, 0.11764705926179886
0.054901961237192154, 0.11764705926179886
0.07320261746644974, 0.17777778208255768
0.1281045824289322, 0.2849673330783844
0.13071896135807037, 0.5045751929283142
0.0784313753247261, 0.700653612613678
0.054901961237192154, 0.5333333611488342
0.054901961237192154, 0.5333333611488342
0.054901961237192154, 0.5333333611488342
0.054901961237192154, 0.5333333611488342
0.054901961237192154, 0.5333333611488342
0.07581699639558792, 0.7790849804878235
0.1594771295785904, 1.4614379405975342
0.21176470816135406, 0.2849673330783844
0.37124183773994446, 0.18039216101169586
0.37124183773994446, 0.18039216101169586
