actor_1,actor_2
0.8261438012123108, 0.7973856329917908
0.758169949054718, 0.379084974527359
0.700653612613678, 0.2849673330783844
0.700653612613678, 0.2849673330783844
0.6379085183143616, 0.21699346601963043
0.6431372761726379, 0.24575163424015045
0.6431372761726379, 0.24575163424015045
0.6431372761726379, 0.24575163424015045
