actor_1,actor_2
0.23267973959445953, 0.3294117748737335
0.35555556416511536, 2.0
0.43660131096839905, 0.9071895480155945
0.5856209397315979, 0.23529411852359772
0.46797385811805725, 0.23529411852359772
0.38954249024391174, 0.3189542591571808
0.2562091648578644, 0.1281045824289322
0.2065359503030777, 0.07320261746644974
0.1908496767282486, 0.06797385960817337
0.1908496767282486, 0.06797385960817337
0.1568627506494522, 0.08104575425386429
0.16732026636600494, 0.08627451211214066
0.2065359503030777, 0.07058823853731155
0.2065359503030777, 0.07058823853731155
0.2065359503030777, 0.07058823853731155
