actor_1,actor_2
0.27450981736183167, 0.4418300688266754
0.6143791079521179, 1.529411792755127
0.7660130858421326, 2.0
0.7764706015586853, 1.5320261716842651
0.9882352948188782, 1.132026195526123
1.2784314155578613, 0.7084967494010925
1.6679738759994507, 0.6248366236686707
1.9398692846298218, 0.3294117748737335
2.0, 0.29019609093666077
2.0, 0.23267973959445953
2.0, 0.14640523493289948
1.3620915412902832, 0.09934640675783157
1.0771242380142212, 0.08888889104127884
1.0771242380142212, 0.08888889104127884
0.9124183058738708, 0.08104575425386429
0.9124183058738708, 0.08104575425386429
0.5464052557945251, 0.10196078568696976
0.5464052557945251, 0.10196078568696976
0.1437908560037613, 0.15163399279117584
0.0470588244497776, 0.1725490242242813
0.0235294122248888, 0.18039216101169586
0.0235294122248888, 0.18039216101169586
0.0235294122248888, 0.18039216101169586
0.04967320337891579, 0.23006536066532135
0.04967320337891579, 0.23006536066532135
0.11764705926179886, 0.30588236451148987
0.2666666805744171, 0.46797385811805725
0.4156862795352936, 1.1973856687545776
0.43398693203926086, 1.97124183177948
0.37385621666908264, 2.0
0.37385621666908264, 2.0
0.37385621666908264, 2.0
0.37385621666908264, 2.0
0.37385621666908264, 2.0
0.43921568989753723, 2.0
0.6509804129600525, 2.0
0.9307189583778381, 0.3947712481021881
1.9398692846298218, 0.3294117748737335
1.9398692846298218, 0.3294117748737335
1.9398692846298218, 0.3294117748737335
