actor_1,actor_2
0.5568627715110779, 0.5124183297157288
0.4418300688266754, 0.19869281351566315
0.4104575216770172, 0.16732026636600494
0.4104575216770172, 0.16732026636600494
0.3006536066532135, 0.13071896135807037
0.2692810595035553, 0.125490203499794
0.2692810595035553, 0.125490203499794
0.2692810595035553, 0.125490203499794
