actor_1,actor_2
0.15163399279117584, 0.2562091648578644
0.21699346601963043, 2.0
0.25882354378700256, 0.6771242022514343
0.32679739594459534, 0.15163399279117584
0.45490196347236633, 0.1882352977991104
0.6875817179679871, 0.24575163424015045
0.6457516551017761, 0.06797385960817337
0.3973856270313263, 0.04444444552063942
0.2666666805744171, 0.04444444552063942
0.2666666805744171, 0.04444444552063942
0.01568627543747425, 0.054901961237192154
0.03660130873322487, 0.10718954354524612
0.03660130873322487, 0.10718954354524612
0.03660130873322487, 0.08627451211214066
0.12026143819093704, 0.16209150850772858
0.16993464529514313, 0.8261438012123108
0.17777778208255768, 0.4418300688266754
0.21960784494876862, 1.343790888786316
0.21960784494876862, 1.343790888786316
0.21960784494876862, 1.343790888786316
0.32679739594459534, 0.15163399279117584
0.630065381526947, 0.041830066591501236
0.630065381526947, 0.041830066591501236
0.7346405386924744, 0.0313725508749485
0.857516348361969, 0.06535948067903519
1.0771242380142212, 0.13594771921634674
1.1424837112426758, 0.054901961237192154
0.7398692965507507, 0.03921568766236305
0.7084967494010925, 0.03660130873322487
0.7084967494010925, 0.03660130873322487
0.48104575276374817, 0.026143791154026985
0.21176470816135406, 0.02875817008316517
0.11241830140352249, 0.0313725508749485
0.01568627543747425, 0.054901961237192154
0.0052287583239376545, 0.06797385960817337
0.0052287583239376545, 0.06013071909546852
0.007843137718737125, 0.05751634016633034
0.026143791154026985, 0.08366013318300247
0.026143791154026985, 0.08366013318300247
0.03660130873322487, 0.08627451211214066
0.08366013318300247, 0.1281045824289322
0.14640523493289948, 0.45228758454322815
0.17777778208255768, 0.4418300688266754
0.18039216101169586, 0.29542484879493713
0.18039216101169586, 0.29542484879493713
0.18039216101169586, 0.29542484879493713
0.20130719244480133, 0.6117647290229797
0.20130719244480133, 0.6117647290229797
0.20130719244480133, 0.6117647290229797
0.26143792271614075, 0.4915032684803009
0.5176470875740051, 0.05228758230805397
0.630065381526947, 0.041830066591501236
0.7346405386924744, 0.0313725508749485
0.5620915293693542, 0.02875817008316517
0.5620915293693542, 0.02875817008316517
