actor_1,actor_2
0.10457516461610794, 0.24836601316928864
0.16993464529514313, 2.0
0.2718954384326935, 0.08627451211214066
0.21176470816135406, 0.42352941632270813
0.31111112236976624, 0.04967320337891579
0.2849673330783844, 0.21176470816135406
0.20130719244480133, 0.07320261746644974
0.18039216101169586, 0.02875817008316517
0.2535947859287262, 0.020915033295750618
0.09673202782869339, 0.03921568766236305
0.062745101749897, 0.033986929804086685
0.062745101749897, 0.033986929804086685
0.054901961237192154, 0.01568627543747425
0.054901961237192154, 0.01568627543747425
0.054901961237192154, 0.01568627543747425
