actor_1,actor_2
0.4313725531101227, 0.32679739594459534
0.3686274588108063, 0.1281045824289322
0.3346405327320099, 0.08366013318300247
0.3346405327320099, 0.08366013318300247
0.24575163424015045, 0.05228758230805397
0.1908496767282486, 0.041830066591501236
0.1908496767282486, 0.041830066591501236
0.1908496767282486, 0.041830066591501236
