actor_1,actor_2
0.1281045824289322, 0.24575163424015045
0.24313725531101227, 2.0
0.34248366951942444, 1.1633987426757812
0.4104575216770172, 0.2535947859287262
0.44967320561408997, 0.1568627506494522
0.4418300688266754, 0.1751634031534195
0.3816993534564972, 0.07320261746644974
0.5542483925819397, 0.03660130873322487
0.4130719006061554, 0.041830066591501236
0.4130719006061554, 0.041830066591501236
0.13333334028720856, 0.04444444552063942
0.01568627543747425, 0.062745101749897
0.0026143791619688272, 0.04444444552063942
0.041830066591501236, 0.05228758230805397
0.041830066591501236, 0.05228758230805397
0.05751634016633034, 0.06535948067903519
0.07581699639558792, 0.10718954354524612
0.18562091886997223, 0.3320261538028717
0.25882354378700256, 0.3189542591571808
0.29019609093666077, 0.23006536066532135
0.22745098173618317, 0.4261437952518463
0.29019609093666077, 0.23006536066532135
0.2379084974527359, 0.857516348361969
0.3006536066532135, 0.44967320561408997
0.3006536066532135, 0.44967320561408997
0.3006536066532135, 0.44967320561408997
0.3294117748737335, 1.686274528503418
0.3686274588108063, 0.8183006644248962
0.5830065608024597, 0.09150326997041702
0.5882353186607361, 0.05751634016633034
0.5960784554481506, 0.041830066591501236
0.5960784554481506, 0.041830066591501236
0.5960784554481506, 0.041830066591501236
0.5960784554481506, 0.041830066591501236
0.5071895718574524, 0.05751634016633034
0.40522876381874084, 0.0470588244497776
0.4915032684803009, 0.02875817008316517
0.6274510025978088, 0.02875817008316517
0.7111111283302307, 0.02875817008316517
0.7111111283302307, 0.02875817008316517
0.9281045794487, 0.020915033295750618
1.1294118165969849, 0.0235294122248888
1.1294118165969849, 0.0235294122248888
0.6039215922355652, 0.02875817008316517
0.26405230164527893, 0.0470588244497776
0.17777778208255768, 0.03921568766236305
0.17777778208255768, 0.03921568766236305
