actor_1,actor_2
0.8784313797950745, 0.49673202633857727
0.8261438012123108, 0.23529411852359772
0.800000011920929, 0.17777778208255768
0.800000011920929, 0.17777778208255768
0.630065381526947, 0.10196078568696976
0.5830065608024597, 0.09150326997041702
0.5830065608024597, 0.09150326997041702
0.5830065608024597, 0.09150326997041702
