actor_1,actor_2
0.3320261538028717, 0.6196078658103943
0.3163398802280426, 1.0013072490692139
0.3006536066532135, 0.6980392336845398
0.2823529541492462, 0.30849674344062805
0.3189542591571808, 0.27973857522010803
0.3529411852359772, 0.2379084974527359
0.40784314274787903, 0.30849674344062805
0.33986929059028625, 0.29281046986579895
0.2849673330783844, 0.3006536066532135
0.2823529541492462, 0.22745098173618317
0.2849673330783844, 0.3006536066532135
0.2823529541492462, 0.22745098173618317
0.2875817120075226, 0.2980392277240753
0.2823529541492462, 0.22745098173618317
0.2875817120075226, 0.2980392277240753
0.2823529541492462, 0.22745098173618317
0.26143792271614075, 0.2666666805744171
0.2823529541492462, 0.22745098173618317
0.26143792271614075, 0.2666666805744171
0.2823529541492462, 0.22745098173618317
0.2666666805744171, 0.23529411852359772
0.27973857522010803, 0.3137255012989044
0.2823529541492462, 0.22745098173618317
0.24575163424015045, 0.27712419629096985
0.2823529541492462, 0.22745098173618317
0.24575163424015045, 0.27712419629096985
0.2823529541492462, 0.22745098173618317
0.24313725531101227, 0.24836601316928864
0.2823529541492462, 0.22745098173618317
