actor_1,actor_2
1.1111111640930176, 0.5934640765190125
0.7607843279838562, 0.3032679855823517
0.6745098233222961, 0.23267973959445953
0.6745098233222961, 0.23267973959445953
0.5176470875740051, 0.14901961386203766
0.45228758454322815, 0.1751634031534195
0.45228758454322815, 0.1751634031534195
0.45228758454322815, 0.1751634031534195
