actor_1,actor_2
0.9830065369606018, 0.3032679855823517
0.5490196347236633, 0.14901961386203766
0.2222222238779068, 0.10980392247438431
0.2222222238779068, 0.10980392247438431
0.062745101749897, 0.07320261746644974
0.033986929804086685, 0.09673202782869339
0.033986929804086685, 0.09673202782869339
0.11503268033266068, 0.12287581712007523
0.30588236451148987, 0.1725490242242813
0.11503268033266068, 0.12287581712007523
0.30588236451148987, 0.1725490242242813
0.11503268033266068, 0.12287581712007523
0.2875817120075226, 0.14901961386203766
0.11503268033266068, 0.12287581712007523
0.2875817120075226, 0.14901961386203766
0.11503268033266068, 0.12287581712007523
