actor_1,actor_2
1.4143791198730469, 0.6875817179679871
0.8967320322990417, 0.20915032923221588
0.6326797604560852, 0.1751634031534195
0.6326797604560852, 0.1751634031534195
0.3686274588108063, 0.15163399279117584
0.2718954384326935, 0.15163399279117584
0.2718954384326935, 0.15163399279117584
0.2718954384326935, 0.15163399279117584
