actor_1,actor_2
0.3947712481021881, 0.630065381526947
0.5124183297157288, 2.0
0.5464052557945251, 1.0640523433685303
0.6091503500938416, 0.3921568691730499
0.7738562226295471, 0.3921568691730499
0.915032684803009, 0.4444444477558136
0.8444444537162781, 0.21437908709049225
0.6745098233222961, 0.09673202782869339
0.5045751929283142, 0.09150326997041702
0.5045751929283142, 0.09150326997041702
0.1751634031534195, 0.10457516461610794
0.12287581712007523, 0.13594771921634674
0.0941176488995552, 0.08627451211214066
0.0941176488995552, 0.08627451211214066
0.0941176488995552, 0.08627451211214066
0.0941176488995552, 0.08627451211214066
