actor_1,actor_2
0.24575163424015045, 0.20915032923221588
0.062745101749897, 0.041830066591501236
0.07320261746644974, 0.033986929804086685
0.07320261746644974, 0.033986929804086685
0.04967320337891579, 0.026143791154026985
0.04444444552063942, 0.020915033295750618
0.04444444552063942, 0.020915033295750618
0.04444444552063942, 0.020915033295750618
