actor_1,actor_2
0.4104575216770172, 0.2980392277240753
0.350326806306839, 0.09150326997041702
0.37124183773994446, 0.07581699639558792
0.37124183773994446, 0.07581699639558792
0.3294117748737335, 0.04967320337891579
0.2875817120075226, 0.03921568766236305
0.2875817120075226, 0.03921568766236305
0.2875817120075226, 0.03921568766236305
