actor_1,actor_2
0.23529411852359772, 0.29281046986579895
0.40261438488960266, 2.0
0.5803921818733215, 0.2692810595035553
0.5777778029441833, 0.4000000059604645
0.4130719006061554, 0.11241830140352249
0.3529411852359772, 0.0470588244497776
0.2692810595035553, 0.05228758230805397
0.18300653994083405, 0.07058823853731155
0.17777778208255768, 0.054901961237192154
0.12026143819093704, 0.033986929804086685
0.12026143819093704, 0.033986929804086685
0.12026143819093704, 0.033986929804086685
