actor_1,actor_2
0.4575163424015045, 1.6078431606292725
0.5542483925819397, 2.0
0.572549045085907, 2.0
0.5464052557945251, 1.5215686559677124
0.6117647290229797, 1.2104575634002686
0.7058823704719543, 0.9699346423149109
0.8732026219367981, 0.8183006644248962
1.0431373119354248, 0.6222222447395325
1.0431373119354248, 0.6222222447395325
1.0431373119354248, 0.6222222447395325
1.2941176891326904, 0.729411780834198
1.4065359830856323, 0.7686274647712708
1.6522876024246216, 0.7137255072593689
1.9477124214172363, 0.45228758454322815
1.7098039388656616, 0.33725491166114807
1.5503268241882324, 0.3032679855823517
1.3281046152114868, 0.24836601316928864
1.3281046152114868, 0.24836601316928864
1.3281046152114868, 0.24836601316928864
1.3281046152114868, 0.24836601316928864
1.0562092065811157, 0.3006536066532135
0.6980392336845398, 0.3450980484485626
0.5986928343772888, 0.33725491166114807
0.3450980484485626, 0.6352941393852234
0.32679739594459534, 0.5856209397315979
0.32679739594459534, 0.5856209397315979
0.30849674344062805, 0.5333333611488342
0.30849674344062805, 0.5333333611488342
