actor_1,actor_2
0.5699346661567688, 0.13333334028720856
0.3450980484485626, 0.07320261746644974
0.24575163424015045, 0.05751634016633034
0.24575163424015045, 0.05751634016633034
0.11764705926179886, 0.0470588244497776
0.0941176488995552, 0.06013071909546852
0.0941176488995552, 0.06013071909546852
0.0941176488995552, 0.06013071909546852
