actor_1,actor_2
0.9333333373069763, 0.3032679855823517
0.7895424962043762, 0.10980392247438431
0.6823529601097107, 0.07320261746644974
0.6823529601097107, 0.07320261746644974
0.5359477400779724, 0.03921568766236305
0.5071895718574524, 0.0313725508749485
0.5071895718574524, 0.0313725508749485
0.5071895718574524, 0.0313725508749485
