actor_1,actor_2
0.8705882430076599, 0.4261437952518463
0.6039215922355652, 0.21960784494876862
0.3921568691730499, 0.16993464529514313
0.3921568691730499, 0.16993464529514313
0.18039216101169586, 0.11241830140352249
0.1751634031534195, 0.1725490242242813
0.1751634031534195, 0.1725490242242813
0.1751634031534195, 0.1725490242242813
