actor_1,actor_2
0.16993464529514313, 0.4915032684803009
0.25882354378700256, 2.0
0.3633987009525299, 1.1947712898254395
0.44967320561408997, 0.48627451062202454
0.5202614665031433, 0.3006536066532135
0.5594771504402161, 0.16993464529514313
0.5333333611488342, 0.22483660280704498
0.501960813999176, 0.22745098173618317
0.22745098173618317, 0.10457516461610794
0.18039216101169586, 0.04967320337891579
0.23006536066532135, 0.0470588244497776
0.1882352977991104, 0.054901961237192154
0.1281045824289322, 0.05228758230805397
0.10457516461610794, 0.06797385960817337
0.08627451211214066, 0.08888889104127884
0.08627451211214066, 0.12287581712007523
0.10196078568696976, 0.08366013318300247
0.10196078568696976, 0.08366013318300247
0.10196078568696976, 0.08366013318300247
0.10196078568696976, 0.08366013318300247
