actor_1,actor_2
0.32679739594459534, 0.40522876381874084
0.6065359711647034, 2.0
0.8732026219367981, 1.3568627834320068
1.0248366594314575, 0.5542483925819397
1.3490196466445923, 0.49673202633857727
1.5189542770385742, 0.4627451002597809
1.215686321258545, 0.1882352977991104
1.2915033102035522, 0.13333334028720856
1.2627451419830322, 0.13594771921634674
1.2627451419830322, 0.13594771921634674
0.6117647290229797, 0.17777778208255768
0.30588236451148987, 0.18300653994083405
0.0941176488995552, 0.1437908560037613
0.0941176488995552, 0.1437908560037613
0.0941176488995552, 0.1437908560037613
0.10980392247438431, 0.15163399279117584
0.10980392247438431, 0.15163399279117584
0.09934640675783157, 0.16993464529514313
0.0941176488995552, 0.1908496767282486
0.20915032923221588, 0.3607843220233917
0.3137255012989044, 0.5856209397315979
0.41830065846443176, 0.5490196347236633
0.41830065846443176, 0.5490196347236633
0.41830065846443176, 0.5490196347236633
0.41830065846443176, 0.5490196347236633
0.41830065846443176, 0.5490196347236633
0.4444444477558136, 0.9908496737480164
0.4444444477558136, 0.9908496737480164
0.5071895718574524, 0.6274510025978088
0.6954248547554016, 0.8339869379997253
1.3803921937942505, 0.18300653994083405
1.5372549295425415, 0.18562091886997223
1.388235330581665, 0.16209150850772858
1.388235330581665, 0.16209150850772858
