actor_1,actor_2
0.1882352977991104, 0.350326806306839
0.4313725531101227, 2.0
0.49673202633857727, 1.474509835243225
0.4915032684803009, 0.5803921818733215
0.5202614665031433, 0.32418301701545715
0.4575163424015045, 0.21699346601963043
0.4888888895511627, 0.27712419629096985
0.6196078658103943, 0.21437908709049225
0.2718954384326935, 0.08104575425386429
0.3973856270313263, 0.03921568766236305
0.24575163424015045, 0.04444444552063942
0.125490203499794, 0.0470588244497776
0.05228758230805397, 0.03921568766236305
0.09150326997041702, 0.04967320337891579
0.04444444552063942, 0.07058823853731155
0.020915033295750618, 0.08104575425386429
0.020915033295750618, 0.06797385960817337
0.03660130873322487, 0.07581699639558792
0.03660130873322487, 0.07581699639558792
0.06535948067903519, 0.10196078568696976
0.10718954354524612, 0.2222222238779068
0.3346405327320099, 0.8156862854957581
0.3320261538028717, 0.6457516551017761
0.32156863808631897, 0.46535947918891907
0.32156863808631897, 0.46535947918891907
0.32156863808631897, 0.46535947918891907
0.3477124273777008, 0.8522875905036926
0.38954249024391174, 1.4562091827392578
0.4601307213306427, 0.9464052319526672
0.530718982219696, 0.18039216101169586
0.4941176474094391, 0.13856209814548492
0.4941176474094391, 0.13856209814548492
0.4941176474094391, 0.13856209814548492
