actor_1,actor_2
0.2692810595035553, 0.43660131096839905
0.6980392336845398, 2.0
0.8130719065666199, 0.16470588743686676
0.9019607901573181, 0.5045751929283142
0.3607843220233917, 0.15424837172031403
0.06535948067903519, 0.05228758230805397
0.03660130873322487, 0.05751634016633034
0.03921568766236305, 0.08888889104127884
0.2692810595035553, 0.43660131096839905
0.6980392336845398, 2.0
0.7346405386924744, 0.47058823704719543
0.7764706015586853, 1.0535948276519775
0.8130719065666199, 0.16470588743686676
0.9019607901573181, 0.5045751929283142
0.3607843220233917, 0.15424837172031403
0.06535948067903519, 0.05228758230805397
0.03660130873322487, 0.05751634016633034
0.03921568766236305, 0.08888889104127884
0.2692810595035553, 0.43660131096839905
0.6980392336845398, 2.0
0.7346405386924744, 0.47058823704719543
0.5751634240150452, 1.2993464469909668
0.8130719065666199, 0.16470588743686676
0.6379085183143616, 0.5647059082984924
0.23267973959445953, 0.1411764770746231
0.04967320337891579, 0.06535948067903519
0.23267973959445953, 0.1411764770746231
0.03921568766236305, 0.08888889104127884
0.19607843458652496, 0.23267973959445953
0.5751634240150452, 1.2993464469909668
0.7346405386924744, 0.47058823704719543
0.5751634240150452, 1.2993464469909668
0.8758170008659363, 0.1411764770746231
0.7686274647712708, 0.3346405327320099
0.27973857522010803, 0.09150326997041702
0.07320261746644974, 0.0470588244497776
0.02875817008316517, 0.05751634016633034
0.05228758230805397, 0.06797385960817337
0.23006536066532135, 0.1411764770746231
0.05228758230805397, 0.06797385960817337
0.18562091886997223, 0.19607843458652496
0.41830065846443176, 0.5098039507865906
0.7633987069129944, 0.23529411852359772
0.4156862795352936, 0.21960784494876862
0.1437908560037613, 0.09673202782869339
0.054901961237192154, 0.06535948067903519
0.1437908560037613, 0.09673202782869339
0.054901961237192154, 0.06535948067903519
0.1437908560037613, 0.09673202782869339
0.054901961237192154, 0.06535948067903519
0.1437908560037613, 0.09673202782869339
0.054901961237192154, 0.06535948067903519
0.12287581712007523, 0.12026143819093704
0.041830066591501236, 0.08104575425386429
0.12287581712007523, 0.12026143819093704
