actor_1,actor_2
0.943790853023529, 1.8169934749603271
0.9673202633857727, 2.0
0.9385620951652527, 1.6104575395584106
0.8941176533699036, 1.0823529958724976
0.9699346423149109, 0.8104575276374817
1.0562092065811157, 0.6091503500938416
1.160784363746643, 0.700653612613678
1.4692810773849487, 0.6562091708183289
1.88496732711792, 0.4732026159763336
1.4797385931015015, 0.34248366951942444
0.8967320322990417, 0.3529411852359772
0.7189542651176453, 0.43921568989753723
0.4941176474094391, 0.350326806306839
0.43398693203926086, 0.4287581741809845
0.40522876381874084, 0.5986928343772888
0.379084974527359, 0.700653612613678
0.3294117748737335, 0.5960784554481506
0.3973856270313263, 0.8627451062202454
0.3973856270313263, 0.8627451062202454
0.48366013169288635, 1.0013072490692139
0.7084967494010925, 1.4039216041564941
0.7738562226295471, 1.7254902124404907
0.7163398861885071, 1.4274510145187378
0.6614379286766052, 1.2679738998413086
0.6614379286766052, 1.2679738998413086
0.6614379286766052, 1.2679738998413086
0.7346405386924744, 1.7542483806610107
0.8026143908500671, 1.7986928224563599
0.8549019694328308, 1.4535948038101196
1.2209150791168213, 0.4601307213306427
1.3254902362823486, 0.3607843220233917
1.3254902362823486, 0.3607843220233917
1.3254902362823486, 0.3607843220233917
