actor_1,actor_2
0.98562091588974, 2.0
0.9254902005195618, 1.5921568870544434
0.8209150433540344, 0.3006536066532135
0.786928117275238, 0.4575163424015045
0.7973856329917908, 0.5751634240150452
0.5202614665031433, 0.26405230164527893
0.4313725531101227, 0.27450981736183167
0.501960813999176, 0.3686274588108063
0.3764705955982208, 0.2718954384326935
0.3346405327320099, 0.2379084974527359
0.3346405327320099, 0.2379084974527359
0.3346405327320099, 0.2379084974527359
