actor_1,actor_2
0.11764705926179886, 0.7686274647712708
0.07320261746644974, 0.8784313797950745
0.06797385960817337, 0.48104575276374817
0.062745101749897, 0.2823529541492462
0.0941176488995552, 0.2562091648578644
0.12287581712007523, 0.23529411852359772
0.10196078568696976, 0.10980392247438431
0.10718954354524612, 0.08366013318300247
0.10718954354524612, 0.08366013318300247
0.10718954354524612, 0.08366013318300247
