actor_1,actor_2
1.8640522956848145, 1.061437964439392
0.6065359711647034, 0.3346405327320099
0.4470588266849518, 0.2666666805744171
0.4470588266849518, 0.2666666805744171
0.29281046986579895, 0.18300653994083405
0.25882354378700256, 0.16470588743686676
0.25882354378700256, 0.16470588743686676
0.25882354378700256, 0.16470588743686676
