actor_1,actor_2
0.3163398802280426, 1.9921568632125854
0.4130719006061554, 2.0
0.5228758454322815, 1.4614379405975342
0.5856209397315979, 1.0509804487228394
0.7973856329917908, 0.9803921580314636
1.0928105115890503, 0.8130719065666199
1.4614379405975342, 0.786928117275238
1.4143791198730469, 0.6169934868812561
2.0, 0.7607843279838562
2.0, 0.9228758215904236
1.6522876024246216, 1.0640523433685303
1.0196079015731812, 0.758169949054718
0.4575163424015045, 0.6196078658103943
1.1790850162506104, 0.8810457587242126
0.4575163424015045, 0.6196078658103943
1.3254902362823486, 0.9333333373069763
0.4575163424015045, 0.6196078658103943
1.3254902362823486, 0.9333333373069763
0.7189542651176453, 0.7084967494010925
0.4575163424015045, 0.6196078658103943
0.6222222447395325, 0.7450980544090271
1.0928105115890503, 1.003921627998352
0.6954248547554016, 0.8522875905036926
1.1660131216049194, 0.9960784316062927
0.6954248547554016, 0.8522875905036926
1.1660131216049194, 0.9960784316062927
0.7660130858421326, 0.9071895480155945
1.186928153038025, 0.9254902005195618
0.7660130858421326, 0.9071895480155945
1.186928153038025, 0.9254902005195618
1.0928105115890503, 1.003921627998352
0.6222222447395325, 0.7450980544090271
1.0928105115890503, 1.003921627998352
0.5071895718574524, 0.7555555701255798
0.7947712540626526, 0.8705882430076599
0.8052287697792053, 0.8130719065666199
0.9777777791023254, 0.8156862854957581
0.8052287697792053, 0.8130719065666199
0.9777777791023254, 0.8156862854957581
0.8052287697792053, 0.8130719065666199
0.9777777791023254, 0.8156862854957581
