actor_1,actor_2
0.8418300747871399, 1.3777778148651123
1.045751690864563, 2.0
1.3281046152114868, 2.0
1.4065359830856323, 1.5398693084716797
1.4222222566604614, 1.1241830587387085
1.474509835243225, 0.8522875905036926
1.443137288093567, 0.8601307272911072
1.600000023841858, 0.7607843279838562
1.315032720565796, 0.25882354378700256
1.2522876262664795, 0.13856209814548492
1.189542531967163, 0.13594771921634674
0.8522875905036926, 0.11764705926179886
0.7738562226295471, 0.10980392247438431
0.7058823704719543, 0.12287581712007523
0.6405228972434998, 0.22745098173618317
0.6091503500938416, 0.32679739594459534
0.4732026159763336, 0.3006536066532135
0.4732026159763336, 0.3006536066532135
