actor_1,actor_2
0.3450980484485626, 0.49934640526771545
0.5934640765190125, 2.0
0.729411780834198, 1.9058823585510254
0.8235294222831726, 1.1921569108963013
0.8758170008659363, 0.8522875905036926
0.915032684803009, 0.49673202633857727
0.8366013169288635, 0.5124183297157288
0.8601307272911072, 0.43398693203926086
0.8052287697792053, 0.10718954354524612
0.5150327086448669, 0.0470588244497776
0.41830065846443176, 0.04967320337891579
0.30588236451148987, 0.054901961237192154
0.24575163424015045, 0.041830066591501236
0.21960784494876862, 0.04444444552063942
0.19346405565738678, 0.06535948067903519
0.19346405565738678, 0.08366013318300247
0.19869281351566315, 0.04444444552063942
0.19869281351566315, 0.04444444552063942
