actor_1,actor_2
0.7660130858421326, 0.6326797604560852
0.4130719006061554, 0.21176470816135406
0.33986929059028625, 0.1437908560037613
0.33986929059028625, 0.1437908560037613
0.24575163424015045, 0.08104575425386429
0.21699346601963043, 0.06013071909546852
0.21699346601963043, 0.06013071909546852
0.21699346601963043, 0.06013071909546852
