actor_1,actor_2
0.2823529541492462, 0.31111112236976624
0.572549045085907, 2.0
0.8209150433540344, 0.7241830229759216
0.7058823704719543, 0.6823529601097107
0.4261437952518463, 0.13333334028720856
0.18562091886997223, 0.054901961237192154
0.09673202782869339, 0.06013071909546852
0.033986929804086685, 0.07581699639558792
0.033986929804086685, 0.07581699639558792
0.054901961237192154, 0.10457516461610794
0.26405230164527893, 0.24052287638187408
0.04967320337891579, 0.08104575425386429
0.16993464529514313, 0.13333334028720856
0.04967320337891579, 0.06797385960817337
0.16993464529514313, 0.13333334028720856
0.04967320337891579, 0.06797385960817337
0.16993464529514313, 0.13333334028720856
0.04967320337891579, 0.06797385960817337
0.09934640675783157, 0.09934640675783157
0.04967320337891579, 0.06797385960817337
0.09934640675783157, 0.09934640675783157
0.04967320337891579, 0.06797385960817337
0.09934640675783157, 0.09934640675783157
0.04967320337891579, 0.06797385960817337
0.09934640675783157, 0.09934640675783157
0.04967320337891579, 0.06797385960817337
