actor_1,actor_2
0.14901961386203766, 0.45490196347236633
0.1882352977991104, 2.0
0.24836601316928864, 1.3673202991485596
0.3189542591571808, 0.3921568691730499
0.3921568691730499, 0.23529411852359772
0.49673202633857727, 0.16732026636600494
0.47058823704719543, 0.2379084974527359
0.5934640765190125, 0.2849673330783844
1.3647059202194214, 0.11241830140352249
1.2209150791168213, 0.05751634016633034
0.379084974527359, 0.06013071909546852
0.3947712481021881, 0.0784313753247261
0.3947712481021881, 0.06797385960817337
0.26143792271614075, 0.07581699639558792
0.15424837172031403, 0.10718954354524612
0.11764705926179886, 0.13071896135807037
0.0941176488995552, 0.0941176488995552
0.0941176488995552, 0.0941176488995552
0.0941176488995552, 0.0941176488995552
