actor_1,actor_2
1.202614426612854, 1.1712418794631958
0.2222222238779068, 0.3189542591571808
1.202614426612854, 1.1712418794631958
0.2222222238779068, 0.3189542591571808
1.202614426612854, 1.1712418794631958
0.2222222238779068, 0.3189542591571808
1.202614426612854, 1.1712418794631958
0.2222222238779068, 0.3189542591571808
1.202614426612854, 1.1712418794631958
0.2222222238779068, 0.3189542591571808
0.5385621190071106, 0.30588236451148987
0.06797385960817337, 0.15163399279117584
0.5385621190071106, 0.30588236451148987
0.06797385960817337, 0.15163399279117584
0.5385621190071106, 0.30588236451148987
0.06797385960817337, 0.15163399279117584
0.23006536066532135, 0.20130719244480133
0.06797385960817337, 0.15163399279117584
0.23006536066532135, 0.20130719244480133
0.06797385960817337, 0.15163399279117584
0.23006536066532135, 0.20130719244480133
0.06797385960817337, 0.15163399279117584
0.23006536066532135, 0.20130719244480133
0.06797385960817337, 0.15163399279117584
