actor_1,actor_2
0.0470588244497776, 0.4444444477558136
0.0470588244497776, 2.0
0.08366013318300247, 0.8235294222831726
0.10980392247438431, 0.2666666805744171
0.11764705926179886, 0.13856209814548492
0.1568627506494522, 0.10718954354524612
0.250980406999588, 0.06797385960817337
0.2849673330783844, 0.0470588244497776
0.29542484879493713, 0.062745101749897
0.2875817120075226, 0.08888889104127884
0.3921568691730499, 0.08627451211214066
0.7477124333381653, 0.054901961237192154
1.1372549533843994, 0.0470588244497776
1.1372549533843994, 0.0470588244497776
1.2496732473373413, 0.041830066591501236
1.2496732473373413, 0.041830066591501236
0.6196078658103943, 0.06013071909546852
0.6196078658103943, 0.06013071909546852
0.05751634016633034, 0.08366013318300247
0.06013071909546852, 0.09673202782869339
0.03921568766236305, 0.10718954354524612
0.03921568766236305, 0.10718954354524612
0.03921568766236305, 0.10718954354524612
0.0470588244497776, 0.13333334028720856
0.0470588244497776, 0.13333334028720856
0.054901961237192154, 0.21176470816135406
0.06797385960817337, 0.5490196347236633
0.06013071909546852, 1.91372549533844
0.08888889104127884, 1.573856234550476
0.10196078568696976, 1.288888931274414
0.10196078568696976, 1.288888931274414
0.10196078568696976, 1.288888931274414
0.10196078568696976, 1.288888931274414
0.10196078568696976, 1.288888931274414
0.09673202782869339, 1.2862745523452759
0.09934640675783157, 0.7189542651176453
0.16993464529514313, 0.08366013318300247
0.2849673330783844, 0.0470588244497776
0.2849673330783844, 0.0470588244497776
0.2849673330783844, 0.0470588244497776
