actor_1,actor_2
0.30588236451148987, 0.6222222447395325
0.37385621666908264, 2.0
0.4888888895511627, 1.3777778148651123
0.5281046032905579, 0.7398692965507507
0.6483660340309143, 0.5542483925819397
0.8130719065666199, 0.46535947918891907
0.8339869379997253, 0.48366013169288635
1.2209150791168213, 0.41830065846443176
1.7254902124404907, 0.24575163424015045
1.8169934749603271, 0.16993464529514313
1.3647059202194214, 0.1751634031534195
0.8235294222831726, 0.19346405565738678
0.7398692965507507, 0.18300653994083405
0.4732026159763336, 0.20130719244480133
0.30849674344062805, 0.250980406999588
0.250980406999588, 0.27450981736183167
0.21699346601963043, 0.22745098173618317
0.21699346601963043, 0.22745098173618317
0.21699346601963043, 0.22745098173618317
0.250980406999588, 0.24052287638187408
