actor_1,actor_2
0.4261437952518463, 0.35816994309425354
0.10980392247438431, 0.18300653994083405
0.4261437952518463, 0.35816994309425354
0.10980392247438431, 0.18300653994083405
0.4261437952518463, 0.35816994309425354
0.10980392247438431, 0.18300653994083405
0.4261437952518463, 0.35816994309425354
0.10980392247438431, 0.18300653994083405
0.4261437952518463, 0.35816994309425354
0.10980392247438431, 0.18300653994083405
0.14640523493289948, 0.250980406999588
0.29281046986579895, 0.4888888895511627
0.29019609093666077, 2.0
0.32679739594459534, 1.4849673509597778
0.32679739594459534, 1.4849673509597778
0.32679739594459534, 1.4849673509597778
0.5856209397315979, 0.4888888895511627
1.2052288055419922, 0.20915032923221588
1.2052288055419922, 0.20915032923221588
0.8653594851493835, 0.12026143819093704
1.087581753730774, 0.14901961386203766
1.5764706134796143, 0.13333334028720856
1.4797385931015015, 0.10718954354524612
1.1973856687545776, 0.08888889104127884
0.9411764740943909, 0.08104575425386429
0.9411764740943909, 0.08104575425386429
0.943790853023529, 0.07581699639558792
0.943790853023529, 0.07581699639558792
0.37124183773994446, 0.10718954354524612
0.0235294122248888, 0.13594771921634674
0.0052287583239376545, 0.1568627506494522
0.0052287583239376545, 0.1568627506494522
0.0052287583239376545, 0.13594771921634674
0.01568627543747425, 0.15424837172031403
0.01568627543747425, 0.15424837172031403
