actor_1,actor_2
0.3137255012989044, 1.2496732473373413
0.30849674344062805, 0.5568627715110779
0.4418300688266754, 0.18039216101169586
0.5071895718574524, 0.49934640526771545
0.501960813999176, 1.1189543008804321
0.5071895718574524, 0.49934640526771545
0.658823549747467, 1.0535948276519775
0.5071895718574524, 0.49934640526771545
0.658823549747467, 1.0535948276519775
0.6065359711647034, 0.4732026159763336
0.658823549747467, 1.0535948276519775
0.6065359711647034, 0.4732026159763336
0.658823549747467, 1.0535948276519775
0.6065359711647034, 0.4732026159763336
0.658823549747467, 1.0535948276519775
0.6065359711647034, 0.4732026159763336
0.47058823704719543, 0.6954248547554016
0.37385621666908264, 0.34248366951942444
0.47058823704719543, 0.6954248547554016
0.2980392277240753, 0.16209150850772858
0.47058823704719543, 0.6954248547554016
0.2980392277240753, 0.16209150850772858
0.7555555701255798, 0.7921568751335144
0.45490196347236633, 0.20392157137393951
0.6091503500938416, 0.6875817179679871
0.45490196347236633, 0.20392157137393951
0.6091503500938416, 0.6875817179679871
0.45490196347236633, 0.20392157137393951
0.17777778208255768, 0.530718982219696
0.062745101749897, 0.125490203499794
0.09673202782869339, 0.018300654366612434
0.062745101749897, 0.125490203499794
0.09673202782869339, 0.018300654366612434
0.062745101749897, 0.125490203499794
0.09673202782869339, 0.018300654366612434
0.062745101749897, 0.125490203499794
0.09673202782869339, 0.018300654366612434
0.062745101749897, 0.125490203499794
