actor_1,actor_2
1.343790888786316, 0.7503268122673035
0.27450981736183167, 0.38954249024391174
1.343790888786316, 0.7503268122673035
0.27450981736183167, 0.38954249024391174
1.343790888786316, 0.7503268122673035
0.27450981736183167, 0.38954249024391174
1.343790888786316, 0.7503268122673035
0.27450981736183167, 0.38954249024391174
1.343790888786316, 0.7503268122673035
0.27450981736183167, 0.38954249024391174
0.4758169949054718, 0.48627451062202454
0.7137255072593689, 1.032679796218872
0.700653612613678, 1.3751634359359741
0.8418300747871399, 1.1294118165969849
0.8418300747871399, 1.1294118165969849
0.8418300747871399, 1.1294118165969849
0.9045751690864563, 0.7320261597633362
0.7555555701255798, 0.4915032684803009
0.7555555701255798, 0.4915032684803009
0.5202614665031433, 0.4418300688266754
0.5673202872276306, 0.4418300688266754
0.5150327086448669, 0.43398693203926086
0.22483660280704498, 0.3477124273777008
0.5673202872276306, 0.43660131096839905
0.3294117748737335, 0.3843137323856354
0.5673202872276306, 0.43660131096839905
0.3294117748737335, 0.3843137323856354
0.5124183297157288, 0.4418300688266754
0.350326806306839, 0.38692811131477356
0.5124183297157288, 0.4418300688266754
0.3947712481021881, 0.4313725531101227
0.5124183297157288, 0.4418300688266754
0.3947712481021881, 0.4313725531101227
0.5124183297157288, 0.4418300688266754
0.43921568989753723, 0.43398693203926086
0.2379084974527359, 0.3346405327320099
0.40261438488960266, 0.43398693203926086
0.5124183297157288, 0.4418300688266754
0.5124183297157288, 0.4418300688266754
0.33725491166114807, 0.37385621666908264
0.5124183297157288, 0.4418300688266754
0.33725491166114807, 0.37385621666908264
0.5124183297157288, 0.4418300688266754
0.3163398802280426, 0.37385621666908264
