actor_1,actor_2
0.24313725531101227, 0.8679738640785217
0.0470588244497776, 2.0
0.06797385960817337, 0.828758180141449
0.07320261746644974, 0.4000000059604645
0.08104575425386429, 0.2535947859287262
0.10196078568696976, 0.18039216101169586
0.14901961386203766, 0.15163399279117584
0.14640523493289948, 0.10718954354524612
0.14640523493289948, 0.10718954354524612
0.14640523493289948, 0.10718954354524612
