actor_1,actor_2
0.9620915055274963, 1.3620915412902832
0.6248366236686707, 1.032679796218872
0.5045751929283142, 0.6143791079521179
0.4130719006061554, 0.5333333611488342
0.40522876381874084, 0.5202614665031433
0.3764705955982208, 0.48627451062202454
0.3189542591571808, 0.4287581741809845
0.2823529541492462, 0.40522876381874084
0.2823529541492462, 0.40522876381874084
