actor_1,actor_2
0.5699346661567688, 1.2078431844711304
0.4732026159763336, 1.843137264251709
0.42091503739356995, 1.5555555820465088
0.43660131096839905, 1.1137255430221558
0.5647059082984924, 1.1816993951797485
0.7111111283302307, 1.1947712898254395
0.8026143908500671, 1.1189543008804321
0.7267974019050598, 0.6954248547554016
0.7267974019050598, 0.6954248547554016
0.7267974019050598, 0.6954248547554016
