actor_1,actor_2
1.0117647647857666, 1.0248366594314575
0.9464052319526672, 2.0
0.9673202633857727, 1.600000023841858
0.8183006644248962, 0.9307189583778381
0.6562091708183289, 0.5071895718574524
0.4313725531101227, 0.32418301701545715
0.41830065846443176, 0.3529411852359772
0.3477124273777008, 0.30588236451148987
0.24575163424015045, 0.05751634016633034
0.18300653994083405, 0.02875817008316517
0.1908496767282486, 0.026143791154026985
0.2065359503030777, 0.0313725508749485
0.16470588743686676, 0.02875817008316517
0.22745098173618317, 0.03921568766236305
0.3294117748737335, 0.06797385960817337
0.33725491166114807, 0.10718954354524612
0.2692810595035553, 0.07058823853731155
0.2692810595035553, 0.07058823853731155
