actor_1,actor_2
0.8915032744407654, 1.4849673509597778
0.729411780834198, 2.0
0.6745098233222961, 1.545098066329956
0.5176470875740051, 0.8235294222831726
0.38692811131477356, 0.47843137383461
0.2718954384326935, 0.24575163424015045
0.26143792271614075, 0.20915032923221588
0.24313725531101227, 0.125490203499794
0.24052287638187408, 0.16209150850772858
0.2222222238779068, 0.16209150850772858
0.21699346601963043, 0.15163399279117584
0.16993464529514313, 0.0784313753247261
0.1411764770746231, 0.05228758230805397
0.1411764770746231, 0.05228758230805397
0.1281045824289322, 0.04967320337891579
0.1281045824289322, 0.04967320337891579
0.14901961386203766, 0.06535948067903519
0.14901961386203766, 0.06535948067903519
0.2692810595035553, 0.16209150850772858
0.27973857522010803, 0.19607843458652496
0.24313725531101227, 0.18300653994083405
0.24313725531101227, 0.18300653994083405
