actor_1,actor_2
0.6248366236686707, 0.4418300688266754
0.12026143819093704, 0.1281045824289322
0.6248366236686707, 0.4418300688266754
0.12026143819093704, 0.1281045824289322
0.6248366236686707, 0.4418300688266754
0.12026143819093704, 0.1281045824289322
0.6248366236686707, 0.4418300688266754
0.12026143819093704, 0.1281045824289322
0.6248366236686707, 0.4418300688266754
0.12026143819093704, 0.1281045824289322
0.2718954384326935, 0.2222222238779068
0.054901961237192154, 0.11241830140352249
0.2718954384326935, 0.2222222238779068
0.054901961237192154, 0.11241830140352249
0.2718954384326935, 0.2222222238779068
0.054901961237192154, 0.11241830140352249
0.1568627506494522, 0.15424837172031403
0.054901961237192154, 0.11241830140352249
0.1568627506494522, 0.15424837172031403
0.054901961237192154, 0.11241830140352249
0.1568627506494522, 0.15424837172031403
0.054901961237192154, 0.11241830140352249
0.1568627506494522, 0.15424837172031403
0.054901961237192154, 0.11241830140352249
