actor_1,actor_2
0.43660131096839905, 0.4941176474094391
0.5254902243614197, 2.0
0.6352941393852234, 1.1189543008804321
0.6980392336845398, 0.4732026159763336
0.9045751690864563, 0.3529411852359772
1.0091503858566284, 0.2692810595035553
0.9934640526771545, 0.08888889104127884
1.0431373119354248, 0.0470588244497776
0.7686274647712708, 0.04967320337891579
0.7686274647712708, 0.04967320337891579
0.3346405327320099, 0.0470588244497776
0.27712419629096985, 0.06797385960817337
0.19607843458652496, 0.05228758230805397
0.19607843458652496, 0.05228758230805397
0.19607843458652496, 0.05228758230805397
