actor_1,actor_2
0.1281045824289322, 0.43398693203926086
0.21960784494876862, 2.0
0.2875817120075226, 0.530718982219696
0.33986929059028625, 0.16209150850772858
0.3633987009525299, 0.1725490242242813
0.27450981736183167, 0.16993464529514313
0.17777778208255768, 0.07581699639558792
0.13594771921634674, 0.03921568766236305
0.07320261746644974, 0.03921568766236305
0.07320261746644974, 0.03921568766236305
0.0052287583239376545, 0.03660130873322487
0.03660130873322487, 0.08366013318300247
0.03660130873322487, 0.08366013318300247
0.06535948067903519, 0.08888889104127884
0.10718954354524612, 0.24052287638187408
0.18562091886997223, 0.8418300747871399
0.2222222238779068, 0.49673202633857727
0.2849673330783844, 0.6980392336845398
0.2849673330783844, 0.6980392336845398
0.2849673330783844, 0.6980392336845398
0.33986929059028625, 0.16209150850772858
0.44967320561408997, 0.026143791154026985
0.44967320561408997, 0.026143791154026985
0.8444444537162781, 0.018300654366612434
0.857516348361969, 0.041830066591501236
0.7843137383460999, 0.054901961237192154
0.7921568751335144, 0.018300654366612434
0.8339869379997253, 0.01568627543747425
0.7843137383460999, 0.010457516647875309
0.7843137383460999, 0.010457516647875309
0.6640523076057434, 0.007843137718737125
0.10718954354524612, 0.010457516647875309
0.07320261746644974, 0.013071895577013493
0.0052287583239376545, 0.03660130873322487
0.007843137718737125, 0.05228758230805397
0.007843137718737125, 0.04444444552063942
0.010457516647875309, 0.03921568766236305
0.02875817008316517, 0.05751634016633034
0.02875817008316517, 0.05751634016633034
0.06535948067903519, 0.08888889104127884
0.09934640675783157, 0.1725490242242813
0.16209150850772858, 0.6457516551017761
0.2222222238779068, 0.49673202633857727
0.24313725531101227, 0.3032679855823517
0.24313725531101227, 0.3032679855823517
0.24313725531101227, 0.3032679855823517
0.27450981736183167, 0.5464052557945251
0.27450981736183167, 0.5464052557945251
0.27450981736183167, 0.5464052557945251
0.3137255012989044, 0.379084974527359
0.4627451002597809, 0.04967320337891579
0.44967320561408997, 0.026143791154026985
0.8444444537162781, 0.018300654366612434
0.8026143908500671, 0.018300654366612434
0.8026143908500671, 0.018300654366612434
