actor_1,actor_2
0.11241830140352249, 1.4614379405975342
0.1725490242242813, 2.0
0.1908496767282486, 1.830065369606018
0.20392157137393951, 1.145098090171814
0.27712419629096985, 0.8784313797950745
0.43660131096839905, 0.7111111283302307
0.6143791079521179, 0.5333333611488342
0.8078431487083435, 0.4287581741809845
0.8078431487083435, 0.4287581741809845
0.8078431487083435, 0.4287581741809845
1.1372549533843994, 0.5542483925819397
1.343790888786316, 0.5803921818733215
1.686274528503418, 0.5856209397315979
1.7254902124404907, 0.45228758454322815
1.3908497095108032, 0.350326806306839
1.231372594833374, 0.3189542591571808
0.9647058844566345, 0.29019609093666077
0.9647058844566345, 0.29019609093666077
0.9647058844566345, 0.29019609093666077
0.9647058844566345, 0.29019609093666077
0.7764706015586853, 0.350326806306839
0.45228758454322815, 0.3973856270313263
0.37385621666908264, 0.41830065846443176
0.04967320337891579, 0.7843137383460999
0.04967320337891579, 0.7843137383460999
0.033986929804086685, 0.8941176533699036
0.033986929804086685, 0.8941176533699036
0.02875817008316517, 0.7241830229759216
0.02875817008316517, 0.7241830229759216
0.03921568766236305, 0.857516348361969
0.04444444552063942, 0.9673202633857727
0.08888889104127884, 1.3359477519989014
0.09150326997041702, 1.4509804248809814
0.08888889104127884, 1.6522876024246216
0.08627451211214066, 1.6261438131332397
0.07581699639558792, 1.3228758573532104
0.07581699639558792, 1.3228758573532104
0.07581699639558792, 1.3228758573532104
0.08104575425386429, 1.2522876262664795
0.1281045824289322, 1.4274510145187378
0.3320261538028717, 0.6954248547554016
0.38692811131477356, 0.43398693203926086
0.38692811131477356, 0.43398693203926086
