actor_1,actor_2
0.22483660280704498, 1.4196078777313232
0.3189542591571808, 1.5084967613220215
0.3816993534564972, 0.9071895480155945
0.33986929059028625, 0.3764705955982208
0.5045751929283142, 0.29019609093666077
0.7241830229759216, 0.21699346601963043
1.4928104877471924, 0.3660130798816681
1.8562091588974, 0.3529411852359772
1.0692811012268066, 0.2980392277240753
0.5490196347236633, 0.19607843458652496
0.48627451062202454, 0.2065359503030777
0.5411764979362488, 0.27712419629096985
0.379084974527359, 0.2222222238779068
0.2535947859287262, 0.27973857522010803
0.11764705926179886, 0.4470588266849518
0.15163399279117584, 0.630065381526947
0.15424837172031403, 0.7660130858421326
0.1594771295785904, 1.273202657699585
0.20392157137393951, 1.7673202753067017
0.23529411852359772, 1.0352941751480103
0.19346405565738678, 0.6823529601097107
0.17777778208255768, 0.4888888895511627
0.17777778208255768, 0.4888888895511627
0.2222222238779068, 0.47843137383461
0.5045751929283142, 0.29019609093666077
0.7947712540626526, 0.1568627506494522
0.6352941393852234, 0.1411764770746231
0.6352941393852234, 0.1411764770746231
1.4274510145187378, 0.21699346601963043
1.6836601495742798, 0.2718954384326935
1.2915033102035522, 0.30588236451148987
0.700653612613678, 0.23267973959445953
0.49934640526771545, 0.17777778208255768
0.49934640526771545, 0.17777778208255768
0.3450980484485626, 0.1568627506494522
0.3450980484485626, 0.1568627506494522
0.3450980484485626, 0.1568627506494522
0.379084974527359, 0.2222222238779068
0.2535947859287262, 0.27973857522010803
0.11241830140352249, 0.45228758454322815
0.11503268033266068, 0.5359477400779724
0.08888889104127884, 0.4261437952518463
0.08888889104127884, 0.4261437952518463
0.12026143819093704, 0.6483660340309143
0.12026143819093704, 0.6483660340309143
0.16993464529514313, 1.443137288093567
0.2379084974527359, 1.4483660459518433
0.23529411852359772, 1.0352941751480103
0.19346405565738678, 0.6823529601097107
0.13856209814548492, 0.3137255012989044
0.13856209814548492, 0.3137255012989044
0.13856209814548492, 0.3137255012989044
0.16993464529514313, 0.5202614665031433
0.20392157137393951, 0.5071895718574524
0.7241830229759216, 0.21699346601963043
0.5882353186607361, 0.18562091886997223
0.5882353186607361, 0.18562091886997223
0.6352941393852234, 0.1411764770746231
0.6352941393852234, 0.1411764770746231
