actor_1,actor_2
0.19607843458652496, 1.1503268480300903
0.46535947918891907, 1.6313725709915161
0.3450980484485626, 0.6980392336845398
0.2562091648578644, 0.1751634031534195
0.48366013169288635, 0.3450980484485626
1.0797386169433594, 0.6928104758262634
0.27973857522010803, 0.5882353186607361
1.0797386169433594, 0.6928104758262634
0.27973857522010803, 0.5882353186607361
1.0797386169433594, 0.6928104758262634
0.29019609093666077, 0.6222222447395325
0.6849673390388489, 0.41830065846443176
0.29019609093666077, 0.6222222447395325
0.6849673390388489, 0.41830065846443176
0.29019609093666077, 0.6222222447395325
1.003921627998352, 0.3137255012989044
0.5647059082984924, 0.5045751929283142
0.14640523493289948, 0.4000000059604645
0.5647059082984924, 0.5045751929283142
0.14640523493289948, 0.4000000059604645
0.3921568691730499, 0.6222222447395325
0.6849673390388489, 0.41830065846443176
0.9542483687400818, 0.530718982219696
0.19607843458652496, 0.3947712481021881
0.9542483687400818, 0.530718982219696
0.19607843458652496, 0.3947712481021881
0.38692811131477356, 0.5490196347236633
0.49934640526771545, 0.2535947859287262
0.3320261538028717, 0.24836601316928864
0.21437908709049225, 0.38692811131477356
0.3320261538028717, 0.24836601316928864
0.21437908709049225, 0.38692811131477356
0.49934640526771545, 0.2535947859287262
0.3137255012989044, 0.3921568691730499
0.3607843220233917, 0.3477124273777008
0.2535947859287262, 0.48366013169288635
0.3607843220233917, 0.3477124273777008
0.1725490242242813, 0.2980392277240753
0.3607843220233917, 0.3477124273777008
0.1725490242242813, 0.2980392277240753
0.3607843220233917, 0.3477124273777008
0.1725490242242813, 0.2980392277240753
0.3607843220233917, 0.3477124273777008
