{"score": 37.33997, "_timestamp": 1707326956.1294549, "_runtime": 4051.9718239307404, "_step": 0, "_wandb": {"runtime": 4051}}