{"score": 70.35, "_timestamp": 1708984028.348064, "_runtime": 99.2161660194397, "_step": 0, "_wandb": {"runtime": 98}}