{"score": 9.6875, "_timestamp": 1709130097.0402002, "_runtime": 29.4157931804657, "_step": 0, "_wandb": {"runtime": 28}}