{"score": 29.052699999999994, "_timestamp": 1709078241.8791552, "_runtime": 1383.858350276947, "_step": 0, "_wandb": {"runtime": 1383}}