{"score": 15.244599999999998, "_timestamp": 1709127403.102515, "_runtime": 856.8983008861542, "_step": 0, "_wandb": {"runtime": 856}}