{"score": 16.77090909090909, "_timestamp": 1709081627.2822132, "_runtime": 69.74965620040894, "_step": 0, "_wandb": {"runtime": 69}}