{"score": 3.0000061390189097, "_timestamp": 1707258670.6498363, "_runtime": 2.292177200317383, "_step": 0, "_wandb": {"runtime": 1}}