{"score": 180.22, "_timestamp": 1709020699.1925092, "_runtime": 226.97769927978516, "_step": 0, "_wandb": {"runtime": 226}}