{"score": 371.0, "_timestamp": 1709004688.8728054, "_runtime": 511.7583703994751, "_step": 0, "_wandb": {"runtime": 511}}