{"score": 9.338149999999999, "_timestamp": 1707318130.4785252, "_runtime": 235.78514218330383, "_step": 0, "_wandb": {"runtime": 234}}