{"score": 75.54, "_timestamp": 1709024014.1943734, "_runtime": 134.68260526657104, "_step": 0, "_wandb": {"runtime": 133}}