{"score": 9.31, "_timestamp": 1709129992.6119936, "_runtime": 47.05194044113159, "_step": 0, "_wandb": {"runtime": 46}}