{"score": 189.2701, "_timestamp": 1709056057.5513074, "_runtime": 897.1718225479126, "_step": 0, "_wandb": {"runtime": 892}}