{"score": 102.24, "_timestamp": 1708999021.8560457, "_runtime": 234.66327166557312, "_step": 0, "_wandb": {"runtime": 234}}