{"score": 393.09, "_timestamp": 1709023383.0580993, "_runtime": 178.1060152053833, "_step": 0, "_wandb": {"runtime": 177}}