{"score": 459.97, "_timestamp": 1708986207.0906866, "_runtime": 233.18224954605103, "_step": 0, "_wandb": {"runtime": 232}}