{"score": 35.70895, "_timestamp": 1707329182.158474, "_runtime": 1239.8754959106445, "_step": 0, "_wandb": {"runtime": 1239}}