{"score": 246.8, "_timestamp": 1709001271.6534593, "_runtime": 229.51103329658508, "_step": 0, "_wandb": {"runtime": 228}}