{"score": 9.31, "_timestamp": 1709059440.772031, "_runtime": 62.64564514160156, "_step": 0, "_wandb": {"runtime": 61}}