{"score": 365.49, "_timestamp": 1708991840.125707, "_runtime": 346.2493779659271, "_step": 0, "_wandb": {"runtime": 345}}