{"score": 298.73, "_timestamp": 1708992149.0606916, "_runtime": 299.33987760543823, "_step": 0, "_wandb": {"runtime": 298}}