{"score": 410.28, "_timestamp": 1708995420.1686175, "_runtime": 179.59129548072815, "_step": 0, "_wandb": {"runtime": 178}}