{"score": 362.41, "_timestamp": 1709002445.2041566, "_runtime": 337.2494125366211, "_step": 0, "_wandb": {"runtime": 336}}