{"score": 494.93, "_timestamp": 1708998063.409308, "_runtime": 552.6432819366455, "_step": 0, "_wandb": {"runtime": 551}}