{"score": 9.31, "_timestamp": 1709064365.285881, "_runtime": 23.95436406135559, "_step": 0, "_wandb": {"runtime": 23}}