{"score": 9.34358, "_timestamp": 1707265168.2116792, "_runtime": 432.6621091365814, "_step": 0, "_wandb": {"runtime": 431}}