{"score": 9.32, "_timestamp": 1709124661.0757804, "_runtime": 83.26207327842712, "_step": 0, "_wandb": {"runtime": 82}}