{"score": 321.10702000000003, "_timestamp": 1707307011.3370035, "_runtime": 36333.26185846329, "_step": 0, "_wandb": {"runtime": 36332}}