{"score": 10.995454545454548, "_timestamp": 1709085030.856683, "_runtime": 23.539392948150635, "_step": 0, "_wandb": {"runtime": 22}}