{"score": 3.0000052116170357, "_timestamp": 1707258681.8193245, "_runtime": 2.133983612060547, "_step": 0, "_wandb": {"runtime": 1}}