{"score": 446.19, "_timestamp": 1709002942.6350753, "_runtime": 486.2011923789978, "_step": 0, "_wandb": {"runtime": 485}}