{"score": 9.360909090909091, "_timestamp": 1709059151.1429493, "_runtime": 22.557725429534912, "_step": 0, "_wandb": {"runtime": 21}}