{"score": 240.24, "_timestamp": 1709011486.689386, "_runtime": 324.92655181884766, "_step": 0, "_wandb": {"runtime": 324}}