{"score": 10.491950000000001, "_timestamp": 1707320618.4151175, "_runtime": 515.6155295372009, "_step": 0, "_wandb": {"runtime": 514}}