{"score": 9.841190000000001, "_timestamp": 1707321916.9832363, "_runtime": 892.4071102142334, "_step": 0, "_wandb": {"runtime": 891}}