{"score": 35.7677, "_timestamp": 1709126451.5138538, "_runtime": 459.37279081344604, "_step": 0, "_wandb": {"runtime": 458}}