{"score": 9.31, "_timestamp": 1707263514.448543, "_runtime": 3.0373950004577637, "_step": 0, "_wandb": {"runtime": 2}}