actor_1,actor_2
49.80158615112305, 77.18254089355469
46.03174591064453, 70.83333587646484
47.02381134033203, 67.65872955322266
47.22222137451172, 59.32539749145508
51.38888931274414, 55.9523811340332
52.77777862548828, 52.57936477661133
53.17460250854492, 51.38888931274414
57.14285659790039, 49.20634841918945
54.16666793823242, 46.82539749145508
55.55555725097656, 48.412696838378906
54.9603157043457, 51.78571319580078
57.93650817871094, 56.94444274902344
52.18254089355469, 56.349205017089844
58.92856979370117, 56.5476188659668
52.18254089355469, 56.349205017089844
58.53174591064453, 53.769840240478516
53.373016357421875, 56.5476188659668
60.119049072265625, 56.349205017089844
56.349205017089844, 60.912696838378906
56.349205017089844, 57.341270446777344
50.992061614990234, 52.380950927734375
49.80158615112305, 48.80952453613281
48.80952453613281, 48.80952453613281
54.36507797241211, 49.60317611694336
52.57936477661133, 55.55555725097656
52.57936477661133, 51.38888931274414
51.19047546386719, 53.769840240478516
49.80158615112305, 48.80952453613281
51.38888931274414, 53.373016357421875
49.80158615112305, 48.80952453613281
49.20634841918945, 51.38888931274414
49.80158615112305, 48.80952453613281
49.404762268066406, 50.39682388305664
48.21428680419922, 46.82539749145508
45.238094329833984, 46.42856979370117
