actor_1,actor_2
31.746030807495117, 49.80158615112305
30.952381134033203, 40.27777862548828
31.746030807495117, 38.492061614990234
33.730159759521484, 34.126983642578125
38.88888931274414, 32.738094329833984
38.88888931274414, 32.341270446777344
38.69047546386719, 33.92856979370117
36.904762268066406, 35.912696838378906
42.658729553222656, 44.0476188659668
39.484127044677734, 32.14285659790039
41.86507797241211, 42.4603157043457
39.68254089355469, 31.150793075561523
40.07936477661133, 39.880950927734375
43.650794982910156, 51.587303161621094
40.07936477661133, 38.69047546386719
43.25396728515625, 51.78571319580078
40.07936477661133, 38.69047546386719
43.25396728515625, 50.79365158081055
39.68254089355469, 37.10317611694336
43.4523811340332, 47.619049072265625
40.07936477661133, 35.31745910644531
41.66666793823242, 45.63492202758789
37.89682388305664, 36.904762268066406
38.29365158081055, 42.658729553222656
38.88888931274414, 34.126983642578125
38.29365158081055, 41.269840240478516
38.88888931274414, 34.126983642578125
38.69047546386719, 38.88888931274414
38.88888931274414, 34.126983642578125
39.087303161621094, 36.904762268066406
40.07936477661133, 46.42856979370117
38.88888931274414, 35.119049072265625
38.69047546386719, 41.86507797241211
38.88888931274414, 35.119049072265625
38.88888931274414, 40.27777862548828
38.88888931274414, 35.119049072265625
39.087303161621094, 38.29365158081055
37.5, 42.85714340209961
38.492061614990234, 36.70634841918945
38.29365158081055, 40.47618865966797
38.492061614990234, 36.70634841918945
