actor_1,actor_2
86.5079345703125, 95.23809814453125
81.74603271484375, 93.65079498291016
73.4126968383789, 88.4920654296875
69.24603271484375, 79.56349182128906
68.65079498291016, 71.23015594482422
66.26984405517578, 62.69841384887695
64.0873031616211, 61.70634841918945
65.0793685913086, 61.70634841918945
66.66666412353516, 62.5
70.43650817871094, 63.69047546386719
74.0079345703125, 69.24603271484375
65.87301635742188, 65.67460632324219
58.92856979370117, 63.88888931274414
68.05555725097656, 67.65872955322266
58.92856979370117, 63.88888931274414
70.03968048095703, 67.06349182128906
61.30952453613281, 63.29365158081055
71.82539367675781, 69.64286041259766
64.88095092773438, 65.0793685913086
73.01587677001953, 73.21428680419922
71.23015594482422, 66.26984405517578
70.83333587646484, 69.44444274902344
66.46825408935547, 67.26190185546875
74.4047622680664, 68.65079498291016
68.05555725097656, 68.05555725097656
58.92856979370117, 64.88095092773438
68.65079498291016, 67.85713958740234
60.515872955322266, 65.27777862548828
67.06349182128906, 68.65079498291016
67.65872955322266, 66.07142639160156
65.47618865966797, 65.27777862548828
60.119049072265625, 65.87301635742188
66.07142639160156, 63.29365158081055
62.5, 64.88095092773438
64.48412322998047, 59.72222137451172
63.492061614990234, 64.48412322998047
62.89682388305664, 58.53174591064453
63.69047546386719, 64.68254089355469
62.89682388305664, 58.53174591064453
63.095237731933594, 63.29365158081055
64.88095092773438, 58.53174591064453
65.67460632324219, 61.70634841918945
62.5, 64.88095092773438
63.69047546386719, 59.72222137451172
63.29365158081055, 65.0793685913086
62.69841384887695, 58.730159759521484
63.29365158081055, 62.30158615112305
61.904762268066406, 64.88095092773438
61.904762268066406, 60.31745910644531
63.492061614990234, 65.0793685913086
60.912696838378906, 59.126983642578125
62.5, 63.88888931274414
60.912696838378906, 59.126983642578125
61.904762268066406, 60.515872955322266
65.27777862548828, 64.88095092773438
61.30952453613281, 65.47618865966797
65.27777862548828, 62.5
63.29365158081055, 65.0793685913086
