actor_1,actor_2
61.11111068725586, 76.19047546386719
72.4206314086914, 84.12698364257812
67.46031951904297, 83.13491821289062
63.69047546386719, 71.42857360839844
65.27777862548828, 63.29365158081055
68.65079498291016, 65.0793685913086
70.63491821289062, 67.65872955322266
73.21428680419922, 64.88095092773438
66.66666412353516, 58.13492202758789
48.80952453613281, 49.80158615112305
67.46031951904297, 59.72222137451172
50.39682388305664, 51.78571319580078
67.85713958740234, 61.11111068725586
50.39682388305664, 51.78571319580078
68.65079498291016, 64.0873031616211
53.17460250854492, 54.56349182128906
69.44444274902344, 64.88095092773438
53.17460250854492, 54.56349182128906
69.44444274902344, 64.88095092773438
53.17460250854492, 54.56349182128906
73.21428680419922, 66.86508178710938
56.150794982910156, 55.35714340209961
44.64285659790039, 48.21428680419922
57.14285659790039, 58.33333206176758
71.62698364257812, 66.66666412353516
59.32539749145508, 56.94444274902344
44.64285659790039, 48.21428680419922
59.126983642578125, 59.92063522338867
71.42857360839844, 65.87301635742188
59.126983642578125, 57.341270446777344
47.22222137451172, 50.0
56.349205017089844, 58.13492202758789
67.06349182128906, 62.30158615112305
56.349205017089844, 58.13492202758789
67.06349182128906, 62.30158615112305
64.88095092773438, 63.095237731933594
48.412696838378906, 54.16666793823242
64.88095092773438, 63.095237731933594
49.80158615112305, 54.761905670166016
63.88888931274414, 62.5
51.19047546386719, 55.55555725097656
63.88888931274414, 61.507938385009766
50.19841384887695, 53.57143020629883
61.507938385009766, 55.158729553222656
50.39682388305664, 51.78571319580078
61.507938385009766, 55.158729553222656
53.373016357421875, 52.18254089355469
44.44444274902344, 50.992061614990234
52.380950927734375, 50.79365158081055
46.03174591064453, 51.587303161621094
52.97618865966797, 50.19841384887695
49.007938385009766, 51.38888931274414
54.56349182128906, 49.80158615112305
51.38888931274414, 50.79365158081055
46.626983642578125, 51.78571319580078
51.984127044677734, 50.39682388305664
47.81745910644531, 51.38888931274414
51.984127044677734, 50.39682388305664
50.992061614990234, 51.78571319580078
51.984127044677734, 50.39682388305664
