actor_1,actor_2
61.11111068725586, 89.88095092773438
64.28571319580078, 88.29364776611328
63.88888931274414, 84.9206314086914
62.89682388305664, 68.05555725097656
65.67460632324219, 58.92856979370117
65.27777862548828, 56.94444274902344
67.65872955322266, 59.92063522338867
64.28571319580078, 58.730159759521484
62.5, 61.70634841918945
57.341270446777344, 60.119049072265625
62.89682388305664, 64.88095092773438
63.88888931274414, 56.74603271484375
63.88888931274414, 60.912696838378906
59.126983642578125, 59.72222137451172
62.69841384887695, 63.88888931274414
61.904762268066406, 52.97618865966797
62.89682388305664, 61.11111068725586
59.92063522338867, 59.72222137451172
53.17460250854492, 58.92856979370117
58.730159759521484, 63.29365158081055
62.30158615112305, 61.70634841918945
58.33333206176758, 63.88888931274414
61.507938385009766, 59.92063522338867
58.92856979370117, 63.69047546386719
59.52381134033203, 57.14285659790039
58.92856979370117, 62.10317611694336
59.52381134033203, 57.14285659790039
55.35714340209961, 60.515872955322266
56.349205017089844, 55.75396728515625
58.53174591064453, 60.71428680419922
56.349205017089844, 55.75396728515625
57.93650817871094, 59.126983642578125
56.349205017089844, 55.75396728515625
56.349205017089844, 56.74603271484375
56.349205017089844, 55.75396728515625
56.349205017089844, 56.74603271484375
56.349205017089844, 55.75396728515625
56.349205017089844, 56.74603271484375
