actor_1,actor_2
80.15872955322266, 76.78571319580078
72.02381134033203, 69.04762268066406
68.65079498291016, 69.04762268066406
70.63491821289062, 70.23809814453125
68.65079498291016, 69.04762268066406
68.25396728515625, 69.24603271484375
75.0, 76.38888549804688
75.0, 78.76984405517578
72.61904907226562, 79.36508178710938
72.02381134033203, 79.16666412353516
71.03174591064453, 71.82539367675781
72.4206314086914, 68.05555725097656
78.37301635742188, 57.738094329833984
80.95237731933594, 58.730159759521484
81.34920501708984, 55.75396728515625
87.5, 56.150794982910156
87.1031723022461, 57.738094329833984
81.34920501708984, 55.158729553222656
79.36508178710938, 55.75396728515625
72.22222137451172, 57.93650817871094
70.63491821289062, 63.88888931274414
64.48412322998047, 69.24603271484375
62.10317611694336, 69.24603271484375
62.10317611694336, 69.24603271484375
63.69047546386719, 65.87301635742188
64.88095092773438, 66.46825408935547
67.85713958740234, 68.25396728515625
71.62698364257812, 73.80952453613281
72.02381134033203, 76.19047546386719
70.03968048095703, 74.4047622680664
68.45237731933594, 70.83333587646484
70.43650817871094, 71.82539367675781
72.81745910644531, 75.9920654296875
72.81745910644531, 75.9920654296875
72.61904907226562, 69.44444274902344
77.5793685913086, 60.119049072265625
77.77777862548828, 52.380950927734375
77.97618865966797, 50.595237731933594
75.79364776611328, 50.595237731933594
78.17460632324219, 52.380950927734375
78.96825408935547, 54.761905670166016
82.14286041259766, 56.349205017089844
76.78571319580078, 54.56349182128906
76.78571319580078, 54.9603157043457
75.9920654296875, 55.75396728515625
71.82539367675781, 57.5396842956543
66.86508178710938, 58.730159759521484
61.507938385009766, 65.27777862548828
59.92063522338867, 66.07142639160156
59.92063522338867, 63.095237731933594
62.10317611694336, 63.88888931274414
65.67460632324219, 64.48412322998047
62.10317611694336, 63.88888931274414
