actor_1,actor_2
55.158729553222656, 61.11111068725586
49.404762268066406, 62.69841384887695
47.619049072265625, 59.52381134033203
50.595237731933594, 50.595237731933594
60.912696838378906, 54.56349182128906
66.26984405517578, 57.93650817871094
77.18254089355469, 57.5396842956543
68.05555725097656, 53.96825408935547
62.10317611694336, 53.373016357421875
54.9603157043457, 52.380950927734375
38.69047546386719, 53.769840240478516
36.11111068725586, 56.150794982910156
35.31745910644531, 57.14285659790039
37.30158615112305, 59.32539749145508
49.404762268066406, 62.30158615112305
45.238094329833984, 62.30158615112305
44.24603271484375, 59.32539749145508
43.849205017089844, 55.75396728515625
44.0476188659668, 53.373016357421875
44.0476188659668, 53.373016357421875
52.77777862548828, 50.595237731933594
60.515872955322266, 44.44444274902344
64.68254089355469, 42.4603157043457
66.07142639160156, 44.841270446777344
68.05555725097656, 48.015872955322266
71.23015594482422, 50.39682388305664
83.33333587646484, 52.380950927734375
78.37301635742188, 51.38888931274414
72.4206314086914, 51.78571319580078
71.03174591064453, 52.380950927734375
71.03174591064453, 52.380950927734375
67.06349182128906, 54.56349182128906
63.29365158081055, 52.97618865966797
40.07936477661133, 54.16666793823242
33.33333206176758, 56.94444274902344
33.33333206176758, 56.94444274902344
32.5396842956543, 55.55555725097656
32.5396842956543, 55.55555725097656
34.52381134033203, 55.75396728515625
36.70634841918945, 56.74603271484375
45.238094329833984, 59.52381134033203
44.0476188659668, 59.126983642578125
44.24603271484375, 56.349205017089844
43.25396728515625, 50.0
42.658729553222656, 47.619049072265625
42.658729553222656, 50.0
42.658729553222656, 50.0
45.0396842956543, 55.158729553222656
45.0396842956543, 55.158729553222656
48.21428680419922, 52.77777862548828
61.11111068725586, 46.42856979370117
61.70634841918945, 42.4603157043457
61.11111068725586, 41.07143020629883
61.11111068725586, 41.07143020629883
61.11111068725586, 41.07143020629883
