actor_1,actor_2
66.46825408935547, 72.4206314086914
68.25396728515625, 77.5793685913086
65.0793685913086, 73.01587677001953
68.45237731933594, 67.06349182128906
76.5873031616211, 68.84920501708984
85.11904907226562, 73.01587677001953
89.48412322998047, 70.43650817871094
89.28571319580078, 67.06349182128906
87.8968276977539, 65.0793685913086
82.34127044677734, 65.67460632324219
64.0873031616211, 63.69047546386719
60.119049072265625, 64.0873031616211
57.93650817871094, 63.29365158081055
57.341270446777344, 61.70634841918945
54.36507797241211, 59.72222137451172
53.57143020629883, 59.92063522338867
56.150794982910156, 63.492061614990234
57.341270446777344, 67.26190185546875
57.341270446777344, 67.26190185546875
57.341270446777344, 61.507938385009766
57.738094329833984, 58.33333206176758
60.71428680419922, 64.0873031616211
60.71428680419922, 64.0873031616211
65.0793685913086, 69.84127044677734
67.06349182128906, 69.64286041259766
81.74603271484375, 60.119049072265625
86.11111450195312, 56.5476188659668
80.55555725097656, 54.16666793823242
80.55555725097656, 54.16666793823242
80.55555725097656, 54.16666793823242
80.55555725097656, 54.16666793823242
