actor_1,actor_2
61.11111068725586, 56.5476188659668
55.55555725097656, 58.730159759521484
60.119049072265625, 60.31745910644531
61.11111068725586, 54.9603157043457
61.11111068725586, 56.5476188659668
55.55555725097656, 58.730159759521484
60.119049072265625, 60.31745910644531
61.30952453613281, 55.55555725097656
59.52381134033203, 58.92856979370117
55.75396728515625, 61.70634841918945
59.52381134033203, 58.92856979370117
55.75396728515625, 61.70634841918945
59.52381134033203, 58.92856979370117
51.38888931274414, 62.30158615112305
54.761905670166016, 58.13492202758789
57.341270446777344, 55.55555725097656
54.761905670166016, 58.13492202758789
57.341270446777344, 55.55555725097656
52.97618865966797, 56.5476188659668
56.74603271484375, 55.75396728515625
52.97618865966797, 56.5476188659668
54.16666793823242, 53.57143020629883
51.38888931274414, 55.158729553222656
54.56349182128906, 56.74603271484375
57.5396842956543, 53.57143020629883
55.9523811340332, 53.57143020629883
52.57936477661133, 52.18254089355469
52.77777862548828, 58.92856979370117
51.587303161621094, 55.9523811340332
52.77777862548828, 49.60317611694336
51.587303161621094, 55.9523811340332
50.992061614990234, 48.21428680419922
51.587303161621094, 55.9523811340332
50.992061614990234, 48.21428680419922
51.587303161621094, 55.9523811340332
50.992061614990234, 48.21428680419922
