actor_1,actor_2
76.19047546386719, 95.43650817871094
68.25396728515625, 92.26190185546875
64.88095092773438, 82.73809814453125
66.26984405517578, 65.87301635742188
69.24603271484375, 62.10317611694336
73.21428680419922, 62.89682388305664
79.56349182128906, 65.47618865966797
74.80158996582031, 63.095237731933594
70.23809814453125, 59.92063522338867
65.47618865966797, 60.119049072265625
61.904762268066406, 75.5952377319336
63.29365158081055, 78.17460632324219
65.87301635742188, 86.5079345703125
69.04762268066406, 88.69047546386719
72.22222137451172, 99.4047622680664
67.46031951904297, 95.83333587646484
64.28571319580078, 89.28571319580078
64.0873031616211, 85.71428680419922
65.87301635742188, 75.79364776611328
65.87301635742188, 75.79364776611328
69.04762268066406, 61.507938385009766
70.83333587646484, 50.0
69.44444274902344, 45.238094329833984
68.84920501708984, 48.61111068725586
68.84920501708984, 51.19047546386719
69.64286041259766, 51.984127044677734
74.4047622680664, 55.75396728515625
70.23809814453125, 55.55555725097656
66.66666412353516, 54.16666793823242
67.26190185546875, 53.769840240478516
67.26190185546875, 53.769840240478516
67.26190185546875, 54.16666793823242
66.26984405517578, 54.16666793823242
62.89682388305664, 74.4047622680664
60.912696838378906, 76.98412322998047
60.912696838378906, 76.98412322998047
58.53174591064453, 77.38095092773438
58.53174591064453, 77.38095092773438
61.30952453613281, 82.14286041259766
63.492061614990234, 83.33333587646484
69.04762268066406, 91.46825408935547
65.67460632324219, 93.45237731933594
63.095237731933594, 85.9126968383789
62.10317611694336, 78.96825408935547
63.095237731933594, 71.82539367675781
63.88888931274414, 74.4047622680664
63.88888931274414, 74.4047622680664
66.86508178710938, 79.16666412353516
66.86508178710938, 79.16666412353516
65.67460632324219, 72.02381134033203
69.64286041259766, 50.19841384887695
68.45237731933594, 45.0396842956543
65.87301635742188, 42.85714340209961
65.87301635742188, 42.85714340209961
65.87301635742188, 42.85714340209961
