actor_1,actor_2
45.43650817871094, 34.72222137451172
31.547618865966797, 33.730159759521484
39.68254089355469, 33.92856979370117
26.785715103149414, 31.746030807495117
39.68254089355469, 33.92856979370117
26.785715103149414, 31.746030807495117
36.507938385009766, 33.13492202758789
26.785715103149414, 31.746030807495117
32.14285659790039, 30.753969192504883
23.809524536132812, 30.158729553222656
32.14285659790039, 30.753969192504883
23.809524536132812, 30.158729553222656
29.16666603088379, 30.35714340209961
35.71428680419922, 35.515872955322266
29.16666603088379, 30.35714340209961
34.72222137451172, 33.730159759521484
26.785715103149414, 30.753969192504883
33.13492202758789, 32.341270446777344
25.396825790405273, 29.960317611694336
33.92856979370117, 33.53174591064453
25.396825790405273, 29.960317611694336
30.55555534362793, 30.952381134033203
34.72222137451172, 31.547618865966797
27.77777862548828, 31.349206924438477
33.92856979370117, 29.960317611694336
27.380952835083008, 31.150793075561523
34.126983642578125, 28.96825408935547
26.190475463867188, 30.55555534362793
31.746030807495117, 27.182538986206055
26.190475463867188, 30.55555534362793
29.16666603088379, 27.77777862548828
26.190475463867188, 30.55555534362793
27.380952835083008, 27.579364776611328
33.33333206176758, 27.182538986206055
27.380952835083008, 28.174602508544922
31.94444465637207, 26.190475463867188
27.380952835083008, 28.174602508544922
29.761905670166016, 26.38888931274414
27.380952835083008, 28.174602508544922
26.984127044677734, 26.190475463867188
