actor_1,actor_2
59.92063522338867, 50.79365158081055
51.19047546386719, 50.992061614990234
48.015872955322266, 51.19047546386719
49.60317611694336, 51.19047546386719
58.33333206176758, 51.984127044677734
49.60317611694336, 51.19047546386719
53.373016357421875, 50.595237731933594
47.42063522338867, 50.0
53.373016357421875, 50.595237731933594
47.42063522338867, 50.0
51.78571319580078, 49.80158615112305
47.42063522338867, 50.39682388305664
51.78571319580078, 49.80158615112305
47.42063522338867, 50.39682388305664
49.80158615112305, 48.015872955322266
47.22222137451172, 49.60317611694336
48.015872955322266, 48.61111068725586
52.18254089355469, 50.79365158081055
48.015872955322266, 48.61111068725586
50.39682388305664, 50.595237731933594
53.373016357421875, 51.19047546386719
48.80952453613281, 49.20634841918945
53.57143020629883, 48.80952453613281
46.626983642578125, 49.80158615112305
50.992061614990234, 48.412696838378906
46.626983642578125, 49.80158615112305
49.404762268066406, 48.21428680419922
46.626983642578125, 49.80158615112305
46.03174591064453, 48.412696838378906
50.0, 49.60317611694336
46.03174591064453, 48.412696838378906
