actor_1,actor_2
32.341270446777344, 50.39682388305664
34.72222137451172, 53.96825408935547
31.150793075561523, 46.82539749145508
31.547618865966797, 38.69047546386719
35.71428680419922, 38.69047546386719
38.29365158081055, 37.89682388305664
38.88888931274414, 35.71428680419922
44.44444274902344, 35.912696838378906
46.626983642578125, 37.89682388305664
51.984127044677734, 41.66666793823242
57.14285659790039, 44.0476188659668
58.13492202758789, 44.64285659790039
53.17460250854492, 44.64285659790039
52.57936477661133, 44.64285659790039
53.769840240478516, 45.63492202758789
52.77777862548828, 46.82539749145508
46.230159759521484, 48.015872955322266
41.86507797241211, 48.412696838378906
33.730159759521484, 47.22222137451172
23.41269874572754, 47.22222137451172
22.22222137451172, 47.22222137451172
27.77777862548828, 52.77777862548828
29.960317611694336, 54.56349182128906
29.16666603088379, 48.80952453613281
30.952381134033203, 44.841270446777344
33.53174591064453, 38.492061614990234
36.11111068725586, 37.30158615112305
37.5, 37.10317611694336
38.88888931274414, 35.71428680419922
39.880950927734375, 36.70634841918945
42.4603157043457, 39.484127044677734
49.80158615112305, 39.484127044677734
52.18254089355469, 41.269840240478516
60.31745910644531, 44.64285659790039
58.730159759521484, 46.82539749145508
56.74603271484375, 44.44444274902344
50.595237731933594, 45.83333206176758
49.80158615112305, 46.03174591064453
49.80158615112305, 46.03174591064453
49.20634841918945, 45.63492202758789
49.60317611694336, 45.83333206176758
49.007938385009766, 47.02381134033203
50.79365158081055, 48.015872955322266
43.650794982910156, 48.412696838378906
27.579364776611328, 48.61111068725586
23.809524536132812, 47.22222137451172
23.809524536132812, 47.22222137451172
24.80158805847168, 45.63492202758789
24.80158805847168, 45.63492202758789
24.80158805847168, 45.63492202758789
25.992063522338867, 44.24603271484375
25.0, 46.03174591064453
28.76984214782715, 49.007938385009766
28.174602508544922, 43.05555725097656
27.9761905670166, 43.650794982910156
29.16666603088379, 40.67460250854492
28.373016357421875, 38.88888931274414
27.77777862548828, 36.70634841918945
28.571428298950195, 38.095237731933594
28.571428298950195, 38.095237731933594
31.746030807495117, 38.095237731933594
38.492061614990234, 36.70634841918945
40.07936477661133, 35.71428680419922
40.27777862548828, 35.119049072265625
40.27777862548828, 35.119049072265625
41.269840240478516, 36.11111068725586
