actor_1,actor_2
49.60317611694336, 62.69841384887695
50.79365158081055, 73.01587677001953
46.42856979370117, 70.83333587646484
47.02381134033203, 59.32539749145508
52.380950927734375, 56.150794982910156
55.55555725097656, 52.77777862548828
54.9603157043457, 50.992061614990234
58.33333206176758, 52.18254089355469
58.730159759521484, 54.761905670166016
62.89682388305664, 56.150794982910156
67.65872955322266, 54.16666793823242
60.71428680419922, 50.595237731933594
54.9603157043457, 52.18254089355469
55.55555725097656, 53.57143020629883
56.349205017089844, 54.16666793823242
58.13492202758789, 55.9523811340332
57.738094329833984, 57.14285659790039
55.55555725097656, 58.13492202758789
42.85714340209961, 60.515872955322266
39.087303161621094, 61.904762268066406
36.30952453613281, 61.904762268066406
35.515872955322266, 62.5
37.30158615112305, 61.11111068725586
41.46825408935547, 63.095237731933594
44.44444274902344, 66.66666412353516
44.44444274902344, 66.46825408935547
42.261905670166016, 69.84127044677734
41.46825408935547, 64.28571319580078
41.269840240478516, 61.507938385009766
43.650794982910156, 61.70634841918945
47.81745910644531, 55.55555725097656
53.769840240478516, 51.19047546386719
54.9603157043457, 50.992061614990234
53.769840240478516, 49.404762268066406
56.74603271484375, 49.007938385009766
56.94444274902344, 50.595237731933594
