actor_1,actor_2
86.9047622680664, 100.0
78.96825408935547, 100.0
70.63491821289062, 91.66666412353516
67.46031951904297, 68.84920501708984
64.88095092773438, 58.730159759521484
62.89682388305664, 57.341270446777344
63.88888931274414, 61.11111068725586
67.06349182128906, 63.69047546386719
75.19841003417969, 70.63491821289062
70.43650817871094, 73.61111450195312
71.62698364257812, 69.44444274902344
67.85713958740234, 72.61904907226562
70.23809814453125, 68.65079498291016
67.85713958740234, 72.61904907226562
73.61111450195312, 72.22222137451172
69.04762268066406, 72.02381134033203
72.22222137451172, 71.62698364257812
69.04762268066406, 72.02381134033203
72.22222137451172, 71.62698364257812
69.04762268066406, 72.02381134033203
67.85713958740234, 69.44444274902344
62.69841384887695, 58.53174591064453
65.0793685913086, 65.67460632324219
62.69841384887695, 58.53174591064453
62.10317611694336, 62.5
62.69841384887695, 58.53174591064453
58.92856979370117, 57.93650817871094
63.095237731933594, 67.06349182128906
56.5476188659668, 57.93650817871094
59.126983642578125, 56.74603271484375
58.92856979370117, 57.93650817871094
62.30158615112305, 64.48412322998047
58.92856979370117, 57.93650817871094
57.738094329833984, 58.33333206176758
58.92856979370117, 57.93650817871094
57.738094329833984, 58.33333206176758
