actor_1,actor_2
88.88888549804688, 91.86508178710938
92.46031951904297, 97.4206314086914
86.9047622680664, 92.65872955322266
86.11111450195312, 79.36508178710938
90.87301635742188, 76.19047546386719
98.21428680419922, 72.4206314086914
95.83333587646484, 71.82539367675781
88.0952377319336, 69.04762268066406
80.55555725097656, 65.0793685913086
72.61904907226562, 67.06349182128906
66.66666412353516, 75.0
61.904762268066406, 79.56349182128906
64.68254089355469, 79.16666412353516
68.05555725097656, 81.94444274902344
76.5873031616211, 92.46031951904297
79.36508178710938, 95.23809814453125
78.17460632324219, 92.46031951904297
75.5952377319336, 87.1031723022461
75.9920654296875, 82.34127044677734
75.9920654296875, 82.34127044677734
85.51587677001953, 75.5952377319336
85.9126968383789, 57.93650817871094
85.51587677001953, 52.97618865966797
89.0873031616211, 56.94444274902344
92.65872955322266, 59.52381134033203
94.44444274902344, 60.119049072265625
91.66666412353516, 59.52381134033203
82.93650817871094, 58.53174591064453
77.18254089355469, 55.55555725097656
76.5873031616211, 58.92856979370117
76.5873031616211, 58.92856979370117
75.9920654296875, 60.71428680419922
74.20635223388672, 62.10317611694336
68.05555725097656, 74.6031723022461
58.730159759521484, 75.3968276977539
58.730159759521484, 75.3968276977539
58.53174591064453, 74.0079345703125
58.53174591064453, 74.0079345703125
62.89682388305664, 74.4047622680664
65.47618865966797, 76.5873031616211
73.21428680419922, 87.5
77.97618865966797, 90.87301635742188
77.18254089355469, 86.9047622680664
74.4047622680664, 81.15079498291016
73.4126968383789, 74.20635223388672
72.22222137451172, 76.19047546386719
72.22222137451172, 76.19047546386719
75.9920654296875, 82.14286041259766
75.9920654296875, 82.14286041259766
77.18254089355469, 81.94444274902344
84.52381134033203, 64.0873031616211
83.13491821289062, 51.587303161621094
81.34920501708984, 49.20634841918945
81.34920501708984, 49.20634841918945
81.34920501708984, 49.20634841918945
