actor_1,actor_2
84.12698364257812, 100.0
83.92857360839844, 100.0
80.55555725097656, 100.0
80.15872955322266, 88.0952377319336
78.96825408935547, 71.23015594482422
90.87301635742188, 66.86508178710938
95.43650817871094, 68.45237731933594
100.0, 67.46031951904297
97.61904907226562, 65.47618865966797
92.65872955322266, 57.738094329833984
89.28571319580078, 57.5396842956543
83.13491821289062, 59.92063522338867
83.13491821289062, 59.92063522338867
75.0, 65.27777862548828
66.66666412353516, 75.0
61.70634841918945, 75.9920654296875
58.13492202758789, 75.19841003417969
58.13492202758789, 75.19841003417969
59.52381134033203, 73.80952453613281
63.095237731933594, 81.54762268066406
67.65872955322266, 95.63491821289062
68.65079498291016, 97.81745910644531
66.07142639160156, 94.24603271484375
64.88095092773438, 90.47618865966797
63.69047546386719, 82.14286041259766
65.67460632324219, 87.5
63.29365158081055, 86.30952453613281
67.06349182128906, 89.88095092773438
74.20635223388672, 84.32539367675781
81.15079498291016, 58.33333206176758
82.14286041259766, 55.35714340209961
78.17460632324219, 51.78571319580078
73.80952453613281, 49.404762268066406
