actor_1,actor_2
45.83333206176758, 54.761905670166016
57.341270446777344, 62.5
58.730159759521484, 67.26190185546875
63.492061614990234, 63.095237731933594
74.20635223388672, 67.06349182128906
73.21428680419922, 61.70634841918945
62.69841384887695, 56.349205017089844
56.5476188659668, 44.44444274902344
52.57936477661133, 38.095237731933594
50.19841384887695, 35.119049072265625
33.33333206176758, 33.13492202758789
31.547618865966797, 31.547618865966797
28.96825408935547, 30.753969192504883
27.579364776611328, 28.571428298950195
26.984127044677734, 28.76984214782715
26.984127044677734, 28.76984214782715
27.9761905670166, 32.738094329833984
29.960317611694336, 35.31745910644531
32.5396842956543, 38.69047546386719
38.69047546386719, 46.42856979370117
46.626983642578125, 51.38888931274414
50.0, 55.35714340209961
50.19841384887695, 54.36507797241211
50.19841384887695, 54.36507797241211
50.19841384887695, 54.36507797241211
50.595237731933594, 58.730159759521484
50.595237731933594, 58.730159759521484
54.16666793823242, 67.85713958740234
55.35714340209961, 63.88888931274414
63.29365158081055, 67.46031951904297
75.0, 60.31745910644531
77.5793685913086, 57.14285659790039
77.77777862548828, 58.13492202758789
77.77777862548828, 58.13492202758789
