actor_1,actor_2
47.22222137451172, 69.24603271484375
51.19047546386719, 67.46031951904297
49.007938385009766, 64.0873031616211
53.373016357421875, 60.912696838378906
59.92063522338867, 60.119049072265625
66.26984405517578, 52.97618865966797
68.45237731933594, 50.19841384887695
77.5793685913086, 53.96825408935547
79.56349182128906, 55.35714340209961
81.94444274902344, 57.5396842956543
83.92857360839844, 60.119049072265625
78.57142639160156, 53.96825408935547
73.80952453613281, 50.0
73.80952453613281, 50.0
72.4206314086914, 49.007938385009766
65.67460632324219, 48.412696838378906
55.35714340209961, 48.80952453613281
51.38888931274414, 50.79365158081055
31.547618865966797, 49.80158615112305
29.563491821289062, 47.81745910644531
28.96825408935547, 47.619049072265625
28.571428298950195, 47.619049072265625
30.35714340209961, 48.80952453613281
31.349206924438477, 50.39682388305664
31.746030807495117, 49.60317611694336
37.69841384887695, 55.55555725097656
41.07143020629883, 63.095237731933594
44.0476188659668, 59.52381134033203
43.05555725097656, 59.126983642578125
43.650794982910156, 58.13492202758789
43.650794982910156, 56.150794982910156
43.650794982910156, 56.150794982910156
42.658729553222656, 56.74603271484375
43.650794982910156, 57.5396842956543
43.650794982910156, 57.5396842956543
48.21428680419922, 59.72222137451172
65.47618865966797, 51.984127044677734
75.0, 51.19047546386719
75.0, 51.38888931274414
75.0, 51.38888931274414
