actor_1,actor_2
75.19841003417969, 81.34920501708984
69.64286041259766, 73.61111450195312
65.0793685913086, 68.25396728515625
62.10317611694336, 58.13492202758789
67.85713958740234, 58.53174591064453
73.61111450195312, 59.92063522338867
79.76190185546875, 68.05555725097656
79.96031951904297, 64.48412322998047
75.79364776611328, 63.29365158081055
74.6031723022461, 62.10317611694336
72.22222137451172, 68.25396728515625
70.23809814453125, 68.84920501708984
68.45237731933594, 68.84920501708984
66.66666412353516, 68.45237731933594
66.07142639160156, 69.84127044677734
66.07142639160156, 69.84127044677734
66.46825408935547, 72.61904907226562
68.05555725097656, 73.21428680419922
69.64286041259766, 71.62698364257812
68.25396728515625, 73.61111450195312
66.86508178710938, 67.65872955322266
60.515872955322266, 60.515872955322266
66.86508178710938, 71.23015594482422
62.89682388305664, 66.07142639160156
57.341270446777344, 58.92856979370117
57.341270446777344, 58.92856979370117
57.5396842956543, 59.92063522338867
57.5396842956543, 59.92063522338867
58.13492202758789, 62.5
58.13492202758789, 62.5
60.912696838378906, 62.69841384887695
61.904762268066406, 63.69047546386719
60.119049072265625, 50.79365158081055
57.341270446777344, 44.24603271484375
56.349205017089844, 42.85714340209961
56.349205017089844, 42.85714340209961
59.72222137451172, 44.24603271484375
