actor_1,actor_2
68.25396728515625, 77.38095092773438
63.095237731933594, 75.19841003417969
55.9523811340332, 67.85713958740234
58.53174591064453, 58.13492202758789
65.0793685913086, 61.30952453613281
74.20635223388672, 64.28571319580078
83.73015594482422, 67.06349182128906
77.5793685913086, 57.93650817871094
70.23809814453125, 54.56349182128906
63.492061614990234, 51.78571319580078
53.96825408935547, 56.94444274902344
50.19841384887695, 58.13492202758789
52.57936477661133, 64.68254089355469
54.761905670166016, 68.84920501708984
57.5396842956543, 75.3968276977539
55.75396728515625, 74.6031723022461
51.19047546386719, 69.84127044677734
51.38888931274414, 64.28571319580078
50.595237731933594, 59.126983642578125
50.595237731933594, 59.126983642578125
58.13492202758789, 57.738094329833984
56.5476188659668, 48.80952453613281
58.33333206176758, 46.42856979370117
61.507938385009766, 49.007938385009766
63.29365158081055, 52.18254089355469
70.63491821289062, 55.158729553222656
75.19841003417969, 58.53174591064453
70.43650817871094, 52.97618865966797
65.67460632324219, 51.19047546386719
63.29365158081055, 50.39682388305664
63.29365158081055, 50.39682388305664
63.69047546386719, 51.38888931274414
65.87301635742188, 51.587303161621094
55.55555725097656, 58.92856979370117
46.82539749145508, 60.71428680419922
46.82539749145508, 60.71428680419922
44.64285659790039, 57.5396842956543
44.64285659790039, 57.5396842956543
49.404762268066406, 61.30952453613281
50.79365158081055, 65.0793685913086
55.158729553222656, 70.03968048095703
53.769840240478516, 71.42857360839844
50.79365158081055, 66.46825408935547
49.404762268066406, 59.32539749145508
47.42063522338867, 56.349205017089844
47.42063522338867, 57.738094329833984
47.42063522338867, 57.738094329833984
50.39682388305664, 64.28571319580078
50.39682388305664, 64.28571319580078
54.16666793823242, 61.11111068725586
62.69841384887695, 51.78571319580078
58.33333206176758, 45.238094329833984
58.13492202758789, 44.24603271484375
58.13492202758789, 44.24603271484375
58.13492202758789, 44.24603271484375
