actor_1,actor_2
90.47618865966797, 98.80952453613281
85.51587677001953, 100.0
80.15872955322266, 98.21428680419922
84.52381134033203, 89.48412322998047
87.1031723022461, 83.53174591064453
90.67460632324219, 82.53968048095703
92.46031951904297, 86.5079345703125
98.01587677001953, 85.11904907226562
100.0, 84.32539367675781
100.0, 73.80952453613281
86.11111450195312, 70.83333587646484
80.95237731933594, 68.84920501708984
80.95237731933594, 68.84920501708984
77.18254089355469, 70.43650817871094
66.46825408935547, 70.43650817871094
64.28571319580078, 71.23015594482422
62.69841384887695, 70.63491821289062
62.69841384887695, 70.63491821289062
67.46031951904297, 74.20635223388672
72.81745910644531, 78.37301635742188
76.78571319580078, 89.48412322998047
75.3968276977539, 92.06349182128906
70.03968048095703, 87.1031723022461
69.24603271484375, 83.53174591064453
67.06349182128906, 79.16666412353516
68.25396728515625, 82.53968048095703
69.04762268066406, 86.30952453613281
72.4206314086914, 87.5
82.53968048095703, 88.88888549804688
91.86508178710938, 77.77777862548828
90.0793685913086, 75.19841003417969
87.1031723022461, 72.4206314086914
85.71428680419922, 71.62698364257812
