actor_1,actor_2
75.5952377319336, 81.94444274902344
69.04762268066406, 84.72222137451172
62.30158615112305, 76.78571319580078
64.88095092773438, 66.66666412353516
67.65872955322266, 60.912696838378906
70.03968048095703, 60.119049072265625
72.02381134033203, 65.67460632324219
78.57142639160156, 65.47618865966797
93.45237731933594, 67.26190185546875
85.31745910644531, 59.92063522338867
71.82539367675781, 58.13492202758789
68.84920501708984, 57.5396842956543
68.84920501708984, 57.5396842956543
65.87301635742188, 58.92856979370117
56.5476188659668, 59.32539749145508
54.36507797241211, 60.515872955322266
53.57143020629883, 60.515872955322266
53.57143020629883, 60.515872955322266
57.738094329833984, 62.69841384887695
61.904762268066406, 66.07142639160156
64.0873031616211, 74.4047622680664
60.912696838378906, 74.80158996582031
54.16666793823242, 68.05555725097656
53.17460250854492, 63.29365158081055
51.38888931274414, 59.52381134033203
52.18254089355469, 62.10317611694336
52.57936477661133, 65.47618865966797
55.75396728515625, 66.26984405517578
64.0873031616211, 66.66666412353516
70.63491821289062, 55.55555725097656
69.24603271484375, 53.17460250854492
65.47618865966797, 50.79365158081055
64.28571319580078, 50.19841384887695
