actor_1,actor_2
58.53174591064453, 74.6031723022461
58.730159759521484, 74.0079345703125
52.97618865966797, 66.26984405517578
58.730159759521484, 61.70634841918945
66.07142639160156, 60.31745910644531
73.80952453613281, 65.27777862548828
76.5873031616211, 71.03174591064453
90.87301635742188, 77.77777862548828
97.81745910644531, 78.96825408935547
86.30952453613281, 73.4126968383789
76.98412322998047, 70.23809814453125
72.4206314086914, 68.45237731933594
72.4206314086914, 68.45237731933594
59.72222137451172, 67.26190185546875
42.658729553222656, 59.32539749145508
41.07143020629883, 58.730159759521484
42.06349182128906, 59.126983642578125
49.007938385009766, 63.69047546386719
53.769840240478516, 66.46825408935547
50.79365158081055, 65.47618865966797
47.02381134033203, 60.119049072265625
49.20634841918945, 60.71428680419922
49.20634841918945, 55.9523811340332
51.38888931274414, 56.74603271484375
69.64286041259766, 60.912696838378906
72.02381134033203, 59.32539749145508
78.37301635742188, 60.31745910644531
80.75396728515625, 65.87301635742188
84.32539367675781, 71.03174591064453
88.4920654296875, 75.19841003417969
100.0, 79.36508178710938
94.64286041259766, 81.34920501708984
79.56349182128906, 70.43650817871094
78.57142639160156, 69.24603271484375
77.97618865966797, 69.44444274902344
76.38888549804688, 69.24603271484375
75.3968276977539, 68.05555725097656
71.42857360839844, 68.25396728515625
65.47618865966797, 66.07142639160156
41.86507797241211, 59.126983642578125
37.89682388305664, 53.57143020629883
37.89682388305664, 53.57143020629883
35.31745910644531, 52.380950927734375
36.11111068725586, 52.97618865966797
41.07143020629883, 56.94444274902344
47.02381134033203, 61.11111068725586
52.380950927734375, 62.10317611694336
46.626983642578125, 57.341270446777344
45.63492202758789, 54.16666793823242
45.0396842956543, 51.19047546386719
46.82539749145508, 50.79365158081055
46.626983642578125, 52.18254089355469
48.61111068725586, 54.761905670166016
52.57936477661133, 55.9523811340332
69.84127044677734, 56.150794982910156
74.80158996582031, 59.92063522338867
74.4047622680664, 60.119049072265625
78.17460632324219, 60.515872955322266
78.17460632324219, 60.515872955322266
