actor_1,actor_2
63.88888931274414, 60.31745910644531
45.63492202758789, 51.38888931274414
58.53174591064453, 60.31745910644531
61.11111068725586, 72.02381134033203
61.30952453613281, 71.62698364257812
60.119049072265625, 69.04762268066406
71.62698364257812, 62.89682388305664
80.75396728515625, 62.69841384887695
84.72222137451172, 62.5
92.46031951904297, 61.70634841918945
89.68254089355469, 52.97618865966797
75.3968276977539, 51.984127044677734
68.25396728515625, 51.19047546386719
65.87301635742188, 52.18254089355469
63.29365158081055, 51.78571319580078
50.19841384887695, 50.39682388305664
39.68254089355469, 51.984127044677734
37.69841384887695, 51.19047546386719
39.087303161621094, 49.80158615112305
42.261905670166016, 50.992061614990234
52.77777862548828, 56.74603271484375
55.75396728515625, 65.47618865966797
52.380950927734375, 67.46031951904297
51.78571319580078, 69.84127044677734
50.39682388305664, 66.66666412353516
54.761905670166016, 67.85713958740234
60.119049072265625, 70.83333587646484
78.57142639160156, 60.515872955322266
82.93650817871094, 58.13492202758789
82.53968048095703, 53.17460250854492
81.34920501708984, 52.57936477661133
83.53174591064453, 53.769840240478516
84.32539367675781, 53.96825408935547
91.26984405517578, 55.158729553222656
88.4920654296875, 52.380950927734375
79.76190185546875, 52.18254089355469
70.83333587646484, 49.80158615112305
68.84920501708984, 50.595237731933594
70.23809814453125, 49.404762268066406
69.44444274902344, 49.80158615112305
69.44444274902344, 50.19841384887695
69.44444274902344, 50.19841384887695
62.69841384887695, 51.587303161621094
44.44444274902344, 50.39682388305664
38.29365158081055, 50.39682388305664
36.30952453613281, 48.412696838378906
36.30952453613281, 48.412696838378906
36.904762268066406, 48.80952453613281
35.31745910644531, 48.80952453613281
