actor_1,actor_2
68.65079498291016, 63.69047546386719
65.0793685913086, 55.75396728515625
60.119049072265625, 53.57143020629883
53.769840240478516, 50.79365158081055
50.19841384887695, 48.412696838378906
50.0, 47.619049072265625
48.61111068725586, 47.619049072265625
48.21428680419922, 49.80158615112305
