actor_1,actor_2
71.23015594482422, 66.26984405517578
60.912696838378906, 59.32539749145508
53.769840240478516, 57.738094329833984
55.9523811340332, 60.119049072265625
65.67460632324219, 68.65079498291016
64.88095092773438, 66.46825408935547
63.492061614990234, 59.72222137451172
64.88095092773438, 66.46825408935547
63.492061614990234, 59.72222137451172
70.43650817871094, 64.68254089355469
68.84920501708984, 64.0873031616211
60.912696838378906, 59.32539749145508
53.769840240478516, 57.738094329833984
55.9523811340332, 60.119049072265625
54.9603157043457, 62.69841384887695
59.126983642578125, 66.26984405517578
59.92063522338867, 59.52381134033203
64.0873031616211, 66.07142639160156
63.69047546386719, 60.71428680419922
65.0793685913086, 68.65079498291016
65.87301635742188, 63.88888931274414
65.0793685913086, 68.65079498291016
65.87301635742188, 63.88888931274414
65.0793685913086, 66.46825408935547
65.87301635742188, 63.88888931274414
70.63491821289062, 64.28571319580078
69.24603271484375, 60.515872955322266
62.30158615112305, 60.912696838378906
54.56349182128906, 58.730159759521484
50.79365158081055, 61.70634841918945
48.412696838378906, 60.119049072265625
58.33333206176758, 67.06349182128906
61.904762268066406, 65.67460632324219
60.515872955322266, 59.52381134033203
64.0873031616211, 62.30158615112305
60.31745910644531, 60.71428680419922
64.0873031616211, 62.30158615112305
56.5476188659668, 59.32539749145508
62.89682388305664, 60.119049072265625
56.5476188659668, 59.32539749145508
61.70634841918945, 58.92856979370117
51.984127044677734, 56.349205017089844
59.32539749145508, 57.93650817871094
50.0, 54.16666793823242
57.5396842956543, 53.57143020629883
50.0, 54.16666793823242
55.9523811340332, 51.587303161621094
51.38888931274414, 54.36507797241211
54.36507797241211, 51.19047546386719
51.38888931274414, 54.36507797241211
50.39682388305664, 49.007938385009766
51.38888931274414, 54.36507797241211
50.39682388305664, 49.007938385009766
51.38888931274414, 54.36507797241211
