actor_1,actor_2
74.6031723022461, 55.55555725097656
66.66666412353516, 52.97618865966797
65.47618865966797, 55.158729553222656
61.11111068725586, 51.78571319580078
56.74603271484375, 52.18254089355469
56.74603271484375, 52.18254089355469
53.769840240478516, 50.79365158081055
54.761905670166016, 51.38888931274414
