actor_1,actor_2
41.86507797241211, 41.07143020629883
38.69047546386719, 37.5
35.71428680419922, 39.087303161621094
36.11111068725586, 39.28571319580078
38.88888931274414, 43.849205017089844
40.67460250854492, 42.85714340209961
37.69841384887695, 39.28571319580078
37.10317611694336, 35.515872955322266
39.484127044677734, 36.904762268066406
46.626983642578125, 38.492061614990234
46.626983642578125, 40.07936477661133
43.4523811340332, 37.89682388305664
38.095237731933594, 37.5
35.515872955322266, 37.89682388305664
31.547618865966797, 41.269840240478516
31.94444465637207, 41.46825408935547
33.730159759521484, 43.4523811340332
36.904762268066406, 45.0396842956543
35.31745910644531, 43.650794982910156
34.92063522338867, 36.70634841918945
35.515872955322266, 34.32539749145508
38.095237731933594, 39.087303161621094
38.69047546386719, 36.904762268066406
40.07936477661133, 35.71428680419922
47.619049072265625, 40.47618865966797
48.015872955322266, 38.69047546386719
45.83333206176758, 36.11111068725586
43.849205017089844, 38.29365158081055
39.087303161621094, 37.5
36.30952453613281, 38.492061614990234
32.341270446777344, 39.484127044677734
32.5396842956543, 41.86507797241211
32.5396842956543, 40.47618865966797
32.738094329833984, 43.05555725097656
34.92063522338867, 43.05555725097656
34.126983642578125, 36.70634841918945
35.71428680419922, 33.92856979370117
36.70634841918945, 41.46825408935547
36.70634841918945, 37.10317611694336
36.70634841918945, 37.10317611694336
36.70634841918945, 37.10317611694336
42.658729553222656, 37.69841384887695
48.21428680419922, 33.13492202758789
56.349205017089844, 31.349206924438477
60.119049072265625, 31.746030807495117
61.904762268066406, 36.507938385009766
61.507938385009766, 36.904762268066406
59.92063522338867, 34.72222137451172
60.71428680419922, 37.69841384887695
58.13492202758789, 38.69047546386719
48.61111068725586, 37.69841384887695
40.873016357421875, 38.88888931274414
34.126983642578125, 40.27777862548828
34.32539749145508, 40.07936477661133
32.93650817871094, 37.69841384887695
33.13492202758789, 37.89682388305664
32.738094329833984, 37.5
32.738094329833984, 36.30952453613281
31.547618865966797, 34.126983642578125
34.92063522338867, 36.70634841918945
38.88888931274414, 37.5
33.33333206176758, 34.32539749145508
38.095237731933594, 35.31745910644531
32.14285659790039, 33.33333206176758
33.92856979370117, 35.912696838378906
38.88888931274414, 37.5
33.33333206176758, 34.32539749145508
37.5, 35.119049072265625
