actor_1,actor_2
64.28571319580078, 64.48412322998047
59.52381134033203, 64.68254089355469
53.769840240478516, 56.349205017089844
52.97618865966797, 40.873016357421875
52.97618865966797, 34.126983642578125
56.74603271484375, 34.32539749145508
62.5, 42.4603157043457
57.14285659790039, 41.07143020629883
49.007938385009766, 38.29365158081055
42.658729553222656, 39.28571319580078
39.28571319580078, 45.83333206176758
39.28571319580078, 51.38888931274414
44.841270446777344, 57.14285659790039
49.80158615112305, 61.70634841918945
58.730159759521484, 69.44444274902344
58.53174591064453, 71.62698364257812
52.77777862548828, 69.84127044677734
53.769840240478516, 67.26190185546875
52.380950927734375, 58.92856979370117
52.380950927734375, 58.92856979370117
52.97618865966797, 39.68254089355469
48.21428680419922, 25.793651580810547
46.626983642578125, 24.007936477661133
48.412696838378906, 25.992063522338867
48.21428680419922, 26.785715103149414
49.80158615112305, 27.77777862548828
52.77777862548828, 35.71428680419922
50.19841384887695, 36.70634841918945
44.64285659790039, 34.52381134033203
41.07143020629883, 35.912696838378906
41.07143020629883, 35.912696838378906
41.86507797241211, 36.904762268066406
42.85714340209961, 37.69841384887695
39.484127044677734, 45.83333206176758
35.119049072265625, 52.380950927734375
35.119049072265625, 52.380950927734375
34.52381134033203, 50.39682388305664
34.52381134033203, 50.39682388305664
40.873016357421875, 52.97618865966797
44.44444274902344, 56.349205017089844
53.96825408935547, 66.46825408935547
55.35714340209961, 67.26190185546875
52.380950927734375, 63.69047546386719
50.19841384887695, 57.5396842956543
48.61111068725586, 53.17460250854492
49.007938385009766, 56.150794982910156
49.007938385009766, 56.150794982910156
53.17460250854492, 64.68254089355469
53.17460250854492, 64.68254089355469
55.158729553222656, 62.69841384887695
52.97618865966797, 29.761905670166016
45.238094329833984, 25.0
42.658729553222656, 22.817461013793945
42.658729553222656, 22.817461013793945
42.658729553222656, 22.817461013793945
