actor_1,actor_2
78.57142639160156, 80.15872955322266
73.4126968383789, 82.53968048095703
66.86508178710938, 74.4047622680664
62.30158615112305, 58.53174591064453
63.88888931274414, 57.738094329833984
68.45237731933594, 60.119049072265625
73.01587677001953, 61.904762268066406
64.0873031616211, 52.77777862548828
55.9523811340332, 50.0
53.373016357421875, 51.19047546386719
51.984127044677734, 55.9523811340332
49.007938385009766, 62.10317611694336
50.992061614990234, 67.65872955322266
56.74603271484375, 71.23015594482422
70.63491821289062, 84.12698364257812
68.65079498291016, 86.11111450195312
62.69841384887695, 84.32539367675781
61.507938385009766, 80.35713958740234
62.89682388305664, 74.6031723022461
62.89682388305664, 74.6031723022461
64.68254089355469, 56.94444274902344
58.33333206176758, 44.64285659790039
57.14285659790039, 44.24603271484375
57.341270446777344, 47.02381134033203
59.92063522338867, 47.81745910644531
62.5, 51.19047546386719
64.48412322998047, 52.97618865966797
58.13492202758789, 46.82539749145508
52.97618865966797, 44.841270446777344
49.404762268066406, 45.83333206176758
49.404762268066406, 45.83333206176758
50.595237731933594, 46.42856979370117
50.79365158081055, 49.007938385009766
54.36507797241211, 56.94444274902344
45.43650817871094, 62.30158615112305
45.43650817871094, 62.30158615112305
42.658729553222656, 58.730159759521484
42.658729553222656, 58.730159759521484
47.619049072265625, 62.30158615112305
52.77777862548828, 65.27777862548828
63.29365158081055, 78.17460632324219
65.67460632324219, 79.16666412353516
62.30158615112305, 76.98412322998047
60.31745910644531, 69.64286041259766
60.71428680419922, 65.87301635742188
59.92063522338867, 70.03968048095703
59.92063522338867, 70.03968048095703
63.095237731933594, 79.76190185546875
63.095237731933594, 79.76190185546875
65.47618865966797, 78.96825408935547
62.30158615112305, 52.18254089355469
55.55555725097656, 44.44444274902344
54.16666793823242, 42.261905670166016
54.16666793823242, 42.261905670166016
54.16666793823242, 42.261905670166016
