actor_1,actor_2
66.86508178710938, 72.81745910644531
63.492061614990234, 81.74603271484375
60.31745910644531, 79.36508178710938
60.515872955322266, 68.84920501708984
61.904762268066406, 62.10317611694336
63.29365158081055, 56.5476188659668
61.70634841918945, 54.56349182128906
62.69841384887695, 55.158729553222656
62.30158615112305, 53.769840240478516
65.87301635742188, 54.56349182128906
69.84127044677734, 55.35714340209961
67.46031951904297, 51.19047546386719
62.10317611694336, 50.0
60.515872955322266, 50.79365158081055
60.31745910644531, 51.78571319580078
62.30158615112305, 52.97618865966797
62.5, 54.56349182128906
62.69841384887695, 55.75396728515625
55.9523811340332, 62.5
58.33333206176758, 65.0793685913086
57.341270446777344, 66.86508178710938
58.730159759521484, 67.46031951904297
58.53174591064453, 66.46825408935547
58.33333206176758, 65.47618865966797
59.92063522338867, 65.87301635742188
65.0793685913086, 69.64286041259766
66.86508178710938, 77.18254089355469
66.66666412353516, 80.15872955322266
64.68254089355469, 79.56349182128906
63.69047546386719, 77.38095092773438
63.29365158081055, 73.01587677001953
63.29365158081055, 73.01587677001953
60.31745910644531, 72.4206314086914
60.31745910644531, 74.4047622680664
60.31745910644531, 74.4047622680664
58.33333206176758, 69.64286041259766
63.88888931274414, 56.150794982910156
62.89682388305664, 53.17460250854492
60.912696838378906, 51.38888931274414
60.912696838378906, 51.38888931274414
