actor_1,actor_2
49.60317611694336, 43.650794982910156
38.095237731933594, 44.64285659790039
47.02381134033203, 43.25396728515625
36.507938385009766, 43.650794982910156
47.02381134033203, 43.25396728515625
36.507938385009766, 43.650794982910156
45.0396842956543, 42.261905670166016
36.507938385009766, 43.650794982910156
41.86507797241211, 42.261905670166016
43.25396728515625, 40.47618865966797
41.86507797241211, 42.261905670166016
43.25396728515625, 40.47618865966797
40.07936477661133, 41.46825408935547
43.4523811340332, 41.07143020629883
40.07936477661133, 41.46825408935547
43.4523811340332, 41.07143020629883
35.71428680419922, 41.07143020629883
42.658729553222656, 39.28571319580078
35.71428680419922, 41.07143020629883
42.658729553222656, 40.47618865966797
35.71428680419922, 41.07143020629883
43.4523811340332, 42.06349182128906
35.31745910644531, 39.880950927734375
41.66666793823242, 40.67460250854492
38.29365158081055, 43.849205017089844
43.650794982910156, 43.650794982910156
35.912696838378906, 38.492061614990234
40.67460250854492, 39.087303161621094
36.70634841918945, 40.873016357421875
36.30952453613281, 38.29365158081055
42.261905670166016, 35.515872955322266
35.912696838378906, 36.904762268066406
39.880950927734375, 33.730159759521484
35.912696838378906, 36.904762268066406
38.29365158081055, 33.53174591064453
36.904762268066406, 35.912696838378906
37.30158615112305, 39.880950927734375
36.904762268066406, 35.912696838378906
