actor_1,actor_2
79.36508178710938, 65.27777862548828
77.97618865966797, 64.88095092773438
76.19047546386719, 66.46825408935547
75.5952377319336, 68.05555725097656
73.80952453613281, 71.03174591064453
72.22222137451172, 72.81745910644531
73.4126968383789, 70.03968048095703
72.22222137451172, 71.82539367675781
