actor_1,actor_2
93.05555725097656, 100.0
86.30952453613281, 100.0
83.13491821289062, 100.0
85.11904907226562, 84.32539367675781
92.65872955322266, 78.17460632324219
97.81745910644531, 76.98412322998047
100.0, 76.19047546386719
98.21428680419922, 69.24603271484375
93.45237731933594, 66.66666412353516
89.88095092773438, 67.06349182128906
83.92857360839844, 77.77777862548828
81.74603271484375, 79.36508178710938
81.15079498291016, 80.75396728515625
78.37301635742188, 78.37301635742188
78.37301635742188, 78.37301635742188
