actor_1,actor_2
59.72222137451172, 67.06349182128906
53.17460250854492, 68.65079498291016
51.38888931274414, 61.70634841918945
55.9523811340332, 47.81745910644531
62.10317611694336, 41.46825408935547
65.67460632324219, 42.4603157043457
71.03174591064453, 43.849205017089844
68.45237731933594, 38.492061614990234
62.5, 36.904762268066406
60.515872955322266, 36.70634841918945
49.404762268066406, 44.64285659790039
47.81745910644531, 47.619049072265625
46.42856979370117, 48.61111068725586
44.24603271484375, 45.63492202758789
43.4523811340332, 45.43650817871094
43.4523811340332, 45.43650817871094
44.64285659790039, 50.0
45.83333206176758, 51.587303161621094
47.42063522338867, 56.150794982910156
50.595237731933594, 65.0793685913086
48.80952453613281, 63.492061614990234
49.404762268066406, 57.5396842956543
50.39682388305664, 53.373016357421875
50.39682388305664, 53.373016357421875
50.39682388305664, 53.373016357421875
50.0, 57.341270446777344
50.0, 57.341270446777344
54.56349182128906, 68.45237731933594
56.150794982910156, 67.46031951904297
58.33333206176758, 62.69841384887695
67.06349182128906, 38.492061614990234
71.23015594482422, 36.70634841918945
69.44444274902344, 35.31745910644531
69.44444274902344, 35.31745910644531
