actor_1,actor_2
79.16666412353516, 67.06349182128906
82.53968048095703, 63.492061614990234
80.35713958740234, 65.87301635742188
76.5873031616211, 66.66666412353516
72.22222137451172, 67.06349182128906
72.02381134033203, 66.46825408935547
68.25396728515625, 68.25396728515625
68.84920501708984, 68.45237731933594
