actor_1,actor_2
47.81745910644531, 61.904762268066406
43.05555725097656, 68.45237731933594
38.492061614990234, 66.46825408935547
38.492061614990234, 56.150794982910156
45.83333206176758, 47.22222137451172
44.841270446777344, 42.261905670166016
41.86507797241211, 39.087303161621094
41.86507797241211, 40.67460250854492
36.904762268066406, 38.492061614990234
37.10317611694336, 38.29365158081055
38.095237731933594, 35.912696838378906
37.10317611694336, 38.29365158081055
38.095237731933594, 35.912696838378906
