actor_1,actor_2
45.43650817871094, 62.69841384887695
42.06349182128906, 58.92856979370117
36.11111068725586, 54.56349182128906
38.29365158081055, 44.64285659790039
40.67460250854492, 38.095237731933594
41.07143020629883, 37.30158615112305
41.07143020629883, 38.492061614990234
44.64285659790039, 41.46825408935547
49.60317611694336, 44.24603271484375
45.0396842956543, 47.22222137451172
47.42063522338867, 46.03174591064453
45.63492202758789, 49.60317611694336
48.412696838378906, 44.64285659790039
45.63492202758789, 49.60317611694336
50.0, 46.42856979370117
47.619049072265625, 49.60317611694336
49.20634841918945, 47.02381134033203
47.619049072265625, 49.60317611694336
49.20634841918945, 47.02381134033203
47.619049072265625, 49.60317611694336
47.81745910644531, 45.63492202758789
48.80952453613281, 48.412696838378906
41.86507797241211, 49.404762268066406
49.404762268066406, 49.20634841918945
43.4523811340332, 50.19841384887695
48.61111068725586, 49.60317611694336
45.83333206176758, 42.4603157043457
48.61111068725586, 49.60317611694336
41.46825408935547, 41.07143020629883
47.81745910644531, 46.230159759521484
43.4523811340332, 50.0
46.230159759521484, 47.42063522338867
38.69047546386719, 41.07143020629883
38.492061614990234, 38.69047546386719
38.29365158081055, 37.89682388305664
36.70634841918945, 37.10317611694336
36.904762268066406, 36.30952453613281
36.70634841918945, 37.10317611694336
36.904762268066406, 36.30952453613281
36.70634841918945, 37.10317611694336
