actor_1,actor_2
58.92856979370117, 76.78571319580078
54.16666793823242, 70.83333587646484
47.02381134033203, 66.66666412353516
48.015872955322266, 56.150794982910156
49.404762268066406, 49.20634841918945
48.80952453613281, 47.81745910644531
48.61111068725586, 50.0
45.83333206176758, 46.82539749145508
46.230159759521484, 43.650794982910156
44.24603271484375, 44.24603271484375
44.44444274902344, 46.42856979370117
44.24603271484375, 44.24603271484375
44.44444274902344, 46.42856979370117
44.24603271484375, 44.24603271484375
44.44444274902344, 46.42856979370117
