actor_1,actor_2
80.75396728515625, 85.71428680419922
75.9920654296875, 80.35713958740234
68.65079498291016, 78.96825408935547
69.24603271484375, 69.04762268066406
76.98412322998047, 71.23015594482422
81.94444274902344, 66.66666412353516
86.70635223388672, 69.24603271484375
76.19047546386719, 62.30158615112305
67.26190185546875, 55.9523811340332
62.10317611694336, 53.96825408935547
57.341270446777344, 59.92063522338867
56.5476188659668, 62.69841384887695
60.912696838378906, 73.4126968383789
66.26984405517578, 81.54762268066406
74.0079345703125, 89.48412322998047
71.42857360839844, 86.30952453613281
63.88888931274414, 87.1031723022461
62.69841384887695, 84.12698364257812
65.0793685913086, 75.5952377319336
65.0793685913086, 75.5952377319336
70.83333587646484, 70.23809814453125
71.03174591064453, 62.5
70.83333587646484, 61.70634841918945
72.81745910644531, 64.0873031616211
74.0079345703125, 65.0793685913086
81.54762268066406, 61.507938385009766
83.33333587646484, 62.30158615112305
74.6031723022461, 58.33333206176758
66.66666412353516, 53.57143020629883
62.10317611694336, 52.57936477661133
62.10317611694336, 52.57936477661133
63.69047546386719, 51.984127044677734
63.29365158081055, 51.19047546386719
60.71428680419922, 58.730159759521484
52.18254089355469, 63.095237731933594
52.18254089355469, 63.095237731933594
48.21428680419922, 57.14285659790039
48.21428680419922, 57.14285659790039
