actor_1,actor_2
27.579364776611328, 26.38888931274414
25.595237731933594, 29.761905670166016
27.579364776611328, 26.984127044677734
25.396825790405273, 29.960317611694336
27.579364776611328, 26.984127044677734
25.396825790405273, 29.960317611694336
26.984127044677734, 27.579364776611328
28.96825408935547, 23.015872955322266
26.984127044677734, 27.579364776611328
28.96825408935547, 23.015872955322266
26.984127044677734, 27.579364776611328
28.96825408935547, 23.015872955322266
25.595237731933594, 28.571428298950195
29.761905670166016, 23.61111068725586
25.595237731933594, 28.571428298950195
29.761905670166016, 23.61111068725586
25.595237731933594, 28.571428298950195
29.761905670166016, 23.61111068725586
25.595237731933594, 28.174602508544922
28.76984214782715, 24.007936477661133
25.793651580810547, 27.9761905670166
28.76984214782715, 23.809524536132812
25.793651580810547, 27.9761905670166
28.76984214782715, 24.206348419189453
25.19841194152832, 28.373016357421875
27.9761905670166, 25.19841194152832
25.19841194152832, 28.373016357421875
27.9761905670166, 25.19841194152832
25.19841194152832, 28.373016357421875
26.984127044677734, 25.992063522338867
25.992063522338867, 28.96825408935547
27.579364776611328, 26.58730125427246
26.38888931274414, 28.96825408935547
27.579364776611328, 26.984127044677734
26.38888931274414, 28.96825408935547
26.984127044677734, 27.579364776611328
28.96825408935547, 25.595237731933594
26.984127044677734, 27.579364776611328
27.182538986206055, 27.579364776611328
27.77777862548828, 25.595237731933594
27.182538986206055, 28.174602508544922
27.579364776611328, 26.58730125427246
27.182538986206055, 28.174602508544922
26.984127044677734, 27.579364776611328
27.77777862548828, 25.595237731933594
27.579364776611328, 28.174602508544922
