actor_1,actor_2
79.76190185546875, 86.5079345703125
80.95237731933594, 82.73809814453125
80.75396728515625, 79.16666412353516
84.32539367675781, 71.23015594482422
86.11111450195312, 73.01587677001953
77.18254089355469, 65.87301635742188
74.20635223388672, 67.26190185546875
68.65079498291016, 68.05555725097656
66.07142639160156, 70.03968048095703
63.29365158081055, 70.03968048095703
67.26190185546875, 70.63491821289062
69.04762268066406, 72.81745910644531
68.84920501708984, 81.15079498291016
70.83333587646484, 78.76984405517578
72.02381134033203, 74.4047622680664
72.22222137451172, 70.83333587646484
74.4047622680664, 86.11111450195312
74.6031723022461, 79.56349182128906
73.4126968383789, 72.4206314086914
74.6031723022461, 79.56349182128906
76.5873031616211, 75.19841003417969
78.37301635742188, 84.12698364257812
79.36508178710938, 70.43650817871094
83.73015594482422, 66.07142639160156
89.48412322998047, 64.68254089355469
90.47618865966797, 64.88095092773438
83.33333587646484, 59.32539749145508
79.16666412353516, 61.30952453613281
72.22222137451172, 63.29365158081055
67.65872955322266, 64.28571319580078
64.48412322998047, 65.0793685913086
64.48412322998047, 68.84920501708984
64.48412322998047, 67.06349182128906
68.05555725097656, 70.03968048095703
67.26190185546875, 71.03174591064453
67.26190185546875, 72.02381134033203
67.06349182128906, 75.79364776611328
72.4206314086914, 78.37301635742188
72.22222137451172, 70.43650817871094
72.02381134033203, 70.83333587646484
63.88888931274414, 63.492061614990234
64.28571319580078, 64.28571319580078
66.86508178710938, 66.07142639160156
