actor_1,actor_2
76.5873031616211, 87.30158996582031
71.23015594482422, 81.54762268066406
66.26984405517578, 76.19047546386719
70.03968048095703, 71.42857360839844
79.16666412353516, 67.85713958740234
87.1031723022461, 71.62698364257812
88.88888549804688, 73.21428680419922
100.0, 79.56349182128906
100.0, 86.9047622680664
100.0, 79.16666412353516
97.22222137451172, 73.80952453613281
86.5079345703125, 72.02381134033203
86.5079345703125, 72.02381134033203
75.5952377319336, 70.03968048095703
60.71428680419922, 68.65079498291016
58.53174591064453, 68.05555725097656
54.16666793823242, 65.87301635742188
54.16666793823242, 65.87301635742188
55.35714340209961, 65.27777862548828
57.738094329833984, 69.24603271484375
62.89682388305664, 77.5793685913086
60.912696838378906, 72.61904907226562
55.35714340209961, 68.25396728515625
55.75396728515625, 67.26190185546875
56.5476188659668, 64.0873031616211
58.730159759521484, 66.46825408935547
61.11111068725586, 70.23809814453125
63.492061614990234, 72.4206314086914
71.62698364257812, 71.62698364257812
87.69841003417969, 67.85713958740234
90.87301635742188, 68.25396728515625
91.86508178710938, 67.26190185546875
91.86508178710938, 67.26190185546875
93.45237731933594, 71.03174591064453
95.03968048095703, 72.02381134033203
100.0, 79.96031951904297
100.0, 86.5079345703125
100.0, 79.16666412353516
100.0, 75.3968276977539
95.83333587646484, 75.0
95.83333587646484, 75.0
93.45237731933594, 74.80158996582031
91.66666412353516, 75.19841003417969
87.5, 74.20635223388672
77.5793685913086, 71.23015594482422
60.119049072265625, 69.44444274902344
56.150794982910156, 67.06349182128906
51.78571319580078, 65.67460632324219
49.80158615112305, 64.68254089355469
