actor_1,actor_2
59.92063522338867, 57.5396842956543
53.57143020629883, 44.841270446777344
49.007938385009766, 45.83333206176758
44.841270446777344, 45.63492202758789
45.0396842956543, 45.43650817871094
47.22222137451172, 45.83333206176758
45.0396842956543, 45.43650817871094
47.22222137451172, 45.83333206176758
42.658729553222656, 43.4523811340332
44.64285659790039, 43.650794982910156
42.658729553222656, 43.4523811340332
44.64285659790039, 43.650794982910156
40.67460250854492, 43.25396728515625
44.64285659790039, 43.650794982910156
40.67460250854492, 43.25396728515625
