actor_1,actor_2
85.51587677001953, 89.68254089355469
72.4206314086914, 82.14286041259766
65.67460632324219, 71.42857360839844
62.5, 57.14285659790039
64.88095092773438, 53.769840240478516
69.44444274902344, 59.72222137451172
78.96825408935547, 67.46031951904297
75.19841003417969, 59.72222137451172
66.66666412353516, 57.341270446777344
58.730159759521484, 56.349205017089844
64.0873031616211, 64.0873031616211
62.30158615112305, 69.44444274902344
64.48412322998047, 71.42857360839844
62.89682388305664, 70.23809814453125
66.07142639160156, 74.0079345703125
69.84127044677734, 77.5793685913086
75.0, 89.0873031616211
70.43650817871094, 87.1031723022461
65.0793685913086, 79.16666412353516
60.119049072265625, 70.43650817871094
57.5396842956543, 64.28571319580078
60.912696838378906, 69.84127044677734
60.912696838378906, 69.84127044677734
65.47618865966797, 74.4047622680664
64.0873031616211, 66.86508178710938
63.492061614990234, 47.42063522338867
59.92063522338867, 44.0476188659668
60.71428680419922, 44.24603271484375
60.71428680419922, 44.24603271484375
60.71428680419922, 44.24603271484375
60.71428680419922, 44.24603271484375
