actor_1,actor_2
79.56349182128906, 96.23015594482422
75.9920654296875, 98.4126968383789
77.18254089355469, 93.25396728515625
78.17460632324219, 83.33333587646484
78.76984405517578, 78.57142639160156
78.17460632324219, 72.81745910644531
75.9920654296875, 73.21428680419922
75.3968276977539, 74.80158996582031
81.74603271484375, 75.19841003417969
75.5952377319336, 71.23015594482422
67.65872955322266, 69.64286041259766
74.6031723022461, 75.3968276977539
78.17460632324219, 79.36508178710938
74.80158996582031, 73.21428680419922
78.17460632324219, 79.36508178710938
73.80952453613281, 70.83333587646484
75.5952377319336, 76.38888549804688
73.80952453613281, 70.83333587646484
78.57142639160156, 75.0
79.96031951904297, 72.02381134033203
69.84127044677734, 68.84920501708984
64.88095092773438, 68.65079498291016
68.84920501708984, 70.83333587646484
75.3968276977539, 76.5873031616211
73.4126968383789, 74.20635223388672
73.80952453613281, 70.83333587646484
72.61904907226562, 71.23015594482422
72.02381134033203, 73.4126968383789
72.02381134033203, 69.84127044677734
71.23015594482422, 73.21428680419922
72.02381134033203, 69.84127044677734
70.03968048095703, 74.0079345703125
69.64286041259766, 68.25396728515625
69.04762268066406, 72.22222137451172
69.64286041259766, 68.25396728515625
68.25396728515625, 69.04762268066406
69.64286041259766, 68.25396728515625
68.05555725097656, 67.46031951904297
64.0873031616211, 70.43650817871094
68.05555725097656, 67.46031951904297
63.69047546386719, 69.04762268066406
66.46825408935547, 66.26984405517578
63.095237731933594, 63.29365158081055
66.46825408935547, 66.26984405517578
