actor_1,actor_2
62.30158615112305, 80.55555725097656
68.05555725097656, 82.14286041259766
67.46031951904297, 77.97618865966797
67.65872955322266, 69.04762268066406
72.61904907226562, 64.88095092773438
77.38095092773438, 62.5
78.76984405517578, 64.68254089355469
79.16666412353516, 63.69047546386719
77.77777862548828, 66.46825408935547
71.82539367675781, 57.14285659790039
65.27777862548828, 53.96825408935547
59.92063522338867, 54.761905670166016
59.92063522338867, 54.761905670166016
54.761905670166016, 56.150794982910156
46.230159759521484, 59.126983642578125
44.0476188659668, 60.515872955322266
42.658729553222656, 63.095237731933594
49.007938385009766, 69.44444274902344
58.13492202758789, 80.55555725097656
60.912696838378906, 78.76984405517578
61.30952453613281, 77.5793685913086
62.5, 80.55555725097656
61.507938385009766, 76.78571319580078
63.69047546386719, 72.4206314086914
74.4047622680664, 63.492061614990234
75.79364776611328, 62.30158615112305
77.97618865966797, 57.5396842956543
77.38095092773438, 55.35714340209961
78.57142639160156, 57.341270446777344
77.97618865966797, 58.33333206176758
77.38095092773438, 63.69047546386719
74.0079345703125, 59.72222137451172
64.68254089355469, 52.18254089355469
63.88888931274414, 51.38888931274414
60.71428680419922, 51.38888931274414
59.32539749145508, 52.18254089355469
59.92063522338867, 52.97618865966797
58.53174591064453, 55.35714340209961
53.17460250854492, 55.35714340209961
45.0396842956543, 58.730159759521484
39.484127044677734, 58.33333206176758
39.484127044677734, 58.33333206176758
38.29365158081055, 58.53174591064453
39.484127044677734, 58.33333206176758
41.86507797241211, 61.11111068725586
49.20634841918945, 71.82539367675781
56.349205017089844, 77.97618865966797
59.126983642578125, 73.21428680419922
59.72222137451172, 72.4206314086914
58.33333206176758, 69.84127044677734
59.32539749145508, 70.43650817871094
59.126983642578125, 72.61904907226562
60.515872955322266, 71.82539367675781
63.492061614990234, 65.47618865966797
72.81745910644531, 60.71428680419922
75.79364776611328, 59.32539749145508
73.4126968383789, 57.738094329833984
75.5952377319336, 55.75396728515625
75.5952377319336, 55.75396728515625
