actor_1,actor_2
62.30158615112305, 34.126983642578125
60.31745910644531, 34.52381134033203
55.158729553222656, 37.89682388305664
55.35714340209961, 43.05555725097656
52.18254089355469, 40.47618865966797
54.16666793823242, 41.86507797241211
52.57936477661133, 42.261905670166016
52.380950927734375, 44.24603271484375
