actor_1,actor_2
56.150794982910156, 45.0396842956543
52.97618865966797, 47.02381134033203
51.19047546386719, 49.80158615112305
51.78571319580078, 54.36507797241211
44.841270446777344, 48.21428680419922
44.64285659790039, 47.22222137451172
47.22222137451172, 43.25396728515625
44.64285659790039, 47.22222137451172
47.22222137451172, 43.25396728515625
44.64285659790039, 47.22222137451172
43.849205017089844, 43.25396728515625
42.85714340209961, 47.42063522338867
43.05555725097656, 43.4523811340332
44.24603271484375, 41.86507797241211
41.07143020629883, 43.650794982910156
44.24603271484375, 42.85714340209961
41.07143020629883, 43.650794982910156
42.85714340209961, 42.85714340209961
42.4603157043457, 45.63492202758789
42.06349182128906, 42.658729553222656
42.261905670166016, 40.07936477661133
40.873016357421875, 43.25396728515625
41.46825408935547, 40.47618865966797
40.873016357421875, 43.25396728515625
39.087303161621094, 40.47618865966797
41.269840240478516, 38.69047546386719
37.30158615112305, 40.67460250854492
41.269840240478516, 38.69047546386719
