actor_1,actor_2
70.83333587646484, 85.11904907226562
67.65872955322266, 73.01587677001953
59.92063522338867, 70.03968048095703
62.5, 61.11111068725586
67.06349182128906, 60.31745910644531
77.38095092773438, 62.69841384887695
82.93650817871094, 72.61904907226562
83.92857360839844, 72.61904907226562
79.96031951904297, 73.4126968383789
74.4047622680664, 73.61111450195312
64.0873031616211, 81.74603271484375
62.30158615112305, 86.5079345703125
61.11111068725586, 91.66666412353516
62.30158615112305, 92.06349182128906
61.507938385009766, 92.06349182128906
58.92856979370117, 82.34127044677734
54.16666793823242, 77.77777862548828
52.57936477661133, 73.4126968383789
52.380950927734375, 66.86508178710938
52.380950927734375, 66.86508178710938
60.912696838378906, 55.158729553222656
62.5, 51.78571319580078
63.492061614990234, 50.0
65.67460632324219, 53.373016357421875
67.65872955322266, 56.94444274902344
75.3968276977539, 60.515872955322266
81.34920501708984, 67.06349182128906
83.53174591064453, 69.04762268066406
79.36508178710938, 69.64286041259766
78.57142639160156, 69.64286041259766
78.57142639160156, 69.64286041259766
76.98412322998047, 70.43650817871094
75.0, 70.83333587646484
63.88888931274414, 78.37301635742188
56.94444274902344, 86.30952453613281
56.94444274902344, 86.30952453613281
57.93650817871094, 91.26984405517578
57.93650817871094, 91.26984405517578
58.730159759521484, 94.84127044677734
59.52381134033203, 94.64286041259766
61.11111068725586, 93.84920501708984
58.33333206176758, 86.70635223388672
55.75396728515625, 81.15079498291016
52.18254089355469, 76.38888549804688
50.595237731933594, 71.62698364257812
51.19047546386719, 71.82539367675781
51.19047546386719, 71.82539367675781
51.587303161621094, 66.86508178710938
51.587303161621094, 66.86508178710938
53.373016357421875, 63.095237731933594
63.69047546386719, 51.78571319580078
60.912696838378906, 49.404762268066406
59.126983642578125, 50.0
59.126983642578125, 50.0
59.126983642578125, 50.0
