actor_1,actor_2
71.62698364257812, 68.45237731933594
71.62698364257812, 76.38888549804688
70.43650817871094, 74.20635223388672
60.119049072265625, 61.904762268066406
49.20634841918945, 50.992061614990234
46.42856979370117, 47.22222137451172
46.42856979370117, 31.746030807495117
46.626983642578125, 31.746030807495117
48.412696838378906, 32.5396842956543
63.095237731933594, 36.507938385009766
70.83333587646484, 48.21428680419922
81.54762268066406, 58.730159759521484
75.0, 59.92063522338867
72.81745910644531, 61.70634841918945
74.4047622680664, 62.89682388305664
74.6031723022461, 66.46825408935547
67.85713958740234, 80.55555725097656
66.07142639160156, 82.34127044677734
66.86508178710938, 83.53174591064453
65.27777862548828, 87.1031723022461
65.47618865966797, 86.70635223388672
67.65872955322266, 87.69841003417969
66.46825408935547, 80.35713958740234
57.14285659790039, 71.42857360839844
48.61111068725586, 65.0793685913086
43.25396728515625, 57.93650817871094
42.658729553222656, 53.57143020629883
42.658729553222656, 53.57143020629883
41.46825408935547, 53.57143020629883
41.46825408935547, 49.60317611694336
41.86507797241211, 46.42856979370117
42.658729553222656, 36.70634841918945
44.24603271484375, 26.785715103149414
42.06349182128906, 24.603174209594727
39.087303161621094, 23.61111068725586
38.492061614990234, 23.015872955322266
38.492061614990234, 23.015872955322266
40.873016357421875, 24.603174209594727
49.60317611694336, 27.9761905670166
58.33333206176758, 36.507938385009766
65.47618865966797, 46.626983642578125
64.68254089355469, 52.18254089355469
61.70634841918945, 52.57936477661133
60.71428680419922, 55.158729553222656
60.71428680419922, 55.158729553222656
62.30158615112305, 57.93650817871094
65.0793685913086, 58.33333206176758
65.87301635742188, 59.126983642578125
68.05555725097656, 69.04762268066406
65.47618865966797, 74.0079345703125
63.492061614990234, 76.38888549804688
65.87301635742188, 80.55555725097656
67.06349182128906, 80.15872955322266
