actor_1,actor_2
87.1031723022461, 81.54762268066406
75.0, 65.0793685913086
71.23015594482422, 64.88095092773438
67.06349182128906, 59.92063522338867
62.30158615112305, 56.74603271484375
62.69841384887695, 54.36507797241211
61.11111068725586, 51.587303161621094
60.515872955322266, 51.78571319580078
