actor_1,actor_2
59.32539749145508, 67.26190185546875
52.97618865966797, 73.01587677001953
47.22222137451172, 64.88095092773438
45.83333206176758, 49.20634841918945
50.19841384887695, 43.05555725097656
48.412696838378906, 41.269840240478516
49.007938385009766, 42.658729553222656
52.97618865966797, 45.43650817871094
61.30952453613281, 45.238094329833984
55.75396728515625, 41.07143020629883
50.39682388305664, 42.261905670166016
50.595237731933594, 44.0476188659668
50.595237731933594, 44.0476188659668
48.61111068725586, 46.03174591064453
47.22222137451172, 52.18254089355469
48.015872955322266, 55.75396728515625
46.626983642578125, 54.16666793823242
46.626983642578125, 54.16666793823242
46.82539749145508, 53.17460250854492
48.21428680419922, 55.35714340209961
52.18254089355469, 67.65872955322266
48.015872955322266, 67.26190185546875
45.63492202758789, 61.11111068725586
45.83333206176758, 56.74603271484375
46.82539749145508, 53.373016357421875
47.81745910644531, 55.9523811340332
47.02381134033203, 57.93650817871094
47.81745910644531, 59.72222137451172
50.0, 52.57936477661133
51.19047546386719, 37.30158615112305
49.404762268066406, 35.119049072265625
47.42063522338867, 34.126983642578125
48.21428680419922, 34.52381134033203
