actor_1,actor_2
55.75396728515625, 79.36508178710938
54.56349182128906, 80.95237731933594
52.57936477661133, 75.5952377319336
51.19047546386719, 63.492061614990234
51.78571319580078, 58.33333206176758
47.81745910644531, 52.97618865966797
46.42856979370117, 50.79365158081055
45.238094329833984, 47.81745910644531
45.238094329833984, 47.81745910644531
