actor_1,actor_2
64.48412322998047, 70.83333587646484
63.88888931274414, 80.95237731933594
60.71428680419922, 81.15079498291016
60.119049072265625, 69.84127044677734
59.52381134033203, 61.11111068725586
55.9523811340332, 52.77777862548828
52.57936477661133, 49.404762268066406
52.77777862548828, 52.97618865966797
52.380950927734375, 45.0396842956543
50.992061614990234, 49.007938385009766
50.992061614990234, 48.412696838378906
49.404762268066406, 46.626983642578125
51.38888931274414, 49.20634841918945
50.992061614990234, 45.43650817871094
47.22222137451172, 43.4523811340332
46.230159759521484, 44.0476188659668
46.42856979370117, 44.841270446777344
47.42063522338867, 45.83333206176758
47.42063522338867, 45.83333206176758
47.42063522338867, 47.02381134033203
47.42063522338867, 47.02381134033203
49.007938385009766, 49.80158615112305
51.78571319580078, 57.93650817871094
51.78571319580078, 59.126983642578125
52.77777862548828, 59.72222137451172
52.57936477661133, 57.341270446777344
52.18254089355469, 57.14285659790039
52.97618865966797, 56.74603271484375
56.349205017089844, 57.93650817871094
56.94444274902344, 62.10317611694336
57.93650817871094, 65.87301635742188
58.53174591064453, 67.06349182128906
60.515872955322266, 67.85713958740234
61.70634841918945, 66.66666412353516
62.30158615112305, 67.06349182128906
62.30158615112305, 67.06349182128906
62.89682388305664, 67.46031951904297
60.31745910644531, 54.36507797241211
55.158729553222656, 49.20634841918945
52.18254089355469, 46.626983642578125
49.80158615112305, 44.44444274902344
48.412696838378906, 48.015872955322266
48.21428680419922, 47.22222137451172
48.21428680419922, 47.619049072265625
46.230159759521484, 47.22222137451172
