actor_1,actor_2
67.26190185546875, 84.12698364257812
68.84920501708984, 89.28571319580078
67.26190185546875, 89.0873031616211
69.64286041259766, 80.55555725097656
70.83333587646484, 73.01587677001953
70.23809814453125, 65.27777862548828
68.65079498291016, 61.507938385009766
72.22222137451172, 65.0793685913086
69.24603271484375, 62.10317611694336
68.84920501708984, 61.507938385009766
69.84127044677734, 60.515872955322266
67.85713958740234, 56.5476188659668
64.28571319580078, 54.761905670166016
62.69841384887695, 53.57143020629883
62.30158615112305, 52.77777862548828
63.29365158081055, 54.36507797241211
62.5, 55.9523811340332
62.89682388305664, 57.93650817871094
57.93650817871094, 64.68254089355469
57.738094329833984, 67.46031951904297
55.158729553222656, 69.64286041259766
55.158729553222656, 65.47618865966797
55.75396728515625, 65.87301635742188
55.35714340209961, 67.46031951904297
55.9523811340332, 69.04762268066406
58.53174591064453, 73.61111450195312
62.30158615112305, 81.34920501708984
65.0793685913086, 83.13491821289062
63.492061614990234, 81.94444274902344
65.27777862548828, 81.74603271484375
64.88095092773438, 77.5793685913086
64.88095092773438, 77.5793685913086
64.0873031616211, 79.16666412353516
65.67460632324219, 83.13491821289062
65.67460632324219, 83.13491821289062
67.85713958740234, 83.33333587646484
72.02381134033203, 66.07142639160156
71.62698364257812, 61.507938385009766
70.83333587646484, 58.730159759521484
70.83333587646484, 58.730159759521484
