actor_1,actor_2
77.38095092773438, 90.27777862548828
86.11111450195312, 100.0
83.92857360839844, 100.0
90.67460632324219, 92.06349182128906
94.84127044677734, 79.96031951904297
100.0, 79.16666412353516
100.0, 83.13491821289062
100.0, 78.96825408935547
100.0, 67.46031951904297
92.65872955322266, 59.32539749145508
81.94444274902344, 59.92063522338867
77.38095092773438, 61.11111068725586
77.38095092773438, 61.11111068725586
69.24603271484375, 64.0873031616211
52.97618865966797, 72.81745910644531
49.20634841918945, 75.5952377319336
46.03174591064453, 75.3968276977539
46.03174591064453, 75.3968276977539
45.43650817871094, 75.0
51.587303161621094, 76.78571319580078
61.904762268066406, 89.88095092773438
67.06349182128906, 100.0
69.04762268066406, 100.0
68.05555725097656, 97.4206314086914
67.26190185546875, 90.67460632324219
69.84127044677734, 93.45237731933594
70.23809814453125, 94.84127044677734
75.19841003417969, 95.43650817871094
83.73015594482422, 88.88888549804688
100.0, 71.62698364257812
100.0, 68.05555725097656
100.0, 65.47618865966797
100.0, 64.48412322998047
