actor_1,actor_2
62.10317611694336, 61.70634841918945
49.007938385009766, 50.79365158081055
62.30158615112305, 63.69047546386719
57.14285659790039, 70.63491821289062
57.341270446777344, 65.27777862548828
57.14285659790039, 60.912696838378906
61.11111068725586, 47.42063522338867
63.095237731933594, 45.0396842956543
62.69841384887695, 46.42856979370117
62.30158615112305, 48.21428680419922
61.30952453613281, 45.83333206176758
57.93650817871094, 42.658729553222656
56.150794982910156, 41.46825408935547
55.158729553222656, 40.67460250854492
54.56349182128906, 41.46825408935547
52.77777862548828, 46.42856979370117
44.64285659790039, 49.404762268066406
42.658729553222656, 47.42063522338867
43.849205017089844, 44.44444274902344
43.650794982910156, 43.05555725097656
43.650794982910156, 43.05555725097656
43.4523811340332, 44.24603271484375
