actor_1,actor_2
66.86508178710938, 72.61904907226562
63.492061614990234, 79.36508178710938
59.52381134033203, 71.82539367675781
60.515872955322266, 56.74603271484375
68.45237731933594, 56.349205017089844
72.4206314086914, 56.94444274902344
77.38095092773438, 56.349205017089844
66.66666412353516, 50.39682388305664
57.93650817871094, 46.230159759521484
56.349205017089844, 45.63492202758789
50.0, 50.992061614990234
50.39682388305664, 54.16666793823242
50.19841384887695, 58.730159759521484
53.373016357421875, 62.10317611694336
59.52381134033203, 74.20635223388672
56.74603271484375, 79.76190185546875
56.349205017089844, 77.38095092773438
54.9603157043457, 70.83333587646484
59.126983642578125, 68.45237731933594
59.126983642578125, 68.45237731933594
62.89682388305664, 55.158729553222656
66.46825408935547, 43.849205017089844
66.86508178710938, 40.67460250854492
66.26984405517578, 41.86507797241211
68.25396728515625, 44.0476188659668
67.06349182128906, 46.82539749145508
68.25396728515625, 47.02381134033203
60.515872955322266, 45.0396842956543
54.761905670166016, 42.06349182128906
55.9523811340332, 41.07143020629883
55.9523811340332, 41.07143020629883
56.74603271484375, 41.86507797241211
57.341270446777344, 43.25396728515625
52.18254089355469, 51.38888931274414
48.015872955322266, 54.36507797241211
48.015872955322266, 54.36507797241211
45.83333206176758, 51.587303161621094
45.83333206176758, 51.587303161621094
