actor_1,actor_2
71.42857360839844, 100.0
67.46031951904297, 100.0
64.88095092773438, 95.63491821289062
66.07142639160156, 85.71428680419922
75.9920654296875, 78.76984405517578
77.18254089355469, 73.21428680419922
77.5793685913086, 71.23015594482422
82.93650817871094, 72.4206314086914
82.73809814453125, 72.02381134033203
84.9206314086914, 79.36508178710938
92.06349182128906, 86.5079345703125
98.21428680419922, 88.29364776611328
94.44444274902344, 86.70635223388672
93.25396728515625, 86.30952453613281
91.66666412353516, 86.5079345703125
91.07142639160156, 86.9047622680664
85.31745910644531, 88.0952377319336
83.13491821289062, 90.47618865966797
75.5952377319336, 93.84920501708984
71.23015594482422, 99.80158996582031
72.22222137451172, 100.0
66.46825408935547, 100.0
61.904762268066406, 100.0
62.30158615112305, 99.20635223388672
63.29365158081055, 91.86508178710938
69.24603271484375, 81.15079498291016
74.80158996582031, 73.61111450195312
74.20635223388672, 73.01587677001953
77.77777862548828, 75.79364776611328
77.77777862548828, 78.17460632324219
76.78571319580078, 73.21428680419922
76.78571319580078, 75.3968276977539
77.38095092773438, 79.36508178710938
76.78571319580078, 75.3968276977539
77.38095092773438, 79.36508178710938
76.78571319580078, 75.3968276977539
77.38095092773438, 79.36508178710938
