actor_1,actor_2
46.03174591064453, 60.912696838378906
47.81745910644531, 64.0873031616211
44.24603271484375, 61.507938385009766
47.02381134033203, 53.769840240478516
57.341270446777344, 51.38888931274414
63.095237731933594, 49.007938385009766
66.26984405517578, 51.38888931274414
65.47618865966797, 51.38888931274414
72.02381134033203, 51.78571319580078
55.9523811340332, 45.0396842956543
45.238094329833984, 42.85714340209961
42.658729553222656, 41.86507797241211
42.658729553222656, 41.86507797241211
38.88888931274414, 42.261905670166016
25.396825790405273, 44.64285659790039
22.0238094329834, 46.230159759521484
21.03174591064453, 49.404762268066406
28.174602508544922, 52.18254089355469
38.88888931274414, 54.56349182128906
39.68254089355469, 56.94444274902344
37.89682388305664, 53.96825408935547
39.28571319580078, 58.33333206176758
39.484127044677734, 55.9523811340332
41.86507797241211, 55.158729553222656
60.71428680419922, 49.60317611694336
61.30952453613281, 47.42063522338867
66.26984405517578, 47.22222137451172
65.0793685913086, 46.42856979370117
67.85713958740234, 48.61111068725586
68.65079498291016, 48.80952453613281
73.01587677001953, 49.80158615112305
63.492061614990234, 46.03174591064453
48.21428680419922, 42.658729553222656
46.82539749145508, 41.46825408935547
43.25396728515625, 40.873016357421875
43.05555725097656, 42.06349182128906
44.24603271484375, 42.261905670166016
42.85714340209961, 42.658729553222656
38.69047546386719, 43.05555725097656
26.58730125427246, 44.44444274902344
22.817461013793945, 43.25396728515625
22.817461013793945, 43.25396728515625
22.817461013793945, 41.07143020629883
22.619047164916992, 42.06349182128906
24.80158805847168, 45.63492202758789
34.32539749145508, 47.81745910644531
37.89682388305664, 50.79365158081055
37.10317611694336, 47.02381134033203
37.5, 46.82539749145508
35.912696838378906, 44.24603271484375
38.88888931274414, 47.619049072265625
37.10317611694336, 48.80952453613281
39.484127044677734, 51.78571319580078
44.24603271484375, 49.007938385009766
56.150794982910156, 45.63492202758789
60.119049072265625, 45.63492202758789
58.13492202758789, 44.24603271484375
64.28571319580078, 45.63492202758789
64.28571319580078, 45.63492202758789
