actor_1,actor_2
55.158729553222656, 54.36507797241211
43.849205017089844, 39.880950927734375
37.5, 37.5
32.93650817871094, 36.507938385009766
31.150793075561523, 32.14285659790039
34.32539749145508, 32.738094329833984
31.150793075561523, 32.14285659790039
34.32539749145508, 32.738094329833984
27.182538986206055, 27.579364776611328
29.761905670166016, 27.9761905670166
27.182538986206055, 27.579364776611328
29.761905670166016, 27.9761905670166
26.190475463867188, 27.579364776611328
29.761905670166016, 27.9761905670166
26.190475463867188, 27.579364776611328
