actor_1,actor_2
68.05555725097656, 62.5
57.738094329833984, 49.80158615112305
51.984127044677734, 48.80952453613281
48.015872955322266, 49.007938385009766
45.83333206176758, 44.841270446777344
43.25396728515625, 45.43650817871094
45.83333206176758, 44.841270446777344
39.68254089355469, 42.261905670166016
41.46825408935547, 40.67460250854492
39.68254089355469, 42.261905670166016
42.4603157043457, 40.873016357421875
41.07143020629883, 43.05555725097656
