actor_1,actor_2
61.70634841918945, 59.52381134033203
50.0, 46.230159759521484
45.0396842956543, 46.82539749145508
48.015872955322266, 49.20634841918945
59.32539749145508, 62.69841384887695
57.738094329833984, 62.89682388305664
52.57936477661133, 57.738094329833984
50.595237731933594, 52.57936477661133
53.17460250854492, 47.42063522338867
61.30952453613281, 43.05555725097656
66.66666412353516, 41.66666793823242
74.6031723022461, 46.626983642578125
70.43650817871094, 44.64285659790039
57.93650817871094, 40.67460250854492
55.9523811340332, 38.88888931274414
50.19841384887695, 43.05555725097656
46.230159759521484, 45.83333206176758
41.86507797241211, 45.0396842956543
38.88888931274414, 44.24603271484375
38.88888931274414, 44.24603271484375
37.69841384887695, 40.07936477661133
39.880950927734375, 42.06349182128906
47.02381134033203, 46.82539749145508
39.880950927734375, 42.06349182128906
41.269840240478516, 42.85714340209961
48.015872955322266, 48.015872955322266
41.269840240478516, 42.85714340209961
46.626983642578125, 46.42856979370117
42.85714340209961, 43.05555725097656
42.85714340209961, 44.44444274902344
46.230159759521484, 46.230159759521484
40.67460250854492, 42.4603157043457
