actor_1,actor_2
76.5873031616211, 78.37301635742188
76.38888549804688, 79.36508178710938
70.43650817871094, 74.0079345703125
72.4206314086914, 64.0873031616211
83.33333587646484, 64.48412322998047
93.84920501708984, 66.07142639160156
91.86508178710938, 65.27777862548828
79.56349182128906, 57.93650817871094
72.81745910644531, 54.36507797241211
65.47618865966797, 55.9523811340332
57.5396842956543, 59.72222137451172
55.55555725097656, 61.11111068725586
56.349205017089844, 59.72222137451172
59.52381134033203, 62.5
67.06349182128906, 69.44444274902344
68.84920501708984, 71.03174591064453
64.28571319580078, 71.03174591064453
62.89682388305664, 67.06349182128906
65.47618865966797, 67.85713958740234
65.47618865966797, 67.85713958740234
76.19047546386719, 64.68254089355469
82.73809814453125, 54.761905670166016
84.12698364257812, 51.984127044677734
85.31745910644531, 53.96825408935547
89.28571319580078, 56.74603271484375
97.61904907226562, 60.71428680419922
94.24603271484375, 61.507938385009766
81.34920501708984, 55.158729553222656
74.4047622680664, 52.380950927734375
71.42857360839844, 52.57936477661133
71.42857360839844, 52.57936477661133
72.61904907226562, 54.36507797241211
70.23809814453125, 53.96825408935547
58.53174591064453, 60.119049072265625
52.18254089355469, 57.93650817871094
52.18254089355469, 57.93650817871094
49.404762268066406, 53.769840240478516
49.404762268066406, 53.769840240478516
51.984127044677734, 53.769840240478516
55.158729553222656, 56.150794982910156
63.29365158081055, 64.0873031616211
65.0793685913086, 64.88095092773438
62.69841384887695, 61.904762268066406
55.158729553222656, 56.150794982910156
56.150794982910156, 56.74603271484375
63.69047546386719, 63.69047546386719
