actor_1,actor_2
60.71428680419922, 86.11111450195312
54.56349182128906, 76.78571319580078
53.373016357421875, 69.24603271484375
53.17460250854492, 54.56349182128906
53.57143020629883, 48.21428680419922
56.150794982910156, 48.412696838378906
56.349205017089844, 51.587303161621094
54.761905670166016, 51.984127044677734
58.13492202758789, 56.150794982910156
57.341270446777344, 58.730159759521484
57.14285659790039, 58.53174591064453
52.97618865966797, 49.80158615112305
56.74603271484375, 53.17460250854492
57.5396842956543, 59.72222137451172
55.158729553222656, 56.349205017089844
53.96825408935547, 44.841270446777344
55.35714340209961, 52.380950927734375
59.72222137451172, 58.92856979370117
52.380950927734375, 58.33333206176758
59.92063522338867, 61.507938385009766
54.9603157043457, 54.9603157043457
58.92856979370117, 59.32539749145508
52.77777862548828, 52.380950927734375
57.5396842956543, 58.33333206176758
52.380950927734375, 50.19841384887695
56.74603271484375, 56.5476188659668
52.57936477661133, 61.11111068725586
55.158729553222656, 55.75396728515625
52.380950927734375, 50.19841384887695
54.9603157043457, 53.373016357421875
54.761905670166016, 58.33333206176758
54.9603157043457, 53.373016357421875
52.380950927734375, 55.158729553222656
52.380950927734375, 50.992061614990234
49.20634841918945, 53.373016357421875
49.20634841918945, 48.412696838378906
48.61111068725586, 52.57936477661133
49.20634841918945, 48.412696838378906
48.80952453613281, 51.19047546386719
49.20634841918945, 48.412696838378906
46.82539749145508, 49.20634841918945
49.20634841918945, 48.412696838378906
47.22222137451172, 46.82539749145508
47.42063522338867, 52.380950927734375
46.42856979370117, 47.02381134033203
47.81745910644531, 48.015872955322266
