actor_1,actor_2
33.92856979370117, 59.52381134033203
34.126983642578125, 50.992061614990234
33.13492202758789, 45.83333206176758
36.30952453613281, 39.28571319580078
40.27777862548828, 35.31745910644531
38.88888931274414, 33.730159759521484
39.880950927734375, 34.72222137451172
39.68254089355469, 35.515872955322266
38.492061614990234, 39.28571319580078
39.087303161621094, 33.13492202758789
38.69047546386719, 39.68254089355469
38.095237731933594, 32.5396842956543
37.5, 38.69047546386719
38.095237731933594, 32.5396842956543
38.492061614990234, 37.30158615112305
39.087303161621094, 43.25396728515625
38.492061614990234, 37.30158615112305
39.880950927734375, 42.658729553222656
37.89682388305664, 35.71428680419922
37.5, 40.67460250854492
36.507938385009766, 33.33333206176758
36.11111068725586, 39.28571319580078
35.31745910644531, 31.94444465637207
36.11111068725586, 39.28571319580078
35.31745910644531, 31.94444465637207
37.10317611694336, 37.69841384887695
35.31745910644531, 31.94444465637207
36.11111068725586, 33.92856979370117
35.515872955322266, 41.66666793823242
35.119049072265625, 33.33333206176758
34.32539749145508, 40.47618865966797
35.119049072265625, 33.33333206176758
35.31745910644531, 36.904762268066406
35.119049072265625, 33.33333206176758
34.52381134033203, 34.72222137451172
35.119049072265625, 33.33333206176758
33.730159759521484, 33.33333206176758
35.119049072265625, 39.68254089355469
