actor_1,actor_2
76.38888549804688, 71.62698364257812
74.20635223388672, 62.30158615112305
68.25396728515625, 63.29365158081055
64.48412322998047, 59.52381134033203
59.32539749145508, 60.515872955322266
59.32539749145508, 60.515872955322266
58.33333206176758, 59.52381134033203
61.70634841918945, 59.72222137451172
58.33333206176758, 59.52381134033203
61.70634841918945, 59.72222137451172
56.94444274902344, 58.53174591064453
61.70634841918945, 59.72222137451172
57.14285659790039, 59.52381134033203
