actor_1,actor_2
68.65079498291016, 100.0
61.30952453613281, 87.1031723022461
55.35714340209961, 72.22222137451172
55.9523811340332, 58.13492202758789
58.53174591064453, 46.626983642578125
60.71428680419922, 39.484127044677734
62.10317611694336, 41.46825408935547
71.23015594482422, 48.61111068725586
89.28571319580078, 63.69047546386719
95.63491821289062, 67.26190185546875
84.72222137451172, 66.86508178710938
75.5952377319336, 71.03174591064453
75.5952377319336, 71.03174591064453
70.83333587646484, 76.98412322998047
66.46825408935547, 96.42857360839844
63.095237731933594, 100.0
65.67460632324219, 100.0
61.11111068725586, 100.0
57.93650817871094, 100.0
53.373016357421875, 85.51587677001953
49.80158615112305, 75.5952377319336
51.984127044677734, 73.61111450195312
49.404762268066406, 70.03968048095703
51.38888931274414, 64.68254089355469
57.93650817871094, 41.46825408935547
57.738094329833984, 38.095237731933594
62.69841384887695, 32.93650817871094
62.89682388305664, 31.150793075561523
63.69047546386719, 32.341270446777344
64.68254089355469, 36.904762268066406
80.95237731933594, 54.9603157043457
85.9126968383789, 65.0793685913086
83.92857360839844, 62.10317611694336
80.95237731933594, 61.70634841918945
76.78571319580078, 61.30952453613281
72.4206314086914, 59.92063522338867
77.38095092773438, 63.69047546386719
71.03174591064453, 68.65079498291016
65.47618865966797, 70.83333587646484
63.29365158081055, 92.06349182128906
53.769840240478516, 96.23015594482422
53.769840240478516, 96.23015594482422
50.992061614990234, 97.22222137451172
53.17460250854492, 99.20635223388672
55.75396728515625, 100.0
56.349205017089844, 100.0
53.373016357421875, 95.63491821289062
48.015872955322266, 78.57142639160156
47.619049072265625, 73.01587677001953
47.619049072265625, 69.84127044677734
46.82539749145508, 66.86508178710938
46.626983642578125, 69.04762268066406
47.81745910644531, 67.46031951904297
49.007938385009766, 57.5396842956543
53.373016357421875, 37.10317611694336
58.92856979370117, 34.126983642578125
55.9523811340332, 31.547618865966797
59.52381134033203, 30.35714340209961
59.52381134033203, 30.35714340209961
