actor_1,actor_2
63.095237731933594, 67.26190185546875
58.13492202758789, 59.52381134033203
58.13492202758789, 53.17460250854492
57.5396842956543, 49.60317611694336
62.5, 55.9523811340332
65.27777862548828, 58.13492202758789
63.095237731933594, 59.92063522338867
59.72222137451172, 58.13492202758789
60.31745910644531, 62.89682388305664
60.912696838378906, 68.25396728515625
62.89682388305664, 70.83333587646484
65.0793685913086, 71.42857360839844
62.10317611694336, 73.21428680419922
57.93650817871094, 65.47618865966797
57.738094329833984, 56.150794982910156
58.53174591064453, 68.65079498291016
58.53174591064453, 59.92063522338867
59.52381134033203, 60.515872955322266
60.912696838378906, 57.14285659790039
59.52381134033203, 60.515872955322266
62.89682388305664, 59.52381134033203
59.92063522338867, 59.72222137451172
64.88095092773438, 64.88095092773438
68.65079498291016, 73.21428680419922
64.88095092773438, 64.88095092773438
69.24603271484375, 69.84127044677734
64.88095092773438, 62.5
69.24603271484375, 68.84920501708984
65.47618865966797, 65.0793685913086
69.84127044677734, 67.06349182128906
65.67460632324219, 68.25396728515625
69.84127044677734, 71.62698364257812
67.85713958740234, 71.42857360839844
66.07142639160156, 69.04762268066406
68.25396728515625, 69.04762268066406
65.0793685913086, 64.88095092773438
69.04762268066406, 69.44444274902344
66.46825408935547, 65.27777862548828
69.04762268066406, 68.45237731933594
64.48412322998047, 67.26190185546875
67.46031951904297, 65.67460632324219
64.48412322998047, 67.26190185546875
65.67460632324219, 63.492061614990234
64.48412322998047, 67.26190185546875
65.67460632324219, 63.492061614990234
61.30952453613281, 63.88888931274414
62.69841384887695, 60.912696838378906
