actor_1,actor_2
67.65872955322266, 95.03968048095703
55.55555725097656, 85.11904907226562
48.21428680419922, 72.81745910644531
42.658729553222656, 61.507938385009766
42.85714340209961, 51.19047546386719
42.261905670166016, 47.42063522338867
40.873016357421875, 43.650794982910156
37.89682388305664, 42.06349182128906
37.89682388305664, 42.06349182128906
