actor_1,actor_2
98.4126968383789, 100.0
83.92857360839844, 94.84127044677734
67.65872955322266, 80.95237731933594
64.28571319580078, 66.66666412353516
64.88095092773438, 54.56349182128906
66.46825408935547, 54.56349182128906
68.25396728515625, 58.33333206176758
79.56349182128906, 64.48412322998047
95.83333587646484, 69.04762268066406
86.70635223388672, 66.66666412353516
75.79364776611328, 66.66666412353516
72.22222137451172, 67.06349182128906
72.22222137451172, 67.06349182128906
71.62698364257812, 70.03968048095703
68.84920501708984, 84.72222137451172
67.26190185546875, 86.70635223388672
64.48412322998047, 88.0952377319336
64.48412322998047, 88.0952377319336
66.86508178710938, 90.0793685913086
75.79364776611328, 93.05555725097656
86.30952453613281, 99.4047622680664
80.15872955322266, 96.03174591064453
62.30158615112305, 80.75396728515625
60.912696838378906, 76.5873031616211
59.52381134033203, 68.45237731933594
60.71428680419922, 68.65079498291016
62.30158615112305, 74.20635223388672
63.29365158081055, 71.42857360839844
64.0873031616211, 65.47618865966797
65.87301635742188, 49.20634841918945
64.0873031616211, 46.82539749145508
61.70634841918945, 45.43650817871094
60.119049072265625, 44.841270446777344
