actor_1,actor_2
52.18254089355469, 60.31745910644531
55.9523811340332, 70.43650817871094
52.380950927734375, 71.23015594482422
52.57936477661133, 60.31745910644531
57.341270446777344, 54.9603157043457
56.74603271484375, 49.20634841918945
56.74603271484375, 50.79365158081055
59.126983642578125, 48.80952453613281
57.738094329833984, 47.81745910644531
44.24603271484375, 42.658729553222656
34.32539749145508, 40.27777862548828
43.05555725097656, 44.44444274902344
56.94444274902344, 52.18254089355469
43.05555725097656, 44.44444274902344
56.94444274902344, 52.18254089355469
43.05555725097656, 44.44444274902344
57.5396842956543, 53.17460250854492
45.63492202758789, 47.81745910644531
57.5396842956543, 53.17460250854492
45.63492202758789, 47.81745910644531
57.5396842956543, 53.17460250854492
45.63492202758789, 47.81745910644531
57.5396842956543, 53.373016357421875
47.81745910644531, 49.80158615112305
57.5396842956543, 53.373016357421875
47.81745910644531, 49.80158615112305
54.9603157043457, 52.97618865966797
50.19841384887695, 51.19047546386719
54.9603157043457, 52.97618865966797
50.595237731933594, 50.19841384887695
40.07936477661133, 42.4603157043457
50.79365158081055, 53.769840240478516
49.20634841918945, 47.22222137451172
47.81745910644531, 50.39682388305664
49.20634841918945, 47.22222137451172
48.21428680419922, 51.38888931274414
49.20634841918945, 47.22222137451172
53.17460250854492, 51.19047546386719
40.67460250854492, 46.03174591064453
53.17460250854492, 50.595237731933594
42.85714340209961, 47.22222137451172
50.595237731933594, 50.19841384887695
40.27777862548828, 46.42856979370117
45.83333206176758, 47.02381134033203
45.63492202758789, 45.63492202758789
45.83333206176758, 47.02381134033203
45.63492202758789, 45.63492202758789
45.83333206176758, 47.02381134033203
45.63492202758789, 45.63492202758789
45.83333206176758, 47.02381134033203
45.63492202758789, 45.63492202758789
