actor_1,actor_2
83.73015594482422, 78.17460632324219
66.26984405517578, 59.72222137451172
59.32539749145508, 61.30952453613281
63.88888931274414, 62.89682388305664
59.32539749145508, 61.30952453613281
56.74603271484375, 58.33333206176758
68.45237731933594, 71.03174591064453
71.42857360839844, 82.53968048095703
71.62698364257812, 80.15872955322266
71.42857360839844, 73.4126968383789
73.21428680419922, 72.61904907226562
78.37301635742188, 71.82539367675781
82.53968048095703, 84.12698364257812
84.72222137451172, 62.89682388305664
86.11111450195312, 60.31745910644531
88.0952377319336, 59.32539749145508
84.9206314086914, 52.18254089355469
72.22222137451172, 46.82539749145508
67.85713958740234, 49.20634841918945
60.119049072265625, 58.730159759521484
57.341270446777344, 59.92063522338867
53.57143020629883, 58.53174591064453
54.16666793823242, 58.53174591064453
58.33333206176758, 59.92063522338867
61.507938385009766, 62.30158615112305
68.05555725097656, 72.81745910644531
70.23809814453125, 78.96825408935547
68.84920501708984, 70.03968048095703
69.44444274902344, 68.84920501708984
74.0079345703125, 77.77777862548828
72.02381134033203, 73.4126968383789
72.61904907226562, 67.46031951904297
76.98412322998047, 70.43650817871094
80.15872955322266, 79.96031951904297
80.95237731933594, 79.36508178710938
73.80952453613281, 70.43650817871094
73.01587677001953, 65.47618865966797
69.24603271484375, 62.5
56.94444274902344, 55.55555725097656
54.56349182128906, 55.158729553222656
55.75396728515625, 54.36507797241211
53.57143020629883, 53.96825408935547
55.75396728515625, 54.36507797241211
