actor_1,actor_2
73.61111450195312, 87.30158996582031
72.22222137451172, 96.62698364257812
72.22222137451172, 85.51587677001953
74.6031723022461, 78.37301635742188
84.9206314086914, 77.18254089355469
91.26984405517578, 79.56349182128906
92.85713958740234, 83.73015594482422
97.02381134033203, 89.0873031616211
100.0, 83.33333587646484
99.6031723022461, 74.6031723022461
85.71428680419922, 72.61904907226562
83.33333587646484, 73.01587677001953
83.33333587646484, 73.01587677001953
74.6031723022461, 72.4206314086914
63.492061614990234, 68.65079498291016
62.30158615112305, 70.23809814453125
58.92856979370117, 67.26190185546875
58.92856979370117, 67.26190185546875
56.94444274902344, 66.07142639160156
60.119049072265625, 69.44444274902344
62.10317611694336, 76.19047546386719
63.29365158081055, 80.75396728515625
64.0873031616211, 72.81745910644531
64.0873031616211, 69.64286041259766
65.0793685913086, 67.26190185546875
66.46825408935547, 72.4206314086914
67.65872955322266, 75.19841003417969
69.24603271484375, 77.97618865966797
75.0, 80.15872955322266
94.24603271484375, 75.3968276977539
95.43650817871094, 71.82539367675781
95.63491821289062, 68.84920501708984
94.04762268066406, 66.86508178710938
