actor_1,actor_2
59.52381134033203, 67.46031951904297
59.32539749145508, 67.85713958740234
54.9603157043457, 65.47618865966797
57.738094329833984, 55.55555725097656
64.0873031616211, 59.92063522338867
72.61904907226562, 61.70634841918945
75.0, 61.507938385009766
74.20635223388672, 60.912696838378906
71.62698364257812, 60.119049072265625
67.26190185546875, 60.515872955322266
54.36507797241211, 61.904762268066406
53.57143020629883, 63.88888931274414
50.595237731933594, 63.29365158081055
51.38888931274414, 63.095237731933594
53.17460250854492, 64.28571319580078
55.55555725097656, 64.68254089355469
51.984127044677734, 66.07142639160156
52.57936477661133, 62.5
54.761905670166016, 62.69841384887695
54.761905670166016, 62.69841384887695
57.341270446777344, 58.33333206176758
67.26190185546875, 52.97618865966797
70.43650817871094, 49.60317611694336
70.83333587646484, 47.22222137451172
70.83333587646484, 47.22222137451172
72.02381134033203, 45.63492202758789
72.61904907226562, 46.230159759521484
75.79364776611328, 48.80952453613281
83.33333587646484, 53.17460250854492
85.31745910644531, 53.96825408935547
82.14286041259766, 52.18254089355469
82.93650817871094, 52.57936477661133
83.13491821289062, 53.17460250854492
79.36508178710938, 56.150794982910156
79.36508178710938, 56.150794982910156
77.97618865966797, 57.14285659790039
77.97618865966797, 57.14285659790039
69.24603271484375, 60.31745910644531
54.36507797241211, 62.30158615112305
50.79365158081055, 62.89682388305664
49.20634841918945, 62.30158615112305
48.61111068725586, 63.095237731933594
48.61111068725586, 63.095237731933594
