actor_1,actor_2
46.230159759521484, 81.54762268066406
51.984127044677734, 85.71428680419922
50.39682388305664, 86.11111450195312
51.38888931274414, 74.0079345703125
55.158729553222656, 68.65079498291016
55.55555725097656, 63.88888931274414
54.36507797241211, 60.912696838378906
54.761905670166016, 56.94444274902344
54.761905670166016, 56.94444274902344
