actor_1,actor_2
40.873016357421875, 58.33333206176758
38.88888931274414, 59.92063522338867
35.71428680419922, 58.730159759521484
35.119049072265625, 47.02381134033203
36.904762268066406, 42.4603157043457
33.13492202758789, 38.69047546386719
30.952381134033203, 36.507938385009766
29.16666603088379, 35.71428680419922
29.16666603088379, 35.71428680419922
