actor_1,actor_2
46.03174591064453, 63.88888931274414
47.619049072265625, 67.65872955322266
47.619049072265625, 65.0793685913086
49.20634841918945, 59.52381134033203
53.96825408935547, 55.55555725097656
53.96825408935547, 52.77777862548828
53.17460250854492, 51.38888931274414
54.16666793823242, 53.17460250854492
54.16666793823242, 51.587303161621094
53.373016357421875, 53.769840240478516
54.16666793823242, 51.587303161621094
53.57143020629883, 51.78571319580078
51.38888931274414, 56.150794982910156
53.57143020629883, 51.78571319580078
51.984127044677734, 55.35714340209961
53.57143020629883, 51.78571319580078
50.79365158081055, 51.984127044677734
53.57143020629883, 51.78571319580078
50.79365158081055, 51.984127044677734
