actor_1,actor_2
56.74603271484375, 67.65872955322266
55.9523811340332, 73.21428680419922
53.769840240478516, 70.63491821289062
61.70634841918945, 64.88095092773438
71.23015594482422, 59.92063522338867
78.17460632324219, 63.095237731933594
78.96825408935547, 66.86508178710938
80.15872955322266, 66.46825408935547
89.0873031616211, 66.07142639160156
77.77777862548828, 61.11111068725586
66.26984405517578, 61.70634841918945
64.48412322998047, 61.507938385009766
64.48412322998047, 61.507938385009766
57.738094329833984, 58.92856979370117
42.4603157043457, 58.13492202758789
39.68254089355469, 59.72222137451172
37.69841384887695, 62.10317611694336
43.650794982910156, 64.48412322998047
50.79365158081055, 69.04762268066406
48.21428680419922, 69.04762268066406
47.22222137451172, 67.65872955322266
52.18254089355469, 71.03174591064453
51.587303161621094, 66.26984405517578
53.17460250854492, 62.89682388305664
74.20635223388672, 60.912696838378906
77.18254089355469, 59.72222137451172
80.15872955322266, 57.5396842956543
77.5793685913086, 56.94444274902344
78.57142639160156, 59.92063522338867
78.76984405517578, 60.119049072265625
84.9206314086914, 63.095237731933594
79.36508178710938, 61.11111068725586
67.65872955322266, 58.33333206176758
66.07142639160156, 58.13492202758789
63.88888931274414, 57.14285659790039
61.70634841918945, 56.94444274902344
65.27777862548828, 58.53174591064453
62.5, 60.71428680419922
56.74603271484375, 57.341270446777344
41.269840240478516, 56.94444274902344
35.912696838378906, 57.93650817871094
35.912696838378906, 57.93650817871094
34.32539749145508, 53.373016357421875
34.126983642578125, 53.96825408935547
35.515872955322266, 53.57143020629883
42.4603157043457, 59.32539749145508
46.82539749145508, 64.0873031616211
45.0396842956543, 58.730159759521484
45.63492202758789, 58.53174591064453
46.03174591064453, 55.75396728515625
48.21428680419922, 58.92856979370117
47.02381134033203, 60.515872955322266
50.595237731933594, 63.29365158081055
55.158729553222656, 59.126983642578125
73.80952453613281, 57.738094329833984
75.3968276977539, 57.14285659790039
72.81745910644531, 54.761905670166016
77.38095092773438, 54.9603157043457
77.38095092773438, 54.9603157043457
