actor_1,actor_2
50.0, 64.0873031616211
46.230159759521484, 63.88888931274414
43.650794982910156, 55.55555725097656
43.25396728515625, 45.238094329833984
45.63492202758789, 42.261905670166016
45.0396842956543, 35.912696838378906
46.230159759521484, 36.904762268066406
49.404762268066406, 40.27777862548828
58.92856979370117, 45.43650817871094
48.61111068725586, 36.904762268066406
38.492061614990234, 31.150793075561523
32.341270446777344, 30.35714340209961
32.341270446777344, 30.35714340209961
30.35714340209961, 31.746030807495117
24.80158805847168, 34.32539749145508
21.825397491455078, 35.71428680419922
22.0238094329834, 39.28571319580078
26.785715103149414, 44.841270446777344
37.30158615112305, 60.119049072265625
35.119049072265625, 56.74603271484375
34.52381134033203, 52.380950927734375
41.07143020629883, 56.94444274902344
40.873016357421875, 52.18254089355469
43.4523811340332, 49.007938385009766
46.230159759521484, 38.88888931274414
44.841270446777344, 34.126983642578125
50.39682388305664, 33.33333206176758
50.79365158081055, 32.14285659790039
52.18254089355469, 33.33333206176758
50.79365158081055, 33.33333206176758
57.5396842956543, 42.261905670166016
52.57936477661133, 38.29365158081055
44.24603271484375, 31.94444465637207
41.66666793823242, 30.952381134033203
40.67460250854492, 31.349206924438477
39.28571319580078, 31.150793075561523
37.89682388305664, 30.952381134033203
31.547618865966797, 30.158729553222656
27.380952835083008, 28.571428298950195
23.809524536132812, 32.738094329833984
15.674603462219238, 31.94444465637207
15.674603462219238, 31.94444465637207
15.079364776611328, 28.96825408935547
16.26984214782715, 27.9761905670166
21.23015785217285, 32.93650817871094
28.571428298950195, 42.261905670166016
32.14285659790039, 51.78571319580078
31.349206924438477, 45.238094329833984
32.5396842956543, 43.849205017089844
32.93650817871094, 41.86507797241211
35.119049072265625, 45.238094329833984
34.92063522338867, 46.82539749145508
39.484127044677734, 47.81745910644531
41.66666793823242, 41.86507797241211
41.46825408935547, 30.952381134033203
45.43650817871094, 31.94444465637207
45.63492202758789, 29.960317611694336
50.19841384887695, 31.349206924438477
50.19841384887695, 31.349206924438477
