actor_1,actor_2
50.79365158081055, 77.18254089355469
43.25396728515625, 75.19841003417969
38.69047546386719, 71.42857360839844
39.28571319580078, 58.13492202758789
41.66666793823242, 49.007938385009766
40.873016357421875, 46.230159759521484
40.47618865966797, 43.4523811340332
38.492061614990234, 39.68254089355469
38.492061614990234, 39.68254089355469
