actor_1,actor_2
70.43650817871094, 77.5793685913086
72.4206314086914, 82.93650817871094
74.0079345703125, 82.34127044677734
78.17460632324219, 76.78571319580078
87.5, 75.19841003417969
90.27777862548828, 76.78571319580078
89.28571319580078, 74.80158996582031
80.55555725097656, 70.23809814453125
74.80158996582031, 66.46825408935547
72.02381134033203, 68.25396728515625
59.72222137451172, 68.25396728515625
59.32539749145508, 69.04762268066406
58.730159759521484, 68.45237731933594
59.52381134033203, 69.04762268066406
62.5, 74.4047622680664
65.0793685913086, 75.79364776611328
68.45237731933594, 80.95237731933594
68.65079498291016, 81.74603271484375
70.63491821289062, 80.75396728515625
70.63491821289062, 80.75396728515625
80.55555725097656, 77.18254089355469
88.29364776611328, 74.4047622680664
92.46031951904297, 71.23015594482422
96.03174591064453, 72.81745910644531
98.4126968383789, 70.83333587646484
94.84127044677734, 68.84920501708984
94.64286041259766, 68.25396728515625
88.0952377319336, 65.67460632324219
82.34127044677734, 63.492061614990234
81.94444274902344, 67.46031951904297
81.94444274902344, 67.46031951904297
76.78571319580078, 70.63491821289062
74.0079345703125, 70.23809814453125
62.69841384887695, 71.23015594482422
57.341270446777344, 69.24603271484375
57.341270446777344, 69.24603271484375
53.57143020629883, 65.27777862548828
53.57143020629883, 65.27777862548828
54.9603157043457, 64.88095092773438
55.55555725097656, 65.0793685913086
60.31745910644531, 69.84127044677734
60.31745910644531, 69.64286041259766
64.0873031616211, 72.4206314086914
64.28571319580078, 72.81745910644531
63.095237731933594, 70.63491821289062
63.88888931274414, 74.6031723022461
63.88888931274414, 74.6031723022461
69.84127044677734, 82.34127044677734
69.84127044677734, 82.34127044677734
75.3968276977539, 82.73809814453125
86.9047622680664, 74.80158996582031
92.85713958740234, 68.65079498291016
89.48412322998047, 67.65872955322266
89.48412322998047, 67.65872955322266
89.48412322998047, 67.65872955322266
