actor_1,actor_2
53.96825408935547, 51.19047546386719
52.57936477661133, 44.64285659790039
50.992061614990234, 47.619049072265625
52.77777862548828, 49.60317611694336
50.595237731933594, 50.595237731933594
53.96825408935547, 53.57143020629883
50.19841384887695, 52.97618865966797
52.77777862548828, 59.126983642578125
