actor_1,actor_2
39.087303161621094, 73.4126968383789
41.86507797241211, 77.18254089355469
42.85714340209961, 74.6031723022461
47.42063522338867, 66.86508178710938
55.9523811340332, 65.47618865966797
61.70634841918945, 64.28571319580078
67.06349182128906, 62.89682388305664
72.22222137451172, 64.88095092773438
72.22222137451172, 64.88095092773438
72.61904907226562, 66.66666412353516
73.4126968383789, 67.65872955322266
70.03968048095703, 67.46031951904297
70.63491821289062, 70.83333587646484
70.03968048095703, 67.46031951904297
