actor_1,actor_2
83.73015594482422, 97.02381134033203
61.70634841918945, 88.69047546386719
50.0, 70.03968048095703
48.412696838378906, 47.02381134033203
52.77777862548828, 46.230159759521484
65.67460632324219, 53.373016357421875
90.0793685913086, 62.89682388305664
90.0793685913086, 63.095237731933594
88.69047546386719, 60.119049072265625
85.11904907226562, 65.47618865966797
84.32539367675781, 83.13491821289062
78.76984405517578, 84.32539367675781
75.9920654296875, 86.30952453613281
75.0, 84.52381134033203
71.62698364257812, 82.53968048095703
72.22222137451172, 83.92857360839844
66.86508178710938, 89.88095092773438
55.35714340209961, 81.15079498291016
45.0396842956543, 69.44444274902344
40.27777862548828, 55.158729553222656
38.69047546386719, 45.63492202758789
39.087303161621094, 51.38888931274414
39.087303161621094, 51.38888931274414
43.25396728515625, 54.56349182128906
45.238094329833984, 50.79365158081055
47.02381134033203, 24.206348419189453
41.66666793823242, 18.452381134033203
36.30952453613281, 14.880952835083008
36.30952453613281, 14.880952835083008
36.30952453613281, 14.880952835083008
36.30952453613281, 14.880952835083008
