actor_1,actor_2
81.54762268066406, 88.0952377319336
61.904762268066406, 74.20635223388672
51.38888931274414, 61.11111068725586
47.81745910644531, 45.43650817871094
50.79365158081055, 43.25396728515625
61.70634841918945, 48.015872955322266
82.34127044677734, 59.72222137451172
82.53968048095703, 62.69841384887695
79.16666412353516, 59.92063522338867
77.5793685913086, 64.0873031616211
79.96031951904297, 81.15079498291016
78.96825408935547, 84.52381134033203
81.15079498291016, 90.47618865966797
82.34127044677734, 94.04762268066406
72.22222137451172, 92.06349182128906
58.33333206176758, 78.57142639160156
47.42063522338867, 64.88095092773438
44.64285659790039, 57.738094329833984
44.24603271484375, 50.39682388305664
44.24603271484375, 50.39682388305664
45.238094329833984, 40.873016357421875
43.650794982910156, 26.785715103149414
40.67460250854492, 21.626983642578125
42.658729553222656, 24.80158805847168
46.42856979370117, 29.761905670166016
52.380950927734375, 36.70634841918945
69.04762268066406, 45.0396842956543
68.05555725097656, 49.80158615112305
65.67460632324219, 48.412696838378906
69.04762268066406, 52.57936477661133
69.04762268066406, 52.57936477661133
70.83333587646484, 53.17460250854492
72.4206314086914, 56.150794982910156
77.97618865966797, 76.98412322998047
72.61904907226562, 83.53174591064453
72.61904907226562, 83.53174591064453
68.25396728515625, 79.96031951904297
68.25396728515625, 79.96031951904297
