actor_1,actor_2
66.86508178710938, 88.29364776611328
66.07142639160156, 96.82539367675781
63.88888931274414, 91.26984405517578
65.67460632324219, 74.0079345703125
71.82539367675781, 64.28571319580078
72.22222137451172, 58.13492202758789
72.02381134033203, 60.119049072265625
72.4206314086914, 60.71428680419922
76.5873031616211, 62.69841384887695
76.98412322998047, 61.904762268066406
73.21428680419922, 58.92856979370117
70.63491821289062, 58.92856979370117
70.63491821289062, 58.92856979370117
67.65872955322266, 62.69841384887695
58.53174591064453, 72.81745910644531
56.5476188659668, 75.0
53.373016357421875, 76.19047546386719
53.373016357421875, 76.19047546386719
53.769840240478516, 77.38095092773438
54.761905670166016, 83.33333587646484
57.14285659790039, 85.9126968383789
59.52381134033203, 89.28571319580078
59.72222137451172, 86.11111450195312
60.31745910644531, 83.73015594482422
61.70634841918945, 81.74603271484375
62.69841384887695, 85.11904907226562
63.095237731933594, 88.69047546386719
65.0793685913086, 87.69841003417969
67.85713958740234, 79.56349182128906
74.20635223388672, 55.75396728515625
72.22222137451172, 53.57143020629883
70.63491821289062, 52.380950927734375
70.63491821289062, 52.57936477661133
