actor_1,actor_2
49.60317611694336, 76.78571319580078
52.77777862548828, 81.34920501708984
51.587303161621094, 76.78571319580078
53.96825408935547, 61.507938385009766
56.5476188659668, 55.75396728515625
56.349205017089844, 48.015872955322266
55.35714340209961, 50.0
54.36507797241211, 50.39682388305664
50.79365158081055, 49.20634841918945
41.86507797241211, 46.42856979370117
50.992061614990234, 48.21428680419922
41.66666793823242, 47.22222137451172
51.38888931274414, 49.007938385009766
41.66666793823242, 47.22222137451172
51.19047546386719, 51.19047546386719
43.25396728515625, 48.21428680419922
51.78571319580078, 51.78571319580078
43.25396728515625, 48.21428680419922
51.78571319580078, 51.78571319580078
43.25396728515625, 48.21428680419922
52.380950927734375, 51.78571319580078
44.24603271484375, 48.21428680419922
52.57936477661133, 49.60317611694336
46.03174591064453, 47.619049072265625
51.587303161621094, 48.61111068725586
47.42063522338867, 46.03174591064453
38.88888931274414, 45.83333206176758
47.81745910644531, 46.03174591064453
38.88888931274414, 45.83333206176758
47.81745910644531, 46.03174591064453
40.67460250854492, 46.82539749145508
47.02381134033203, 46.82539749145508
40.07936477661133, 47.619049072265625
51.587303161621094, 48.61111068725586
40.873016357421875, 47.42063522338867
52.18254089355469, 48.015872955322266
40.873016357421875, 47.42063522338867
52.18254089355469, 48.015872955322266
42.261905670166016, 46.82539749145508
51.587303161621094, 47.42063522338867
43.849205017089844, 45.83333206176758
51.587303161621094, 46.230159759521484
44.24603271484375, 45.238094329833984
51.587303161621094, 46.230159759521484
44.841270446777344, 46.03174591064453
51.587303161621094, 46.230159759521484
46.626983642578125, 44.841270446777344
40.27777862548828, 48.412696838378906
46.626983642578125, 44.24603271484375
42.85714340209961, 46.626983642578125
48.61111068725586, 44.841270446777344
45.43650817871094, 46.42856979370117
48.412696838378906, 43.650794982910156
46.42856979370117, 46.82539749145508
48.412696838378906, 43.650794982910156
47.42063522338867, 46.42856979370117
42.4603157043457, 49.60317611694336
47.42063522338867, 45.43650817871094
43.849205017089844, 47.22222137451172
47.42063522338867, 44.24603271484375
44.841270446777344, 47.619049072265625
47.42063522338867, 44.24603271484375
45.83333206176758, 46.230159759521484
47.42063522338867, 44.24603271484375
46.42856979370117, 45.0396842956543
