actor_1,actor_2
85.31745910644531, 88.29364776611328
84.52381134033203, 93.25396728515625
81.74603271484375, 90.67460632324219
81.94444274902344, 77.5793685913086
90.67460632324219, 75.0
94.44444274902344, 75.3968276977539
94.84127044677734, 73.80952453613281
85.9126968383789, 73.61111450195312
83.33333587646484, 70.03968048095703
80.35713958740234, 71.62698364257812
69.84127044677734, 79.16666412353516
65.67460632324219, 81.94444274902344
63.492061614990234, 83.13491821289062
65.0793685913086, 83.33333587646484
72.61904907226562, 84.72222137451172
71.82539367675781, 88.4920654296875
72.22222137451172, 93.05555725097656
70.43650817871094, 89.48412322998047
71.82539367675781, 85.9126968383789
71.82539367675781, 85.9126968383789
80.95237731933594, 79.16666412353516
85.9126968383789, 65.67460632324219
91.66666412353516, 64.48412322998047
95.83333587646484, 66.46825408935547
98.4126968383789, 67.85713958740234
100.0, 70.23809814453125
98.4126968383789, 69.84127044677734
90.0793685913086, 71.23015594482422
87.5, 68.45237731933594
86.70635223388672, 68.65079498291016
86.70635223388672, 68.65079498291016
84.12698364257812, 70.63491821289062
83.92857360839844, 72.22222137451172
72.02381134033203, 84.9206314086914
60.71428680419922, 83.73015594482422
60.71428680419922, 83.73015594482422
56.5476188659668, 74.0079345703125
56.5476188659668, 74.0079345703125
58.33333206176758, 74.20635223388672
59.52381134033203, 74.0079345703125
68.45237731933594, 78.17460632324219
69.84127044677734, 81.94444274902344
67.26190185546875, 81.54762268066406
66.07142639160156, 76.5873031616211
64.48412322998047, 72.81745910644531
65.87301635742188, 78.37301635742188
65.87301635742188, 78.37301635742188
70.03968048095703, 90.47618865966797
70.03968048095703, 90.47618865966797
76.38888549804688, 91.07142639160156
88.29364776611328, 70.43650817871094
91.07142639160156, 61.507938385009766
91.26984405517578, 60.912696838378906
91.26984405517578, 60.912696838378906
91.26984405517578, 60.912696838378906
