actor_1,actor_2
73.61111450195312, 66.66666412353516
66.46825408935547, 58.33333206176758
62.10317611694336, 58.53174591064453
60.515872955322266, 55.9523811340332
54.761905670166016, 51.984127044677734
52.57936477661133, 52.380950927734375
51.19047546386719, 47.81745910644531
50.79365158081055, 48.412696838378906
