actor_1,actor_2
63.29365158081055, 87.30158996582031
60.31745910644531, 80.55555725097656
55.35714340209961, 73.80952453613281
58.13492202758789, 63.492061614990234
62.69841384887695, 59.52381134033203
70.63491821289062, 58.92856979370117
74.6031723022461, 63.29365158081055
80.75396728515625, 67.06349182128906
91.86508178710938, 70.23809814453125
88.29364776611328, 68.25396728515625
78.57142639160156, 69.04762268066406
76.98412322998047, 67.06349182128906
76.98412322998047, 67.06349182128906
68.25396728515625, 70.43650817871094
57.738094329833984, 78.17460632324219
54.9603157043457, 78.96825408935547
55.75396728515625, 85.11904907226562
54.56349182128906, 84.9206314086914
54.36507797241211, 82.73809814453125
49.60317611694336, 75.0
48.015872955322266, 70.03968048095703
50.39682388305664, 69.44444274902344
48.80952453613281, 65.47618865966797
50.79365158081055, 64.28571319580078
64.88095092773438, 57.5396842956543
66.46825408935547, 56.349205017089844
67.85713958740234, 54.9603157043457
72.02381134033203, 55.55555725097656
77.18254089355469, 59.126983642578125
79.16666412353516, 59.92063522338867
91.86508178710938, 67.85713958740234
89.68254089355469, 70.03968048095703
84.32539367675781, 66.86508178710938
83.13491821289062, 64.88095092773438
80.35713958740234, 64.0873031616211
76.19047546386719, 65.47618865966797
75.0, 65.27777862548828
72.61904907226562, 67.46031951904297
68.05555725097656, 67.46031951904297
55.158729553222656, 77.97618865966797
47.619049072265625, 78.37301635742188
47.02381134033203, 76.98412322998047
46.82539749145508, 76.38888549804688
46.82539749145508, 76.38888549804688
