actor_1,actor_2
49.20634841918945, 61.70634841918945
46.03174591064453, 62.10317611694336
44.841270446777344, 63.29365158081055
43.849205017089844, 55.9523811340332
46.03174591064453, 48.80952453613281
45.63492202758789, 44.841270446777344
42.85714340209961, 41.86507797241211
42.06349182128906, 42.261905670166016
40.67460250854492, 39.880950927734375
39.087303161621094, 40.873016357421875
40.67460250854492, 39.880950927734375
39.087303161621094, 40.873016357421875
