actor_1,actor_2
47.81745910644531, 49.007938385009766
45.43650817871094, 50.992061614990234
42.85714340209961, 48.21428680419922
43.849205017089844, 43.25396728515625
46.42856979370117, 42.4603157043457
47.81745910644531, 46.03174591064453
54.9603157043457, 46.230159759521484
51.984127044677734, 43.650794982910156
47.22222137451172, 41.86507797241211
43.4523811340332, 42.4603157043457
41.66666793823242, 42.658729553222656
40.27777862548828, 43.650794982910156
38.88888931274414, 44.44444274902344
40.47618865966797, 45.83333206176758
45.63492202758789, 47.619049072265625
43.650794982910156, 49.404762268066406
41.46825408935547, 49.20634841918945
41.86507797241211, 50.19841384887695
44.24603271484375, 49.404762268066406
44.24603271484375, 49.404762268066406
47.22222137451172, 46.230159759521484
47.02381134033203, 41.86507797241211
50.992061614990234, 37.5
49.60317611694336, 36.507938385009766
49.20634841918945, 36.11111068725586
48.80952453613281, 37.69841384887695
55.158729553222656, 39.880950927734375
52.57936477661133, 40.27777862548828
47.42063522338867, 39.484127044677734
47.22222137451172, 41.07143020629883
47.22222137451172, 41.07143020629883
44.64285659790039, 43.25396728515625
44.44444274902344, 42.261905670166016
40.47618865966797, 44.44444274902344
37.89682388305664, 45.63492202758789
37.89682388305664, 45.63492202758789
39.28571319580078, 44.64285659790039
39.28571319580078, 44.64285659790039
39.28571319580078, 44.44444274902344
40.47618865966797, 45.238094329833984
42.4603157043457, 47.02381134033203
42.261905670166016, 49.60317611694336
43.650794982910156, 47.619049072265625
43.4523811340332, 46.230159759521484
45.83333206176758, 47.619049072265625
44.24603271484375, 51.19047546386719
44.24603271484375, 51.19047546386719
44.64285659790039, 54.36507797241211
44.64285659790039, 54.36507797241211
47.02381134033203, 51.78571319580078
50.595237731933594, 43.849205017089844
49.20634841918945, 36.507938385009766
47.42063522338867, 34.52381134033203
47.42063522338867, 34.52381134033203
47.42063522338867, 34.52381134033203
