actor_1,actor_2
64.88095092773438, 71.82539367675781
62.10317611694336, 86.5079345703125
59.72222137451172, 87.1031723022461
61.70634841918945, 72.81745910644531
66.86508178710938, 65.27777862548828
67.06349182128906, 58.92856979370117
67.65872955322266, 61.70634841918945
67.46031951904297, 58.730159759521484
75.3968276977539, 54.16666793823242
74.4047622680664, 52.97618865966797
68.84920501708984, 52.18254089355469
72.22222137451172, 56.150794982910156
72.22222137451172, 56.150794982910156
71.82539367675781, 58.33333206176758
61.30952453613281, 66.46825408935547
59.126983642578125, 67.65872955322266
54.761905670166016, 64.0873031616211
54.761905670166016, 64.0873031616211
52.18254089355469, 61.30952453613281
54.36507797241211, 62.89682388305664
56.5476188659668, 65.47618865966797
54.9603157043457, 75.0
53.96825408935547, 76.98412322998047
54.56349182128906, 75.19841003417969
55.35714340209961, 71.82539367675781
55.9523811340332, 73.80952453613281
56.150794982910156, 78.96825408935547
58.53174591064453, 81.94444274902344
62.69841384887695, 80.35713958740234
70.63491821289062, 56.150794982910156
67.46031951904297, 51.38888931274414
66.26984405517578, 48.015872955322266
65.0793685913086, 46.42856979370117
