actor_1,actor_2
69.44444274902344, 57.341270446777344
65.47618865966797, 51.19047546386719
61.70634841918945, 50.19841384887695
60.119049072265625, 50.0
56.150794982910156, 48.21428680419922
54.56349182128906, 48.015872955322266
53.373016357421875, 47.42063522338867
53.769840240478516, 47.81745910644531
