actor_1,actor_2
72.61904907226562, 55.158729553222656
70.23809814453125, 49.007938385009766
65.47618865966797, 49.20634841918945
63.69047546386719, 49.404762268066406
58.33333206176758, 46.03174591064453
56.94444274902344, 48.412696838378906
55.9523811340332, 48.21428680419922
55.35714340209961, 48.61111068725586
