actor_1,actor_2
54.56349182128906, 71.82539367675781
53.17460250854492, 88.0952377319336
48.61111068725586, 86.70635223388672
49.404762268066406, 70.43650817871094
51.984127044677734, 59.52381134033203
52.18254089355469, 50.595237731933594
49.20634841918945, 46.42856979370117
50.992061614990234, 48.80952453613281
50.79365158081055, 47.22222137451172
54.16666793823242, 50.595237731933594
59.52381134033203, 51.38888931274414
59.92063522338867, 49.20634841918945
57.93650817871094, 49.404762268066406
57.93650817871094, 50.595237731933594
58.53174591064453, 49.80158615112305
63.095237731933594, 51.19047546386719
61.70634841918945, 53.373016357421875
61.11111068725586, 54.36507797241211
50.79365158081055, 64.28571319580078
50.0, 64.28571319580078
47.22222137451172, 62.69841384887695
48.015872955322266, 60.912696838378906
46.03174591064453, 60.912696838378906
44.44444274902344, 60.912696838378906
44.0476188659668, 60.119049072265625
47.42063522338867, 60.515872955322266
48.015872955322266, 68.65079498291016
49.007938385009766, 74.20635223388672
46.626983642578125, 71.62698364257812
47.02381134033203, 70.23809814453125
47.42063522338867, 65.87301635742188
47.42063522338867, 65.87301635742188
47.02381134033203, 68.45237731933594
46.42856979370117, 70.63491821289062
46.42856979370117, 70.63491821289062
48.80952453613281, 75.3968276977539
53.17460250854492, 49.80158615112305
51.587303161621094, 45.63492202758789
51.587303161621094, 42.06349182128906
51.587303161621094, 42.06349182128906
