actor_1,actor_2
64.0873031616211, 61.30952453613281
59.32539749145508, 58.53174591064453
55.55555725097656, 60.71428680419922
56.94444274902344, 60.912696838378906
62.10317611694336, 64.68254089355469
55.35714340209961, 59.72222137451172
48.61111068725586, 51.38888931274414
47.02381134033203, 46.230159759521484
50.595237731933594, 49.404762268066406
59.92063522338867, 54.9603157043457
71.03174591064453, 61.904762268066406
65.27777862548828, 57.93650817871094
57.738094329833984, 57.93650817871094
56.94444274902344, 60.912696838378906
61.11111068725586, 63.69047546386719
55.75396728515625, 59.52381134033203
48.61111068725586, 51.38888931274414
49.80158615112305, 48.80952453613281
54.16666793823242, 52.380950927734375
62.10317611694336, 60.31745910644531
66.46825408935547, 63.69047546386719
65.0793685913086, 60.515872955322266
61.11111068725586, 62.30158615112305
62.5, 62.69841384887695
60.31745910644531, 66.66666412353516
55.75396728515625, 61.70634841918945
51.587303161621094, 55.55555725097656
47.42063522338867, 48.015872955322266
48.412696838378906, 45.0396842956543
53.373016357421875, 44.64285659790039
59.72222137451172, 52.77777862548828
65.67460632324219, 54.761905670166016
62.5, 56.74603271484375
64.88095092773438, 59.126983642578125
61.70634841918945, 59.52381134033203
58.92856979370117, 59.72222137451172
59.52381134033203, 61.507938385009766
59.32539749145508, 62.30158615112305
53.769840240478516, 59.52381134033203
54.36507797241211, 60.515872955322266
52.97618865966797, 50.992061614990234
55.55555725097656, 57.341270446777344
52.97618865966797, 50.992061614990234
52.97618865966797, 56.150794982910156
54.16666793823242, 51.587303161621094
51.587303161621094, 54.36507797241211
53.373016357421875, 50.79365158081055
51.587303161621094, 54.36507797241211
51.984127044677734, 50.19841384887695
51.587303161621094, 54.36507797241211
49.007938385009766, 48.412696838378906
51.587303161621094, 54.36507797241211
49.007938385009766, 48.412696838378906
