actor_1,actor_2
73.21428680419922, 92.85713958740234
62.69841384887695, 80.75396728515625
58.730159759521484, 76.19047546386719
59.126983642578125, 60.71428680419922
58.13492202758789, 50.0
56.74603271484375, 48.015872955322266
56.5476188659668, 48.80952453613281
54.761905670166016, 50.992061614990234
62.30158615112305, 57.341270446777344
56.74603271484375, 63.095237731933594
59.52381134033203, 59.72222137451172
53.373016357421875, 48.61111068725586
60.119049072265625, 55.158729553222656
59.126983642578125, 62.89682388305664
57.5396842956543, 56.94444274902344
61.30952453613281, 61.30952453613281
51.984127044677734, 66.26984405517578
59.72222137451172, 63.88888931274414
61.70634841918945, 59.72222137451172
60.912696838378906, 63.492061614990234
56.349205017089844, 55.158729553222656
59.92063522338867, 61.507938385009766
54.36507797241211, 52.18254089355469
59.92063522338867, 61.507938385009766
54.36507797241211, 52.18254089355469
58.33333206176758, 60.71428680419922
52.97618865966797, 50.0
57.14285659790039, 58.92856979370117
52.97618865966797, 50.0
55.75396728515625, 57.93650817871094
52.97618865966797, 50.0
53.373016357421875, 53.57143020629883
50.595237731933594, 48.412696838378906
51.78571319580078, 50.79365158081055
52.97618865966797, 59.126983642578125
51.78571319580078, 50.79365158081055
52.380950927734375, 57.341270446777344
49.007938385009766, 50.39682388305664
49.20634841918945, 49.80158615112305
48.412696838378906, 46.42856979370117
50.595237731933594, 48.412696838378906
50.39682388305664, 49.007938385009766
