actor_1,actor_2
51.78571319580078, 50.79365158081055
44.44444274902344, 38.69047546386719
37.69841384887695, 40.67460250854492
41.86507797241211, 41.46825408935547
37.69841384887695, 40.67460250854492
38.492061614990234, 43.650794982910156
44.24603271484375, 54.16666793823242
43.4523811340332, 64.28571319580078
41.269840240478516, 65.47618865966797
42.658729553222656, 62.69841384887695
45.63492202758789, 60.71428680419922
47.22222137451172, 53.96825408935547
53.373016357421875, 46.626983642578125
55.158729553222656, 39.28571319580078
55.158729553222656, 33.730159759521484
53.769840240478516, 33.92856979370117
52.18254089355469, 34.32539749145508
52.18254089355469, 35.31745910644531
52.77777862548828, 32.738094329833984
45.83333206176758, 30.158729553222656
43.4523811340332, 29.16666603088379
39.484127044677734, 29.365079879760742
39.484127044677734, 29.365079879760742
40.27777862548828, 30.158729553222656
37.89682388305664, 31.746030807495117
34.72222137451172, 37.10317611694336
29.365079879760742, 40.873016357421875
29.365079879760742, 40.873016357421875
28.174602508544922, 42.85714340209961
28.174602508544922, 42.85714340209961
31.150793075561523, 42.658729553222656
35.119049072265625, 43.05555725097656
40.07936477661133, 50.39682388305664
41.46825408935547, 58.13492202758789
41.46825408935547, 63.492061614990234
41.07143020629883, 58.13492202758789
42.261905670166016, 55.9523811340332
42.261905670166016, 55.9523811340332
42.261905670166016, 58.33333206176758
42.261905670166016, 58.33333206176758
45.43650817871094, 62.30158615112305
46.03174591064453, 56.5476188659668
49.80158615112305, 52.97618865966797
59.52381134033203, 38.095237731933594
57.5396842956543, 33.13492202758789
55.55555725097656, 32.5396842956543
55.55555725097656, 32.5396842956543
