actor_1,actor_2
33.92856979370117, 48.80952453613281
40.27777862548828, 52.57936477661133
40.873016357421875, 51.984127044677734
42.261905670166016, 45.83333206176758
47.22222137451172, 39.28571319580078
54.761905670166016, 39.68254089355469
56.94444274902344, 41.66666793823242
57.738094329833984, 38.29365158081055
62.5, 34.92063522338867
52.380950927734375, 32.738094329833984
45.0396842956543, 32.738094329833984
42.261905670166016, 34.126983642578125
42.261905670166016, 34.126983642578125
35.515872955322266, 34.52381134033203
22.22222137451172, 37.5
20.634920120239258, 40.07936477661133
19.64285659790039, 41.46825408935547
19.64285659790039, 41.46825408935547
20.634920120239258, 41.86507797241211
21.626983642578125, 43.05555725097656
26.984127044677734, 53.769840240478516
31.349206924438477, 51.38888931274414
33.33333206176758, 51.38888931274414
33.730159759521484, 49.007938385009766
32.93650817871094, 46.03174591064453
33.53174591064453, 47.42063522338867
33.33333206176758, 48.412696838378906
36.30952453613281, 48.412696838378906
41.269840240478516, 45.43650817871094
55.9523811340332, 38.88888931274414
56.150794982910156, 37.89682388305664
54.36507797241211, 35.912696838378906
56.349205017089844, 35.119049072265625
