actor_1,actor_2
68.45237731933594, 63.88888931274414
60.119049072265625, 66.66666412353516
67.26190185546875, 67.46031951904297
62.69841384887695, 60.31745910644531
68.45237731933594, 63.88888931274414
60.119049072265625, 66.66666412353516
67.26190185546875, 67.46031951904297
63.095237731933594, 61.904762268066406
66.86508178710938, 68.05555725097656
63.095237731933594, 61.904762268066406
66.86508178710938, 68.05555725097656
63.095237731933594, 61.904762268066406
66.86508178710938, 68.05555725097656
63.095237731933594, 61.904762268066406
66.86508178710938, 68.05555725097656
63.095237731933594, 61.904762268066406
71.62698364257812, 74.6031723022461
69.24603271484375, 68.25396728515625
71.62698364257812, 74.6031723022461
69.24603271484375, 68.25396728515625
71.62698364257812, 74.6031723022461
69.24603271484375, 68.25396728515625
71.62698364257812, 74.6031723022461
68.25396728515625, 68.65079498291016
65.0793685913086, 61.904762268066406
68.25396728515625, 68.65079498291016
65.0793685913086, 61.904762268066406
69.44444274902344, 68.65079498291016
69.04762268066406, 72.22222137451172
69.44444274902344, 68.65079498291016
66.07142639160156, 67.06349182128906
67.46031951904297, 61.30952453613281
61.70634841918945, 64.68254089355469
71.62698364257812, 66.26984405517578
61.70634841918945, 64.68254089355469
66.86508178710938, 69.44444274902344
61.70634841918945, 61.507938385009766
66.86508178710938, 69.44444274902344
61.70634841918945, 61.507938385009766
66.86508178710938, 69.44444274902344
62.10317611694336, 59.92063522338867
65.0793685913086, 67.85713958740234
62.10317611694336, 59.92063522338867
65.0793685913086, 67.85713958740234
60.912696838378906, 59.72222137451172
62.69841384887695, 66.46825408935547
62.30158615112305, 60.31745910644531
62.69841384887695, 66.46825408935547
58.92856979370117, 55.75396728515625
55.158729553222656, 60.912696838378906
58.92856979370117, 55.75396728515625
55.158729553222656, 60.912696838378906
58.53174591064453, 55.35714340209961
55.158729553222656, 60.912696838378906
53.17460250854492, 51.19047546386719
51.19047546386719, 58.53174591064453
50.595237731933594, 50.39682388305664
51.19047546386719, 58.53174591064453
50.595237731933594, 50.39682388305664
51.19047546386719, 58.53174591064453
47.22222137451172, 49.007938385009766
52.97618865966797, 47.619049072265625
47.22222137451172, 49.007938385009766
50.39682388305664, 46.626983642578125
47.22222137451172, 49.007938385009766
47.02381134033203, 45.63492202758789
