actor_1,actor_2
61.11111068725586, 88.69047546386719
60.912696838378906, 86.5079345703125
60.912696838378906, 82.14286041259766
62.69841384887695, 73.61111450195312
70.63491821289062, 66.66666412353516
75.9920654296875, 66.07142639160156
78.37301635742188, 69.24603271484375
79.36508178710938, 70.23809814453125
79.56349182128906, 73.61111450195312
76.78571319580078, 69.24603271484375
70.63491821289062, 69.24603271484375
71.03174591064453, 69.24603271484375
71.03174591064453, 69.24603271484375
65.67460632324219, 69.64286041259766
56.94444274902344, 75.79364776611328
56.74603271484375, 78.76984405517578
53.57143020629883, 85.31745910644531
55.55555725097656, 88.88888549804688
55.9523811340332, 89.48412322998047
55.75396728515625, 83.73015594482422
56.150794982910156, 80.35713958740234
58.53174591064453, 79.96031951904297
58.92856979370117, 73.61111450195312
60.119049072265625, 72.61904907226562
73.61111450195312, 66.46825408935547
76.19047546386719, 63.88888931274414
80.15872955322266, 60.31745910644531
79.36508178710938, 60.31745910644531
81.74603271484375, 63.492061614990234
80.55555725097656, 64.28571319580078
80.15872955322266, 71.82539367675781
81.54762268066406, 71.42857360839844
71.82539367675781, 66.46825408935547
72.61904907226562, 66.86508178710938
72.4206314086914, 65.67460632324219
70.83333587646484, 65.27777862548828
71.82539367675781, 66.26984405517578
69.24603271484375, 68.65079498291016
66.66666412353516, 69.44444274902344
56.349205017089844, 75.19841003417969
52.77777862548828, 77.97618865966797
52.77777862548828, 77.97618865966797
52.380950927734375, 72.22222137451172
51.587303161621094, 73.61111450195312
52.77777862548828, 77.18254089355469
55.75396728515625, 81.74603271484375
54.56349182128906, 80.55555725097656
54.761905670166016, 70.23809814453125
54.9603157043457, 70.43650817871094
54.56349182128906, 67.26190185546875
57.738094329833984, 68.45237731933594
55.9523811340332, 70.83333587646484
58.92856979370117, 70.43650817871094
61.11111068725586, 67.85713958740234
73.80952453613281, 63.095237731933594
77.77777862548828, 61.904762268066406
77.38095092773438, 59.92063522338867
79.56349182128906, 58.730159759521484
79.56349182128906, 58.730159759521484
