actor_1,actor_2
75.3968276977539, 100.0
71.62698364257812, 100.0
64.88095092773438, 95.23809814453125
63.492061614990234, 80.95237731933594
63.095237731933594, 65.87301635742188
60.119049072265625, 53.96825408935547
57.341270446777344, 47.02381134033203
60.31745910644531, 48.412696838378906
56.150794982910156, 48.412696838378906
58.92856979370117, 53.57143020629883
70.23809814453125, 56.74603271484375
66.26984405517578, 60.71428680419922
58.730159759521484, 56.349205017089844
56.5476188659668, 55.9523811340332
55.75396728515625, 55.75396728515625
55.35714340209961, 56.5476188659668
56.5476188659668, 63.095237731933594
57.738094329833984, 63.69047546386719
66.86508178710938, 70.03968048095703
73.01587677001953, 73.4126968383789
70.03968048095703, 73.21428680419922
64.88095092773438, 65.87301635742188
60.515872955322266, 58.92856979370117
58.33333206176758, 54.36507797241211
59.32539749145508, 55.9523811340332
66.66666412353516, 62.30158615112305
65.87301635742188, 62.30158615112305
55.55555725097656, 59.32539749145508
62.89682388305664, 61.904762268066406
53.96825408935547, 58.92856979370117
62.89682388305664, 61.70634841918945
55.9523811340332, 60.119049072265625
63.88888931274414, 64.28571319580078
63.492061614990234, 64.0873031616211
61.904762268066406, 61.11111068725586
59.72222137451172, 56.5476188659668
59.52381134033203, 59.52381134033203
56.150794982910156, 59.52381134033203
58.92856979370117, 57.93650817871094
56.150794982910156, 59.52381134033203
57.341270446777344, 57.341270446777344
58.92856979370117, 59.72222137451172
57.93650817871094, 57.14285659790039
58.730159759521484, 59.32539749145508
55.75396728515625, 56.150794982910156
58.13492202758789, 51.78571319580078
53.769840240478516, 54.56349182128906
58.13492202758789, 51.78571319580078
50.79365158081055, 50.79365158081055
54.56349182128906, 53.17460250854492
52.57936477661133, 56.94444274902344
53.769840240478516, 52.380950927734375
54.761905670166016, 57.14285659790039
53.769840240478516, 52.380950927734375
55.35714340209961, 56.5476188659668
51.38888931274414, 51.78571319580078
49.60317611694336, 47.619049072265625
49.60317611694336, 50.19841384887695
49.60317611694336, 47.619049072265625
48.61111068725586, 47.22222137451172
52.57936477661133, 52.57936477661133
52.57936477661133, 55.158729553222656
50.19841384887695, 51.984127044677734
47.81745910644531, 47.42063522338867
47.42063522338867, 47.81745910644531
47.81745910644531, 47.42063522338867
47.42063522338867, 47.81745910644531
