actor_1,actor_2
78.37301635742188, 87.69841003417969
67.46031951904297, 87.5
63.29365158081055, 84.72222137451172
64.68254089355469, 79.36508178710938
69.04762268066406, 74.20635223388672
74.20635223388672, 70.03968048095703
75.5952377319336, 69.44444274902344
78.76984405517578, 70.43650817871094
79.76190185546875, 68.45237731933594
85.11904907226562, 69.84127044677734
98.4126968383789, 74.0079345703125
100.0, 72.81745910644531
100.0, 70.43650817871094
100.0, 69.24603271484375
100.0, 70.03968048095703
100.0, 72.4206314086914
95.63491821289062, 73.80952453613281
90.87301635742188, 74.6031723022461
73.01587677001953, 81.15079498291016
70.63491821289062, 80.35713958740234
66.86508178710938, 77.77777862548828
61.904762268066406, 75.0
62.69841384887695, 74.6031723022461
63.88888931274414, 74.0079345703125
63.88888931274414, 74.80158996582031
68.25396728515625, 78.96825408935547
63.88888931274414, 78.76984405517578
59.92063522338867, 76.98412322998047
57.738094329833984, 74.80158996582031
56.94444274902344, 73.80952453613281
57.14285659790039, 72.81745910644531
57.14285659790039, 72.81745910644531
57.5396842956543, 74.80158996582031
59.126983642578125, 77.77777862548828
59.126983642578125, 77.77777862548828
61.11111068725586, 80.75396728515625
73.21428680419922, 68.84920501708984
77.18254089355469, 69.04762268066406
75.9920654296875, 66.86508178710938
75.9920654296875, 66.86508178710938
