actor_1,actor_2
74.20635223388672, 66.07142639160156
65.47618865966797, 67.65872955322266
72.81745910644531, 68.25396728515625
63.69047546386719, 69.24603271484375
72.81745910644531, 68.25396728515625
63.69047546386719, 69.24603271484375
70.03968048095703, 68.05555725097656
63.69047546386719, 69.24603271484375
64.68254089355469, 64.88095092773438
61.30952453613281, 49.007938385009766
64.68254089355469, 64.88095092773438
61.30952453613281, 49.007938385009766
62.30158615112305, 64.0873031616211
61.11111068725586, 49.404762268066406
62.30158615112305, 64.0873031616211
61.11111068725586, 49.404762268066406
61.70634841918945, 64.88095092773438
60.912696838378906, 50.79365158081055
61.70634841918945, 64.88095092773438
61.11111068725586, 51.984127044677734
61.70634841918945, 64.88095092773438
65.27777862548828, 60.912696838378906
57.93650817871094, 62.89682388305664
62.69841384887695, 60.912696838378906
59.32539749145508, 64.0873031616211
62.30158615112305, 61.904762268066406
57.341270446777344, 61.30952453613281
60.119049072265625, 58.730159759521484
58.92856979370117, 65.27777862548828
59.126983642578125, 59.72222137451172
58.730159759521484, 49.404762268066406
55.158729553222656, 57.738094329833984
57.14285659790039, 48.61111068725586
55.158729553222656, 57.738094329833984
54.761905670166016, 47.81745910644531
56.74603271484375, 56.5476188659668
60.71428680419922, 64.0873031616211
56.74603271484375, 56.5476188659668
