actor_1,actor_2
54.761905670166016, 76.19047546386719
48.21428680419922, 69.24603271484375
45.0396842956543, 63.492061614990234
46.03174591064453, 48.80952453613281
50.0, 43.4523811340332
54.16666793823242, 38.29365158081055
55.158729553222656, 40.07936477661133
60.515872955322266, 44.64285659790039
70.43650817871094, 53.373016357421875
71.23015594482422, 54.761905670166016
64.0873031616211, 55.9523811340332
61.70634841918945, 56.349205017089844
61.70634841918945, 56.349205017089844
53.96825408935547, 58.13492202758789
46.626983642578125, 67.46031951904297
42.658729553222656, 71.03174591064453
42.85714340209961, 75.19841003417969
46.03174591064453, 77.97618865966797
46.03174591064453, 83.33333587646484
41.66666793823242, 73.4126968383789
41.269840240478516, 69.04762268066406
42.4603157043457, 67.65872955322266
41.86507797241211, 64.0873031616211
43.849205017089844, 59.126983642578125
51.984127044677734, 40.873016357421875
52.97618865966797, 37.5
56.349205017089844, 34.52381134033203
55.9523811340332, 33.730159759521484
56.94444274902344, 35.119049072265625
58.730159759521484, 36.904762268066406
66.26984405517578, 50.595237731933594
69.24603271484375, 52.77777862548828
66.46825408935547, 53.769840240478516
65.27777862548828, 54.761905670166016
63.88888931274414, 54.56349182128906
61.11111068725586, 55.158729553222656
61.70634841918945, 55.158729553222656
59.32539749145508, 56.150794982910156
54.16666793823242, 55.75396728515625
44.841270446777344, 66.07142639160156
37.30158615112305, 70.43650817871094
37.30158615112305, 70.43650817871094
36.507938385009766, 67.26190185546875
37.30158615112305, 68.25396728515625
39.484127044677734, 69.84127044677734
41.269840240478516, 74.4047622680664
42.06349182128906, 72.61904907226562
39.880950927734375, 63.095237731933594
39.087303161621094, 61.70634841918945
38.69047546386719, 60.515872955322266
40.47618865966797, 60.119049072265625
40.27777862548828, 64.28571319580078
40.67460250854492, 60.71428680419922
42.85714340209961, 49.20634841918945
49.60317611694336, 37.10317611694336
54.16666793823242, 35.912696838378906
52.97618865966797, 34.52381134033203
55.35714340209961, 33.33333206176758
55.35714340209961, 33.33333206176758
