actor_1,actor_2
69.24603271484375, 59.72222137451172
58.53174591064453, 53.96825408935547
55.35714340209961, 58.730159759521484
57.738094329833984, 57.341270446777344
55.35714340209961, 58.730159759521484
53.373016357421875, 55.35714340209961
61.30952453613281, 58.730159759521484
53.373016357421875, 55.35714340209961
61.30952453613281, 58.730159759521484
53.373016357421875, 55.35714340209961
58.13492202758789, 57.738094329833984
53.373016357421875, 55.35714340209961
53.373016357421875, 56.74603271484375
56.349205017089844, 55.75396728515625
53.373016357421875, 56.74603271484375
59.32539749145508, 56.94444274902344
50.19841384887695, 55.55555725097656
56.74603271484375, 55.9523811340332
50.19841384887695, 55.55555725097656
54.36507797241211, 55.158729553222656
52.380950927734375, 55.75396728515625
46.626983642578125, 54.16666793823242
45.43650817871094, 51.78571319580078
45.43650817871094, 51.78571319580078
47.42063522338867, 52.57936477661133
48.61111068725586, 53.96825408935547
48.61111068725586, 51.78571319580078
50.79365158081055, 54.36507797241211
55.75396728515625, 43.849205017089844
58.13492202758789, 40.07936477661133
57.14285659790039, 39.28571319580078
56.74603271484375, 39.087303161621094
56.74603271484375, 39.087303161621094
56.74603271484375, 39.087303161621094
58.13492202758789, 41.07143020629883
57.341270446777344, 40.67460250854492
59.126983642578125, 40.47618865966797
58.53174591064453, 42.658729553222656
53.57143020629883, 42.06349182128906
54.9603157043457, 43.4523811340332
53.96825408935547, 44.841270446777344
54.36507797241211, 46.230159759521484
54.761905670166016, 47.81745910644531
55.55555725097656, 47.42063522338867
54.16666793823242, 45.43650817871094
56.5476188659668, 47.02381134033203
50.79365158081055, 54.56349182128906
46.82539749145508, 56.349205017089844
45.63492202758789, 55.75396728515625
45.63492202758789, 55.75396728515625
