actor_1,actor_2
81.94444274902344, 84.9206314086914
76.5873031616211, 89.0873031616211
74.80158996582031, 87.30158996582031
71.82539367675781, 75.9920654296875
69.44444274902344, 61.507938385009766
69.84127044677734, 59.92063522338867
72.4206314086914, 62.89682388305664
74.20635223388672, 64.48412322998047
76.19047546386719, 65.0793685913086
76.38888549804688, 69.04762268066406
75.19841003417969, 68.84920501708984
75.5952377319336, 70.43650817871094
75.5952377319336, 70.43650817871094
75.0, 75.19841003417969
74.20635223388672, 85.31745910644531
74.4047622680664, 89.0873031616211
70.23809814453125, 94.44444274902344
75.79364776611328, 100.0
75.0, 97.4206314086914
70.83333587646484, 100.0
71.23015594482422, 98.21428680419922
72.61904907226562, 89.88095092773438
71.03174591064453, 84.12698364257812
71.03174591064453, 78.96825408935547
69.64286041259766, 58.730159759521484
68.45237731933594, 56.150794982910156
67.85713958740234, 54.16666793823242
67.65872955322266, 55.35714340209961
69.24603271484375, 57.341270446777344
69.24603271484375, 58.33333206176758
74.0079345703125, 64.48412322998047
77.77777862548828, 68.45237731933594
72.81745910644531, 66.86508178710938
73.61111450195312, 67.26190185546875
73.21428680419922, 67.26190185546875
72.61904907226562, 67.85713958740234
73.80952453613281, 68.65079498291016
74.80158996582031, 71.03174591064453
76.38888549804688, 76.78571319580078
74.0079345703125, 84.9206314086914
71.42857360839844, 95.83333587646484
71.42857360839844, 95.83333587646484
68.05555725097656, 97.02381134033203
67.85713958740234, 96.82539367675781
70.23809814453125, 98.01587677001953
76.19047546386719, 98.21428680419922
72.22222137451172, 95.03968048095703
69.44444274902344, 94.04762268066406
69.64286041259766, 93.65079498291016
68.84920501708984, 90.87301635742188
70.03968048095703, 86.5079345703125
69.04762268066406, 89.28571319580078
70.83333587646484, 83.33333587646484
69.04762268066406, 74.4047622680664
67.85713958740234, 58.53174591064453
68.25396728515625, 55.75396728515625
67.46031951904297, 54.56349182128906
67.06349182128906, 52.97618865966797
67.06349182128906, 52.97618865966797
