actor_1,actor_2
54.9603157043457, 49.80158615112305
44.64285659790039, 49.60317611694336
50.39682388305664, 51.587303161621094
50.992061614990234, 61.507938385009766
53.373016357421875, 59.92063522338867
53.769840240478516, 57.93650817871094
54.9603157043457, 43.849205017089844
55.35714340209961, 40.67460250854492
55.55555725097656, 41.269840240478516
60.31745910644531, 41.269840240478516
61.11111068725586, 40.47618865966797
57.93650817871094, 43.4523811340332
53.373016357421875, 41.66666793823242
52.380950927734375, 45.0396842956543
51.19047546386719, 45.238094329833984
44.841270446777344, 48.80952453613281
38.29365158081055, 50.595237731933594
35.119049072265625, 51.38888931274414
37.10317611694336, 49.404762268066406
38.095237731933594, 51.38888931274414
45.43650817871094, 51.587303161621094
48.412696838378906, 60.31745910644531
48.61111068725586, 62.89682388305664
50.0, 63.29365158081055
50.0, 60.71428680419922
50.992061614990234, 59.126983642578125
53.769840240478516, 54.761905670166016
55.35714340209961, 38.69047546386719
56.150794982910156, 38.69047546386719
54.36507797241211, 37.10317611694336
53.17460250854492, 36.507938385009766
53.57143020629883, 37.10317611694336
52.18254089355469, 36.904762268066406
56.349205017089844, 37.5
55.75396728515625, 38.095237731933594
54.36507797241211, 40.67460250854492
47.81745910644531, 38.69047546386719
48.61111068725586, 39.087303161621094
49.20634841918945, 43.849205017089844
50.0, 45.63492202758789
53.373016357421875, 46.42856979370117
53.373016357421875, 46.42856979370117
51.38888931274414, 46.82539749145508
41.07143020629883, 49.60317611694336
35.515872955322266, 51.587303161621094
33.92856979370117, 51.587303161621094
33.92856979370117, 51.587303161621094
35.912696838378906, 52.77777862548828
35.119049072265625, 52.57936477661133
