actor_1,actor_2
67.65872955322266, 57.738094329833984
60.31745910644531, 46.230159759521484
55.35714340209961, 45.83333206176758
55.158729553222656, 44.44444274902344
50.595237731933594, 43.849205017089844
50.19841384887695, 44.0476188659668
48.412696838378906, 42.85714340209961
50.19841384887695, 44.64285659790039
