actor_1,actor_2
68.45237731933594, 75.9920654296875
67.85713958740234, 77.18254089355469
62.10317611694336, 73.4126968383789
62.89682388305664, 65.0793685913086
66.86508178710938, 57.93650817871094
67.46031951904297, 53.17460250854492
68.05555725097656, 54.56349182128906
70.83333587646484, 55.158729553222656
71.42857360839844, 58.33333206176758
63.88888931274414, 57.5396842956543
59.92063522338867, 54.56349182128906
58.33333206176758, 54.761905670166016
58.33333206176758, 54.761905670166016
56.5476188659668, 58.33333206176758
51.38888931274414, 61.904762268066406
51.19047546386719, 64.68254089355469
54.9603157043457, 70.43650817871094
57.14285659790039, 73.4126968383789
63.88888931274414, 79.16666412353516
62.89682388305664, 77.5793685913086
61.11111068725586, 74.20635223388672
61.11111068725586, 74.4047622680664
61.11111068725586, 70.83333587646484
61.507938385009766, 66.26984405517578
67.06349182128906, 54.56349182128906
66.86508178710938, 51.587303161621094
66.66666412353516, 51.19047546386719
64.48412322998047, 49.60317611694336
64.68254089355469, 51.19047546386719
63.492061614990234, 51.587303161621094
70.23809814453125, 55.9523811340332
65.67460632324219, 57.14285659790039
57.93650817871094, 54.9603157043457
56.150794982910156, 54.9603157043457
56.5476188659668, 54.761905670166016
55.55555725097656, 55.158729553222656
57.738094329833984, 55.9523811340332
57.341270446777344, 55.75396728515625
54.9603157043457, 58.53174591064453
50.39682388305664, 62.69841384887695
50.0, 66.86508178710938
50.0, 66.86508178710938
53.769840240478516, 66.66666412353516
53.769840240478516, 67.46031951904297
56.74603271484375, 70.03968048095703
61.11111068725586, 74.4047622680664
65.27777862548828, 78.96825408935547
62.30158615112305, 70.83333587646484
63.095237731933594, 70.83333587646484
62.30158615112305, 68.25396728515625
63.095237731933594, 68.84920501708984
60.71428680419922, 68.65079498291016
60.515872955322266, 67.46031951904297
60.71428680419922, 62.30158615112305
63.492061614990234, 51.587303161621094
64.48412322998047, 49.404762268066406
62.89682388305664, 47.02381134033203
64.68254089355469, 48.412696838378906
64.68254089355469, 48.412696838378906
