actor_1,actor_2
77.97618865966797, 81.54762268066406
81.54762268066406, 87.1031723022461
79.76190185546875, 85.9126968383789
80.15872955322266, 76.5873031616211
91.86508178710938, 77.5793685913086
97.22222137451172, 75.9920654296875
94.44444274902344, 75.9920654296875
90.67460632324219, 71.82539367675781
83.92857360839844, 65.67460632324219
79.16666412353516, 63.88888931274414
67.26190185546875, 65.67460632324219
65.87301635742188, 69.04762268066406
64.48412322998047, 69.24603271484375
63.88888931274414, 69.04762268066406
63.492061614990234, 71.03174591064453
64.88095092773438, 73.80952453613281
69.44444274902344, 79.76190185546875
70.43650817871094, 82.34127044677734
73.80952453613281, 84.72222137451172
71.62698364257812, 80.15872955322266
71.42857360839844, 74.6031723022461
72.61904907226562, 76.78571319580078
72.61904907226562, 76.78571319580078
77.18254089355469, 79.36508178710938
79.56349182128906, 77.38095092773438
88.69047546386719, 63.88888931274414
90.0793685913086, 61.30952453613281
90.0793685913086, 61.30952453613281
84.32539367675781, 59.72222137451172
84.9206314086914, 63.492061614990234
89.28571319580078, 66.26984405517578
87.69841003417969, 65.87301635742188
86.70635223388672, 65.47618865966797
84.12698364257812, 63.492061614990234
82.34127044677734, 61.70634841918945
81.74603271484375, 59.72222137451172
82.34127044677734, 60.71428680419922
80.95237731933594, 61.507938385009766
84.32539367675781, 61.70634841918945
74.20635223388672, 64.48412322998047
69.24603271484375, 68.45237731933594
66.46825408935547, 70.63491821289062
64.68254089355469, 68.84920501708984
