actor_1,actor_2
46.230159759521484, 53.96825408935547
49.20634841918945, 60.515872955322266
47.619049072265625, 58.730159759521484
47.619049072265625, 49.20634841918945
51.78571319580078, 41.269840240478516
53.96825408935547, 38.69047546386719
58.33333206176758, 41.86507797241211
58.730159759521484, 41.46825408935547
64.28571319580078, 45.63492202758789
60.119049072265625, 43.4523811340332
50.0, 39.880950927734375
50.992061614990234, 37.89682388305664
50.992061614990234, 37.89682388305664
45.0396842956543, 39.484127044677734
32.93650817871094, 40.873016357421875
31.94444465637207, 42.06349182128906
31.746030807495117, 42.261905670166016
31.746030807495117, 42.261905670166016
30.35714340209961, 43.25396728515625
34.72222137451172, 46.03174591064453
39.484127044677734, 50.595237731933594
42.658729553222656, 53.17460250854492
42.85714340209961, 52.97618865966797
41.269840240478516, 50.595237731933594
42.06349182128906, 46.42856979370117
42.85714340209961, 47.22222137451172
42.06349182128906, 50.79365158081055
43.25396728515625, 52.18254089355469
47.619049072265625, 49.007938385009766
54.56349182128906, 35.515872955322266
52.380950927734375, 33.92856979370117
48.61111068725586, 32.738094329833984
47.42063522338867, 32.93650817871094
