actor_1,actor_2
58.13492202758789, 73.4126968383789
52.77777862548828, 73.4126968383789
48.412696838378906, 68.05555725097656
50.0, 53.769840240478516
54.56349182128906, 42.4603157043457
53.96825408935547, 38.095237731933594
56.94444274902344, 41.269840240478516
67.85713958740234, 41.86507797241211
83.13491821289062, 45.238094329833984
87.1031723022461, 42.85714340209961
74.0079345703125, 41.269840240478516
70.83333587646484, 44.0476188659668
70.83333587646484, 44.0476188659668
64.88095092773438, 47.81745910644531
52.97618865966797, 57.14285659790039
50.19841384887695, 60.119049072265625
50.19841384887695, 61.904762268066406
50.19841384887695, 61.904762268066406
49.404762268066406, 59.126983642578125
52.18254089355469, 63.88888931274414
52.18254089355469, 70.03968048095703
48.412696838378906, 68.45237731933594
45.238094329833984, 63.88888931274414
45.0396842956543, 61.11111068725586
45.83333206176758, 56.94444274902344
46.82539749145508, 62.69841384887695
46.82539749145508, 66.26984405517578
46.82539749145508, 65.47618865966797
51.78571319580078, 59.126983642578125
56.150794982910156, 32.738094329833984
57.5396842956543, 29.365079879760742
52.18254089355469, 26.984127044677734
51.984127044677734, 25.396825790405273
