actor_1,actor_2
100.0, 100.0
87.1031723022461, 76.98412322998047
74.4047622680664, 76.38888549804688
81.34920501708984, 79.56349182128906
74.4047622680664, 76.38888549804688
68.25396728515625, 68.84920501708984
79.16666412353516, 87.1031723022461
71.03174591064453, 98.61111450195312
64.48412322998047, 96.03174591064453
62.5, 86.9047622680664
66.46825408935547, 87.8968276977539
70.23809814453125, 85.11904907226562
76.98412322998047, 72.4206314086914
70.03968048095703, 58.33333206176758
70.03968048095703, 53.373016357421875
71.62698364257812, 55.9523811340332
73.01587677001953, 59.92063522338867
76.5873031616211, 65.0793685913086
84.72222137451172, 58.730159759521484
74.4047622680664, 50.595237731933594
75.0, 50.79365158081055
67.26190185546875, 48.015872955322266
67.26190185546875, 48.015872955322266
67.06349182128906, 49.60317611694336
68.65079498291016, 55.35714340209961
68.25396728515625, 69.04762268066406
56.94444274902344, 65.47618865966797
56.94444274902344, 65.47618865966797
54.56349182128906, 60.71428680419922
54.56349182128906, 60.71428680419922
59.126983642578125, 62.69841384887695
63.88888931274414, 64.28571319580078
71.42857360839844, 73.61111450195312
70.63491821289062, 86.9047622680664
64.28571319580078, 85.31745910644531
58.53174591064453, 73.80952453613281
57.5396842956543, 69.44444274902344
57.5396842956543, 69.44444274902344
58.730159759521484, 73.80952453613281
58.730159759521484, 73.80952453613281
62.69841384887695, 85.31745910644531
64.28571319580078, 81.34920501708984
73.80952453613281, 85.51587677001953
71.42857360839844, 57.93650817871094
67.26190185546875, 52.18254089355469
62.30158615112305, 51.19047546386719
62.30158615112305, 51.19047546386719
