actor_1,actor_2
74.6031723022461, 82.93650817871094
50.595237731933594, 72.61904907226562
41.46825408935547, 56.349205017089844
39.880950927734375, 38.492061614990234
41.66666793823242, 40.47618865966797
45.43650817871094, 47.619049072265625
38.88888931274414, 35.119049072265625
41.86507797241211, 41.86507797241211
55.35714340209961, 52.77777862548828
55.75396728515625, 49.007938385009766
50.19841384887695, 46.03174591064453
47.619049072265625, 44.841270446777344
50.79365158081055, 47.619049072265625
47.22222137451172, 58.53174591064453
51.78571319580078, 62.89682388305664
45.83333206176758, 62.5
48.21428680419922, 65.87301635742188
54.16666793823242, 68.25396728515625
46.626983642578125, 72.02381134033203
36.507938385009766, 64.88095092773438
30.35714340209961, 48.412696838378906
31.150793075561523, 44.64285659790039
31.547618865966797, 44.64285659790039
31.547618865966797, 44.64285659790039
35.119049072265625, 46.42856979370117
38.095237731933594, 39.880950927734375
33.53174591064453, 22.420635223388672
32.341270446777344, 20.436508178710938
30.158729553222656, 19.44444465637207
28.96825408935547, 18.849206924438477
28.96825408935547, 18.849206924438477
29.563491821289062, 19.841270446777344
