actor_1,actor_2
69.64286041259766, 84.12698364257812
62.5, 80.35713958740234
60.515872955322266, 75.3968276977539
60.31745910644531, 65.27777862548828
64.28571319580078, 58.92856979370117
63.88888931274414, 56.74603271484375
66.46825408935547, 60.119049072265625
67.46031951904297, 61.70634841918945
77.77777862548828, 62.89682388305664
78.57142639160156, 56.74603271484375
66.07142639160156, 55.75396728515625
59.52381134033203, 55.158729553222656
59.52381134033203, 55.158729553222656
58.730159759521484, 59.126983642578125
53.373016357421875, 65.0793685913086
51.78571319580078, 68.65079498291016
55.75396728515625, 72.02381134033203
57.5396842956543, 74.20635223388672
57.93650817871094, 82.34127044677734
53.17460250854492, 75.0
52.380950927734375, 71.42857360839844
57.14285659790039, 72.61904907226562
56.74603271484375, 68.84920501708984
58.53174591064453, 66.66666412353516
63.88888931274414, 55.158729553222656
62.69841384887695, 53.769840240478516
65.0793685913086, 49.404762268066406
64.48412322998047, 50.19841384887695
65.67460632324219, 53.57143020629883
66.26984405517578, 55.35714340209961
70.43650817871094, 61.30952453613281
75.0, 60.912696838378906
66.86508178710938, 53.96825408935547
63.29365158081055, 53.373016357421875
59.92063522338867, 52.77777862548828
58.92856979370117, 53.769840240478516
61.507938385009766, 53.96825408935547
58.13492202758789, 55.9523811340332
53.57143020629883, 55.75396728515625
50.992061614990234, 65.0793685913086
44.0476188659668, 64.48412322998047
44.0476188659668, 64.48412322998047
41.269840240478516, 60.515872955322266
42.85714340209961, 61.30952453613281
46.42856979370117, 64.0873031616211
49.60317611694336, 72.22222137451172
48.015872955322266, 71.03174591064453
49.60317611694336, 66.07142639160156
49.404762268066406, 64.68254089355469
49.60317611694336, 61.30952453613281
51.19047546386719, 61.11111068725586
51.38888931274414, 63.095237731933594
54.56349182128906, 64.88095092773438
57.5396842956543, 60.912696838378906
58.730159759521484, 51.587303161621094
62.5, 51.38888931274414
60.912696838378906, 50.992061614990234
63.095237731933594, 49.007938385009766
63.095237731933594, 49.007938385009766
