actor_1,actor_2
58.92856979370117, 76.19047546386719
55.9523811340332, 79.56349182128906
52.77777862548828, 77.5793685913086
55.55555725097656, 72.02381134033203
59.92063522338867, 64.28571319580078
59.72222137451172, 61.11111068725586
58.13492202758789, 59.32539749145508
58.92856979370117, 58.13492202758789
58.92856979370117, 58.13492202758789
58.92856979370117, 58.13492202758789
