actor_1,actor_2
67.65872955322266, 78.57142639160156
69.64286041259766, 91.46825408935547
68.05555725097656, 91.26984405517578
69.84127044677734, 70.63491821289062
73.4126968383789, 58.53174591064453
75.79364776611328, 55.55555725097656
76.98412322998047, 59.92063522338867
77.18254089355469, 58.33333206176758
79.56349182128906, 54.16666793823242
72.4206314086914, 50.19841384887695
65.0793685913086, 50.19841384887695
62.30158615112305, 51.984127044677734
62.30158615112305, 51.984127044677734
60.31745910644531, 52.97618865966797
51.587303161621094, 59.92063522338867
49.20634841918945, 61.30952453613281
46.03174591064453, 62.10317611694336
46.03174591064453, 62.10317611694336
47.619049072265625, 63.492061614990234
51.78571319580078, 68.45237731933594
56.349205017089844, 78.17460632324219
58.92856979370117, 88.4920654296875
58.92856979370117, 86.70635223388672
58.13492202758789, 80.35713958740234
57.14285659790039, 75.79364776611328
59.72222137451172, 80.95237731933594
59.126983642578125, 86.11111450195312
63.492061614990234, 84.52381134033203
70.03968048095703, 74.4047622680664
74.80158996582031, 50.39682388305664
74.6031723022461, 49.404762268066406
73.01587677001953, 49.20634841918945
72.81745910644531, 49.007938385009766
