actor_1,actor_2
58.730159759521484, 70.63491821289062
48.61111068725586, 61.904762268066406
46.82539749145508, 58.92856979370117
50.595237731933594, 49.60317611694336
57.738094329833984, 48.80952453613281
65.67460632324219, 48.412696838378906
80.75396728515625, 56.5476188659668
81.54762268066406, 52.57936477661133
76.38888549804688, 50.19841384887695
71.03174591064453, 50.595237731933594
52.97618865966797, 58.33333206176758
51.587303161621094, 60.71428680419922
48.412696838378906, 67.46031951904297
49.404762268066406, 68.65079498291016
50.0, 73.80952453613281
42.85714340209961, 62.10317611694336
42.658729553222656, 61.30952453613281
42.658729553222656, 56.74603271484375
44.64285659790039, 51.984127044677734
44.64285659790039, 51.984127044677734
50.0, 47.81745910644531
58.730159759521484, 37.5
64.88095092773438, 35.119049072265625
67.46031951904297, 37.5
69.44444274902344, 41.46825408935547
72.61904907226562, 42.4603157043457
86.11111450195312, 49.20634841918945
87.5, 47.42063522338867
82.93650817871094, 45.63492202758789
84.72222137451172, 45.238094329833984
84.72222137451172, 45.238094329833984
83.13491821289062, 45.238094329833984
80.35713958740234, 46.82539749145508
53.373016357421875, 58.13492202758789
46.03174591064453, 59.92063522338867
46.03174591064453, 59.92063522338867
44.841270446777344, 55.75396728515625
44.841270446777344, 55.75396728515625
45.0396842956543, 59.92063522338867
45.63492202758789, 60.71428680419922
47.22222137451172, 66.46825408935547
43.05555725097656, 56.74603271484375
41.46825408935547, 54.16666793823242
41.66666793823242, 50.0
41.07143020629883, 47.22222137451172
41.66666793823242, 48.61111068725586
41.66666793823242, 48.61111068725586
42.4603157043457, 54.36507797241211
42.4603157043457, 54.36507797241211
47.619049072265625, 50.19841384887695
59.52381134033203, 40.67460250854492
62.5, 34.126983642578125
60.31745910644531, 33.13492202758789
60.31745910644531, 33.13492202758789
60.31745910644531, 33.13492202758789
