actor_1,actor_2
43.25396728515625, 47.81745910644531
50.19841384887695, 57.341270446777344
45.43650817871094, 56.150794982910156
46.03174591064453, 48.21428680419922
45.238094329833984, 42.4603157043457
48.412696838378906, 43.25396728515625
48.80952453613281, 43.650794982910156
55.9523811340332, 41.86507797241211
63.29365158081055, 38.29365158081055
51.38888931274414, 31.547618865966797
40.873016357421875, 28.571428298950195
35.515872955322266, 27.77777862548828
35.515872955322266, 27.77777862548828
34.72222137451172, 28.96825408935547
30.158729553222656, 33.53174591064453
29.563491821289062, 34.32539749145508
28.373016357421875, 34.52381134033203
28.373016357421875, 34.52381134033203
29.365079879760742, 34.92063522338867
32.341270446777344, 37.10317611694336
36.904762268066406, 47.22222137451172
43.650794982910156, 54.9603157043457
41.66666793823242, 53.96825408935547
42.658729553222656, 53.769840240478516
41.66666793823242, 50.595237731933594
43.05555725097656, 52.380950927734375
43.05555725097656, 53.96825408935547
43.25396728515625, 54.761905670166016
45.238094329833984, 52.380950927734375
48.21428680419922, 42.261905670166016
47.42063522338867, 39.087303161621094
46.82539749145508, 35.515872955322266
46.82539749145508, 34.52381134033203
