actor_1,actor_2
47.619049072265625, 69.04762268066406
53.769840240478516, 68.45237731933594
50.992061614990234, 67.06349182128906
52.77777862548828, 58.92856979370117
56.349205017089844, 54.9603157043457
58.53174591064453, 54.761905670166016
60.119049072265625, 56.74603271484375
62.69841384887695, 56.5476188659668
62.89682388305664, 56.94444274902344
54.9603157043457, 54.16666793823242
46.03174591064453, 54.56349182128906
50.19841384887695, 57.738094329833984
58.92856979370117, 60.515872955322266
58.53174591064453, 55.9523811340332
58.92856979370117, 60.515872955322266
58.33333206176758, 53.17460250854492
59.32539749145508, 58.53174591064453
53.57143020629883, 55.35714340209961
59.32539749145508, 58.53174591064453
53.57143020629883, 55.35714340209961
59.92063522338867, 57.341270446777344
54.761905670166016, 56.150794982910156
59.92063522338867, 57.341270446777344
54.36507797241211, 55.158729553222656
57.93650817871094, 55.158729553222656
54.761905670166016, 54.36507797241211
49.007938385009766, 54.9603157043457
54.56349182128906, 54.9603157043457
55.55555725097656, 53.17460250854492
54.761905670166016, 55.35714340209961
55.55555725097656, 53.17460250854492
53.96825408935547, 52.57936477661133
49.007938385009766, 53.373016357421875
53.96825408935547, 52.57936477661133
48.21428680419922, 52.18254089355469
50.39682388305664, 50.992061614990234
49.60317611694336, 50.992061614990234
52.380950927734375, 50.992061614990234
51.38888931274414, 50.595237731933594
50.19841384887695, 49.404762268066406
47.619049072265625, 50.39682388305664
48.412696838378906, 49.80158615112305
49.60317611694336, 50.992061614990234
