actor_1,actor_2
63.095237731933594, 74.20635223388672
53.57143020629883, 68.05555725097656
47.619049072265625, 63.29365158081055
46.82539749145508, 50.19841384887695
49.007938385009766, 42.261905670166016
49.60317611694336, 37.89682388305664
51.19047546386719, 39.880950927734375
57.5396842956543, 44.0476188659668
66.86508178710938, 49.20634841918945
60.71428680419922, 46.626983642578125
51.984127044677734, 45.43650817871094
47.81745910644531, 46.03174591064453
47.81745910644531, 46.03174591064453
45.83333206176758, 49.20634841918945
42.85714340209961, 57.14285659790039
42.4603157043457, 59.126983642578125
42.85714340209961, 62.10317611694336
47.81745910644531, 66.07142639160156
51.19047546386719, 77.38095092773438
45.63492202758789, 70.03968048095703
43.849205017089844, 64.88095092773438
45.63492202758789, 67.26190185546875
45.43650817871094, 61.30952453613281
46.42856979370117, 55.9523811340332
49.007938385009766, 38.492061614990234
48.61111068725586, 35.31745910644531
50.79365158081055, 32.341270446777344
50.39682388305664, 32.93650817871094
52.18254089355469, 34.72222137451172
53.373016357421875, 36.11111068725586
61.70634841918945, 45.83333206176758
63.88888931274414, 47.42063522338867
54.16666793823242, 43.849205017089844
53.769840240478516, 43.25396728515625
51.587303161621094, 44.24603271484375
49.80158615112305, 43.849205017089844
50.595237731933594, 44.841270446777344
46.230159759521484, 45.63492202758789
43.4523811340332, 47.81745910644531
40.47618865966797, 56.94444274902344
35.31745910644531, 58.53174591064453
35.31745910644531, 58.53174591064453
36.70634841918945, 58.92856979370117
37.69841384887695, 59.72222137451172
41.269840240478516, 60.71428680419922
48.80952453613281, 71.03174591064453
48.412696838378906, 71.82539367675781
43.650794982910156, 62.30158615112305
43.849205017089844, 61.30952453613281
44.24603271484375, 59.52381134033203
45.43650817871094, 56.349205017089844
43.849205017089844, 57.5396842956543
45.238094329833984, 58.13492202758789
45.83333206176758, 48.412696838378906
47.42063522338867, 34.92063522338867
48.015872955322266, 34.52381134033203
46.82539749145508, 32.341270446777344
49.20634841918945, 30.55555534362793
49.20634841918945, 30.55555534362793
