actor_1,actor_2
90.47618865966797, 100.0
91.07142639160156, 100.0
88.0952377319336, 100.0
86.30952453613281, 86.70635223388672
86.30952453613281, 81.34920501708984
88.69047546386719, 80.95237731933594
91.07142639160156, 84.32539367675781
93.45237731933594, 83.92857360839844
93.05555725097656, 81.94444274902344
90.27777862548828, 73.01587677001953
84.72222137451172, 72.4206314086914
78.17460632324219, 69.84127044677734
78.17460632324219, 69.84127044677734
72.02381134033203, 70.23809814453125
72.61904907226562, 77.18254089355469
71.82539367675781, 80.15872955322266
71.42857360839844, 77.5793685913086
71.42857360839844, 77.5793685913086
75.19841003417969, 81.34920501708984
77.97618865966797, 85.51587677001953
81.74603271484375, 96.82539367675781
83.73015594482422, 100.0
82.34127044677734, 96.42857360839844
81.94444274902344, 92.65872955322266
80.55555725097656, 89.28571319580078
81.94444274902344, 91.86508178710938
82.53968048095703, 97.22222137451172
83.13491821289062, 98.61111450195312
86.9047622680664, 91.66666412353516
87.5, 74.80158996582031
87.8968276977539, 73.61111450195312
87.1031723022461, 71.82539367675781
85.31745910644531, 69.84127044677734
