actor_1,actor_2
75.79364776611328, 59.72222137451172
56.74603271484375, 53.57143020629883
51.78571319580078, 54.761905670166016
55.9523811340332, 56.74603271484375
74.80158996582031, 66.26984405517578
55.9523811340332, 56.74603271484375
63.095237731933594, 62.10317611694336
49.60317611694336, 55.55555725097656
63.095237731933594, 62.10317611694336
49.60317611694336, 55.55555725097656
55.9523811340332, 60.515872955322266
62.30158615112305, 67.26190185546875
54.16666793823242, 66.46825408935547
52.97618865966797, 62.5
50.595237731933594, 56.74603271484375
53.373016357421875, 58.92856979370117
55.35714340209961, 57.5396842956543
50.992061614990234, 43.4523811340332
47.81745910644531, 37.10317611694336
45.238094329833984, 33.13492202758789
45.238094329833984, 33.13492202758789
47.02381134033203, 33.13492202758789
47.619049072265625, 33.92856979370117
58.92856979370117, 37.30158615112305
62.10317611694336, 41.07143020629883
51.38888931274414, 42.4603157043457
49.60317611694336, 41.66666793823242
47.42063522338867, 42.658729553222656
47.619049072265625, 42.85714340209961
47.619049072265625, 43.25396728515625
49.007938385009766, 44.44444274902344
50.992061614990234, 46.03174591064453
46.230159759521484, 52.57936477661133
41.46825408935547, 54.36507797241211
41.07143020629883, 52.380950927734375
41.07143020629883, 52.380950927734375
40.07936477661133, 53.17460250854492
