actor_1,actor_2
48.80952453613281, 74.4047622680664
54.16666793823242, 79.36508178710938
52.77777862548828, 71.82539367675781
53.373016357421875, 64.28571319580078
56.74603271484375, 62.89682388305664
59.126983642578125, 59.52381134033203
59.52381134033203, 57.93650817871094
60.912696838378906, 56.94444274902344
60.912696838378906, 56.94444274902344
62.10317611694336, 57.738094329833984
63.29365158081055, 59.92063522338867
63.29365158081055, 61.507938385009766
65.47618865966797, 67.26190185546875
63.29365158081055, 61.507938385009766
