actor_1,actor_2
87.8968276977539, 80.15872955322266
79.56349182128906, 80.55555725097656
85.31745910644531, 82.34127044677734
77.5793685913086, 82.53968048095703
85.31745910644531, 82.34127044677734
77.5793685913086, 82.53968048095703
84.72222137451172, 80.95237731933594
77.5793685913086, 82.53968048095703
81.54762268066406, 83.13491821289062
76.19047546386719, 84.32539367675781
71.82539367675781, 79.56349182128906
72.81745910644531, 75.0
72.02381134033203, 68.25396728515625
79.16666412353516, 75.79364776611328
83.53174591064453, 68.05555725097656
93.84920501708984, 71.62698364257812
96.42857360839844, 68.25396728515625
89.68254089355469, 70.23809814453125
84.9206314086914, 75.9920654296875
78.17460632324219, 78.57142639160156
79.76190185546875, 82.53968048095703
78.37301635742188, 85.51587677001953
79.76190185546875, 82.14286041259766
76.5873031616211, 85.51587677001953
78.76984405517578, 86.5079345703125
74.6031723022461, 79.36508178710938
75.3968276977539, 72.22222137451172
76.78571319580078, 79.16666412353516
79.96031951904297, 67.46031951904297
83.13491821289062, 68.05555725097656
95.23809814453125, 68.84920501708984
98.80952453613281, 67.46031951904297
97.22222137451172, 66.66666412353516
92.85713958740234, 70.23809814453125
84.32539367675781, 74.20635223388672
78.96825408935547, 78.76984405517578
77.77777862548828, 77.38095092773438
75.79364776611328, 78.37301635742188
72.61904907226562, 81.34920501708984
73.61111450195312, 83.13491821289062
74.80158996582031, 83.13491821289062
74.20635223388672, 84.9206314086914
