actor_1,actor_2
45.0396842956543, 65.47618865966797
51.38888931274414, 71.23015594482422
50.19841384887695, 71.23015594482422
49.404762268066406, 61.30952453613281
50.39682388305664, 53.373016357421875
49.20634841918945, 51.984127044677734
47.02381134033203, 49.60317611694336
46.230159759521484, 46.42856979370117
46.230159759521484, 46.42856979370117
