actor_1,actor_2
66.66666412353516, 71.42857360839844
68.25396728515625, 85.11904907226562
65.87301635742188, 82.14286041259766
66.07142639160156, 65.87301635742188
74.6031723022461, 62.5
79.96031951904297, 62.10317611694336
79.76190185546875, 55.55555725097656
69.64286041259766, 50.0
65.27777862548828, 46.03174591064453
62.5, 46.82539749145508
50.79365158081055, 54.9603157043457
48.015872955322266, 57.93650817871094
47.619049072265625, 60.31745910644531
49.404762268066406, 61.904762268066406
59.32539749145508, 69.24603271484375
61.70634841918945, 79.16666412353516
60.119049072265625, 89.68254089355469
58.13492202758789, 85.71428680419922
60.515872955322266, 77.5793685913086
60.515872955322266, 77.5793685913086
69.44444274902344, 63.88888931274414
70.43650817871094, 50.595237731933594
69.44444274902344, 46.42856979370117
70.03968048095703, 49.007938385009766
72.02381134033203, 49.80158615112305
73.01587677001953, 47.22222137451172
72.61904907226562, 46.42856979370117
64.48412322998047, 42.261905670166016
61.30952453613281, 40.07936477661133
62.30158615112305, 40.873016357421875
62.30158615112305, 40.873016357421875
62.69841384887695, 43.650794982910156
62.89682388305664, 45.0396842956543
50.0, 56.5476188659668
43.849205017089844, 58.13492202758789
43.849205017089844, 58.13492202758789
44.841270446777344, 51.587303161621094
44.841270446777344, 51.587303161621094
45.63492202758789, 52.380950927734375
47.42063522338867, 53.17460250854492
54.56349182128906, 59.32539749145508
58.92856979370117, 67.65872955322266
59.126983642578125, 73.4126968383789
56.5476188659668, 69.24603271484375
56.94444274902344, 63.29365158081055
57.341270446777344, 68.45237731933594
57.341270446777344, 68.45237731933594
61.30952453613281, 82.34127044677734
61.30952453613281, 82.34127044677734
63.095237731933594, 77.77777862548828
73.01587677001953, 53.57143020629883
69.04762268066406, 45.0396842956543
66.26984405517578, 42.85714340209961
66.26984405517578, 42.85714340209961
66.26984405517578, 42.85714340209961
