actor_1,actor_2
59.52381134033203, 73.80952453613281
65.87301635742188, 88.88888549804688
65.67460632324219, 84.32539367675781
68.84920501708984, 69.44444274902344
75.3968276977539, 60.515872955322266
76.5873031616211, 57.14285659790039
79.36508178710938, 59.126983642578125
78.57142639160156, 59.32539749145508
75.5952377319336, 55.158729553222656
65.0793685913086, 47.02381134033203
56.5476188659668, 43.650794982910156
54.761905670166016, 44.841270446777344
54.761905670166016, 44.841270446777344
50.19841384887695, 48.21428680419922
41.46825408935547, 53.57143020629883
38.88888931274414, 55.35714340209961
39.484127044677734, 53.769840240478516
39.484127044677734, 53.769840240478516
37.69841384887695, 52.18254089355469
40.07936477661133, 56.150794982910156
49.404762268066406, 68.65079498291016
55.75396728515625, 79.36508178710938
58.33333206176758, 77.38095092773438
57.738094329833984, 74.20635223388672
56.74603271484375, 69.84127044677734
57.738094329833984, 75.5952377319336
57.93650817871094, 81.15079498291016
60.119049072265625, 80.95237731933594
68.25396728515625, 76.19047546386719
79.36508178710938, 53.373016357421875
76.98412322998047, 50.19841384887695
74.80158996582031, 48.21428680419922
73.80952453613281, 47.81745910644531
