actor_1,actor_2
57.14285659790039, 67.46031951904297
64.28571319580078, 78.76984405517578
66.86508178710938, 71.42857360839844
73.80952453613281, 64.68254089355469
82.34127044677734, 64.28571319580078
84.72222137451172, 69.84127044677734
79.96031951904297, 63.69047546386719
63.69047546386719, 52.18254089355469
57.14285659790039, 47.22222137451172
49.007938385009766, 44.64285659790039
34.52381134033203, 44.44444274902344
30.55555534362793, 44.24603271484375
28.373016357421875, 47.22222137451172
29.960317611694336, 49.80158615112305
46.03174591064453, 60.515872955322266
51.984127044677734, 67.06349182128906
57.14285659790039, 66.66666412353516
57.5396842956543, 64.0873031616211
60.515872955322266, 60.515872955322266
60.912696838378906, 67.26190185546875
68.05555725097656, 67.46031951904297
81.34920501708984, 62.30158615112305
85.11904907226562, 62.30158615112305
91.26984405517578, 67.46031951904297
85.31745910644531, 62.69841384887695
64.48412322998047, 51.19047546386719
61.30952453613281, 49.80158615112305
49.007938385009766, 44.64285659790039
36.70634841918945, 45.63492202758789
32.5396842956543, 45.63492202758789
29.761905670166016, 49.007938385009766
29.960317611694336, 49.80158615112305
40.27777862548828, 58.730159759521484
52.380950927734375, 70.43650817871094
56.349205017089844, 70.83333587646484
59.72222137451172, 68.45237731933594
59.126983642578125, 62.69841384887695
59.126983642578125, 62.69841384887695
63.88888931274414, 64.68254089355469
76.5873031616211, 63.095237731933594
88.4920654296875, 54.36507797241211
92.06349182128906, 50.19841384887695
92.46031951904297, 48.80952453613281
98.4126968383789, 48.80952453613281
98.21428680419922, 52.380950927734375
96.62698364257812, 55.35714340209961
83.73015594482422, 51.38888931274414
73.01587677001953, 47.02381134033203
70.83333587646484, 46.03174591064453
66.86508178710938, 46.626983642578125
66.86508178710938, 46.626983642578125
60.119049072265625, 45.238094329833984
50.992061614990234, 45.0396842956543
36.904762268066406, 45.63492202758789
29.761905670166016, 45.0396842956543
28.174602508544922, 42.658729553222656
27.579364776611328, 43.05555725097656
27.579364776611328, 43.05555725097656
27.579364776611328, 45.43650817871094
29.16666603088379, 47.81745910644531
35.119049072265625, 53.373016357421875
