actor_1,actor_2
58.92856979370117, 68.84920501708984
58.33333206176758, 71.82539367675781
53.373016357421875, 62.89682388305664
55.75396728515625, 55.158729553222656
69.44444274902344, 60.31745910644531
78.76984405517578, 65.0793685913086
80.95237731933594, 63.29365158081055
66.86508178710938, 52.380950927734375
57.341270446777344, 49.20634841918945
48.61111068725586, 50.39682388305664
41.66666793823242, 51.984127044677734
48.21428680419922, 57.14285659790039
55.158729553222656, 72.61904907226562
55.35714340209961, 74.20635223388672
53.373016357421875, 62.89682388305664
51.19047546386719, 59.126983642578125
60.119049072265625, 54.9603157043457
68.25396728515625, 53.17460250854492
71.03174591064453, 52.380950927734375
84.9206314086914, 58.92856979370117
81.54762268066406, 54.9603157043457
71.23015594482422, 49.007938385009766
60.515872955322266, 46.03174591064453
50.79365158081055, 46.230159759521484
51.38888931274414, 48.80952453613281
43.650794982910156, 51.19047546386719
34.52381134033203, 51.984127044677734
32.341270446777344, 50.595237731933594
35.515872955322266, 51.38888931274414
40.07936477661133, 56.74603271484375
45.83333206176758, 66.46825408935547
50.0, 70.83333587646484
46.230159759521484, 62.30158615112305
45.238094329833984, 58.730159759521484
44.24603271484375, 54.56349182128906
47.02381134033203, 56.94444274902344
55.75396728515625, 58.13492202758789
65.67460632324219, 50.19841384887695
67.26190185546875, 43.05555725097656
67.26190185546875, 43.05555725097656
63.88888931274414, 41.269840240478516
62.89682388305664, 41.269840240478516
66.86508178710938, 44.24603271484375
69.64286041259766, 48.412696838378906
73.61111450195312, 51.984127044677734
63.88888931274414, 49.404762268066406
51.78571319580078, 43.650794982910156
49.404762268066406, 43.650794982910156
48.412696838378906, 44.24603271484375
48.21428680419922, 43.25396728515625
48.21428680419922, 43.25396728515625
50.0, 43.650794982910156
52.77777862548828, 45.0396842956543
49.404762268066406, 48.015872955322266
35.31745910644531, 51.38888931274414
30.753969192504883, 49.404762268066406
30.158729553222656, 48.21428680419922
30.753969192504883, 50.0
