actor_1,actor_2
67.26190185546875, 55.9523811340332
58.92856979370117, 53.17460250854492
56.150794982910156, 54.761905670166016
53.373016357421875, 52.97618865966797
49.007938385009766, 52.380950927734375
49.007938385009766, 52.380950927734375
49.60317611694336, 52.18254089355469
49.60317611694336, 52.77777862548828
51.587303161621094, 52.380950927734375
53.57143020629883, 50.19841384887695
52.380950927734375, 50.79365158081055
49.60317611694336, 52.77777862548828
50.39682388305664, 50.39682388305664
49.60317611694336, 52.77777862548828
50.39682388305664, 50.39682388305664
49.60317611694336, 52.77777862548828
50.79365158081055, 53.17460250854492
51.19047546386719, 49.20634841918945
