actor_1,actor_2
59.32539749145508, 72.22222137451172
55.55555725097656, 59.52381134033203
51.19047546386719, 55.55555725097656
54.761905670166016, 48.80952453613281
66.66666412353516, 50.0
78.37301635742188, 52.57936477661133
87.69841003417969, 64.28571319580078
90.47618865966797, 63.29365158081055
85.71428680419922, 60.71428680419922
75.5952377319336, 59.92063522338867
52.380950927734375, 62.89682388305664
48.80952453613281, 64.88095092773438
46.03174591064453, 67.06349182128906
46.230159759521484, 68.05555725097656
51.587303161621094, 71.82539367675781
49.20634841918945, 61.70634841918945
47.42063522338867, 58.33333206176758
46.42856979370117, 56.349205017089844
48.21428680419922, 52.77777862548828
48.21428680419922, 52.77777862548828
54.9603157043457, 47.619049072265625
66.86508178710938, 43.25396728515625
72.61904907226562, 43.05555725097656
75.0, 45.238094329833984
78.37301635742188, 46.03174591064453
81.94444274902344, 52.57936477661133
90.27777862548828, 64.88095092773438
93.25396728515625, 63.492061614990234
88.88888549804688, 61.70634841918945
89.88095092773438, 59.32539749145508
89.88095092773438, 59.32539749145508
85.71428680419922, 58.33333206176758
83.13491821289062, 58.13492202758789
52.18254089355469, 60.71428680419922
43.25396728515625, 62.5
43.25396728515625, 62.5
43.849205017089844, 61.904762268066406
43.849205017089844, 61.904762268066406
44.44444274902344, 63.29365158081055
44.44444274902344, 63.88888931274414
47.42063522338867, 67.26190185546875
49.007938385009766, 59.52381134033203
46.03174591064453, 52.97618865966797
44.841270446777344, 51.19047546386719
44.44444274902344, 49.007938385009766
44.24603271484375, 50.595237731933594
44.24603271484375, 50.595237731933594
47.02381134033203, 54.36507797241211
47.02381134033203, 54.36507797241211
52.18254089355469, 53.17460250854492
66.86508178710938, 46.626983642578125
69.04762268066406, 42.85714340209961
67.26190185546875, 43.05555725097656
67.26190185546875, 43.05555725097656
67.26190185546875, 43.05555725097656
