actor_1,actor_2
97.02381134033203, 91.07142639160156
85.71428680419922, 76.98412322998047
81.15079498291016, 75.19841003417969
76.38888549804688, 73.4126968383789
71.62698364257812, 72.61904907226562
71.62698364257812, 72.61904907226562
71.03174591064453, 72.81745910644531
72.81745910644531, 73.21428680419922
77.97618865966797, 78.76984405517578
82.14286041259766, 91.26984405517578
79.56349182128906, 92.65872955322266
76.78571319580078, 87.8968276977539
76.38888549804688, 84.52381134033203
81.94444274902344, 92.85713958740234
81.94444274902344, 92.85713958740234
87.1031723022461, 97.02381134033203
88.29364776611328, 95.63491821289062
100.0, 85.11904907226562
98.21428680419922, 80.35713958740234
95.43650817871094, 78.17460632324219
96.23015594482422, 79.76190185546875
96.23015594482422, 79.76190185546875
96.23015594482422, 79.76190185546875
