actor_1,actor_2
67.26190185546875, 77.38095092773438
64.88095092773438, 75.3968276977539
62.30158615112305, 72.61904907226562
64.68254089355469, 65.47618865966797
70.63491821289062, 60.515872955322266
75.79364776611328, 58.33333206176758
77.97618865966797, 59.52381134033203
83.53174591064453, 61.70634841918945
94.24603271484375, 65.87301635742188
91.07142639160156, 66.86508178710938
83.73015594482422, 65.27777862548828
79.96031951904297, 70.03968048095703
79.96031951904297, 70.03968048095703
71.42857360839844, 72.22222137451172
59.52381134033203, 73.4126968383789
57.93650817871094, 75.79364776611328
59.32539749145508, 74.20635223388672
61.507938385009766, 76.78571319580078
61.904762268066406, 78.37301635742188
59.126983642578125, 73.21428680419922
58.53174591064453, 71.23015594482422
60.71428680419922, 72.22222137451172
60.31745910644531, 68.65079498291016
60.912696838378906, 67.46031951904297
72.4206314086914, 57.5396842956543
75.0, 55.75396728515625
79.16666412353516, 51.78571319580078
77.38095092773438, 53.769840240478516
79.16666412353516, 54.56349182128906
80.95237731933594, 55.35714340209961
87.69841003417969, 64.0873031616211
89.28571319580078, 68.25396728515625
83.73015594482422, 64.68254089355469
81.34920501708984, 66.26984405517578
80.55555725097656, 67.85713958740234
78.57142639160156, 68.45237731933594
82.14286041259766, 68.25396728515625
77.97618865966797, 70.63491821289062
69.84127044677734, 69.24603271484375
57.738094329833984, 73.21428680419922
54.36507797241211, 76.78571319580078
53.57143020629883, 75.3968276977539
53.17460250854492, 75.19841003417969
53.17460250854492, 75.19841003417969
