actor_1,actor_2
42.658729553222656, 65.0793685913086
39.880950927734375, 69.24603271484375
36.30952453613281, 62.69841384887695
35.912696838378906, 48.21428680419922
39.484127044677734, 42.4603157043457
41.86507797241211, 39.484127044677734
42.658729553222656, 38.492061614990234
45.0396842956543, 41.269840240478516
44.24603271484375, 43.849205017089844
46.230159759521484, 47.02381134033203
44.24603271484375, 43.849205017089844
45.238094329833984, 45.0396842956543
48.61111068725586, 54.761905670166016
45.238094329833984, 45.0396842956543
47.42063522338867, 53.96825408935547
45.238094329833984, 45.0396842956543
44.0476188659668, 48.21428680419922
45.238094329833984, 45.0396842956543
44.0476188659668, 48.21428680419922
