actor_1,actor_2
54.761905670166016, 74.0079345703125
49.60317611694336, 79.96031951904297
47.81745910644531, 72.61904907226562
48.80952453613281, 57.93650817871094
54.36507797241211, 52.97618865966797
57.14285659790039, 49.80158615112305
56.74603271484375, 52.77777862548828
57.341270446777344, 55.158729553222656
63.69047546386719, 58.13492202758789
66.86508178710938, 57.738094329833984
60.31745910644531, 54.9603157043457
57.14285659790039, 54.9603157043457
57.14285659790039, 54.9603157043457
54.16666793823242, 55.55555725097656
46.626983642578125, 59.52381134033203
45.0396842956543, 60.71428680419922
45.83333206176758, 60.912696838378906
48.61111068725586, 66.07142639160156
46.03174591064453, 72.81745910644531
46.82539749145508, 71.62698364257812
45.63492202758789, 67.46031951904297
47.22222137451172, 71.03174591064453
47.42063522338867, 66.66666412353516
48.21428680419922, 64.0873031616211
53.769840240478516, 50.39682388305664
55.9523811340332, 48.21428680419922
57.14285659790039, 46.42856979370117
53.769840240478516, 46.82539749145508
53.373016357421875, 49.007938385009766
54.761905670166016, 49.80158615112305
55.158729553222656, 56.5476188659668
54.761905670166016, 49.80158615112305
53.96825408935547, 57.738094329833984
54.761905670166016, 49.80158615112305
52.380950927734375, 53.96825408935547
54.761905670166016, 49.80158615112305
50.79365158081055, 52.97618865966797
54.761905670166016, 49.80158615112305
