actor_1,actor_2
56.150794982910156, 68.84920501708984
62.69841384887695, 76.78571319580078
61.30952453613281, 74.4047622680664
62.89682388305664, 56.150794982910156
71.82539367675781, 51.984127044677734
73.01587677001953, 49.60317611694336
68.25396728515625, 46.82539749145508
56.5476188659668, 39.68254089355469
51.984127044677734, 35.31745910644531
44.44444274902344, 35.71428680419922
36.11111068725586, 46.626983642578125
35.71428680419922, 49.60317611694336
38.69047546386719, 50.19841384887695
42.658729553222656, 54.36507797241211
50.595237731933594, 68.25396728515625
53.373016357421875, 74.6031723022461
58.13492202758789, 80.55555725097656
58.33333206176758, 77.38095092773438
57.738094329833984, 71.42857360839844
57.738094329833984, 71.42857360839844
64.28571319580078, 55.75396728515625
69.24603271484375, 39.087303161621094
72.4206314086914, 35.119049072265625
75.5952377319336, 38.29365158081055
76.38888549804688, 39.880950927734375
72.22222137451172, 39.28571319580078
70.83333587646484, 40.07936477661133
59.126983642578125, 35.515872955322266
54.36507797241211, 32.93650817871094
47.619049072265625, 33.92856979370117
47.619049072265625, 33.92856979370117
47.22222137451172, 35.71428680419922
47.22222137451172, 36.11111068725586
37.30158615112305, 49.007938385009766
33.730159759521484, 48.412696838378906
33.730159759521484, 48.412696838378906
32.738094329833984, 45.43650817871094
32.738094329833984, 45.43650817871094
35.515872955322266, 46.230159759521484
39.087303161621094, 49.404762268066406
48.412696838378906, 60.31745910644531
52.380950927734375, 68.45237731933594
55.158729553222656, 70.63491821289062
54.761905670166016, 66.26984405517578
53.769840240478516, 61.507938385009766
55.9523811340332, 67.26190185546875
55.9523811340332, 67.26190185546875
59.32539749145508, 77.18254089355469
59.32539749145508, 77.18254089355469
62.89682388305664, 76.19047546386719
71.62698364257812, 46.03174591064453
72.02381134033203, 33.13492202758789
71.03174591064453, 30.753969192504883
71.03174591064453, 30.753969192504883
71.03174591064453, 30.753969192504883
