actor_1,actor_2
31.349206924438477, 42.4603157043457
29.960317611694336, 41.07143020629883
29.761905670166016, 35.119049072265625
30.753969192504883, 29.960317611694336
31.746030807495117, 29.365079879760742
31.746030807495117, 34.32539749145508
31.150793075561523, 28.76984214782715
32.341270446777344, 34.52381134033203
31.746030807495117, 29.16666603088379
31.547618865966797, 32.93650817871094
31.150793075561523, 28.174602508544922
30.35714340209961, 31.150793075561523
30.35714340209961, 27.380952835083008
30.158729553222656, 27.380952835083008
30.952381134033203, 36.11111068725586
27.579364776611328, 27.182538986206055
30.158729553222656, 35.71428680419922
27.579364776611328, 27.182538986206055
30.55555534362793, 34.126983642578125
27.579364776611328, 27.182538986206055
29.16666603088379, 32.5396842956543
27.579364776611328, 27.182538986206055
28.571428298950195, 28.76984214782715
27.579364776611328, 27.182538986206055
28.571428298950195, 28.76984214782715
27.579364776611328, 27.182538986206055
