actor_1,actor_2
56.94444274902344, 54.761905670166016
50.0, 53.96825408935547
54.56349182128906, 54.761905670166016
56.349205017089844, 58.13492202758789
57.93650817871094, 51.78571319580078
58.13492202758789, 57.5396842956543
57.93650817871094, 54.9603157043457
51.587303161621094, 54.36507797241211
56.94444274902344, 54.761905670166016
50.0, 53.96825408935547
55.35714340209961, 53.96825408935547
48.21428680419922, 53.769840240478516
55.35714340209961, 53.96825408935547
48.21428680419922, 53.769840240478516
55.35714340209961, 53.96825408935547
48.21428680419922, 53.769840240478516
53.373016357421875, 52.77777862548828
45.43650817871094, 52.77777862548828
51.587303161621094, 51.587303161621094
45.43650817871094, 52.77777862548828
51.587303161621094, 51.587303161621094
45.43650817871094, 52.77777862548828
49.404762268066406, 50.79365158081055
52.77777862548828, 50.19841384887695
47.42063522338867, 49.60317611694336
53.57143020629883, 51.38888931274414
47.42063522338867, 49.60317611694336
51.78571319580078, 49.80158615112305
47.02381134033203, 50.992061614990234
49.60317611694336, 50.0
52.18254089355469, 50.0
47.619049072265625, 48.80952453613281
52.77777862548828, 49.404762268066406
47.42063522338867, 48.21428680419922
50.79365158081055, 47.81745910644531
47.42063522338867, 48.21428680419922
47.619049072265625, 46.42856979370117
47.42063522338867, 48.21428680419922
