actor_1,actor_2
58.730159759521484, 73.21428680419922
60.119049072265625, 71.42857360839844
59.72222137451172, 67.85713958740234
61.507938385009766, 58.13492202758789
61.11111068725586, 56.349205017089844
60.515872955322266, 59.92063522338867
57.93650817871094, 64.68254089355469
60.515872955322266, 59.92063522338867
59.52381134033203, 62.69841384887695
61.30952453613281, 55.35714340209961
59.52381134033203, 62.69841384887695
61.30952453613281, 55.35714340209961
59.72222137451172, 62.69841384887695
61.30952453613281, 55.35714340209961
59.72222137451172, 62.69841384887695
60.515872955322266, 52.57936477661133
60.515872955322266, 57.738094329833984
59.72222137451172, 60.119049072265625
59.92063522338867, 61.11111068725586
60.515872955322266, 52.57936477661133
60.912696838378906, 55.9523811340332
62.5, 59.72222137451172
56.74603271484375, 59.32539749145508
58.730159759521484, 63.88888931274414
60.515872955322266, 57.93650817871094
59.32539749145508, 60.515872955322266
60.912696838378906, 54.16666793823242
59.126983642578125, 60.31745910644531
60.71428680419922, 52.18254089355469
59.72222137451172, 59.92063522338867
60.71428680419922, 52.18254089355469
59.32539749145508, 58.33333206176758
57.738094329833984, 60.71428680419922
59.32539749145508, 58.33333206176758
57.738094329833984, 61.11111068725586
59.126983642578125, 56.74603271484375
57.738094329833984, 61.11111068725586
59.72222137451172, 55.55555725097656
55.35714340209961, 61.30952453613281
59.72222137451172, 55.55555725097656
54.761905670166016, 60.71428680419922
59.52381134033203, 53.57143020629883
55.35714340209961, 60.515872955322266
58.53174591064453, 51.38888931274414
55.158729553222656, 58.92856979370117
59.32539749145508, 51.38888931274414
55.158729553222656, 56.5476188659668
57.93650817871094, 50.39682388305664
54.56349182128906, 54.56349182128906
52.97618865966797, 61.507938385009766
55.158729553222656, 52.77777862548828
53.373016357421875, 61.11111068725586
54.761905670166016, 50.595237731933594
53.57143020629883, 58.33333206176758
55.75396728515625, 51.78571319580078
53.96825408935547, 57.93650817871094
55.75396728515625, 51.78571319580078
54.761905670166016, 56.150794982910156
55.75396728515625, 51.78571319580078
54.56349182128906, 53.57143020629883
55.75396728515625, 61.11111068725586
54.56349182128906, 53.57143020629883
56.150794982910156, 57.5396842956543
