actor_1,actor_2
70.43650817871094, 80.15872955322266
66.07142639160156, 86.30952453613281
63.29365158081055, 80.15872955322266
63.095237731933594, 64.48412322998047
63.69047546386719, 56.349205017089844
63.492061614990234, 52.380950927734375
64.48412322998047, 55.35714340209961
65.87301635742188, 55.9523811340332
70.83333587646484, 54.9603157043457
64.68254089355469, 50.595237731933594
55.55555725097656, 48.015872955322266
54.9603157043457, 47.22222137451172
54.9603157043457, 47.22222137451172
54.16666793823242, 52.57936477661133
50.39682388305664, 61.11111068725586
49.404762268066406, 64.48412322998047
48.61111068725586, 64.0873031616211
48.61111068725586, 64.0873031616211
49.404762268066406, 67.46031951904297
57.341270446777344, 73.01587677001953
63.88888931274414, 84.72222137451172
62.89682388305664, 90.47618865966797
60.119049072265625, 84.32539367675781
59.72222137451172, 77.97618865966797
59.72222137451172, 74.0079345703125
60.119049072265625, 76.38888549804688
60.71428680419922, 80.95237731933594
62.10317611694336, 75.79364776611328
66.07142639160156, 67.85713958740234
65.67460632324219, 50.0
65.47618865966797, 48.61111068725586
64.48412322998047, 46.82539749145508
63.69047546386719, 45.0396842956543
