actor_1,actor_2
65.67460632324219, 70.03968048095703
62.5, 75.5952377319336
55.75396728515625, 70.03968048095703
56.150794982910156, 56.150794982910156
57.93650817871094, 52.380950927734375
62.10317611694336, 53.57143020629883
65.27777862548828, 51.984127044677734
58.92856979370117, 44.841270446777344
50.595237731933594, 42.261905670166016
50.79365158081055, 43.849205017089844
45.43650817871094, 50.595237731933594
44.0476188659668, 53.769840240478516
45.238094329833984, 59.92063522338867
48.015872955322266, 62.10317611694336
62.30158615112305, 74.6031723022461
60.912696838378906, 81.34920501708984
54.36507797241211, 81.74603271484375
54.16666793823242, 78.17460632324219
53.96825408935547, 66.26984405517578
53.96825408935547, 66.26984405517578
58.53174591064453, 54.16666793823242
56.150794982910156, 40.47618865966797
56.5476188659668, 37.5
56.150794982910156, 39.484127044677734
56.5476188659668, 39.880950927734375
60.912696838378906, 45.43650817871094
63.095237731933594, 44.0476188659668
57.14285659790039, 41.07143020629883
50.0, 38.69047546386719
50.0, 39.68254089355469
50.0, 39.68254089355469
50.595237731933594, 41.46825408935547
50.79365158081055, 42.4603157043457
48.015872955322266, 50.992061614990234
43.05555725097656, 57.738094329833984
43.05555725097656, 57.738094329833984
41.86507797241211, 53.373016357421875
41.86507797241211, 53.373016357421875
42.4603157043457, 54.56349182128906
45.0396842956543, 56.349205017089844
58.53174591064453, 68.84920501708984
60.515872955322266, 76.98412322998047
55.55555725097656, 75.3968276977539
54.16666793823242, 66.66666412353516
53.769840240478516, 61.507938385009766
53.17460250854492, 67.06349182128906
53.17460250854492, 67.06349182128906
56.150794982910156, 76.78571319580078
56.150794982910156, 76.78571319580078
57.93650817871094, 69.84127044677734
57.93650817871094, 45.63492202758789
55.35714340209961, 35.515872955322266
54.56349182128906, 34.92063522338867
54.56349182128906, 34.92063522338867
54.56349182128906, 34.92063522338867
