actor_1,actor_2
66.86508178710938, 75.9920654296875
63.492061614990234, 83.33333587646484
56.150794982910156, 76.5873031616211
56.5476188659668, 62.69841384887695
56.5476188659668, 53.57143020629883
57.5396842956543, 51.587303161621094
58.92856979370117, 53.769840240478516
62.89682388305664, 57.5396842956543
70.63491821289062, 56.349205017089844
64.28571319580078, 50.79365158081055
54.9603157043457, 47.22222137451172
51.78571319580078, 45.83333206176758
51.78571319580078, 45.83333206176758
51.587303161621094, 48.61111068725586
45.43650817871094, 52.97618865966797
43.4523811340332, 55.9523811340332
39.880950927734375, 55.158729553222656
39.880950927734375, 55.158729553222656
41.86507797241211, 59.72222137451172
49.20634841918945, 64.88095092773438
54.56349182128906, 76.98412322998047
54.56349182128906, 82.34127044677734
49.80158615112305, 77.97618865966797
49.60317611694336, 73.21428680419922
48.412696838378906, 66.66666412353516
48.80952453613281, 68.05555725097656
50.19841384887695, 73.4126968383789
52.18254089355469, 71.62698364257812
57.5396842956543, 62.69841384887695
57.5396842956543, 46.42856979370117
56.5476188659668, 45.238094329833984
56.349205017089844, 44.841270446777344
53.96825408935547, 44.841270446777344
