{"score": 10.415, "_timestamp": 1709125936.3713324, "_runtime": 50.00138330459595, "_step": 0, "_wandb": {"runtime": 49}}