{"score": 9.31, "_timestamp": 1709119684.1912925, "_runtime": 40.28799247741699, "_step": 0, "_wandb": {"runtime": 39}}