actor_1,actor_2
27.735471725463867, 30.751502990722656
29.97995948791504, 29.418838500976562
27.945892333984375, 30.260520935058594
29.909820556640625, 28.787574768066406
27.945892333984375, 30.260520935058594
29.909820556640625, 28.787574768066406
27.945892333984375, 30.260520935058594
29.909820556640625, 28.787574768066406
27.945892333984375, 30.260520935058594
29.909820556640625, 28.787574768066406
27.875751495361328, 29.699398040771484
29.909820556640625, 28.787574768066406
27.875751495361328, 29.699398040771484
29.62925910949707, 28.36673355102539
27.875751495361328, 29.699398040771484
29.62925910949707, 28.36673355102539
28.01603126525879, 29.839679718017578
29.62925910949707, 28.36673355102539
28.01603126525879, 29.839679718017578
29.138277053833008, 28.226451873779297
28.01603126525879, 29.839679718017578
29.138277053833008, 28.226451873779297
28.01603126525879, 29.839679718017578
29.138277053833008, 28.226451873779297
28.01603126525879, 29.839679718017578
29.62925910949707, 29.418838500976562
28.50701332092285, 30.961923599243164
29.62925910949707, 29.418838500976562
28.787574768066406, 30.400802612304688
29.27855682373047, 28.997995376586914
28.787574768066406, 30.400802612304688
28.5771541595459, 28.436874389648438
28.787574768066406, 30.400802612304688
28.5771541595459, 28.436874389648438
28.787574768066406, 30.400802612304688
28.5771541595459, 28.436874389648438
29.208415985107422, 29.418838500976562
28.5771541595459, 28.436874389648438
29.208415985107422, 29.418838500976562
28.5771541595459, 28.436874389648438
28.156312942504883, 29.348697662353516
27.735471725463867, 28.50701332092285
27.945892333984375, 28.9278564453125
28.156312942504883, 29.559118270874023
28.156312942504883, 29.559118270874023
28.156312942504883, 29.559118270874023
