actor_1,actor_2
29.348697662353516, 29.76953887939453
30.400802612304688, 28.71743392944336
29.27855682373047, 29.699398040771484
30.120241165161133, 28.71743392944336
29.27855682373047, 29.699398040771484
30.120241165161133, 28.71743392944336
29.27855682373047, 29.699398040771484
30.120241165161133, 28.71743392944336
29.27855682373047, 29.699398040771484
30.120241165161133, 28.71743392944336
29.27855682373047, 28.9278564453125
28.647294998168945, 29.488977432250977
29.27855682373047, 29.699398040771484
30.120241165161133, 28.71743392944336
29.27855682373047, 29.699398040771484
30.120241165161133, 28.71743392944336
29.27855682373047, 29.699398040771484
30.120241165161133, 28.71743392944336
29.27855682373047, 29.699398040771484
30.120241165161133, 28.71743392944336
29.27855682373047, 28.9278564453125
28.647294998168945, 29.488977432250977
29.27855682373047, 29.699398040771484
30.120241165161133, 28.71743392944336
29.27855682373047, 29.699398040771484
30.120241165161133, 28.71743392944336
29.27855682373047, 29.699398040771484
30.120241165161133, 28.71743392944336
29.27855682373047, 29.699398040771484
30.120241165161133, 28.71743392944336
29.27855682373047, 29.699398040771484
29.559118270874023, 29.208415985107422
29.62925910949707, 28.857715606689453
29.27855682373047, 29.488977432250977
28.787574768066406, 28.997995376586914
30.120241165161133, 29.27855682373047
29.488977432250977, 28.857715606689453
29.138277053833008, 29.418838500976562
29.488977432250977, 28.857715606689453
29.138277053833008, 29.418838500976562
28.787574768066406, 28.997995376586914
29.839679718017578, 29.208415985107422
29.488977432250977, 28.857715606689453
29.138277053833008, 29.418838500976562
28.787574768066406, 28.997995376586914
29.488977432250977, 28.5771541595459
29.208415985107422, 28.296592712402344
28.997995376586914, 28.5771541595459
28.71743392944336, 28.71743392944336
28.226451873779297, 28.36673355102539
28.226451873779297, 28.36673355102539
28.36673355102539, 28.156312942504883
28.226451873779297, 28.36673355102539
28.36673355102539, 28.156312942504883
