actor_1,actor_2
27.595190048217773, 30.751502990722656
28.787574768066406, 29.76953887939453
28.9278564453125, 28.787574768066406
28.226451873779297, 28.71743392944336
28.01603126525879, 28.156312942504883
27.595190048217773, 27.945892333984375
27.174348831176758, 27.454910278320312
27.174348831176758, 27.454910278320312
27.174348831176758, 27.384769439697266
27.174348831176758, 27.384769439697266
27.174348831176758, 27.384769439697266
