actor_1,actor_2
29.699398040771484, 29.138277053833008
28.436874389648438, 28.647294998168945
29.699398040771484, 29.138277053833008
28.436874389648438, 28.647294998168945
29.699398040771484, 29.138277053833008
28.436874389648438, 28.647294998168945
29.699398040771484, 29.138277053833008
28.436874389648438, 28.647294998168945
29.699398040771484, 29.138277053833008
28.436874389648438, 28.647294998168945
28.857715606689453, 27.875751495361328
28.50701332092285, 27.244489669799805
28.50701332092285, 26.823646545410156
28.50701332092285, 26.823646545410156
28.5771541595459, 27.034069061279297
28.5771541595459, 27.034069061279297
