actor_1,actor_2
28.787574768066406, 31.663326263427734
29.76953887939453, 29.488977432250977
28.857715606689453, 31.593185424804688
29.348697662353516, 29.62925910949707
29.348697662353516, 29.348697662353516
29.488977432250977, 29.488977432250977
29.418838500976562, 30.68136215209961
29.488977432250977, 29.488977432250977
29.418838500976562, 30.68136215209961
29.62925910949707, 29.418838500976562
29.418838500976562, 30.68136215209961
29.62925910949707, 29.418838500976562
29.418838500976562, 30.68136215209961
29.62925910949707, 29.418838500976562
29.418838500976562, 30.68136215209961
29.62925910949707, 29.418838500976562
29.76953887939453, 30.400802612304688
29.62925910949707, 29.418838500976562
30.260520935058594, 30.611221313476562
29.699398040771484, 29.27855682373047
30.260520935058594, 30.611221313476562
29.208415985107422, 29.208415985107422
29.839679718017578, 30.260520935058594
29.208415985107422, 29.208415985107422
29.909820556640625, 29.97995948791504
29.208415985107422, 29.208415985107422
29.909820556640625, 29.97995948791504
29.208415985107422, 29.208415985107422
29.909820556640625, 29.97995948791504
29.208415985107422, 29.208415985107422
28.997995376586914, 29.839679718017578
28.647294998168945, 29.27855682373047
28.5771541595459, 29.27855682373047
28.647294998168945, 29.488977432250977
28.647294998168945, 29.488977432250977
28.647294998168945, 29.488977432250977
