actor_1,actor_2
30.4709415435791, 29.839679718017578
29.06813621520996, 30.260520935058594
30.4709415435791, 29.839679718017578
29.06813621520996, 30.260520935058594
30.4709415435791, 29.839679718017578
29.06813621520996, 30.260520935058594
30.4709415435791, 29.839679718017578
29.06813621520996, 30.260520935058594
30.4709415435791, 29.839679718017578
29.06813621520996, 30.260520935058594
29.699398040771484, 28.71743392944336
29.138277053833008, 28.997995376586914
28.71743392944336, 28.71743392944336
28.71743392944336, 28.71743392944336
28.787574768066406, 28.50701332092285
28.787574768066406, 28.50701332092285
