actor_1,actor_2
33.13627243041992, 31.94388771057129
31.24248504638672, 32.224449157714844
33.13627243041992, 31.94388771057129
31.24248504638672, 32.224449157714844
33.13627243041992, 31.94388771057129
31.24248504638672, 32.224449157714844
33.13627243041992, 31.94388771057129
31.24248504638672, 32.224449157714844
33.13627243041992, 31.94388771057129
31.24248504638672, 32.224449157714844
31.452905654907227, 29.348697662353516
31.03206443786621, 30.050100326538086
30.961923599243164, 29.488977432250977
30.961923599243164, 29.488977432250977
31.172344207763672, 29.559118270874023
31.172344207763672, 29.559118270874023
