actor_1,actor_2
32.57514953613281, 31.873746871948242
30.821643829345703, 32.92584991455078
32.57514953613281, 31.873746871948242
30.821643829345703, 32.92584991455078
32.57514953613281, 31.873746871948242
30.821643829345703, 32.92584991455078
32.57514953613281, 31.873746871948242
30.821643829345703, 32.92584991455078
32.57514953613281, 31.873746871948242
30.821643829345703, 32.92584991455078
31.452905654907227, 29.559118270874023
30.751502990722656, 30.54108238220215
30.4709415435791, 29.909820556640625
30.4709415435791, 29.909820556640625
30.821643829345703, 29.699398040771484
30.821643829345703, 29.699398040771484
