{"score": 471.72, "_timestamp": 1708998387.8066049, "_runtime": 317.2211809158325, "_step": 0, "_wandb": {"runtime": 311}}