{"score": 385.58, "_timestamp": 1708993437.1783373, "_runtime": 339.918315410614, "_step": 0, "_wandb": {"runtime": 339}}