{"score": 9.31, "_timestamp": 1707267798.780086, "_runtime": 2614.3426461219788, "_step": 0, "_wandb": {"runtime": 2613}}