{"score": 9.31, "_timestamp": 1709058956.8057523, "_runtime": 38.00326228141785, "_step": 0, "_wandb": {"runtime": 37}}