{"score": 10.07727272727273, "_timestamp": 1709079043.763924, "_runtime": 52.88377094268799, "_step": 0, "_wandb": {"runtime": 52}}