{"score": 23.217799999999997, "_timestamp": 1709131022.5009933, "_runtime": 685.5544581413269, "_step": 0, "_wandb": {"runtime": 684}}