{"score": 500.0, "_timestamp": 1709023187.269992, "_runtime": 1279.3584480285645, "_step": 0, "_wandb": {"runtime": 1278}}