{"score": 444.9, "_timestamp": 1708989144.7863905, "_runtime": 511.5253965854645, "_step": 0, "_wandb": {"runtime": 510}}