{"score": 74.2579, "_timestamp": 1709048480.0334883, "_runtime": 1443.1371483802795, "_step": 0, "_wandb": {"runtime": 1442}}