{"score": 9.31, "_timestamp": 1709085253.0121257, "_runtime": 48.19648766517639, "_step": 0, "_wandb": {"runtime": 47}}