{"score": 322.78, "_timestamp": 1709018303.524354, "_runtime": 129.1024990081787, "_step": 0, "_wandb": {"runtime": 128}}