{"score": 491.21, "_timestamp": 1709023651.3623765, "_runtime": 260.46186351776123, "_step": 0, "_wandb": {"runtime": 259}}