{"score": 36.72, "_timestamp": 1709020881.8983521, "_runtime": 172.90417909622192, "_step": 0, "_wandb": {"runtime": 172}}