actor_1,actor_2
0.5039151906967163, 0.4960847795009613
0.5022351741790771, 0.4977647662162781
0.5037166476249695, 0.49628332257270813
0.5100292563438416, 0.4899708032608032
0.6304189562797546, 0.369581013917923
0.8913055658340454, 0.10869446396827698
0.997011661529541, 0.0029883775860071182
0.9999468326568604, 5.318806870491244e-05
