actor_1,actor_2
0.504045844078064, 0.49595412611961365
0.4990423321723938, 0.5009576678276062
0.5007770657539368, 0.49922287464141846
0.4880010187625885, 0.5119989514350891
0.4863274395465851, 0.5136725306510925
0.42059504985809326, 0.5794049501419067
0.33843591809272766, 0.66156405210495
0.19861604273319244, 0.801383912563324
0.08493275940418243, 0.9150672554969788
0.01934381201863289, 0.9806562662124634
0.0013895346783101559, 0.9986104965209961
8.782215445535257e-05, 0.9999121427536011
5.774425062554656e-06, 0.9999942779541016
