actor_1,actor_2
0.5068393349647522, 0.493160605430603
0.5149470567703247, 0.4850528836250305
0.5935075283050537, 0.4064924418926239
0.7618747353553772, 0.23812532424926758
0.8801047801971436, 0.11989514529705048
0.985612154006958, 0.014387838542461395
0.9998100399971008, 0.00018996704602614045
0.999997615814209, 2.405191708021448e-06
