actor_1,actor_2
0.5033052563667297, 0.49669477343559265
0.512548565864563, 0.4874514639377594
0.5949950814247131, 0.4050048887729645
0.7599093317985535, 0.24009063839912415
0.8903756141662598, 0.10962439328432083
0.996509850025177, 0.0034901825711131096
0.9999614953994751, 3.852507870760746e-05
0.9999996423721313, 3.863335393816669e-07
