actor_1,actor_2
0.4886605143547058, 0.5113394856452942
0.487783819437027, 0.5122161507606506
0.4421858787536621, 0.5578140616416931
0.39045020937919617, 0.609549880027771
0.32002997398376465, 0.6799700260162354
0.16015025973320007, 0.8398497104644775
0.013907707296311855, 0.9860922694206238
0.0004760818264912814, 0.9995238780975342
1.5788222299306653e-05, 0.9999842643737793
