actor_1,actor_2
0.5396087765693665, 0.46039122343063354
0.5364302396774292, 0.4635697305202484
0.5356212258338928, 0.4643787443637848
0.5369016528129578, 0.46309834718704224
0.5348659157752991, 0.46513405442237854
0.5033208727836609, 0.4966791272163391
0.35453400015830994, 0.6454660296440125
0.24638496339321136, 0.7536150217056274
