actor_1,actor_2
0.4774934649467468, 0.522506594657898
0.47535067796707153, 0.5246493220329285
0.47546443343162537, 0.524535596370697
0.4779340326786041, 0.5220659971237183
0.47553470730781555, 0.5244653224945068
0.454060822725296, 0.5459392070770264
0.379972904920578, 0.6200270652770996
0.2367197722196579, 0.7632802128791809
0.06658057123422623, 0.9334194660186768
