actor_1,actor_2
0.4462820589542389, 0.5537179112434387
0.45870089530944824, 0.5412991642951965
0.4755837619304657, 0.5244162082672119
0.5003646612167358, 0.49963533878326416
0.4987441301345825, 0.5012559294700623
0.5282067656517029, 0.47179320454597473
0.5319746136665344, 0.46802541613578796
0.5326204299926758, 0.46737954020500183
0.5291348695755005, 0.4708651304244995
0.56104975938797, 0.4389502704143524
0.6746593713760376, 0.32534059882164
0.893061101436615, 0.10693889111280441
0.9834064841270447, 0.016593487933278084
0.9988652467727661, 0.0011347964173182845
0.9999105930328369, 8.944797446019948e-05
0.9999966621398926, 3.2921002457442228e-06
0.9999998807907104, 1.2363294388251234e-07
1.0, 3.6344851572778225e-09
