actor_1,actor_2
0.4508858025074005, 0.5491142272949219
0.45976197719573975, 0.5402380228042603
0.4711639881134033, 0.5288360714912415
0.48480817675590515, 0.5151918530464172
0.5098690390586853, 0.4901309907436371
0.5085985064506531, 0.4914015233516693
0.5076658725738525, 0.4923340976238251
0.505967378616333, 0.49403268098831177
0.5028863549232483, 0.4971136450767517
0.5601248741149902, 0.43987512588500977
0.7632306218147278, 0.2367694228887558
0.95378178358078, 0.046218208968639374
0.9956150054931641, 0.004384971223771572
0.9997335076332092, 0.0002664908242877573
0.999977707862854, 2.234978455817327e-05
0.9999991655349731, 8.014500281205983e-07
1.0, 2.7200133700944207e-08
1.0, 7.579697425263987e-10
