actor_1,actor_2
0.461964875459671, 0.5380350351333618
0.34385359287261963, 0.6561464667320251
0.36910539865493774, 0.6308946013450623
0.4846447706222534, 0.5153552293777466
0.6384460926055908, 0.36155399680137634
0.5684572458267212, 0.43154266476631165
0.502511739730835, 0.49748826026916504
0.5217655301094055, 0.4782344102859497
0.6473647356033325, 0.3526352047920227
0.7777842879295349, 0.22221574187278748
0.8869950771331787, 0.11300491541624069
0.9649789333343506, 0.03502103313803673
0.9890151619911194, 0.01098483894020319
0.9962666630744934, 0.0037333108484745026
0.998691737651825, 0.0013082785299047828
0.9995249509811401, 0.0004751141823362559
0.9998199343681335, 0.0001801456237444654
0.9999289512634277, 7.107794226612896e-05
