actor_1,actor_2
0.45035937428474426, 0.5496406555175781
0.3346599042415619, 0.6653401255607605
0.35649335384368896, 0.6435065865516663
0.46144381165504456, 0.5385562181472778
0.6096789836883545, 0.3903210163116455
0.5430159568786621, 0.4569840729236603
0.48223045468330383, 0.5177695155143738
0.6165959239006042, 0.38340407609939575
0.5646573901176453, 0.43534255027770996
0.5882418155670166, 0.411758154630661
0.7068150043487549, 0.29318496584892273
0.8191466331481934, 0.18085338175296783
0.9081144332885742, 0.0918855294585228
0.9701944589614868, 0.02980557084083557
0.9902998208999634, 0.009700117632746696
0.9967179894447327, 0.0032819779589772224
0.9988601207733154, 0.0011399118229746819
0.9995914101600647, 0.0004085993568878621
0.9998489618301392, 0.0001510494330432266
0.999942421913147, 5.761988722952083e-05
0.9999772310256958, 2.2784130123909563e-05
