actor_1,actor_2
0.4784582555294037, 0.5215417742729187
0.4779340326786041, 0.5220659375190735
0.46317923069000244, 0.5368207693099976
0.45893779397010803, 0.5410622358322144
0.4673769474029541, 0.5326229929924011
0.4981105923652649, 0.5018893480300903
0.5673256516456604, 0.4326742887496948
0.7455355525016785, 0.2544644773006439
0.7909440398216248, 0.20905590057373047
0.8288864493370056, 0.17111356556415558
0.9028700590133667, 0.09712999314069748
0.946379542350769, 0.053620435297489166
0.9883968234062195, 0.011603168211877346
0.9989888072013855, 0.0010111877927556634
0.9999501705169678, 4.981272286386229e-05
0.9999948740005493, 5.141107067174744e-06
0.9999994039535522, 6.163678563098074e-07
0.9999998807907104, 8.94324472255903e-08
1.0, 1.674441740817656e-08
1.0, 4.239364415070668e-09
1.0, 6.629868876117939e-10
1.0, 5.918301959617622e-11
1.0, 4.598173404535277e-12
1.0, 3.38882378105379e-13
1.0, 2.997935219842783e-14
1.0, 1.9344820087848673e-15
