actor_1,actor_2
0.45468056201934814, 0.5453194379806519
0.46946683526039124, 0.5305331945419312
0.48663341999053955, 0.5133665800094604
0.47593849897384644, 0.5240615606307983
0.44392383098602295, 0.556076169013977
0.41189855337142944, 0.5881015062332153
0.36636969447135925, 0.6336302757263184
0.05484200641512871, 0.9451580047607422
0.005428536795079708, 0.9945715069770813
