actor_1,actor_2
0.4709196984767914, 0.529080331325531
0.4848223030567169, 0.5151777267456055
0.5027247667312622, 0.4972752034664154
0.48942530155181885, 0.5105746984481812
0.5078569054603577, 0.4921431243419647
0.4950893521308899, 0.5049105882644653
0.514070987701416, 0.4859289824962616
0.501887857913971, 0.49811214208602905
0.4889294505119324, 0.5110704898834229
0.5058524012565613, 0.49414756894111633
0.4929339587688446, 0.507066011428833
0.5103078484535217, 0.4896921217441559
0.49758824706077576, 0.5024117827415466
0.5154190063476562, 0.4845810532569885
0.5028343200683594, 0.4971656799316406
0.508197546005249, 0.4918024241924286
0.5298762321472168, 0.470123827457428
0.675574004650116, 0.32442599534988403
0.8667325973510742, 0.13326743245124817
0.9629563093185425, 0.037043698132038116
0.9903168678283691, 0.009683129377663136
0.9992451667785645, 0.0007548666908405721
0.9999346733093262, 6.532413681270555e-05
0.9999943971633911, 5.626499842037447e-06
