actor_1,actor_2
0.47638624906539917, 0.5236137509346008
0.4869954288005829, 0.5130046010017395
0.5025599598884583, 0.4974400997161865
0.4917605519294739, 0.5082395076751709
0.5078312754631042, 0.49216875433921814
0.49754390120506287, 0.50245600938797
0.5141441822052002, 0.4858558177947998
0.5044219493865967, 0.49557802081108093
0.49579551815986633, 0.5042044520378113
0.5083379149436951, 0.49166205525398254
0.49852505326271057, 0.5014749765396118
0.5128615498542786, 0.48713845014572144
0.5031409859657288, 0.49685895442962646
0.5126749873161316, 0.487324982881546
0.5345731377601624, 0.46542686223983765
0.6486889719963074, 0.3513110280036926
0.8473346829414368, 0.15266536176204681
0.9574043154716492, 0.04259565845131874
0.9902680516242981, 0.009731967002153397
0.9994025230407715, 0.0005974700325168669
0.9999502897262573, 4.973535396857187e-05
