actor_1,actor_2
0.47797995805740356, 0.5220200419425964
0.48468348383903503, 0.5153165459632874
0.4977239966392517, 0.5022760033607483
0.5123180150985718, 0.4876820147037506
0.507519543170929, 0.49248045682907104
0.5003872513771057, 0.4996127784252167
0.49658772349357605, 0.5034122467041016
0.5040270686149597, 0.49597299098968506
0.49937036633491516, 0.5006296634674072
0.508211612701416, 0.49178841710090637
0.5023916959762573, 0.4976082742214203
0.5163241624832153, 0.48367586731910706
0.5395539402961731, 0.4604460895061493
0.6549164652824402, 0.3450835645198822
0.8579548597335815, 0.14204514026641846
0.9635697603225708, 0.036430224776268005
0.9939531683921814, 0.0060468255542218685
0.9996896982192993, 0.00031033731647767127
0.9999769926071167, 2.2953452571528032e-05
