actor_1,actor_2
0.4786387085914612, 0.5213613510131836
0.4677233099937439, 0.5322766900062561
0.4696846604347229, 0.5303152799606323
0.4735981225967407, 0.5264018177986145
0.427155464887619, 0.5728445053100586
0.35046878457069397, 0.6495312452316284
0.2400878369808197, 0.7599121332168579
0.12159815430641174, 0.8784018754959106
0.01827141083776951, 0.9817286133766174
