actor_1,actor_2
0.48841533064842224, 0.5115846991539001
0.47707194089889526, 0.5229280591011047
0.47847986221313477, 0.5215200781822205
0.480489581823349, 0.5195104479789734
0.4072510302066803, 0.5927490592002869
0.3187747597694397, 0.6812252998352051
0.18586042523384094, 0.8141395449638367
0.033988725394010544, 0.9660112857818604
0.0031839197035878897, 0.996816098690033
