actor_1,actor_2
0.49025675654411316, 0.5097431540489197
0.48168858885765076, 0.5183114409446716
0.49013853073120117, 0.5098615288734436
0.5010488629341125, 0.49895113706588745
0.4983554184436798, 0.501644492149353
0.5100857615470886, 0.4899142384529114
0.5082566142082214, 0.4917433261871338
0.5057898759841919, 0.4942101240158081
0.5204882621765137, 0.4795117676258087
0.5700188279151917, 0.42998114228248596
0.6639479398727417, 0.3360520601272583
0.871337890625, 0.12866206467151642
0.995023250579834, 0.004976807627826929
0.9998989105224609, 0.00010102168744197115
0.9999974966049194, 2.5343049401271855e-06
1.0, 2.189714720657321e-08
1.0, 1.6620749221374354e-10
1.0, 1.4505075742951568e-12
