actor_1,actor_2
0.49220964312553406, 0.5077903866767883
0.489046186208725, 0.5109538435935974
0.5009285807609558, 0.4990713596343994
0.4928692877292633, 0.5071306824684143
0.5052240490913391, 0.4947759807109833
0.49764150381088257, 0.5023585557937622
0.5104894042015076, 0.4895106256008148
0.5032893419265747, 0.4967106580734253
0.5110120177268982, 0.48898792266845703
0.5353980660438538, 0.46460196375846863
0.5894317626953125, 0.4105682075023651
0.6377427577972412, 0.3622572124004364
0.8331385254859924, 0.16686144471168518
0.9858391880989075, 0.01416085846722126
0.9995504021644592, 0.00044953497126698494
0.9999902248382568, 9.779247193364426e-06
0.9999998807907104, 1.2191310361231444e-07
