actor_1,actor_2
0.5006188154220581, 0.4993812143802643
0.508616030216217, 0.49138402938842773
0.5728186368942261, 0.42718130350112915
0.7004142999649048, 0.2995856702327728
0.8264991641044617, 0.17350082099437714
0.9969877600669861, 0.003012309316545725
0.9999909400939941, 9.009586392494384e-06
1.0, 1.2494050238842647e-08
