actor_1,actor_2
0.529967188835144, 0.47003287076950073
0.5252010226249695, 0.4747990667819977
0.582451581954956, 0.41754841804504395
0.7356424927711487, 0.26435747742652893
0.8969025015830994, 0.10309753566980362
0.9993649125099182, 0.0006351025658659637
0.9999992847442627, 7.707735107942426e-07
1.0, 2.901976714486665e-10
