actor_1,actor_2
0.49979570508003235, 0.5002042055130005
0.43720582127571106, 0.5627942681312561
0.28526216745376587, 0.7147378325462341
0.14147305488586426, 0.8585270047187805
0.007597171235829592, 0.9924027919769287
7.533947064075619e-05, 0.9999246597290039
1.068560550265829e-06, 0.999998927116394
5.906816369360968e-09, 1.0
1.7675012495277365e-11, 1.0
