actor_1,actor_2
0.5094815492630005, 0.4905184507369995
0.49554458260536194, 0.5044554471969604
0.5111956000328064, 0.488804429769516
0.49722760915756226, 0.502772331237793
0.5128181576728821, 0.48718181252479553
0.4988374412059784, 0.501162588596344
0.5143836736679077, 0.4856162965297699
0.5004077553749084, 0.49959224462509155
0.5793833136558533, 0.42061665654182434
0.7702418565750122, 0.2297581136226654
0.9319207072257996, 0.06807926297187805
0.9997660517692566, 0.00023396847245749086
0.9999997615814209, 2.1075241818380164e-07
