actor_1,actor_2
0.498220831155777, 0.5017791986465454
0.5123266577720642, 0.4876733422279358
0.4961550235748291, 0.5038449764251709
0.5103327035903931, 0.48966723680496216
0.49429240822792053, 0.5057075619697571
0.5085260272026062, 0.4914740025997162
0.4925166666507721, 0.5074833035469055
0.5068755745887756, 0.49312445521354675
0.49084562063217163, 0.5091543197631836
0.5053547024726868, 0.4946453273296356
0.4892968535423279, 0.5107030868530273
0.5039402842521667, 0.49605971574783325
0.48784708976745605, 0.5121528506278992
0.5026122331619263, 0.4973878264427185
0.48647594451904297, 0.513524055480957
0.5013526678085327, 0.4986473321914673
0.4851651191711426, 0.5148348808288574
0.5001459121704102, 0.49985411763191223
0.48389819264411926, 0.5161017775535583
0.49897757172584534, 0.501022458076477
0.42593711614608765, 0.5740629434585571
0.2642286419868469, 0.7357713580131531
0.1096724346280098, 0.8903276324272156
0.00369736785069108, 0.996302604675293
8.373775926884264e-06, 0.9999916553497314
1.3698937983974702e-08, 1.0
