actor_1,actor_2
0.4884956479072571, 0.5115043520927429
0.5019099712371826, 0.4980899691581726
0.4864339232444763, 0.5135660767555237
0.4999120831489563, 0.5000879168510437
0.46652451157569885, 0.5334754586219788
0.33136454224586487, 0.6686354279518127
0.21957240998744965, 0.7804275155067444
0.12682947516441345, 0.8731705546379089
0.0013837735168635845, 0.9986162185668945
8.327403520524967e-06, 0.9999916553497314
3.195016518020566e-08, 1.0
