actor_1,actor_2
0.5003246665000916, 0.4996753931045532
0.48493367433547974, 0.5150663256645203
0.5026493668556213, 0.4973505735397339
0.48776426911354065, 0.5122357606887817
0.5049129724502563, 0.49508705735206604
0.49115172028541565, 0.508848249912262
0.50710529088974, 0.49289464950561523
0.499641090631485, 0.5003588795661926
0.5092760324478149, 0.49072399735450745
0.5125679969787598, 0.4874320328235626
0.6452621817588806, 0.354737788438797
0.8233603835105896, 0.1766396313905716
0.9801428914070129, 0.019857032224535942
0.999966025352478, 3.400905188755132e-05
1.0, 9.295031411227228e-09
