actor_1,actor_2
0.5134187936782837, 0.4865812659263611
0.49515655636787415, 0.5048434734344482
0.515798032283783, 0.48420193791389465
0.497579962015152, 0.5024200677871704
0.5181174278259277, 0.4818825423717499
0.5008666515350342, 0.4991333782672882
0.5861599445343018, 0.41384005546569824
0.7434676289558411, 0.2565322816371918
0.9028523564338684, 0.097147636115551
0.999237060546875, 0.0007629359606653452
0.9999995231628418, 4.7596981289643736e-07
