actor_1,actor_2
0.48404380679130554, 0.5159562230110168
0.5032776594161987, 0.49672234058380127
0.48126885294914246, 0.5187311172485352
0.5005769729614258, 0.4994230270385742
0.47874394059181213, 0.5212560892105103
0.49810516834259033, 0.5018948912620544
0.4272525906562805, 0.5727474093437195
0.28387296199798584, 0.7161270976066589
0.16326528787612915, 0.8367346525192261
0.011066962033510208, 0.9889330863952637
3.0468445402220823e-05, 0.999969482421875
3.347524568653171e-08, 1.0
3.623766217653035e-11, 1.0
