actor_1,actor_2
0.5307914018630981, 0.46920856833457947
0.5044189095497131, 0.49558109045028687
0.5994296669960022, 0.4005703628063202
0.7595425248146057, 0.2404574155807495
0.9284602999687195, 0.0715397372841835
0.9999028444290161, 9.712485189083964e-05
1.0, 2.5214472287871104e-08
1.0, 1.5620167919533356e-12
