actor_1,actor_2
0.54238361120224, 0.4576163589954376
0.5145723819732666, 0.485427588224411
0.6104729771614075, 0.3895270824432373
0.7707847356796265, 0.2292153239250183
0.9645909667015076, 0.03540896251797676
0.9999737739562988, 2.628194124554284e-05
1.0, 4.284267607346237e-09
1.0, 2.0492562182762575e-13
