actor_1,actor_2
0.44753679633140564, 0.5524632334709167
0.47486838698387146, 0.5251316428184509
0.4776724874973297, 0.5223274827003479
0.3732180893421173, 0.6267820000648499
0.2565094530582428, 0.7434905171394348
0.0882704108953476, 0.9117295742034912
0.0005221429746598005, 0.9994779229164124
8.917268132790923e-07, 0.9999991655349731
1.465272458922584e-09, 1.0
