actor_1,actor_2
0.49109214544296265, 0.5089077949523926
0.5219528079032898, 0.4780472218990326
0.48748159408569336, 0.5125184059143066
0.518496036529541, 0.481503963470459
0.48418793082237244, 0.5158120393753052
0.5153248906135559, 0.4846751093864441
0.48115503787994385, 0.5188449025154114
0.5123875141143799, 0.48761239647865295
0.4780990183353424, 0.5219009518623352
0.5096386671066284, 0.4903613030910492
0.4752163290977478, 0.5247836709022522
0.5070380568504333, 0.4929620027542114
0.4724755883216858, 0.5275244116783142
0.504549503326416, 0.4954504370689392
0.46984004974365234, 0.5301599502563477
0.5021404027938843, 0.4978596568107605
0.4672761559486389, 0.5327239036560059
0.4997801184654236, 0.5002198815345764
0.5178353786468506, 0.482164591550827
0.4897945523262024, 0.5102055072784424
0.5059889554977417, 0.4940110743045807
0.48014137148857117, 0.5198585987091064
0.4947509765625, 0.5052490234375
0.45616406202316284, 0.5438359975814819
0.3023509681224823, 0.6976490020751953
0.1253402978181839, 0.8746596574783325
0.0023959625978022814, 0.9976040720939636
1.7099559954658616e-06, 0.9999983310699463
