actor_1,actor_2
0.49689939618110657, 0.5031006932258606
0.5272977352142334, 0.4727022647857666
0.49328699707984924, 0.5067130327224731
0.5238111615180969, 0.47618892788887024
0.48999258875846863, 0.5100075006484985
0.5206126570701599, 0.4793873727321625
0.48681196570396423, 0.5131880640983582
0.5176507234573364, 0.4823492169380188
0.48372122645378113, 0.5162786841392517
0.5148802995681763, 0.4851197302341461
0.48081713914871216, 0.5191828012466431
0.5122613310813904, 0.4877386689186096
0.47805872559547424, 0.5219412446022034
0.5097581744194031, 0.4902418255805969
0.4754093289375305, 0.5245906114578247
0.5073384046554565, 0.49266156554222107
0.472835510969162, 0.5271645188331604
0.5049721002578735, 0.49502789974212646
0.4703059792518616, 0.5296939611434937
0.5026310086250305, 0.49736902117729187
0.46779128909111023, 0.5322086811065674
0.5002877712249756, 0.499712198972702
0.4652625322341919, 0.5347374677658081
0.49791550636291504, 0.502084493637085
0.4699437618255615, 0.5300562977790833
0.34195348620414734, 0.658046543598175
0.18621577322483063, 0.8137841820716858
0.035088326781988144, 0.9649116396903992
4.630258263205178e-05, 0.9999537467956543
1.6122186252687243e-08, 1.0
