actor_1,actor_2
0.4925448000431061, 0.5074552893638611
0.46974658966064453, 0.5302534103393555
0.5213102102279663, 0.4786897599697113
0.4896537661552429, 0.5103462934494019
0.5445550084114075, 0.45544499158859253
0.5133873820304871, 0.4866126477718353
0.5455138087272644, 0.4544861614704132
0.6188040375709534, 0.38119590282440186
0.6941079497337341, 0.30589208006858826
0.848879873752594, 0.1511201560497284
0.9613569974899292, 0.038643043488264084
0.9904457330703735, 0.00955429021269083
0.9975283741950989, 0.0024716306943446398
0.9993172883987427, 0.000682781042996794
0.9997915625572205, 0.0002084326697513461
