actor_1,actor_2
0.5117577910423279, 0.4882422089576721
0.4834434688091278, 0.5165565013885498
0.5163038969039917, 0.4836960732936859
0.4893781840801239, 0.5106217861175537
0.520861029624939, 0.47913897037506104
0.49669620394706726, 0.5033038258552551
0.5255234241485596, 0.47447651624679565
0.5207211971282959, 0.4792788028717041
0.6803911328315735, 0.3196088671684265
0.83182692527771, 0.16817304491996765
0.9795692563056946, 0.020430704578757286
0.9999829530715942, 1.7070953617803752e-05
1.0, 1.771478852496955e-09
