actor_1,actor_2
0.4989650547504425, 0.5010349154472351
0.5287201404571533, 0.47127988934516907
0.49520108103752136, 0.5047988891601562
0.5250809192657471, 0.47491905093193054
0.49175506830215454, 0.5082448720932007
0.5217293500900269, 0.47827067971229553
0.48840728402137756, 0.5115926861763
0.5186120867729187, 0.4813879132270813
0.48514100909233093, 0.5148589611053467
0.5156822204589844, 0.484317809343338
0.4820558726787567, 0.5179441571235657
0.5128979682922363, 0.48710206151008606
0.4791088402271271, 0.5208911895751953
0.5102216601371765, 0.4897783696651459
0.47626104950904846, 0.5237389802932739
0.5076186656951904, 0.4923812747001648
0.4734765589237213, 0.5265234112739563
0.5050567388534546, 0.49494317173957825
0.470721572637558, 0.5292784571647644
0.5025050044059753, 0.49749499559402466
0.4679633378982544, 0.5320366621017456
0.49993303418159485, 0.5000669956207275
0.4990435540676117, 0.5009564161300659
0.4005424380302429, 0.5994575619697571
0.23867130279541016, 0.7613286972045898
0.08399004489183426, 0.9160100221633911
0.0011348029365763068, 0.9988652467727661
8.830179467622656e-07, 0.9999991655349731
