actor_1,actor_2
0.5013234615325928, 0.4986765384674072
0.4771323502063751, 0.5228676795959473
0.5055707693099976, 0.4944292902946472
0.48270243406295776, 0.517297625541687
0.5098319053649902, 0.49016812443733215
0.4902861416339874, 0.5097138285636902
0.5141953229904175, 0.48580464720726013
0.5135858058929443, 0.4864141643047333
0.6650257110595703, 0.3349742591381073
0.8332239389419556, 0.16677604615688324
0.9843763113021851, 0.015623644925653934
0.9999910593032837, 8.988801710074767e-06
1.0, 6.488404813431714e-10
