actor_1,actor_2
0.49283647537231445, 0.5071635246276855
0.5244686007499695, 0.4755313992500305
0.4891180396080017, 0.5108820199966431
0.5208851099014282, 0.47911491990089417
0.48547884821891785, 0.5145211815834045
0.5175907611846924, 0.48240926861763
0.48199668526649475, 0.5180032849311829
0.5145325660705566, 0.4854673445224762
0.47874900698661804, 0.5212510228157043
0.5116641521453857, 0.48833587765693665
0.47568759322166443, 0.524312436580658
0.508944034576416, 0.49105599522590637
0.47276973724365234, 0.5272302627563477
0.5063351392745972, 0.4936649203300476
0.4699568748474121, 0.5300431251525879
0.5038034319877625, 0.49619659781455994
0.4672134816646576, 0.5327865481376648
0.5013173222541809, 0.4986826479434967
0.4645062983036041, 0.5354936718940735
0.49884679913520813, 0.5011532306671143
0.49615374207496643, 0.503846287727356
0.4238915741443634, 0.5761083960533142
0.30345165729522705, 0.696548342704773
0.13313375413417816, 0.8668662309646606
0.0011943100253120065, 0.9988056421279907
1.194594005937688e-06, 0.9999988079071045
