actor_1,actor_2
0.4939877986907959, 0.5060121417045593
0.5228319764137268, 0.4771680533885956
0.49056723713874817, 0.5094327926635742
0.5195598602294922, 0.4804401099681854
0.48743560910224915, 0.5125643610954285
0.516542911529541, 0.48345711827278137
0.4845404326915741, 0.5154595375061035
0.513737142086029, 0.48626288771629333
0.4818356931209564, 0.5181642770767212
0.5110997557640076, 0.48890024423599243
0.47897741198539734, 0.521022617816925
0.5085926651954651, 0.4914073944091797
0.47623372077941895, 0.5237663388252258
0.5061812996864319, 0.49381861090660095
0.4735826551914215, 0.5264173746109009
0.5038342475891113, 0.49616584181785583
0.470990926027298, 0.5290091037750244
0.5015215277671814, 0.49847838282585144
0.4684270918369293, 0.5315729379653931
0.4992150068283081, 0.5007850527763367
0.5146682858467102, 0.4853316843509674
0.4894636571407318, 0.5105363130569458
0.5031043887138367, 0.49689552187919617
0.47993338108062744, 0.5200666785240173
0.49199050664901733, 0.5080095529556274
0.42396873235702515, 0.5760313272476196
0.28668075799942017, 0.7133192420005798
0.05161729454994202, 0.9483826756477356
0.00063885044073686, 0.9993612170219421
9.609497055862448e-07, 0.9999990463256836
