actor_1,actor_2
0.48062920570373535, 0.5193708539009094
0.5042330622673035, 0.49576687812805176
0.4768030643463135, 0.5231969952583313
0.5004705190658569, 0.4995294213294983
0.47326651215553284, 0.5267335176467896
0.4969712197780609, 0.5030287504196167
0.4577118456363678, 0.5422881245613098
0.34971246123313904, 0.6502875685691833
0.19180801510810852, 0.8081920146942139
0.01407149713486433, 0.985928475856781
2.895895522669889e-05, 0.9999710321426392
1.4013211036001394e-08, 1.0
2.2550602878090853e-12, 1.0
