actor_1,actor_2
0.490835577249527, 0.5091643929481506
0.5180338621139526, 0.48196619749069214
0.4870997965335846, 0.5129002928733826
0.5144550800323486, 0.485544890165329
0.4836587607860565, 0.5163412094116211
0.5111272931098938, 0.4888727366924286
0.48045673966407776, 0.5195432901382446
0.5079761147499084, 0.49202391505241394
0.4774443209171295, 0.5225557088851929
0.5049929618835449, 0.4950069785118103
0.47457754611968994, 0.5254224538803101
0.5021363496780396, 0.49786365032196045
0.47166016697883606, 0.5283398628234863
0.499368280172348, 0.5006317496299744
0.5050630569458008, 0.494937002658844
0.48820197582244873, 0.5117980241775513
0.4910769462585449, 0.5089231133460999
0.39698538184165955, 0.6030146479606628
0.24150675535202026, 0.758493185043335
0.042166683822870255, 0.9578332901000977
0.00027997491997666657, 0.99972003698349
2.59700556171083e-07, 0.9999997615814209
