actor_1,actor_2
0.5388209223747253, 0.46117907762527466
0.5061298608779907, 0.49387022852897644
0.5882124900817871, 0.4117874801158905
0.6980289816856384, 0.30197104811668396
0.8789739012718201, 0.12102603912353516
0.9994774460792542, 0.0005226205103099346
0.9999998807907104, 7.378082500508754e-08
1.0, 1.7713444643366327e-12
