actor_1,actor_2
0.5024619102478027, 0.4975380301475525
0.4767133295536041, 0.5232866406440735
0.5071426033973694, 0.492857426404953
0.4827025830745697, 0.5172973871231079
0.5119123458862305, 0.4880876839160919
0.4992019236087799, 0.5007981061935425
0.5168686509132385, 0.4831313490867615
0.5213910341262817, 0.4786089360713959
0.642304539680481, 0.35769546031951904
0.7829190492630005, 0.21708090603351593
0.9771904349327087, 0.022809553891420364
0.9999611377716064, 3.882333112414926e-05
1.0, 4.423874599979172e-09
