actor_1,actor_2
0.5277994275093079, 0.47220054268836975
0.5028006434440613, 0.4971993565559387
0.5895288586616516, 0.4104710817337036
0.6945656538009644, 0.3054344058036804
0.8599236607551575, 0.14007630944252014
0.9959955215454102, 0.004004415590316057
0.9999980926513672, 1.8899560245699831e-06
1.0, 1.1955161860477403e-10
