actor_1,actor_2
0.49122244119644165, 0.5087776184082031
0.5179847478866577, 0.4820152521133423
0.487339049577713, 0.5126609802246094
0.5143661499023438, 0.48563382029533386
0.4833398759365082, 0.5166600942611694
0.511005699634552, 0.4889942705631256
0.4796138405799866, 0.5203861594200134
0.5078521966934204, 0.4921477437019348
0.47610607743263245, 0.5238939523696899
0.5048601627349854, 0.49513980746269226
0.4727679491043091, 0.5272320508956909
0.5008031129837036, 0.4991969168186188
0.4695556163787842, 0.530444324016571
0.4966936707496643, 0.5033062696456909
0.4966154396533966, 0.503384530544281
0.4284874200820923, 0.5715125799179077
0.3551732897758484, 0.6448267698287964
0.2385687530040741, 0.7614312171936035
0.04482283070683479, 0.9551772475242615
0.0001263018639292568, 0.9998736381530762
7.937040891192737e-08, 0.9999998807907104
