actor_1,actor_2
0.49408814311027527, 0.5059118270874023
0.5331587791442871, 0.4668411910533905
0.49021226167678833, 0.5097877979278564
0.5210369825363159, 0.47896307706832886
0.4866192638874054, 0.513380765914917
0.5108181238174438, 0.48918190598487854
0.48325327038764954, 0.5167466998100281
0.5061327219009399, 0.49386724829673767
0.48006471991539, 0.5199352502822876
0.5014791488647461, 0.4985208213329315
0.4770090579986572, 0.5229909420013428
0.49700117111206055, 0.5029987692832947
0.476957768201828, 0.5230422019958496
0.3985666334629059, 0.6014333367347717
0.30398064851760864, 0.6960193514823914
0.13765038549900055, 0.8623496294021606
0.00932038389146328, 0.9906795620918274
1.708434137981385e-05, 0.9999829530715942
8.888754621239059e-09, 1.0
