actor_1,actor_2
0.5111104846000671, 0.4888894855976105
0.49161115288734436, 0.5083888173103333
0.5160493850708008, 0.4839506149291992
0.4983672797679901, 0.5016326904296875
0.5212304592132568, 0.47876957058906555
0.5161952376365662, 0.48380473256111145
0.5878680944442749, 0.4121319055557251
0.6731035709381104, 0.32689639925956726
0.8087927103042603, 0.19120730459690094
0.9720091223716736, 0.02799087204039097
0.9983003735542297, 0.0016996638150885701
