actor_1,actor_2
0.5037702322006226, 0.49622973799705505
0.4803444445133209, 0.5196555256843567
0.5087594985961914, 0.4912404417991638
0.4859551191329956, 0.5140448808670044
0.5175018310546875, 0.4824981987476349
0.4996788799762726, 0.500321090221405
0.5399098992347717, 0.46009010076522827
0.5349825024604797, 0.4650174677371979
0.6110233664512634, 0.3889765739440918
0.7029481530189514, 0.2970518171787262
0.896074652671814, 0.10392540693283081
0.9909667372703552, 0.009033228270709515
0.9996967315673828, 0.0003032432869076729
