actor_1,actor_2
0.5335447788238525, 0.4664551913738251
0.5119737982749939, 0.4880261719226837
0.5751171112060547, 0.42488279938697815
0.6642902493476868, 0.33570975065231323
0.75892573595047, 0.24107426404953003
0.9175078272819519, 0.0824921727180481
0.9965307116508484, 0.0034693419001996517
0.9999831914901733, 1.676675492490176e-05
