actor_1,actor_2
0.5060299634933472, 0.4939700663089752
0.4906829595565796, 0.5093171000480652
0.5112099051475525, 0.4887901246547699
0.5009090304374695, 0.4990909993648529
0.5872784852981567, 0.41272154450416565
0.6988347172737122, 0.30116522312164307
0.8573482036590576, 0.1426517218351364
0.9934508800506592, 0.0065491232089698315
0.9998762607574463, 0.0001237367541762069
0.9999998807907104, 9.458550920271591e-08
