actor_1,actor_2
0.49977245926856995, 0.5002275705337524
0.5130618810653687, 0.48693808913230896
0.4963979125022888, 0.5036020874977112
0.5098018050193787, 0.49019819498062134
0.4932364523410797, 0.5067634582519531
0.5066292881965637, 0.49337074160575867
0.49024125933647156, 0.509758710861206
0.5019235014915466, 0.49807655811309814
0.4873700439929962, 0.5126299858093262
0.4973932206630707, 0.5026067495346069
0.4846312403678894, 0.5153687596321106
0.35433804988861084, 0.6456619501113892
0.18629950284957886, 0.8137005567550659
0.021184178069233894, 0.9788157939910889
0.0003099242167081684, 0.999690055847168
3.1234935704560485e-07, 0.9999996423721313
7.760921072463844e-11, 1.0
