actor_1,actor_2
0.47223538160324097, 0.5277645587921143
0.4876273274421692, 0.5123726725578308
0.4868602752685547, 0.5131397247314453
0.4493410289287567, 0.5506589412689209
0.31478166580200195, 0.6852182745933533
0.14388732612133026, 0.8561126589775085
0.005382783245295286, 0.9946172833442688
2.160112671845127e-05, 0.9999784231185913
7.962814407846963e-09, 1.0
