actor_1,actor_2
0.5142053365707397, 0.4857946038246155
0.49228739738464355, 0.5077126622200012
0.5184922814369202, 0.48150771856307983
0.4972497820854187, 0.5027502179145813
0.5229833722114563, 0.4770166575908661
0.5024455785751343, 0.49755439162254333
0.5519748330116272, 0.4480251967906952
0.6278244256973267, 0.37217557430267334
0.7224313020706177, 0.2775686979293823
0.9152866005897522, 0.08471336215734482
0.9982239603996277, 0.0017760279588401318
