actor_1,actor_2
0.48795297741889954, 0.5120469927787781
0.499170184135437, 0.500829815864563
0.49868687987327576, 0.5013130903244019
0.4856793284416199, 0.5143207311630249
0.4075484275817871, 0.5924515724182129
0.2851885259151459, 0.7148114442825317
0.044044677168130875, 0.9559552669525146
0.00013999897055327892, 0.9998599290847778
1.1728081972250948e-07, 0.9999998807907104
