actor_1,actor_2
0.49735406041145325, 0.5026459693908691
0.5095292329788208, 0.4904707372188568
0.49452242255210876, 0.5054775476455688
0.5067929029464722, 0.4932071268558502
0.4918697774410248, 0.5081301927566528
0.5042141079902649, 0.4957859218120575
0.4893559515476227, 0.5106440186500549
0.5017549395561218, 0.4982450604438782
0.4869447946548462, 0.513055145740509
0.4989606440067291, 0.5010393261909485
0.49346375465393066, 0.5065362453460693
0.4832882881164551, 0.5167117118835449
0.38699138164520264, 0.6130086183547974
0.26662591099739075, 0.7333740592002869
0.0408870205283165, 0.9591129422187805
6.345305155264214e-05, 0.999936580657959
1.4111351198664579e-08, 1.0
