actor_1,actor_2
0.4817928373813629, 0.5182071924209595
0.4902265965938568, 0.5097734332084656
0.4820190370082855, 0.5179809331893921
0.4446912407875061, 0.5553088188171387
0.34056273102760315, 0.6594372987747192
0.2379874885082245, 0.7620125412940979
0.11687438189983368, 0.8831256031990051
0.0023924887645989656, 0.9976074695587158
1.8012672171607846e-06, 0.9999982118606567
