actor_1,actor_2
0.5059769153594971, 0.4940231442451477
0.5142022371292114, 0.4857977330684662
0.6267378926277161, 0.37326207756996155
0.7755851745605469, 0.2244148850440979
0.9311589598655701, 0.06884103268384933
0.9992532134056091, 0.0007467081886716187
0.9999984502792358, 1.5420876025018515e-06
1.0, 7.398269774583355e-10
