actor_1,actor_2
0.501741886138916, 0.4982580840587616
0.4977748692035675, 0.5022251009941101
0.5059375762939453, 0.49406248331069946
0.5034744739532471, 0.49652549624443054
0.6010033488273621, 0.39899659156799316
0.72986900806427, 0.2701309621334076
0.8831337094306946, 0.11686629801988602
0.9906145334243774, 0.009385503828525543
0.9999665021896362, 3.3525164326420054e-05
1.0, 1.840769137118059e-08
