actor_1,actor_2
0.4875166714191437, 0.5124832391738892
0.47757455706596375, 0.5224254727363586
0.5012115240097046, 0.49878841638565063
0.4925834834575653, 0.5074164867401123
0.5194399952888489, 0.4805600643157959
0.5117277503013611, 0.48827219009399414
0.53030925989151, 0.46969079971313477
0.5874569416046143, 0.41254302859306335
0.6355786323547363, 0.36442139744758606
0.7980378866195679, 0.20196212828159332
0.9448988437652588, 0.0551011897623539
0.9905106425285339, 0.009489364922046661
0.9982555508613586, 0.0017444344703108072
0.9996343851089478, 0.0003656325279735029
0.999914288520813, 8.566678297938779e-05
