actor_1,actor_2
0.5111358165740967, 0.4888641834259033
0.4989236891269684, 0.5010762810707092
0.5153629183769226, 0.48463699221611023
0.5046472549438477, 0.49535277485847473
0.5965140461921692, 0.40348589420318604
0.7285080552101135, 0.2714918851852417
0.8978278636932373, 0.10217209160327911
0.9914860129356384, 0.008514024317264557
0.9999663829803467, 3.3584779885131866e-05
1.0, 1.592721687870835e-08
