actor_1,actor_2
0.519207775592804, 0.4807922840118408
0.5008261203765869, 0.4991738796234131
0.5468502044677734, 0.45314979553222656
0.6403630971908569, 0.3596368730068207
0.754980206489563, 0.24501977860927582
0.9058487415313721, 0.09415124356746674
0.9869379997253418, 0.013062003999948502
0.9999662637710571, 3.3791580790420994e-05
