actor_1,actor_2
0.5110867023468018, 0.488913357257843
0.49328333139419556, 0.5067166686058044
0.5153272747993469, 0.48467275500297546
0.49794748425483704, 0.5020524859428406
0.5197889804840088, 0.480211079120636
0.5162380933761597, 0.48376187682151794
0.629741907119751, 0.37025806307792664
0.7646712064743042, 0.23532885313034058
0.9412422776222229, 0.05875775218009949
0.9992154836654663, 0.0007844588253647089
0.9999980926513672, 1.875727662081772e-06
