actor_1,actor_2
0.49374979734420776, 0.5062502026557922
0.5057042241096497, 0.49429577589035034
0.49110156297683716, 0.5088983774185181
0.5031444430351257, 0.49685555696487427
0.488621324300766, 0.5113787055015564
0.5007324814796448, 0.49926745891571045
0.48627111315727234, 0.5137288570404053
0.4984326958656311, 0.5015673041343689
0.5011984705924988, 0.49880149960517883
0.4894959032535553, 0.5105040669441223
0.4882209002971649, 0.5117790102958679
0.48022162914276123, 0.519778311252594
0.467670738697052, 0.532329261302948
0.3133482038974762, 0.6866517663002014
0.13240844011306763, 0.8675915002822876
0.0006552056293003261, 0.9993447661399841
2.6137024633499095e-07, 0.9999997615814209
