actor_1,actor_2
0.5248619318008423, 0.4751381278038025
0.5106679201126099, 0.48933202028274536
0.5722980499267578, 0.4277019500732422
0.6682373285293579, 0.3317626118659973
0.7947466373443604, 0.20525340735912323
0.9676382541656494, 0.03236173093318939
0.9996316432952881, 0.0003682866517920047
0.9999995231628418, 4.4818759192821744e-07
