actor_1,actor_2
0.5099595785140991, 0.4900403618812561
0.49549371004104614, 0.5045062303543091
0.5136194229125977, 0.48638051748275757
0.4995036721229553, 0.5004962682723999
0.5174680352210999, 0.48253199458122253
0.5132249593734741, 0.4867750406265259
0.5985995531082153, 0.4014003872871399
0.7292795181274414, 0.2707204520702362
0.8636693358421326, 0.13633069396018982
0.9967731833457947, 0.0032268264330923557
0.9999918937683105, 8.0972413343261e-06
