actor_1,actor_2
0.5347713828086853, 0.4652285575866699
0.5207818150520325, 0.47921812534332275
0.5505877137184143, 0.4494122564792633
0.6422017812728882, 0.3577982187271118
0.7528337240219116, 0.2471662163734436
0.8752490878105164, 0.12475094199180603
0.9934107661247253, 0.00658924737945199
0.9999898672103882, 1.0087486771226395e-05
