actor_1,actor_2
0.5176517963409424, 0.4823482632637024
0.505315363407135, 0.494684636592865
0.540280282497406, 0.459719717502594
0.6375719308853149, 0.36242803931236267
0.7619379758834839, 0.23806197941303253
0.9049238562583923, 0.09507608413696289
0.9987057447433472, 0.0012942058965563774
0.9999982118606567, 1.8294288111064816e-06
