actor_1,actor_2
0.49084821343421936, 0.5091517567634583
0.49631011486053467, 0.5036898851394653
0.4783415198326111, 0.5216584801673889
0.3244810700416565, 0.6755189299583435
0.17540740966796875, 0.824592649936676
0.04041546583175659, 0.9595844745635986
0.00043655713670887053, 0.9995633959770203
6.699681875943497e-07, 0.9999992847442627
3.2088321583190194e-11, 1.0
