actor_1,actor_2
0.512413501739502, 0.48758649826049805
0.5014690160751343, 0.4985310137271881
0.5563523173332214, 0.44364768266677856
0.6657884120941162, 0.334211528301239
0.8159653544425964, 0.18403461575508118
0.9732024669647217, 0.026797611266374588
0.9999233484268188, 7.664819713681936e-05
1.0, 4.296749267496125e-08
