actor_1,actor_2
0.525833010673523, 0.47416695952415466
0.5134615898132324, 0.4865384101867676
0.5480706095695496, 0.4519294202327728
0.6516305208206177, 0.3483695089817047
0.7806470990180969, 0.21935294568538666
0.9444609880447388, 0.055539075285196304
0.9972816705703735, 0.002718367613852024
0.999997615814209, 2.3371951556327986e-06
