actor_1,actor_2
0.5332801938056946, 0.4667198956012726
0.5213682055473328, 0.47863179445266724
0.5703530311584473, 0.42964696884155273
0.6798182129859924, 0.3201817572116852
0.8176121115684509, 0.18238790333271027
0.9737431406974792, 0.026256924495100975
0.9995660185813904, 0.0004340193991083652
0.9999998807907104, 1.5799118102677312e-07
