actor_1,actor_2
0.48917436599731445, 0.5108256340026855
0.5012899041175842, 0.49871012568473816
0.4869198203086853, 0.5130801200866699
0.4994317889213562, 0.5005682706832886
0.5076954960823059, 0.4923045039176941
0.49286317825317383, 0.507136881351471
0.5011767745018005, 0.49882322549819946
0.48636627197265625, 0.5136337280273438
0.49243977665901184, 0.5075601935386658
0.4863889813423157, 0.5136110782623291
0.47675976157188416, 0.5232402682304382
0.4498838782310486, 0.5501160621643066
0.24515962600708008, 0.7548404335975647
0.06836072355508804, 0.9316393136978149
