actor_1,actor_2
0.4461037218570709, 0.5538963079452515
0.45451828837394714, 0.5454817414283752
0.46086838841438293, 0.5391315817832947
0.4650208055973053, 0.5349791646003723
0.46693235635757446, 0.5330677032470703
0.46716830134391785, 0.5328316688537598
0.4651028513908386, 0.5348970890045166
0.45360907912254333, 0.5463908910751343
0.43574661016464233, 0.5642533898353577
