actor_1,actor_2
0.4481479525566101, 0.5518520474433899
0.45584264397621155, 0.5441573858261108
0.46159908175468445, 0.5384009480476379
0.4651326537132263, 0.5348673462867737
0.4664003551006317, 0.5335995554924011
0.4660763442516327, 0.5339237451553345
0.4634028673171997, 0.5365970730781555
0.44981807470321655, 0.5501819849014282
0.43094420433044434, 0.5690557956695557
