actor_1,actor_2
0.45703181624412537, 0.5429681539535522
0.4645288586616516, 0.5354711413383484
0.47014161944389343, 0.529858410358429
0.47345101833343506, 0.5265489220619202
0.4744182527065277, 0.5255817174911499
0.4737965166568756, 0.526203453540802
0.47077542543411255, 0.5292245149612427
0.45534181594848633, 0.5446582436561584
0.4355687201023102, 0.5644312500953674
