actor_1,actor_2
0.5277607440948486, 0.47223931550979614
0.5017551779747009, 0.49824485182762146
0.4852283298969269, 0.514771580696106
0.5504838228225708, 0.4495161771774292
0.5349522233009338, 0.46504783630371094
0.5348244309425354, 0.4651755690574646
0.6235658526420593, 0.3764341175556183
0.8116333484649658, 0.18836668133735657
0.9764782190322876, 0.023521780967712402
