actor_1,actor_2
0.5090839266777039, 0.490915983915329
0.5027028918266296, 0.49729716777801514
0.5070152282714844, 0.49298468232154846
0.5252116322517395, 0.4747883081436157
0.6196240782737732, 0.3803759515285492
0.8212765455245972, 0.17872345447540283
0.9864833950996399, 0.013516600243747234
0.9999649524688721, 3.499263766570948e-05
