actor_1,actor_2
0.4851169288158417, 0.5148830413818359
0.46730250120162964, 0.5326974987983704
0.48439428210258484, 0.5156056880950928
0.5146998763084412, 0.4853001534938812
0.5081684589385986, 0.49183157086372375
0.5119755268096924, 0.4880245327949524
0.5421527624130249, 0.4578472673892975
0.6349570155143738, 0.36504289507865906
0.8314927816390991, 0.1685071885585785
0.929779589176178, 0.07022039592266083
0.9887188673019409, 0.011281130835413933
0.999062716960907, 0.0009372520726174116
0.9999158382415771, 8.413752948399633e-05
0.9999915361404419, 8.466465260426048e-06
0.9999990463256836, 9.551323501000297e-07
