actor_1,actor_2
0.5148773789405823, 0.4851226508617401
0.5023245215415955, 0.49767544865608215
0.4957350194454193, 0.5042649507522583
0.5423427224159241, 0.45765724778175354
0.5382420420646667, 0.46175795793533325
0.5368717312812805, 0.4631282389163971
0.5545151829719543, 0.44548478722572327
0.6317059993743896, 0.36829397082328796
0.822614312171936, 0.177385613322258
