actor_1,actor_2
0.5517614483833313, 0.4482385814189911
0.6082446575164795, 0.3917553424835205
0.6607578992843628, 0.3392420709133148
0.7050212621688843, 0.2949787676334381
0.7738538980484009, 0.22614607214927673
0.9158799052238464, 0.08412007242441177
0.9796854853630066, 0.020314538851380348
0.9957407712936401, 0.00425929669290781
