actor_1,actor_2
0.5094481706619263, 0.4905518889427185
0.4957473576068878, 0.5042526721954346
0.5254566669464111, 0.4745432734489441
0.5126210451126099, 0.48737895488739014
0.5128384232521057, 0.4871615469455719
0.521706223487854, 0.478293776512146
0.548926830291748, 0.45107319951057434
0.6844753623008728, 0.3155246078968048
0.9237892627716064, 0.07621069252490997
0.999492883682251, 0.0005070929764769971
