actor_1,actor_2
0.5177209973335266, 0.48227906227111816
0.5261942148208618, 0.47380581498146057
0.5576037168502808, 0.44239622354507446
0.6130152940750122, 0.3869846761226654
0.7029229402542114, 0.2970770299434662
0.8448798060417175, 0.15512019395828247
0.9479005336761475, 0.05209946259856224
0.9992017149925232, 0.0007982657407410443
