actor_1,actor_2
0.4998365044593811, 0.5001634955406189
0.4904201328754425, 0.5095799565315247
0.47744104266166687, 0.5225589275360107
0.4622291624546051, 0.5377708673477173
0.4063638150691986, 0.593636155128479
0.3112903833389282, 0.6887096166610718
0.07513636350631714, 0.9248635768890381
0.0018482746090739965, 0.9981517195701599
2.394323018961586e-05, 0.9999760389328003
