actor_1,actor_2
0.5533367395401001, 0.4466633200645447
0.5756910443305969, 0.4243089556694031
0.6086364984512329, 0.3913635313510895
0.6689557433128357, 0.3310442566871643
0.8008908033370972, 0.19910921156406403
0.9675222039222717, 0.032477810978889465
0.9999879598617554, 1.2009853890049271e-05
1.0, 7.00096147721041e-10
