actor_1,actor_2
0.43774929642677307, 0.5622507333755493
0.43273916840553284, 0.5672608613967896
0.4232247471809387, 0.5767752528190613
0.3389984965324402, 0.6610015630722046
0.10847753286361694, 0.8915225267410278
0.0030899534467607737, 0.996910035610199
2.6353469365858473e-05, 0.9999736547470093
1.1935482291391963e-07, 0.9999998807907104
3.3572916668944686e-10, 1.0
