actor_1,actor_2
0.5141750574111938, 0.48582497239112854
0.5118779540061951, 0.48812204599380493
0.5238690972328186, 0.4761309325695038
0.5551884770393372, 0.44481155276298523
0.6596667766571045, 0.34033316373825073
0.8329176902770996, 0.1670823097229004
0.9991371035575867, 0.000862926768604666
0.9999998807907104, 1.0823969631701402e-07
