actor_1,actor_2
0.5155637264251709, 0.4844362735748291
0.5127975344657898, 0.48720240592956543
0.5246692895889282, 0.4753306806087494
0.5617498159408569, 0.4382501244544983
0.6821311712265015, 0.3178688585758209
0.8644224405288696, 0.1355775147676468
0.9996681213378906, 0.0003318843082524836
1.0, 3.106062607116655e-08
