actor_1,actor_2
0.5087959170341492, 0.4912041127681732
0.5057105422019958, 0.49428948760032654
0.5172451138496399, 0.4827548563480377
0.5546781420707703, 0.4453219175338745
0.6962007880210876, 0.30379927158355713
0.8770809173583984, 0.12291911244392395
0.9998849630355835, 0.00011500945402076468
1.0, 7.840633919897755e-09
