actor_1,actor_2
0.5095388889312744, 0.4904611110687256
0.5565206408500671, 0.4434792995452881
0.613962709903717, 0.38603726029396057
0.7984598278999329, 0.20154009759426117
0.9693189263343811, 0.030681034550070763
0.9971720576286316, 0.0028280147816985846
0.9997032284736633, 0.00029677426209673285
0.9999637603759766, 3.628127524279989e-05
