actor_1,actor_2
0.4650474786758423, 0.5349524617195129
0.46655476093292236, 0.5334452390670776
0.46164003014564514, 0.5383599400520325
0.4534150958061218, 0.5465849041938782
0.4041765332221985, 0.5958234667778015
0.3200407028198242, 0.6799593567848206
0.0918208584189415, 0.9081791043281555
0.0028863074257969856, 0.9971137046813965
1.3161392416805029e-05, 0.9999868869781494
