actor_1,actor_2
0.4996873736381531, 0.5003126263618469
0.5155465006828308, 0.4844534695148468
0.492235004901886, 0.507764995098114
0.5075430274009705, 0.49245700240135193
0.48904579877853394, 0.5109542012214661
0.4999181032180786, 0.5000818967819214
0.5064170956611633, 0.49358290433883667
0.48161110281944275, 0.5183889269828796
0.4835209548473358, 0.5164790153503418
0.4813612699508667, 0.5186387300491333
0.47392764687538147, 0.5260723233222961
0.447685569524765, 0.5523144602775574
0.3720115125179291, 0.6279885172843933
0.28805893659591675, 0.7119410634040833
0.167763352394104, 0.8322367072105408
