actor_1,actor_2
0.5131129622459412, 0.48688703775405884
0.5059707164764404, 0.49402931332588196
0.5013875961303711, 0.49861234426498413
0.5022881031036377, 0.4977119565010071
0.5301902294158936, 0.46980974078178406
0.6097792983055115, 0.3902207016944885
0.8514111042022705, 0.1485888957977295
0.9711658358573914, 0.028834205120801926
