actor_1,actor_2
0.47590118646621704, 0.5240988731384277
0.4888414442539215, 0.5111585855484009
0.49369651079177856, 0.5063035488128662
0.4923129379749298, 0.5076870918273926
0.4834657609462738, 0.516534149646759
0.4717583656311035, 0.5282416343688965
0.3934871554374695, 0.6065129041671753
0.3038211464881897, 0.6961787939071655
0.1721852719783783, 0.8278147578239441
