actor_1,actor_2
0.5007966756820679, 0.49920332431793213
0.4982435703277588, 0.5017564296722412
0.5094233155250549, 0.4905765950679779
0.5074330568313599, 0.4925669729709625
0.5111115574836731, 0.4888884723186493
0.5521038770675659, 0.44789615273475647
0.7719283699989319, 0.22807161509990692
0.9585889577865601, 0.04141100123524666
0.999992847442627, 7.141246896935627e-06
1.0, 7.261441448136452e-11
