actor_1,actor_2
0.5134573578834534, 0.48654264211654663
0.5135982632637024, 0.48640176653862
0.5130707025527954, 0.4869292974472046
0.5238680243492126, 0.47613197565078735
0.6294269561767578, 0.3705730140209198
0.8348478674888611, 0.16515211760997772
0.9940760135650635, 0.005923924036324024
0.9999996423721313, 3.7405112607302726e-07
