actor_1,actor_2
0.4826222062110901, 0.5173778533935547
0.4740031063556671, 0.5259969234466553
0.47942987084388733, 0.5205700993537903
0.49201929569244385, 0.5079807639122009
0.5261155366897583, 0.4738844335079193
0.5259636640548706, 0.474036306142807
0.5354950428009033, 0.46450498700141907
0.543315589427948, 0.4566843807697296
0.6058786511421204, 0.39412134885787964
0.8217129111289978, 0.17828716337680817
0.9322456121444702, 0.0677543506026268
0.9769282341003418, 0.023071805015206337
0.9935124516487122, 0.0064875599928200245
0.9993890523910522, 0.0006109355017542839
0.9999340772628784, 6.59603756503202e-05
0.9999915361404419, 8.484352292725816e-06
0.9999986886978149, 1.3040561270827311e-06
0.9999997615814209, 2.390966074017342e-07
