actor_1,actor_2
0.5324307680130005, 0.4675692319869995
0.5340878963470459, 0.4659120440483093
0.5295425653457642, 0.47045743465423584
0.4879762530326843, 0.5120238065719604
0.5480116009712219, 0.4519883394241333
0.540923535823822, 0.4590763747692108
0.6295573711395264, 0.370442658662796
0.8171390891075134, 0.18286089599132538
0.9964721202850342, 0.003527913009747863
