actor_1,actor_2
0.5189127922058105, 0.48108726739883423
0.5271819829940796, 0.4728180170059204
0.5299338102340698, 0.47006621956825256
0.5368569493293762, 0.4631430506706238
0.6019046306610107, 0.39809539914131165
0.7989869713783264, 0.20101307332515717
0.9378974437713623, 0.0621025376021862
0.9987014532089233, 0.0012984771747142076
