actor_1,actor_2
0.509736180305481, 0.49026378989219666
0.5135318636894226, 0.4864681363105774
0.5119189620018005, 0.48808109760284424
0.5027976632118225, 0.4972022771835327
0.4680049419403076, 0.5319950580596924
0.6244356036186218, 0.3755643665790558
0.8026913404464722, 0.19730858504772186
0.9524538516998291, 0.0475461445748806
0.9999502897262573, 4.9721838877303526e-05
