actor_1,actor_2
0.5419471263885498, 0.4580528438091278
0.5545871257781982, 0.44541293382644653
0.5629775524139404, 0.4370223581790924
0.5741612911224365, 0.42583876848220825
0.5596672296524048, 0.4403328001499176
0.7648988366127014, 0.23510119318962097
0.9394221901893616, 0.06057785451412201
0.9999872446060181, 1.2783219062839635e-05
