actor_1,actor_2
0.4845198690891266, 0.5154801607131958
0.4931924641132355, 0.5068075060844421
0.499411940574646, 0.500588059425354
0.501068115234375, 0.498931884765625
0.48024243116378784, 0.5197575092315674
0.4803372323513031, 0.5196627378463745
0.46052876114845276, 0.5394712686538696
0.38062626123428345, 0.6193737387657166
0.23519478738307953, 0.7648051977157593
0.006856445223093033, 0.9931435585021973
