actor_1,actor_2
0.5084434747695923, 0.49155646562576294
0.4907911419868469, 0.5092089176177979
0.5176106691360474, 0.482389360666275
0.501220703125, 0.498779296875
0.4664044976234436, 0.5335955023765564
0.5238377451896667, 0.4761621952056885
0.49926072359085083, 0.5007392168045044
0.5518254637718201, 0.4481745958328247
0.5342797636985779, 0.4657202661037445
0.5121443867683411, 0.48785561323165894
0.5863828063011169, 0.41361719369888306
0.7666856050491333, 0.2333144098520279
