actor_1,actor_2
0.503783106803894, 0.49621692299842834
0.4868663251399994, 0.5131336450576782
0.5130026936531067, 0.4869973361492157
0.49708521366119385, 0.5029147863388062
0.5235280394554138, 0.47647199034690857
0.5083556771278381, 0.4916442632675171
0.4805890619754791, 0.5194109082221985
0.5330225229263306, 0.46697744727134705
0.5124397277832031, 0.4875602722167969
0.4631614089012146, 0.5368385910987854
0.7057464122772217, 0.29425349831581116
0.7844449281692505, 0.21555501222610474
0.881511390209198, 0.11848855018615723
0.994453489780426, 0.005546557251363993
