actor_1,actor_2
0.49319154024124146, 0.5068085193634033
0.49631643295288086, 0.5036835670471191
0.5064827799797058, 0.4935172498226166
0.4835008382797241, 0.5164991617202759
0.4807204008102417, 0.5192795395851135
0.473989874124527, 0.5260100960731506
0.44895681738853455, 0.5510432124137878
0.34673306345939636, 0.653266966342926
0.24009869992733002, 0.7599012851715088
0.07876720279455185, 0.9212328195571899
0.00014856341294944286, 0.9998514652252197
