actor_1,actor_2
0.512464165687561, 0.48753589391708374
0.5213651657104492, 0.47863486409187317
0.5232269167900085, 0.47677314281463623
0.5256625413894653, 0.4743374288082123
0.5012956261634827, 0.49870431423187256
0.6697346568107605, 0.3302653729915619
0.8612129092216492, 0.1387871652841568
0.9976809024810791, 0.0023190316278487444
