actor_1,actor_2
0.5485224723815918, 0.4514775574207306
0.5573728680610657, 0.44262707233428955
0.5638079047203064, 0.4361920952796936
0.5694056153297424, 0.4305943548679352
0.6922233700752258, 0.3077766001224518
0.8618450164794922, 0.13815505802631378
0.9903256893157959, 0.009674281813204288
0.9999973773956299, 2.6776092454383615e-06
