actor_1,actor_2
0.4730488359928131, 0.5269511938095093
0.4675489068031311, 0.5324511528015137
0.47252917289733887, 0.5274708867073059
0.48383641242980957, 0.5161635875701904
0.4987403154373169, 0.5012596845626831
0.5475466251373291, 0.4524533152580261
0.5534319877624512, 0.44656795263290405
0.5553115010261536, 0.44468849897384644
0.5837700963020325, 0.4162299633026123
0.732853353023529, 0.26714667677879333
0.867438554763794, 0.13256143033504486
0.9365754127502441, 0.06342455744743347
0.9744429588317871, 0.02555711567401886
0.9890158772468567, 0.010984145104885101
0.995414137840271, 0.004585789516568184
0.9981246590614319, 0.001875281915999949
0.9997630715370178, 0.0002369253634242341
0.9999648332595825, 3.514077980071306e-05
0.9999938011169434, 6.252679213503143e-06
0.9999986886978149, 1.340121571047348e-06
0.9999996423721313, 3.4801186643562687e-07
0.9999998807907104, 1.1030549984525351e-07
