actor_1,actor_2
0.4859997630119324, 0.5140002965927124
0.4803556203842163, 0.5196443796157837
0.48535001277923584, 0.5146500468254089
0.49652284383773804, 0.5034770965576172
0.5117414593696594, 0.4882585406303406
0.5196467638015747, 0.4803531765937805
0.528045654296875, 0.4719544053077698
0.5343521237373352, 0.4656479060649872
0.5659018158912659, 0.4340982437133789
0.7503417730331421, 0.2496582567691803
0.8997606635093689, 0.10023938119411469
0.9670007824897766, 0.03299916535615921
0.988818347454071, 0.01118161529302597
0.9985150694847107, 0.001484919572249055
0.9998586177825928, 0.00014130998170003295
0.999983549118042, 1.639714537304826e-05
0.999997615814209, 2.3260818124981597e-06
0.9999996423721313, 4.0407059032077086e-07
