actor_1,actor_2
0.5135179758071899, 0.48648205399513245
0.5163284540176392, 0.48367148637771606
0.5135391354560852, 0.4864608645439148
0.5065964460372925, 0.4934035539627075
0.5601984858512878, 0.43980154395103455
0.7931309342384338, 0.20686902105808258
0.9330615997314453, 0.06693841516971588
0.9999710321426392, 2.892831435019616e-05
