actor_1,actor_2
0.4854576289653778, 0.514542281627655
0.48313260078430176, 0.516867458820343
0.4795333743095398, 0.520466685295105
0.47406014800071716, 0.5259398221969604
0.465937077999115, 0.5340629816055298
0.3606540560722351, 0.6393460035324097
0.17559096217155457, 0.8244090676307678
0.0007621929398737848, 0.9992377758026123
5.6305673012957413e-08, 1.0
