actor_1,actor_2
0.5289104580879211, 0.47108957171440125
0.5299686193466187, 0.47003141045570374
0.5181100368499756, 0.48188990354537964
0.5075029134750366, 0.4924970865249634
0.466198593378067, 0.5338014364242554
0.6009376645088196, 0.39906230568885803
0.769550621509552, 0.23044943809509277
0.9014553427696228, 0.0985446497797966
0.9989808201789856, 0.001019130926579237
