actor_1,actor_2
0.4983692169189453, 0.5016307830810547
0.49811914563179016, 0.5018808841705322
0.5037898421287537, 0.4962101876735687
0.5110573768615723, 0.4889426529407501
0.516129195690155, 0.4838707447052002
0.4546699523925781, 0.5453300476074219
0.5115675926208496, 0.4884324371814728
0.45695409178733826, 0.5430459380149841
0.5077646374702454, 0.4922354221343994
0.4603188633918762, 0.5396811366081238
0.5046497583389282, 0.4953502118587494
0.46488603949546814, 0.5351139307022095
0.5021700263023376, 0.49783000349998474
0.4708068370819092, 0.5291931629180908
0.5008737444877625, 0.4991263151168823
0.4782649874687195, 0.5217350125312805
0.505328357219696, 0.49467170238494873
0.48895135521888733, 0.5110485553741455
0.5110096335411072, 0.4889903664588928
0.5069692134857178, 0.4930308163166046
0.5537754893302917, 0.4462244510650635
0.7626053690910339, 0.23739460110664368
0.9498686194419861, 0.050131410360336304
0.9991652965545654, 0.0008346960530616343
