actor_1,actor_2
0.5032861232757568, 0.4967138469219208
0.43184950947761536, 0.568150520324707
0.503722608089447, 0.49627742171287537
0.43958231806755066, 0.560417652130127
0.5048949122428894, 0.4951050877571106
0.4617193043231964, 0.538280725479126
0.5087292194366455, 0.4912708103656769
0.490660160779953, 0.5093398094177246
0.5155041813850403, 0.4844958186149597
0.5240013599395752, 0.4759986400604248
0.6785097718238831, 0.32149025797843933
0.8665297627449036, 0.13347025215625763
0.9771564602851868, 0.022843502461910248
0.9999234676361084, 7.653134525753558e-05
0.9999998807907104, 7.085235864678907e-08
