actor_1,actor_2
0.5148710012435913, 0.4851290285587311
0.42947691679000854, 0.5705231428146362
0.514280378818512, 0.4857196509838104
0.43521690368652344, 0.5647831559181213
0.5143131017684937, 0.48568692803382874
0.4437868297100067, 0.5562132000923157
0.5185080766677856, 0.48149198293685913
0.4540635943412781, 0.5459363460540771
0.5243268013000488, 0.47567319869995117
0.4680396318435669, 0.5319603681564331
0.5313910245895386, 0.46860891580581665
0.4879288077354431, 0.5120712518692017
0.540031909942627, 0.4599681496620178
0.5112112760543823, 0.4887887239456177
0.721590518951416, 0.278409481048584
0.9057338237762451, 0.09426619857549667
0.9996088147163391, 0.0003911900566890836
0.9999994039535522, 5.665934850185295e-07
