actor_1,actor_2
0.5168032050132751, 0.48319682478904724
0.449588418006897, 0.550411581993103
0.5154706835746765, 0.4845293462276459
0.45609915256500244, 0.5439008474349976
0.5147643089294434, 0.4852357506752014
0.46405690908432007, 0.5359431505203247
0.5191978216171265, 0.48080211877822876
0.4736952483654022, 0.5263047218322754
0.5247751474380493, 0.47522494196891785
0.4869645833969116, 0.5130354762077332
0.5315948128700256, 0.4684051275253296
0.5067222118377686, 0.49327775835990906
0.6134084463119507, 0.38659152388572693
0.7756788730621338, 0.22432108223438263
0.9460718631744385, 0.053928133100271225
0.9997010827064514, 0.00029890506993979216
