actor_1,actor_2
0.5244719386100769, 0.4755280017852783
0.4704053997993469, 0.5295946002006531
0.5243569016456604, 0.475643128156662
0.4767780900001526, 0.5232218503952026
0.5248926877975464, 0.4751073718070984
0.48383617401123047, 0.5161638259887695
0.5261057019233704, 0.47389423847198486
0.4917646646499634, 0.5082353353500366
0.5312530398368835, 0.46874696016311646
0.5007669925689697, 0.4992330074310303
0.4512121379375458, 0.5487878322601318
0.5287203192710876, 0.47127974033355713
0.4866687059402466, 0.5133313536643982
0.5603054165840149, 0.4396945536136627
0.6250442862510681, 0.37495577335357666
0.8119404315948486, 0.18805956840515137
0.9872726798057556, 0.01272728480398655
