actor_1,actor_2
0.49192532896995544, 0.5080747008323669
0.48102983832359314, 0.5189701914787292
0.4737674593925476, 0.5262325406074524
0.45897191762924194, 0.5410280227661133
0.3458450138568878, 0.6541550159454346
0.2354891449213028, 0.7645108103752136
0.05356573686003685, 0.9464341998100281
0.000376172800315544, 0.9996237754821777
2.5283677373977298e-08, 1.0
