actor_1,actor_2
0.5051571726799011, 0.4948427975177765
0.4855581223964691, 0.5144418478012085
0.5076301097869873, 0.49236994981765747
0.49620798230171204, 0.5037919878959656
0.5134744048118591, 0.48652562499046326
0.5098251104354858, 0.4901748597621918
0.628614068031311, 0.37138593196868896
0.7534345984458923, 0.24656540155410767
0.8685019016265869, 0.13149811327457428
0.9903318881988525, 0.009668088518083096
0.999962568283081, 3.7395562685560435e-05
