actor_1,actor_2
0.5009346604347229, 0.4990653395652771
0.4677678942680359, 0.5322321057319641
0.5031452178955078, 0.4968547523021698
0.4783308207988739, 0.5216692090034485
0.5089722871780396, 0.4910278022289276
0.4919734001159668, 0.5080265998840332
0.5159482359886169, 0.48405179381370544
0.5099724531173706, 0.490027517080307
0.6237678527832031, 0.3762321174144745
0.7570151686668396, 0.24298475682735443
0.9849442839622498, 0.015055668540298939
0.9999146461486816, 8.540219278074801e-05
0.9999998807907104, 6.51022844522231e-08
