actor_1,actor_2
0.49118563532829285, 0.5088143348693848
0.48764702677726746, 0.5123529434204102
0.4844100773334503, 0.5155899524688721
0.479210764169693, 0.5207892060279846
0.442100465297699, 0.557899534702301
0.3353240489959717, 0.6646759510040283
0.23086002469062805, 0.7691399455070496
0.013238447718322277, 0.9867615699768066
5.16515513027116e-07, 0.9999995231628418
