actor_1,actor_2
0.5400899648666382, 0.4599100649356842
0.5331682562828064, 0.46683168411254883
0.5385728478431702, 0.4614272117614746
0.5396355986595154, 0.4603644609451294
0.527247965335846, 0.47275209426879883
0.5136425495147705, 0.4863574802875519
0.5298510789871216, 0.4701489210128784
0.6768133044242859, 0.3231867253780365
