actor_1,actor_2
0.4903533458709717, 0.5096466541290283
0.4938763678073883, 0.5061236619949341
0.49705827236175537, 0.5029417276382446
0.4989715814590454, 0.5010283589363098
0.49929487705230713, 0.5007051825523376
0.49770501255989075, 0.5022950172424316
0.43134722113609314, 0.5686527490615845
0.3345036208629608, 0.6654963493347168
0.23721085488796234, 0.7627891302108765
