actor_1,actor_2
0.5073134899139404, 0.4926864802837372
0.5155360698699951, 0.48446395993232727
0.48238426446914673, 0.517615795135498
0.5224403142929077, 0.4775596261024475
0.5040778517723083, 0.49592214822769165
0.6539998054504395, 0.34600016474723816
0.8473014235496521, 0.1526985764503479
0.9953612685203552, 0.004638785030692816
0.9999994039535522, 6.332173825285281e-07
