actor_1,actor_2
0.48699912428855896, 0.5130009055137634
0.48588019609451294, 0.5141198039054871
0.49635767936706543, 0.5036423206329346
0.5057329535484314, 0.4942670166492462
0.48771578073501587, 0.5122842192649841
0.4738460183143616, 0.5261539220809937
0.3753490746021271, 0.6246510148048401
0.2169143706560135, 0.7830857038497925
0.03503842279314995, 0.964961588382721
3.987794116255827e-05, 0.9999600648880005
