actor_1,actor_2
0.5002062320709229, 0.4997937083244324
0.4784007966518402, 0.5215991735458374
0.5014162063598633, 0.4985838234424591
0.4858987033367157, 0.5141013264656067
0.5048822164535522, 0.49511775374412537
0.49425795674324036, 0.5057420134544373
0.511549174785614, 0.48845088481903076
0.5056023001670837, 0.4943976402282715
0.6393847465515137, 0.36061522364616394
0.8039960861206055, 0.1960039585828781
0.9898818135261536, 0.010118158534169197
0.999996542930603, 3.467097258180729e-06
1.0, 6.63059884775663e-11
