actor_1,actor_2
0.482050359249115, 0.517949640750885
0.4688239097595215, 0.5311761498451233
0.46616339683532715, 0.5338365435600281
0.4640324115753174, 0.5359675884246826
0.45601192116737366, 0.5439881086349487
0.33915284276008606, 0.6608471870422363
0.11844945698976517, 0.8815504908561707
6.901368033140898e-05, 0.9999309778213501
7.733101381468543e-10, 1.0
