actor_1,actor_2
0.5202513933181763, 0.47974857687950134
0.5101890563964844, 0.4898109436035156
0.5106085538864136, 0.48939141631126404
0.6949588656425476, 0.3050411641597748
0.843284010887146, 0.15671604871749878
0.9794872403144836, 0.02051275037229061
0.9999829530715942, 1.7040016246028244e-05
1.0, 1.1740017291650418e-10
