actor_1,actor_2
0.49212726950645447, 0.5078727006912231
0.49441707134246826, 0.5055829286575317
0.5034981369972229, 0.4965019226074219
0.4972447156906128, 0.5027552843093872
0.4995061755180359, 0.5004938244819641
0.502104640007019, 0.49789533019065857
0.5016571283340454, 0.4983428418636322
0.5000845193862915, 0.4999154210090637
0.4608820378780365, 0.5391179919242859
0.4976568818092346, 0.5023430585861206
0.4761326313018799, 0.5238673686981201
0.4260750710964203, 0.5739248991012573
0.22107334434986115, 0.7789266109466553
0.0032145206350833178, 0.9967855215072632
2.234139856227557e-06, 0.9999977350234985
