actor_1,actor_2
0.49560075998306274, 0.5043992400169373
0.4969789981842041, 0.5030209422111511
0.510468602180481, 0.48953133821487427
0.5001758337020874, 0.4998241662979126
0.5002534985542297, 0.49974650144577026
0.43383753299713135, 0.5661625266075134
0.49966269731521606, 0.5003373622894287
0.5006589889526367, 0.49934107065200806
0.5009438991546631, 0.4990561008453369
0.43827173113822937, 0.561728298664093
0.5007438659667969, 0.4992561340332031
0.44531211256980896, 0.5546879768371582
0.5011651515960693, 0.49883484840393066
0.4531765878200531, 0.5468234419822693
0.5022448897361755, 0.49775514006614685
0.4643135368824005, 0.5356864929199219
0.504021942615509, 0.49597805738449097
0.4776788651943207, 0.5223212242126465
0.5114485025405884, 0.4885514974594116
0.49538731575012207, 0.5046126842498779
0.5974300503730774, 0.4025699496269226
0.627281129360199, 0.372718870639801
0.8397069573402405, 0.16029304265975952
0.9984298348426819, 0.00157016864977777
0.9999988079071045, 1.1528974255270441e-06
1.0, 8.146292668209654e-11
