actor_1,actor_2
0.49168860912323, 0.5083114504814148
0.4925648272037506, 0.507435142993927
0.5006114840507507, 0.49938857555389404
0.4969348609447479, 0.5030651092529297
0.4981417655944824, 0.5018582344055176
0.5003352761268616, 0.4996647834777832
0.5029286742210388, 0.4970712661743164
0.503923773765564, 0.49607622623443604
0.4909961521625519, 0.5090038776397705
0.5019428133964539, 0.49805712699890137
0.48673346638679504, 0.5132665038108826
0.49709421396255493, 0.5029058456420898
0.46585944294929504, 0.5341405272483826
0.4117819368839264, 0.5882180333137512
0.0682031437754631, 0.9317967891693115
0.0002454460191074759, 0.9997546076774597
1.1938635680053267e-07, 0.9999998807907104
