actor_1,actor_2
0.5145298838615417, 0.48547011613845825
0.4023182690143585, 0.5976817607879639
0.5212501287460327, 0.4787497818470001
0.41135257482528687, 0.5886473655700684
0.5273450016975403, 0.4726550281047821
0.42213359475135803, 0.5778663754463196
0.5348024964332581, 0.46519753336906433
0.43653160333633423, 0.563468337059021
0.5437824130058289, 0.45621755719184875
0.4528124928474426, 0.5471875071525574
0.6087497472763062, 0.39125022292137146
0.5210895538330078, 0.4789104461669922
0.7379139065742493, 0.26208609342575073
0.9744322896003723, 0.02556775137782097
0.9999719858169556, 2.805299482133705e-05
1.0, 3.9402703322366506e-09
