actor_1,actor_2
0.5288498401641846, 0.47115013003349304
0.412388414144516, 0.5876116156578064
0.5325023531913757, 0.46749764680862427
0.42156508564949036, 0.578434944152832
0.5386174917221069, 0.4613824188709259
0.43231260776519775, 0.5676873922348022
0.5460867285728455, 0.45391327142715454
0.4468408226966858, 0.553159236907959
0.555066704750061, 0.4449332356452942
0.4632238745689392, 0.5367761850357056
0.6073569059371948, 0.3926430940628052
0.5270371437072754, 0.47296279668807983
0.7436674237251282, 0.2563325762748718
0.9817734360694885, 0.018226563930511475
0.9999827146530151, 1.728300230752211e-05
1.0, 2.0901886887969567e-09
