actor_1,actor_2
0.49144047498703003, 0.5085594654083252
0.46553149819374084, 0.5344684720039368
0.45660170912742615, 0.5433983206748962
0.4454134404659271, 0.5545865297317505
0.42292842268943787, 0.5770716071128845
0.2859340310096741, 0.7140659093856812
0.12573878467082977, 0.874261200428009
0.00026185234310105443, 0.9997381567955017
2.0819881374478655e-09, 1.0
