actor_1,actor_2
0.5069746971130371, 0.4930253326892853
0.3902502655982971, 0.6097497940063477
0.5102206468582153, 0.48977938294410706
0.39610612392425537, 0.6038938760757446
0.5164211392402649, 0.4835788905620575
0.4052799940109253, 0.5947200059890747
0.5241574645042419, 0.47584253549575806
0.42238590121269226, 0.5776141285896301
0.5332860946655273, 0.4667139947414398
0.45611897110939026, 0.5438810586929321
0.655699610710144, 0.3443003296852112
0.7078338265419006, 0.29216617345809937
0.8764873743057251, 0.12351261079311371
0.9992434978485107, 0.000756476481910795
0.9999995231628418, 5.021929041504336e-07
1.0, 2.5688704635706827e-11
