actor_1,actor_2
0.5304524302482605, 0.4695475995540619
0.37971994280815125, 0.6202800869941711
0.5345350503921509, 0.4654650092124939
0.39052918553352356, 0.609470784664154
0.5399467945098877, 0.4600532352924347
0.4022311866283417, 0.5977687835693359
0.5468065738677979, 0.4531933665275574
0.4151179790496826, 0.5848820209503174
0.5552626848220825, 0.44473734498023987
0.429511159658432, 0.5704889297485352
0.5654916167259216, 0.43450838327407837
0.45300135016441345, 0.5469986200332642
0.5919721126556396, 0.40802785754203796
0.4961819350719452, 0.5038179755210876
0.7622190713882446, 0.23778098821640015
0.8081393837928772, 0.1918606162071228
0.9825733304023743, 0.017426662147045135
0.9999607801437378, 3.916813511750661e-05
1.0, 3.555523875320432e-09
