actor_1,actor_2
0.5270229578018188, 0.47297704219818115
0.37493956089019775, 0.6250604391098022
0.531347393989563, 0.4686526358127594
0.38615649938583374, 0.613843560218811
0.5370675325393677, 0.4629325270652771
0.3983161747455597, 0.6016837954521179
0.5443096160888672, 0.4556904137134552
0.4117242097854614, 0.5882757902145386
0.5532302260398865, 0.4467697739601135
0.4268130362033844, 0.573186993598938
0.5640153288841248, 0.43598461151123047
0.4519535303115845, 0.5480464696884155
0.6979514360427856, 0.30204856395721436
0.5874489545822144, 0.41255098581314087
0.7153452634811401, 0.2846547067165375
0.8761584162712097, 0.12384161353111267
0.9984827637672424, 0.0015172238927334547
0.9999996423721313, 3.383323985417519e-07
