actor_1,actor_2
0.524154007434845, 0.4758460223674774
0.3605455458164215, 0.6394544839859009
0.5295189023017883, 0.47048109769821167
0.3726063072681427, 0.6273936629295349
0.5361724495887756, 0.46382755041122437
0.3855731785297394, 0.6144269108772278
0.5442605018615723, 0.4557395279407501
0.3997716009616852, 0.6002284288406372
0.5761138200759888, 0.423886239528656
0.4796477258205414, 0.520352303981781
0.7140994071960449, 0.2859005928039551
0.758167564868927, 0.24183239042758942
0.9889912605285645, 0.011008699424564838
0.9999707937240601, 2.920420047303196e-05
1.0, 4.093390071346903e-09
1.0, 2.0534064086672604e-14
