actor_1,actor_2
0.5249414443969727, 0.47505855560302734
0.3993392884731293, 0.6006606221199036
0.5304804444313049, 0.46951961517333984
0.4126770794391632, 0.5873229503631592
0.5374540686607361, 0.4625459611415863
0.42715826630592346, 0.5728417634963989
0.5460118055343628, 0.45398813486099243
0.4431348145008087, 0.5568651556968689
0.5563324689865112, 0.44366753101348877
0.46478110551834106, 0.5352188944816589
0.6006636619567871, 0.3993363082408905
0.51371169090271, 0.48628827929496765
0.6857340335845947, 0.3142659664154053
0.9479095339775085, 0.05209044739603996
0.9999481439590454, 5.189185685594566e-05
1.0, 3.109777768628419e-09
