actor_1,actor_2
0.5126262307167053, 0.4873737692832947
0.3438540995121002, 0.6561459302902222
0.5199664235115051, 0.48003360629081726
0.3584420680999756, 0.6415579915046692
0.5306647419929504, 0.46933531761169434
0.3772197365760803, 0.6227802038192749
0.5434206128120422, 0.4565793573856354
0.4004342257976532, 0.5995658040046692
0.5582512617111206, 0.441748708486557
0.4499271512031555, 0.5500728487968445
0.5750969648361206, 0.4249030649662018
0.5153351426124573, 0.4846648871898651
0.7221255898475647, 0.2778743803501129
0.9569677710533142, 0.043032243847846985
0.9999908208847046, 9.169059921987355e-06
1.0, 3.7066811425789936e-11
