actor_1,actor_2
0.5379922389984131, 0.4620077610015869
0.4438827633857727, 0.5561172962188721
0.543876051902771, 0.4561239182949066
0.45595914125442505, 0.5440409183502197
0.5530319213867188, 0.44696807861328125
0.4701007008552551, 0.5298992991447449
0.563703715801239, 0.436296284198761
0.48767656087875366, 0.5123234391212463
0.5760979652404785, 0.4239020347595215
0.5070168972015381, 0.4929831326007843
0.529988706111908, 0.4700113534927368
0.6865668892860413, 0.31343314051628113
0.8786026239395142, 0.12139737606048584
0.9995313882827759, 0.00046865097829140723
0.9999997615814209, 2.136348484782502e-07
