actor_1,actor_2
0.5100855827331543, 0.4899143874645233
0.3750856816768646, 0.6249143481254578
0.5178772211074829, 0.4821227490901947
0.38659656047821045, 0.6134034395217896
0.5271092057228088, 0.4728907346725464
0.3992392420768738, 0.6007607579231262
0.5379759073257446, 0.46202412247657776
0.4154605567455292, 0.5845394134521484
0.5506983399391174, 0.44930166006088257
0.43348193168640137, 0.5665180683135986
0.5655221939086914, 0.4344777464866638
0.47024863958358765, 0.5297514200210571
0.7083587646484375, 0.2916412651538849
0.7737352848052979, 0.22626473009586334
0.9497837424278259, 0.05021626502275467
0.9999247789382935, 7.524684770032763e-05
1.0, 8.315088173560525e-09
1.0, 4.377422225696967e-14
