actor_1,actor_2
0.44862860441207886, 0.5513713955879211
0.4515233635902405, 0.5484766364097595
0.46246880292892456, 0.5375311970710754
0.4642162024974823, 0.5357838273048401
0.45890215039253235, 0.5410978198051453
0.5087204575538635, 0.49127957224845886
0.32141217589378357, 0.6785878539085388
0.20446671545505524, 0.795533299446106
0.0011254100827500224, 0.9988746047019958
1.2585990916136325e-08, 1.0
