actor_1,actor_2
0.512307345867157, 0.487692654132843
0.4107261300086975, 0.5892738699913025
0.5202669501304626, 0.47973310947418213
0.4255427420139313, 0.5744572877883911
0.5296396017074585, 0.4703603684902191
0.4416547119617462, 0.5583453178405762
0.5406221747398376, 0.45937785506248474
0.4593571722507477, 0.5406428575515747
0.5534371137619019, 0.44656288623809814
0.4790590703487396, 0.520940899848938
0.5683303475379944, 0.4316696524620056
0.5011920928955078, 0.4988079071044922
0.3890882730484009, 0.6109117269515991
0.6416719555854797, 0.35832804441452026
0.5980551838874817, 0.40194475650787354
0.7523566484451294, 0.247643381357193
0.9337427020072937, 0.06625733524560928
0.9998667240142822, 0.00013330124784260988
