actor_1,actor_2
0.5330408215522766, 0.466959148645401
0.40127578377723694, 0.5987242460250854
0.540452241897583, 0.4595477283000946
0.41511550545692444, 0.5848844647407532
0.5494019985198975, 0.4505980312824249
0.4301989674568176, 0.5698010325431824
0.5600723028182983, 0.43992772698402405
0.4468945860862732, 0.5531054139137268
0.571949303150177, 0.4280506670475006
0.4715864658355713, 0.5284135341644287
0.6257457137107849, 0.3742542862892151
0.7143500447273254, 0.28565001487731934
0.9978759288787842, 0.0021241263020783663
0.9999955892562866, 4.3700047172023915e-06
1.0, 3.770360468280387e-09
1.0, 4.7794152533212064e-14
