actor_1,actor_2
0.5083792805671692, 0.4916206896305084
0.3523913621902466, 0.6476086378097534
0.5157690644264221, 0.48423096537590027
0.3652240037918091, 0.6347759962081909
0.5245747566223145, 0.47542524337768555
0.37912335991859436, 0.6208766102790833
0.5349830985069275, 0.46501684188842773
0.3944448232650757, 0.6055551767349243
0.5472086071968079, 0.45279139280319214
0.41371461749076843, 0.586285412311554
0.5610399842262268, 0.4389599859714508
0.44556882977485657, 0.5544312000274658
0.5773427486419678, 0.42265722155570984
0.5070981383323669, 0.49290186166763306
0.7507098913192749, 0.2492900788784027
0.9349751472473145, 0.06502493470907211
0.9998598098754883, 0.00014014456246513873
1.0, 1.458530185516338e-09
