actor_1,actor_2
0.43677228689193726, 0.5632277131080627
0.44878384470939636, 0.5512161254882812
0.4617644250392914, 0.5382355451583862
0.46579036116600037, 0.534209668636322
0.461175799369812, 0.5388242602348328
0.447493314743042, 0.5525067448616028
0.284568190574646, 0.715431809425354
0.13045907020568848, 0.8695409893989563
0.002245094859972596, 0.9977548718452454
