actor_1,actor_2
0.4607374668121338, 0.539262592792511
0.4752977192401886, 0.524702250957489
0.490469753742218, 0.509530246257782
0.49619677662849426, 0.5038031935691833
0.4925227761268616, 0.5074771642684937
0.47652050852775574, 0.5234794616699219
0.27985942363739014, 0.7201405763626099
0.09589807689189911, 0.9041018486022949
7.317671406781301e-05, 0.9999268054962158
