actor_1,actor_2
0.5645809173583984, 0.4354190528392792
0.41638049483299255, 0.5836195945739746
0.5726129412651062, 0.4273870289325714
0.4309731423854828, 0.5690268278121948
0.5819969773292542, 0.41800305247306824
0.44667014479637146, 0.5533298850059509
0.5929095149040222, 0.40709051489830017
0.46383601427078247, 0.5361639857292175
0.6055453419685364, 0.3944546580314636
0.4890748858451843, 0.5109250545501709
0.6198076605796814, 0.380192369222641
0.5287333726882935, 0.47126662731170654
0.7248669266700745, 0.27513304352760315
0.8647388219833374, 0.1352611631155014
0.9833887815475464, 0.016611238941550255
0.9999998807907104, 9.13037325744881e-08
