actor_1,actor_2
0.5122944116592407, 0.4877055287361145
0.35028570890426636, 0.6497142910957336
0.5194438695907593, 0.4805561602115631
0.36228832602500916, 0.6377116441726685
0.5278775095939636, 0.47212255001068115
0.3750711977481842, 0.6249287724494934
0.5377725958824158, 0.46222737431526184
0.3889565169811249, 0.6110435128211975
0.5493319630622864, 0.45066797733306885
0.4042982757091522, 0.5957016944885254
0.5627830028533936, 0.43721702694892883
0.4312613308429718, 0.5687386989593506
0.5802233219146729, 0.41977670788764954
0.557969868183136, 0.4420301616191864
0.8159869909286499, 0.1840129941701889
0.9920812845230103, 0.007918731309473515
0.9999998807907104, 1.406500445000347e-07
1.0, 2.208171660930333e-13
