actor_1,actor_2
0.5186171531677246, 0.4813827872276306
0.37320077419281006, 0.6267992258071899
0.524882972240448, 0.475117027759552
0.38469892740249634, 0.6153011322021484
0.5324018597602844, 0.46759817004203796
0.3969751000404358, 0.6030248999595642
0.5413339734077454, 0.458666056394577
0.41033944487571716, 0.5896605849266052
0.5518654584884644, 0.44813448190689087
0.4251300096511841, 0.5748699307441711
0.5642074346542358, 0.4357925355434418
0.4532487988471985, 0.5467511415481567
0.5800641179084778, 0.41993585228919983
0.5533451437950134, 0.44665494561195374
0.814254105091095, 0.18574588000774384
0.9963412880897522, 0.003658643225207925
0.9999997615814209, 2.0874252015801176e-07
1.0, 4.065843798792268e-13
