actor_1,actor_2
0.4766690731048584, 0.5233308672904968
0.4934883415699005, 0.5065115690231323
0.5061036944389343, 0.4938963055610657
0.47478020191192627, 0.5252197980880737
0.47923943400382996, 0.5207605361938477
0.4824400246143341, 0.5175600051879883
0.4665799140930176, 0.5334200263023376
0.2705357074737549, 0.7294643521308899
0.11657474935054779, 0.8834252953529358
0.00048693607095628977, 0.9995130300521851
5.380120654541187e-11, 1.0
