actor_1,actor_2
0.48063239455223083, 0.5193675756454468
0.5110260248184204, 0.4889739453792572
0.47926512360572815, 0.5207348465919495
0.5027698278427124, 0.4972301423549652
0.4777774512767792, 0.5222225189208984
0.4976446032524109, 0.5023553967475891
0.5115622282028198, 0.4884377121925354
0.49090155959129333, 0.5090984106063843
0.498735636472702, 0.5012643933296204
0.50226891040802, 0.49773108959198
0.46817734837532043, 0.5318226218223572
0.3309023082256317, 0.6690976619720459
0.14609047770500183, 0.8539094924926758
0.0009602132486179471, 0.9990397095680237
6.692508325301105e-09, 1.0
1.8257966702238263e-15, 1.0
