actor_1,actor_2
0.5019654035568237, 0.49803459644317627
0.3683356046676636, 0.6316643953323364
0.5084269642829895, 0.4915730059146881
0.379999577999115, 0.620000422000885
0.5160637497901917, 0.48393625020980835
0.39255377650260925, 0.6074462532997131
0.5250398516654968, 0.4749601483345032
0.4063156247138977, 0.5936843752861023
0.5370192527770996, 0.462980717420578
0.4216339588165283, 0.5783660411834717
0.5513256788253784, 0.44867435097694397
0.44766658544540405, 0.552333414554596
0.5678543448448181, 0.4321455955505371
0.4826500713825226, 0.517349898815155
0.7034807801246643, 0.2965192198753357
0.7462709546089172, 0.25372907519340515
0.9321027398109436, 0.06789718568325043
0.999602735042572, 0.00039734208257868886
0.9999996423721313, 3.092086444667075e-07
