actor_1,actor_2
0.5438205003738403, 0.45617949962615967
0.42906320095062256, 0.5709367990493774
0.5501001477241516, 0.4498998522758484
0.44119057059288025, 0.5588094592094421
0.5576065182685852, 0.4423934519290924
0.4542718231678009, 0.5457282066345215
0.566490888595581, 0.4335092008113861
0.4702184498310089, 0.5297815799713135
0.5769268870353699, 0.4230731129646301
0.49669063091278076, 0.503309428691864
0.5891104936599731, 0.41088953614234924
0.5477027893066406, 0.45229727029800415
0.7401947379112244, 0.25980526208877563
0.8703691363334656, 0.12963086366653442
0.9789499044418335, 0.02105015330016613
0.9999687671661377, 3.126464071101509e-05
