actor_1,actor_2
0.5404257774353027, 0.4595741927623749
0.4317539632320404, 0.5682460069656372
0.5470731258392334, 0.4529269337654114
0.4442440867424011, 0.5557559132575989
0.5549842715263367, 0.44501572847366333
0.4577287435531616, 0.5422712564468384
0.564317524433136, 0.4356825053691864
0.4725276529788971, 0.5274722576141357
0.5752542614936829, 0.42474573850631714
0.49327197670936584, 0.5067280530929565
0.5879972577095032, 0.41200265288352966
0.5245868563652039, 0.475413054227829
0.6896519660949707, 0.3103480041027069
0.8435116410255432, 0.156488299369812
0.9912062287330627, 0.008793827146291733
0.9999986886978149, 1.3578815014625434e-06
