actor_1,actor_2
0.5401220917701721, 0.4598779082298279
0.4289085268974304, 0.5710914134979248
0.5467901229858398, 0.45320990681648254
0.4413774311542511, 0.5586225986480713
0.554729700088501, 0.445270299911499
0.4548428952693939, 0.5451571345329285
0.5640993714332581, 0.43590056896209717
0.4696250259876251, 0.5303750038146973
0.5750811100006104, 0.4249189496040344
0.4914255440235138, 0.5085744261741638
0.5878781676292419, 0.4121217429637909
0.5227653980255127, 0.4772346019744873
0.6979141235351562, 0.30208590626716614
0.8533970713615417, 0.14660298824310303
0.9942933320999146, 0.005706719122827053
0.9999995231628418, 5.246339469522354e-07
