actor_1,actor_2
0.5063081383705139, 0.4936918616294861
0.37132182717323303, 0.6286782026290894
0.5125603675842285, 0.4874396324157715
0.3825494349002838, 0.6174505352973938
0.520045816898346, 0.47995421290397644
0.3946688771247864, 0.6053311228752136
0.5289241671562195, 0.4710758924484253
0.40798816084861755, 0.5920117497444153
0.539381742477417, 0.4606182277202606
0.42555707693099976, 0.5744429230690002
0.5516313314437866, 0.4483686685562134
0.4660235047340393, 0.5339764952659607
0.5788136720657349, 0.421186238527298
0.5526193380355835, 0.4473806917667389
0.7610335946083069, 0.23896634578704834
0.9883762001991272, 0.011623714119195938
0.9999899864196777, 9.993772437155712e-06
1.0, 1.773606955746132e-11
