actor_1,actor_2
0.5061543583869934, 0.4938455820083618
0.3548426926136017, 0.6451572179794312
0.511715829372406, 0.4882841408252716
0.3626568019390106, 0.6373432278633118
0.518576443195343, 0.4814234972000122
0.37312182784080505, 0.6268782019615173
0.5268856287002563, 0.47311440110206604
0.3866075873374939, 0.6133924722671509
0.5368212461471558, 0.463178813457489
0.41622257232666016, 0.5837774872779846
0.5485899448394775, 0.45141008496284485
0.477912038564682, 0.5220879316329956
0.6524034738540649, 0.34759652614593506
0.8358402252197266, 0.16415973007678986
0.99953293800354, 0.0004670398775488138
0.9999998807907104, 7.587529893271494e-08
1.0, 1.4355178287392412e-13
1.0, 2.7675441792623023e-21
