actor_1,actor_2
0.5386625528335571, 0.4613374173641205
0.3866647779941559, 0.6133352518081665
0.5441901683807373, 0.4558098018169403
0.39705511927604675, 0.6029448509216309
0.5509640574455261, 0.4490359425544739
0.4082169532775879, 0.5917831063270569
0.5591251850128174, 0.44087475538253784
0.4204346239566803, 0.5795654058456421
0.5691878199577332, 0.43081215023994446
0.43401914834976196, 0.565980851650238
0.5822405219078064, 0.41775941848754883
0.460197389125824, 0.539802610874176
0.647188127040863, 0.3528118133544922
0.6973379254341125, 0.30266204476356506
0.9141480326652527, 0.08585198223590851
0.9989012479782104, 0.0010987535351887345
1.0, 2.8742165980588652e-08
1.0, 1.7976480713206714e-15
