actor_1,actor_2
0.5065910816192627, 0.4934088885784149
0.3279573321342468, 0.6720426678657532
0.510457456111908, 0.48954254388809204
0.3355162739753723, 0.6644836664199829
0.5155946612358093, 0.4844053387641907
0.3435865044593811, 0.6564134955406189
0.5221208930015564, 0.4778790771961212
0.3523896038532257, 0.6476103663444519
0.530184268951416, 0.4698157012462616
0.36603036522865295, 0.6339696645736694
0.5399633646011353, 0.4600366950035095
0.4045678377151489, 0.5954321622848511
0.5513431429862976, 0.44865676760673523
0.46005046367645264, 0.5399494767189026
0.5963142514228821, 0.4036858081817627
0.6229120492935181, 0.37708792090415955
0.8413625955581665, 0.1586374193429947
0.9982525706291199, 0.0017473689513280988
1.0, 5.3795130128264645e-08
