actor_1,actor_2
0.5320129990577698, 0.46798694133758545
0.37182149291038513, 0.6281785368919373
0.5362923741340637, 0.46370765566825867
0.3804265558719635, 0.6195734143257141
0.541874885559082, 0.45812514424324036
0.3896288573741913, 0.6103711724281311
0.5488829016685486, 0.45111706852912903
0.399675577878952, 0.6003243923187256
0.5574674010276794, 0.44253259897232056
0.4131878614425659, 0.5868121385574341
0.5677239298820496, 0.4322760999202728
0.4380304217338562, 0.561969518661499
0.5795555114746094, 0.42044442892074585
0.4678235948085785, 0.5321763753890991
0.593519389629364, 0.40648069977760315
0.5919424891471863, 0.40805742144584656
0.83334881067276, 0.16665123403072357
0.9953404664993286, 0.004659482277929783
0.9999998807907104, 1.6913453748657048e-07
