actor_1,actor_2
0.4942956566810608, 0.505704402923584
0.4836384952068329, 0.5163614749908447
0.4842419922351837, 0.5157579779624939
0.47701260447502136, 0.5229873061180115
0.4656817615032196, 0.5343182682991028
0.32924437522888184, 0.6707556247711182
0.10054315626621246, 0.8994568586349487
2.2002386685926467e-05, 0.9999779462814331
1.080136089078032e-12, 1.0
