actor_1,actor_2
0.508296549320221, 0.49170342087745667
0.33810514211654663, 0.6618948578834534
0.5128404498100281, 0.4871596097946167
0.34627577662467957, 0.6537241339683533
0.5187146663665771, 0.48128536343574524
0.35498717427253723, 0.6450127959251404
0.5260547995567322, 0.4739452302455902
0.36448219418525696, 0.6355177760124207
0.5358975529670715, 0.46410244703292847
0.3750283718109131, 0.6249716281890869
0.5479064583778381, 0.45209357142448425
0.3893205225467682, 0.6106795072555542
0.561125636100769, 0.43887439370155334
0.41899755597114563, 0.5810024738311768
0.5757747292518616, 0.42422524094581604
0.5136387348175049, 0.4863612949848175
0.8007699251174927, 0.1992301046848297
0.9919801950454712, 0.008019777946174145
1.0, 2.0215493723441114e-09
