actor_1,actor_2
0.4946988523006439, 0.5053011178970337
0.5067209005355835, 0.4932791590690613
0.49675995111465454, 0.5032400488853455
0.49994900822639465, 0.5000510215759277
0.5129142999649048, 0.4870857000350952
0.4853782057762146, 0.5146217346191406
0.49310168623924255, 0.5068983435630798
0.5042739510536194, 0.4957261085510254
0.48422032594680786, 0.5157796144485474
0.48224276304244995, 0.5177572965621948
0.48899519443511963, 0.5110048055648804
0.4917685389518738, 0.5082314610481262
0.4486478269100189, 0.5513521432876587
0.278722882270813, 0.721277117729187
