actor_1,actor_2
0.5099894404411316, 0.4900105595588684
0.3770752549171448, 0.6229247450828552
0.5145410895347595, 0.4854588806629181
0.3859723210334778, 0.6140276789665222
0.5206300616264343, 0.47936999797821045
0.3957962989807129, 0.6042037010192871
0.5283176302909851, 0.4716823697090149
0.40682467818260193, 0.5931752920150757
0.5374773144721985, 0.4625227749347687
0.43812328577041626, 0.5618767738342285
0.548656165599823, 0.4513438642024994
0.4947855770587921, 0.5052143931388855
0.5934372544288635, 0.40656280517578125
0.598812460899353, 0.40118756890296936
0.8277563452720642, 0.1722436249256134
0.9990285634994507, 0.0009714303305372596
0.9999998807907104, 8.14725211739642e-08
1.0, 6.8237825498918426e-15
