actor_1,actor_2
0.46926388144493103, 0.5307360887527466
0.47455501556396484, 0.5254450440406799
0.47994282841682434, 0.520057201385498
0.4841357171535492, 0.5158643126487732
0.4490063190460205, 0.5509936809539795
0.33518683910369873, 0.6648131012916565
0.05709357559680939, 0.9429064989089966
0.008092815056443214, 0.9919072389602661
0.002151947235688567, 0.9978480339050293
