actor_1,actor_2
0.5508030652999878, 0.449196994304657
0.38462334871292114, 0.6153766512870789
0.5570937395095825, 0.44290632009506226
0.3956012427806854, 0.604398787021637
0.5647214651107788, 0.43527844548225403
0.40758973360061646, 0.5924102067947388
0.5741500854492188, 0.42584988474845886
0.4209114611148834, 0.5790886282920837
0.5855644941329956, 0.414435476064682
0.43603602051734924, 0.5639638900756836
0.5991735458374023, 0.40082645416259766
0.4671076536178589, 0.5328923463821411
0.620402991771698, 0.3795969784259796
0.5748276710510254, 0.4251723289489746
0.8224139213562012, 0.1775861233472824
0.9568103551864624, 0.043189700692892075
0.9999728202819824, 2.720882730500307e-05
1.0, 2.600758323978436e-11
