actor_1,actor_2
0.5559788942337036, 0.4440211057662964
0.41054046154022217, 0.5894595980644226
0.5616674423217773, 0.43833258748054504
0.42137134075164795, 0.578628659248352
0.5688123106956482, 0.4311876893043518
0.4332021176815033, 0.5667978525161743
0.5776958465576172, 0.42230409383773804
0.44634583592414856, 0.553654134273529
0.5884937047958374, 0.4115062952041626
0.4611441493034363, 0.5388559103012085
0.601405918598175, 0.39859411120414734
0.4888950288295746, 0.511104941368103
0.6166489720344543, 0.38335102796554565
0.5251572132110596, 0.4748428165912628
0.7153221368789673, 0.2846778631210327
0.9105258584022522, 0.08947420865297318
0.9996352195739746, 0.0003648185229394585
1.0, 1.663191251388696e-10
