actor_1,actor_2
0.5590248107910156, 0.44097521901130676
0.3737376034259796, 0.626262366771698
0.5648499727249146, 0.4351501166820526
0.383832186460495, 0.6161678433418274
0.5719032287597656, 0.4280967712402344
0.39479705691337585, 0.6052029728889465
0.580670177936554, 0.41932976245880127
0.4069320261478424, 0.5930679440498352
0.5913236141204834, 0.4086763262748718
0.42056816816329956, 0.5794318318367004
0.6040603518486023, 0.3959396779537201
0.45980581641197205, 0.5401942133903503
0.6190935969352722, 0.3809064030647278
0.5267288088798523, 0.4732711911201477
0.7229976654052734, 0.27700233459472656
0.8740313649177551, 0.12596860527992249
0.9867483377456665, 0.01325164083391428
1.0, 9.270279655027025e-09
