actor_1,actor_2
0.5374417304992676, 0.46255823969841003
0.35472995042800903, 0.645270049571991
0.5436861515045166, 0.45631375908851624
0.3631400167942047, 0.6368600130081177
0.5510879755020142, 0.44891199469566345
0.3744645118713379, 0.6255355477333069
0.5602470636367798, 0.439752995967865
0.3891286253929138, 0.6108713746070862
0.5713507533073425, 0.4286492168903351
0.41372376680374146, 0.5862762331962585
0.584613025188446, 0.41538700461387634
0.46842530369758606, 0.5315746665000916
0.6388474106788635, 0.3611525893211365
0.6948563456535339, 0.30514365434646606
0.8968873620033264, 0.10311266034841537
0.997848629951477, 0.002151364693418145
0.9999998807907104, 7.712765892620155e-08
1.0, 6.591068717963196e-15
