actor_1,actor_2
0.5343294739723206, 0.4656705856323242
0.37530291080474854, 0.6246970295906067
0.5396718382835388, 0.46032822132110596
0.38535746932029724, 0.6146425008773804
0.5466016530990601, 0.45339831709861755
0.39632874727249146, 0.6036712527275085
0.5552700757980347, 0.4447299838066101
0.40852028131484985, 0.5914797186851501
0.5658591985702515, 0.4341408312320709
0.4272756576538086, 0.5727244019508362
0.5785796642303467, 0.4214203655719757
0.4569898843765259, 0.5430101156234741
0.6162627339363098, 0.3837372064590454
0.6303879618644714, 0.3696119785308838
0.8559186458587646, 0.14408132433891296
0.9957291483879089, 0.0042708455584943295
0.9999986886978149, 1.30675516629708e-06
1.0, 1.921506709171364e-13
