actor_1,actor_2
0.42939892411231995, 0.5706010460853577
0.42726930975914, 0.5727306008338928
0.43793484568595886, 0.5620651841163635
0.44524243474006653, 0.5547574758529663
0.444793701171875, 0.5552062392234802
0.43647754192352295, 0.563522458076477
0.4202525317668915, 0.5797474980354309
0.29740411043167114, 0.7025958299636841
0.07987441122531891, 0.9201255440711975
