actor_1,actor_2
0.4974508583545685, 0.5025491118431091
0.503886878490448, 0.4961130917072296
0.5000805258750916, 0.49991947412490845
0.3300304710865021, 0.6699694991111755
0.505035400390625, 0.4949645400047302
0.3394396901130676, 0.6605603098869324
0.5113755464553833, 0.4886244535446167
0.349601686000824, 0.6503982543945312
0.5192577838897705, 0.48074227571487427
0.36080867052078247, 0.6391913294792175
0.5290767550468445, 0.4709233045578003
0.37561580538749695, 0.6243842244148254
0.5410485863685608, 0.4589514136314392
0.40244853496551514, 0.5975514650344849
0.5554219484329224, 0.44457799196243286
0.4754439890384674, 0.5245559811592102
0.7194112539291382, 0.2805887460708618
0.8332551717758179, 0.1667448729276657
0.9869832992553711, 0.013016659766435623
0.9999886751174927, 1.1289475878584199e-05
1.0, 1.026947693549829e-10
