actor_1,actor_2
0.5174305438995361, 0.4825693964958191
0.35761216282844543, 0.642387866973877
0.5233242511749268, 0.476675808429718
0.36745285987854004, 0.6325471997261047
0.5304967164993286, 0.4695032835006714
0.3782491385936737, 0.6217508912086487
0.5394991040229797, 0.46050092577934265
0.3903068006038666, 0.6096932291984558
0.5505257844924927, 0.44947418570518494
0.40590932965278625, 0.5940907001495361
0.5638028979301453, 0.43619707226753235
0.4350677728652954, 0.5649321675300598
0.6413705945014954, 0.358629435300827
0.6928941011428833, 0.3071058690547943
0.9214948415756226, 0.07850511372089386
0.9999186992645264, 8.131536742439494e-05
1.0, 3.786778002279334e-09
1.0, 2.3638100813422477e-16
