actor_1,actor_2
0.5129023790359497, 0.4870976507663727
0.4316808581352234, 0.5683190822601318
0.5184646844863892, 0.48153531551361084
0.4429721236228943, 0.5570278763771057
0.5258580446243286, 0.47414204478263855
0.45562875270843506, 0.5443712472915649
0.5352494120597839, 0.4647505581378937
0.4699837863445282, 0.5300161242485046
0.5468428730964661, 0.45315712690353394
0.49536243081092834, 0.5046375393867493
0.6100273728370667, 0.38997262716293335
0.549584686756134, 0.4504152834415436
0.7421835064888, 0.25781649351119995
0.9460015296936035, 0.05399852618575096
0.9999181032180786, 8.187425555661321e-05
1.0, 1.1482867989798251e-08
