actor_1,actor_2
0.5304731726646423, 0.4695267975330353
0.36621078848838806, 0.6337891817092896
0.5359469056129456, 0.46405303478240967
0.3762742578983307, 0.6237257719039917
0.5430112481117249, 0.45698875188827515
0.387383371591568, 0.6126166582107544
0.5519285798072815, 0.4480714499950409
0.3998517692089081, 0.6001482605934143
0.5628871917724609, 0.43711283802986145
0.4164181649684906, 0.583581805229187
0.6252546906471252, 0.37474530935287476
0.5004151463508606, 0.4995849132537842
0.7049738764762878, 0.29502612352371216
0.8744529485702515, 0.12554699182510376
0.9971936941146851, 0.0028062325436621904
1.0, 2.667851362048168e-08
