actor_1,actor_2
0.45541414618492126, 0.5445858836174011
0.4485113322734833, 0.5514886379241943
0.4659438133239746, 0.5340561866760254
0.4743129312992096, 0.5256870985031128
0.47345632314682007, 0.5265436768531799
0.4632473289966583, 0.5367527008056641
0.4436083436012268, 0.5563916563987732
0.283441960811615, 0.716558039188385
0.016701005399227142, 0.9832989573478699
