actor_1,actor_2
0.4829791486263275, 0.5170208215713501
0.4797166585922241, 0.5202833414077759
0.4787299633026123, 0.5212700366973877
0.47943368554115295, 0.5205662846565247
0.48188865184783936, 0.5181113481521606
0.49975699186325073, 0.5002429485321045
0.5271555185317993, 0.4728444814682007
0.5357246398925781, 0.4642753601074219
0.5433135628700256, 0.45668649673461914
0.5587414503097534, 0.4412584900856018
0.7465813755989075, 0.25341859459877014
0.918778657913208, 0.08122135698795319
0.9903112649917603, 0.00968869123607874
0.999030590057373, 0.0009694351465441287
0.9998862743377686, 0.00011373736924724653
0.9999788999557495, 2.1058551283203997e-05
0.9999943971633911, 5.585504368355032e-06
0.9999980926513672, 1.9626850189524703e-06
0.9999992847442627, 7.371042443082843e-07
0.9999997615814209, 2.2695920165460848e-07
1.0, 1.401227578412545e-08
1.0, 1.148417583252126e-09
1.0, 1.4352817545582042e-10
1.0, 2.4473232468347206e-11
1.0, 5.7248776032248205e-12
1.0, 1.8426764020890163e-12
