actor_1,actor_2
0.47623518109321594, 0.5237647294998169
0.4954253137111664, 0.5045746564865112
0.5264319777488708, 0.47356799244880676
0.47568365931510925, 0.5243163704872131
0.5002230405807495, 0.49977701902389526
0.4736674129962921, 0.5263325572013855
0.4740684926509857, 0.5259315371513367
0.4957841634750366, 0.5042158365249634
0.5080248713493347, 0.4919751286506653
0.4563881456851959, 0.5436118841171265
0.3784516155719757, 0.6215484738349915
0.2628817856311798, 0.737118124961853
0.04743542522192001, 0.952564537525177
