actor_1,actor_2
0.5123667120933533, 0.4876333177089691
0.3544543385505676, 0.6455456614494324
0.5171810388565063, 0.48281896114349365
0.3630792498588562, 0.6369207501411438
0.5234923958778381, 0.4765075147151947
0.37253716588020325, 0.6274628043174744
0.5314497947692871, 0.4685502052307129
0.3831053674221039, 0.6168946623802185
0.541235089302063, 0.4587648808956146
0.39509347081184387, 0.6049065589904785
0.5533307790756226, 0.44666922092437744
0.4203680455684662, 0.5796319842338562
0.5689911246299744, 0.43100881576538086
0.47103816270828247, 0.5289618372917175
0.6606738567352295, 0.3393261730670929
0.7487648725509644, 0.25123515725135803
0.9132499098777771, 0.08675000071525574
0.9990146160125732, 0.0009853095980361104
1.0, 5.8189929319496514e-08
