actor_1,actor_2
0.439515620470047, 0.5604843497276306
0.4462737441062927, 0.5537262558937073
0.46537938714027405, 0.5346205830574036
0.47903648018836975, 0.5209634900093079
0.484221875667572, 0.5157781839370728
0.48080769181251526, 0.5191923379898071
0.46867120265960693, 0.5313288569450378
0.4477296769618988, 0.5522703528404236
0.2841798961162567, 0.7158200740814209
