actor_1,actor_2
0.49706265330314636, 0.5029373168945312
0.50076824426651, 0.49923175573349
0.500211238861084, 0.49978870153427124
0.3255113959312439, 0.6744886040687561
0.5043219923973083, 0.49567797780036926
0.33393076062202454, 0.6660692691802979
0.5100155472755432, 0.4899844527244568
0.3430805504322052, 0.6569194793701172
0.5174292922019958, 0.48257070779800415
0.3532313108444214, 0.6467686891555786
0.5267370343208313, 0.4732629358768463
0.36468589305877686, 0.6353141665458679
0.5381491184234619, 0.4618509113788605
0.38902103900909424, 0.6109789609909058
0.5518713593482971, 0.4481286406517029
0.4488505423069, 0.5511494278907776
0.6296602487564087, 0.3703397810459137
0.7190284729003906, 0.28097155690193176
0.9107756614685059, 0.08922431617975235
0.9991926550865173, 0.0008073574281297624
1.0, 6.321503764894487e-09
