actor_1,actor_2
0.526653528213501, 0.4733465015888214
0.36922091245651245, 0.6307791471481323
0.5321779251098633, 0.46782204508781433
0.37886250019073486, 0.6211374402046204
0.5393277406692505, 0.46067219972610474
0.3894444704055786, 0.6105555295944214
0.5482603907585144, 0.4517395794391632
0.4012663960456848, 0.5987335443496704
0.5591654777526855, 0.44083449244499207
0.41466158628463745, 0.5853384137153625
0.5722622275352478, 0.4277378022670746
0.4361359775066376, 0.5638640522956848
0.5877931118011475, 0.4122069478034973
0.4718030095100403, 0.5281969904899597
0.6060119271278381, 0.39398807287216187
0.5990545153617859, 0.4009455442428589
0.8428877592086792, 0.15711219608783722
0.9620686173439026, 0.0379314050078392
0.9999854564666748, 1.454406083212234e-05
