actor_1,actor_2
0.497230589389801, 0.502769410610199
0.49713894724845886, 0.5028610825538635
0.5138717889785767, 0.4861281216144562
0.4809834361076355, 0.5190165638923645
0.48758748173713684, 0.5124126076698303
0.5024137496948242, 0.49758633971214294
0.45740175247192383, 0.5425981879234314
0.4570268392562866, 0.5429731011390686
0.4619714617729187, 0.5380284786224365
0.4572061598300934, 0.5427938103675842
0.42491382360458374, 0.5750861763954163
0.2526604235172272, 0.7473394870758057
