actor_1,actor_2
0.5210183262825012, 0.4789816737174988
0.3686099946498871, 0.6313900947570801
0.5253347158432007, 0.4746653139591217
0.3771512806415558, 0.6228486895561218
0.5310859084129333, 0.4689140319824219
0.3864920437335968, 0.6135079264640808
0.5384071469306946, 0.46159282326698303
0.3969014286994934, 0.6030985713005066
0.5474650859832764, 0.452534943819046
0.4161022901535034, 0.5838977694511414
0.5584573745727539, 0.4415425956249237
0.46076682209968567, 0.5392330884933472
0.5716103315353394, 0.42838963866233826
0.5248270630836487, 0.47517290711402893
0.714216947555542, 0.2857830226421356
0.847428560256958, 0.15257146954536438
0.9509989023208618, 0.04900117218494415
0.999998927116394, 1.1165871001139749e-06
