actor_1,actor_2
0.5063710808753967, 0.49362891912460327
0.32124999165534973, 0.6787499785423279
0.5111141800880432, 0.48888587951660156
0.3292545974254608, 0.6707453727722168
0.5174955725669861, 0.4825044870376587
0.3380555510520935, 0.6619445085525513
0.5256676077842712, 0.47433245182037354
0.34791868925094604, 0.652081310749054
0.5358185172080994, 0.46418148279190063
0.3614964485168457, 0.6385034918785095
0.5481716990470886, 0.451828271150589
0.40578022599220276, 0.5942197442054749
0.5629811882972717, 0.4370187819004059
0.49752041697502136, 0.5024795532226562
0.7139597535133362, 0.2860402464866638
0.8368513584136963, 0.1631486564874649
0.996874213218689, 0.003125751856714487
0.9999979734420776, 2.038006186921848e-06
1.0, 1.0522132644352755e-11
