actor_1,actor_2
0.4751236140727997, 0.5248762965202332
0.4738895893096924, 0.5261103510856628
0.47952184081077576, 0.5204781889915466
0.49690714478492737, 0.503092885017395
0.5306882858276367, 0.4693116843700409
0.5204567313194275, 0.4795432686805725
0.521625280380249, 0.4783746600151062
0.5191418528556824, 0.48085805773735046
0.5240285992622375, 0.47597143054008484
0.5448623895645142, 0.45513758063316345
0.7640409469604492, 0.23595908284187317
0.920298159122467, 0.07970181107521057
0.9824244379997253, 0.01757550798356533
0.9956960678100586, 0.004303885158151388
0.9993687272071838, 0.0006312355981208384
0.9999368190765381, 6.322118133539334e-05
0.9999967813491821, 3.2035616186476545e-06
0.9999997615814209, 1.935135287567391e-07
