actor_1,actor_2
0.49039778113365173, 0.5096023082733154
0.4728694558143616, 0.5271305441856384
0.48511239886283875, 0.5148876309394836
0.4947253167629242, 0.5052747130393982
0.4949854016304016, 0.5050145387649536
0.48575782775878906, 0.5142421722412109
0.4669072926044464, 0.5330926775932312
0.4384060502052307, 0.5615939497947693
0.28203532099723816, 0.7179646492004395
