actor_1,actor_2
0.4744528532028198, 0.525547206401825
0.47235459089279175, 0.5276453495025635
0.4776369631290436, 0.522363007068634
0.49315887689590454, 0.5068411231040955
0.5243656039237976, 0.47563436627388
0.5169451236724854, 0.48305487632751465
0.5180642008781433, 0.4819357991218567
0.5174219608306885, 0.4825780689716339
0.5223444104194641, 0.4776555299758911
0.5893828272819519, 0.4106171429157257
0.7976227402687073, 0.20237724483013153
0.9386541843414307, 0.061345797032117844
0.9862939715385437, 0.013706034049391747
0.9966070652008057, 0.0033929517958313227
0.9994924068450928, 0.0005076102097518742
0.9999483823776245, 5.165930633665994e-05
0.999996542930603, 3.4134232009819243e-06
0.9999997615814209, 2.1831741037203756e-07
