actor_1,actor_2
0.4541374444961548, 0.54586261510849
0.4448460042476654, 0.5551539063453674
0.4563160836696625, 0.5436838269233704
0.4656883180141449, 0.5343115925788879
0.46579834818840027, 0.5342016220092773
0.456508606672287, 0.5434914827346802
0.4377441108226776, 0.5622559785842896
0.38437995314598083, 0.6156200170516968
0.17819978296756744, 0.8218002319335938
