actor_1,actor_2
0.4696446359157562, 0.5303553342819214
0.46368837356567383, 0.5363116264343262
0.4639036953449249, 0.5360963344573975
0.4743572175502777, 0.5256428718566895
0.4904734194278717, 0.5095266103744507
0.4716772139072418, 0.5283227562904358
0.4265184998512268, 0.573481559753418
0.47921836376190186, 0.5207816362380981
0.8206636309623718, 0.17933635413646698
