actor_1,actor_2
0.5340519547462463, 0.46594807505607605
0.3527383804321289, 0.6472616195678711
0.5378938913345337, 0.4621061384677887
0.36027854681015015, 0.6397215127944946
0.5434990525245667, 0.4565008878707886
0.3686875104904175, 0.6313124895095825
0.5510001182556152, 0.44899988174438477
0.3782259225845337, 0.6217740774154663
0.5605661273002625, 0.43943387269973755
0.3891873061656952, 0.610812783241272
0.5724003314971924, 0.42759963870048523
0.429657518863678, 0.5703424215316772
0.5951624512672424, 0.40483754873275757
0.5680463314056396, 0.43195366859436035
0.8165978789329529, 0.1834021359682083
0.9545100927352905, 0.04548988118767738
0.9999842643737793, 1.5793477359693497e-05
1.0, 4.294380823166577e-12
