actor_1,actor_2
0.5235675573348999, 0.4764324724674225
0.3378717303276062, 0.6621282696723938
0.5271333456039429, 0.4728666841983795
0.3449741303920746, 0.655025839805603
0.5324358940124512, 0.46756410598754883
0.3528715670108795, 0.6471284031867981
0.5396062135696411, 0.4603937864303589
0.3638433814048767, 0.6361566185951233
0.5488132238388062, 0.45118680596351624
0.38405901193618774, 0.6159409880638123
0.5799366235733032, 0.4200633764266968
0.5050546526908875, 0.49494531750679016
0.7457754611968994, 0.2542244791984558
0.9338119029998779, 0.0661880373954773
0.999998927116394, 1.0520462865315494e-06
1.0, 7.403957682410381e-14
