actor_1,actor_2
0.5092812180519104, 0.4907188415527344
0.5191488862037659, 0.48085108399391174
0.5309056639671326, 0.46909430623054504
0.5373146533966064, 0.46268537640571594
0.5416141748428345, 0.45838576555252075
0.6286810636520386, 0.3713189363479614
0.8517906665802002, 0.1482093632221222
0.9870800375938416, 0.012919986620545387
