actor_1,actor_2
0.5412698984146118, 0.4587301015853882
0.5583881139755249, 0.4416118264198303
0.6310250163078308, 0.3689750134944916
0.8024682402610779, 0.1975318342447281
0.9039943218231201, 0.09600566327571869
0.9860683679580688, 0.013931648805737495
0.9995927214622498, 0.00040727658779360354
0.9999942779541016, 5.69613484913134e-06
