actor_1,actor_2
0.5315513610839844, 0.468448668718338
0.5486922264099121, 0.4513076841831207
0.6450056433677673, 0.3549943268299103
0.8156365156173706, 0.18436342477798462
0.9205685257911682, 0.07943148165941238
0.9909976720809937, 0.009002361446619034
0.9997559189796448, 0.00024408895114902407
0.9999971389770508, 2.8222448236192577e-06
