actor_1,actor_2
0.5104187726974487, 0.4895811975002289
0.3397681415081024, 0.66023188829422
0.514702558517456, 0.48529747128486633
0.34811821579933167, 0.6518818140029907
0.5208544731140137, 0.4791455566883087
0.35928109288215637, 0.6407189965248108
0.5293655395507812, 0.47063449025154114
0.37368884682655334, 0.6263111233711243
0.542008101940155, 0.45799189805984497
0.4022061824798584, 0.5977938175201416
0.5557988286018372, 0.44420126080513
0.4601265788078308, 0.5398734211921692
0.570961594581604, 0.429038405418396
0.5320780277252197, 0.4679219424724579
0.7141281962394714, 0.28587186336517334
0.8796223402023315, 0.12037771940231323
0.9997912049293518, 0.00020883471006527543
1.0, 4.981174916984799e-10
