actor_1,actor_2
0.5320528745651245, 0.4679471254348755
0.36371487379074097, 0.6362851858139038
0.5369831323623657, 0.4630168378353119
0.3730250597000122, 0.626974880695343
0.5438016653060913, 0.45619842410087585
0.383510023355484, 0.6164899468421936
0.5526617169380188, 0.4473383128643036
0.3954868018627167, 0.6045132279396057
0.5637537837028503, 0.43624627590179443
0.4364983141422272, 0.5635016560554504
0.5773000121116638, 0.4226999580860138
0.4992384910583496, 0.5007615089416504
0.5935463309288025, 0.4064537286758423
0.5752405524253845, 0.4247593879699707
0.7491337656974792, 0.2508662939071655
0.9086585640907288, 0.09134145081043243
0.9998898506164551, 0.00011015876953024417
1.0, 1.785858821934383e-10
