actor_1,actor_2
0.5273406505584717, 0.4726593494415283
0.3581883907318115, 0.6418116688728333
0.532140851020813, 0.4678591191768646
0.36729463934898376, 0.6327052712440491
0.5388333797454834, 0.4611666202545166
0.3775690793991089, 0.6224309206008911
0.5475713610649109, 0.4524286687374115
0.38932523131370544, 0.6106747984886169
0.5585460662841797, 0.4414539635181427
0.42513394355773926, 0.5748660564422607
0.5719817876815796, 0.4280182719230652
0.48765331506729126, 0.5123467445373535
0.5881280899047852, 0.41187191009521484
0.5639225244522095, 0.4360775053501129
0.7436912059783936, 0.2563087046146393
0.906867504119873, 0.09313248097896576
0.9997301697731018, 0.0002698503958526999
1.0, 1.0494783930781182e-09
