actor_1,actor_2
0.5249191522598267, 0.47508084774017334
0.35516074299812317, 0.6448392271995544
0.5295071005821228, 0.470492959022522
0.36516767740249634, 0.6348323225975037
0.5359899997711182, 0.46401000022888184
0.3781643509864807, 0.6218356490135193
0.5445194244384766, 0.4554806053638458
0.3946223855018616, 0.6053775548934937
0.5552853345870972, 0.44471460580825806
0.43720805644989014, 0.5627920031547546
0.5685126185417175, 0.43148738145828247
0.5003302693367004, 0.49966979026794434
0.6859153509140015, 0.31408464908599854
0.8440367579460144, 0.1559632122516632
0.9517142176628113, 0.04828573018312454
0.9999247789382935, 7.515963807236403e-05
