actor_1,actor_2
0.4565093517303467, 0.5434905886650085
0.4507704973220825, 0.5492295026779175
0.46344128251075745, 0.5365587472915649
0.47481459379196167, 0.5251854062080383
0.4768620729446411, 0.5231378674507141
0.46943357586860657, 0.5305664539337158
0.4524115025997162, 0.5475884079933167
0.38208985328674316, 0.6179101467132568
0.10295645892620087, 0.8970435857772827
