actor_1,actor_2
0.5054250359535217, 0.4945749342441559
0.3178786039352417, 0.6821214556694031
0.5092445015907288, 0.49075549840927124
0.32697945833206177, 0.6730205416679382
0.5148200988769531, 0.48517993092536926
0.3389734923839569, 0.6610264778137207
0.5222947001457214, 0.4777052402496338
0.35434266924858093, 0.6456573605537415
0.5318512320518494, 0.46814873814582825
0.399827241897583, 0.6001728177070618
0.5437113046646118, 0.4562886953353882
0.4655308425426483, 0.5344691276550293
0.6169698238372803, 0.3830302059650421
0.8017896413803101, 0.19821031391620636
0.9601369500160217, 0.03986300528049469
0.9999943971633911, 5.62805598747218e-06
1.0, 6.0405200806579185e-12
1.0, 5.010533873337376e-21
