actor_1,actor_2
0.4796319305896759, 0.5203680396080017
0.4714001715183258, 0.5285998582839966
0.4646309018135071, 0.5353691577911377
0.38438862562179565, 0.6156113743782043
0.2742437422275543, 0.7257563471794128
0.1597273051738739, 0.8402727246284485
0.04776429757475853, 0.9522356986999512
0.010880890302360058, 0.9891190528869629
0.002950391499325633, 0.9970495700836182
