actor_1,actor_2
0.4993683695793152, 0.50063157081604
0.513756513595581, 0.48624351620674133
0.5049245953559875, 0.49507537484169006
0.32927247881889343, 0.6707274913787842
0.5076671242713928, 0.49233293533325195
0.3369307219982147, 0.6630692481994629
0.5122585892677307, 0.4877413809299469
0.34554892778396606, 0.6544510126113892
0.518821656703949, 0.481178343296051
0.3571087419986725, 0.6428912878036499
0.5275225639343262, 0.47247740626335144
0.39900487661361694, 0.6009951233863831
0.5392823815345764, 0.4607176184654236
0.46091288328170776, 0.5390871167182922
0.625892162322998, 0.37410783767700195
0.7328555583953857, 0.2671443521976471
0.9057896733283997, 0.09421035647392273
0.9996757507324219, 0.0003242648672312498
1.0, 1.0618538937023914e-08
1.0, 4.3357872211471883e-16
