actor_1,actor_2
0.4197143316268921, 0.5802857279777527
0.4538460075855255, 0.5461539626121521
0.4831102192401886, 0.5168898105621338
0.5077562928199768, 0.49224376678466797
0.43889471888542175, 0.5611052513122559
0.46338510513305664, 0.5366148948669434
0.47862762212753296, 0.5213724374771118
0.48443910479545593, 0.5155608654022217
0.4806567430496216, 0.5193432569503784
0.4671294689178467, 0.5328704714775085
