actor_1,actor_2
0.5053843259811401, 0.4946155846118927
0.3114086389541626, 0.6885913610458374
0.5087932348251343, 0.4912068247795105
0.31934621930122375, 0.6806538105010986
0.5139907002449036, 0.48600929975509644
0.3299785256385803, 0.6700214743614197
0.5211142301559448, 0.4788857698440552
0.3437477648258209, 0.6562523245811462
0.5303422808647156, 0.4696577787399292
0.3884030878543854, 0.6115968823432922
0.5418933033943176, 0.4581066966056824
0.4493516981601715, 0.5506482720375061
0.6547203063964844, 0.34527966380119324
0.7627484202384949, 0.23725159466266632
0.9273443818092346, 0.07265562564134598
0.999797523021698, 0.00020251586101949215
1.0, 1.516481695773564e-08
1.0, 3.117536102588501e-15
