actor_1,actor_2
0.4872768819332123, 0.5127231478691101
0.478044718503952, 0.5219553112983704
0.49177050590515137, 0.5082294940948486
0.5035321116447449, 0.4964679479598999
0.44506752490997314, 0.5549324154853821
0.4560699164867401, 0.5439300537109375
0.4575306475162506, 0.542469322681427
0.4488360583782196, 0.5511639714241028
0.3188588619232178, 0.681141197681427
0.036999449133872986, 0.9630005359649658
