actor_1,actor_2
0.5001053810119629, 0.4998946189880371
0.3360513746738434, 0.663948655128479
0.5029078125953674, 0.49709224700927734
0.3428935408592224, 0.6571064591407776
0.5074906349182129, 0.4925093352794647
0.3507414758205414, 0.6492584943771362
0.5139821171760559, 0.4860178828239441
0.36134010553359985, 0.6386599540710449
0.5225527286529541, 0.4774472713470459
0.40093716979026794, 0.5990628600120544
0.5334151983261108, 0.46658483147621155
0.49029141664505005, 0.5097086429595947
0.6739931702613831, 0.32600685954093933
0.8258236646652222, 0.17417632043361664
0.9979150891304016, 0.0020849411375820637
0.9999977350234985, 2.3081629478838295e-06
1.0, 7.011006358803584e-11
1.0, 6.041423618802507e-18
