actor_1,actor_2
0.43780234456062317, 0.5621976852416992
0.43041691184043884, 0.5695831179618835
0.4398525059223175, 0.5601474642753601
0.4513512849807739, 0.5486487746238708
0.4546060264110565, 0.5453939437866211
0.4494555592536926, 0.5505444407463074
0.43579527735710144, 0.5642048120498657
0.4136296212673187, 0.5863703489303589
0.19923798739910126, 0.8007619976997375
