actor_1,actor_2
0.5170533657073975, 0.4829466640949249
0.33044561743736267, 0.6695543527603149
0.5192191004753113, 0.48078086972236633
0.33749791979789734, 0.662502110004425
0.5231267809867859, 0.4768731892108917
0.3472878932952881, 0.6527121067047119
0.5288904309272766, 0.47110965847969055
0.3602239787578583, 0.6397759914398193
0.5366644263267517, 0.4633355438709259
0.3977792263031006, 0.6022207736968994
0.5466435551643372, 0.45335641503334045
0.45821529626846313, 0.5417846441268921
0.637965738773346, 0.36203429102897644
0.746042788028717, 0.25395727157592773
0.9708369374275208, 0.02916303090751171
0.9999840259552002, 1.5976886061253026e-05
1.0, 2.934738563276085e-11
1.0, 2.713251670847437e-19
