actor_1,actor_2
0.5007978677749634, 0.49920210242271423
0.5082955360412598, 0.49170440435409546
0.5186840891838074, 0.481315940618515
0.5262134671211243, 0.4737865626811981
0.5923923254013062, 0.40760764479637146
0.7300060987472534, 0.2699939012527466
0.8912248015403748, 0.10877523571252823
0.9948570728302002, 0.0051428815349936485
