actor_1,actor_2
0.5173375606536865, 0.4826623797416687
0.3360268771648407, 0.6639731526374817
0.5193470120429993, 0.48065295815467834
0.340899258852005, 0.6591007709503174
0.5216231346130371, 0.4783767759799957
0.3488745093345642, 0.6511254906654358
0.5257114768028259, 0.47428855299949646
0.3597739040851593, 0.6402261257171631
0.5317368507385254, 0.468263179063797
0.39273154735565186, 0.6072683930397034
0.5398659706115723, 0.46013399958610535
0.4496364891529083, 0.5503634810447693
0.5503057241439819, 0.44969430565834045
0.5209879279136658, 0.479012131690979
0.7031254768371582, 0.2968745827674866
0.9254622459411621, 0.07453775405883789
0.9999122619628906, 8.775770402280614e-05
1.0, 8.170256138306797e-11
