actor_1,actor_2
0.4889414608478546, 0.5110585689544678
0.46889427304267883, 0.5311057567596436
0.4755827784538269, 0.5244172811508179
0.48089829087257385, 0.5191016793251038
0.4789496064186096, 0.5210503935813904
0.46836480498313904, 0.5316351056098938
0.4490411877632141, 0.5509587526321411
0.30768734216690063, 0.6923125982284546
0.018297996371984482, 0.9817019701004028
