actor_1,actor_2
0.5195841789245605, 0.4804157614707947
0.3411161005496979, 0.6588838696479797
0.5210279226303101, 0.47897204756736755
0.34665706753730774, 0.6533429026603699
0.5243328213691711, 0.47566714882850647
0.3536895215511322, 0.6463105082511902
0.5296017527580261, 0.4703982472419739
0.3620549738407135, 0.6379449963569641
0.5369808673858643, 0.46301910281181335
0.37665897607803345, 0.6233410239219666
0.5466590523719788, 0.45334097743034363
0.4261999726295471, 0.5738000273704529
0.6268118619918823, 0.3731881082057953
0.6626003384590149, 0.33739960193634033
0.8574404120445251, 0.14255961775779724
0.9984135627746582, 0.001586388680152595
1.0, 2.7554782899841257e-09
1.0, 7.060045423399705e-17
