actor_1,actor_2
0.5250349044799805, 0.47496500611305237
0.5340114831924438, 0.46598854660987854
0.5468077063560486, 0.4531923234462738
0.5562704801559448, 0.4437294900417328
0.6691566705703735, 0.33084338903427124
0.814520001411438, 0.18547995388507843
0.9501940011978149, 0.04980603978037834
0.9986458420753479, 0.0013541507069021463
