actor_1,actor_2
0.4999644160270691, 0.5000356435775757
0.49411338567733765, 0.5058865547180176
0.5112218260765076, 0.48877817392349243
0.47331833839416504, 0.526681661605835
0.4885004162788391, 0.5114996433258057
0.49956732988357544, 0.5004326701164246
0.5036237239837646, 0.49637627601623535
0.4438930153846741, 0.5561070442199707
0.44604337215423584, 0.5539566874504089
0.391323447227478, 0.608676552772522
0.24765503406524658, 0.7523449659347534
0.059819433838129044, 0.9401805996894836
