actor_1,actor_2
0.5231015086174011, 0.4768984913825989
0.3770769238471985, 0.6229231357574463
0.524712860584259, 0.47528713941574097
0.38370487093925476, 0.6162950992584229
0.5281599164009094, 0.4718400835990906
0.39185023307800293, 0.6081497073173523
0.5335475206375122, 0.4664525091648102
0.4015050530433655, 0.5984949469566345
0.5419999361038208, 0.4580000936985016
0.41667452454566956, 0.5833254456520081
0.5536847710609436, 0.446315199136734
0.45053136348724365, 0.5494686365127563
0.6001370549201965, 0.3998629152774811
0.6389404535293579, 0.3610595166683197
0.8628513216972351, 0.13714860379695892
0.9988957643508911, 0.0011042205151170492
1.0, 5.901267741137417e-08
1.0, 4.923618716239694e-15
