actor_1,actor_2
0.5594817996025085, 0.44051823019981384
0.39930978417396545, 0.6006902456283569
0.5605289936065674, 0.43947094678878784
0.4054066836833954, 0.5945932865142822
0.5633651614189148, 0.4366348385810852
0.41343384981155396, 0.586566150188446
0.5680773258209229, 0.4319227337837219
0.4229872226715088, 0.5770127773284912
0.5747910737991333, 0.4252088665962219
0.44624024629592896, 0.5537596940994263
0.5836686491966248, 0.41633132100105286
0.49129214882850647, 0.5087078213691711
0.5949047803878784, 0.4050952196121216
0.5640180110931396, 0.43598195910453796
0.757278323173523, 0.24272166192531586
0.9534714818000793, 0.04652846232056618
0.999994158744812, 5.834368039359106e-06
1.0, 1.2835572448660626e-12
