actor_1,actor_2
0.5039684772491455, 0.4960315525531769
0.3225971758365631, 0.6774027943611145
0.509379506111145, 0.490620493888855
0.32759490609169006, 0.6724050641059875
0.5157192945480347, 0.48428070545196533
0.3336889147758484, 0.6663110256195068
0.5231969356536865, 0.4768030345439911
0.34097030758857727, 0.6590296626091003
0.5320436954498291, 0.46795639395713806
0.35026583075523376, 0.6497341394424438
0.5425155758857727, 0.4574843943119049
0.4013674855232239, 0.5986324548721313
0.6211063861846924, 0.3788936734199524
0.6311753392219543, 0.36882466077804565
0.829083263874054, 0.17091673612594604
0.9968835711479187, 0.003116442123427987
0.9999994039535522, 5.873732789041242e-07
1.0, 1.7614281886367544e-13
