actor_1,actor_2
0.48883217573165894, 0.5111678838729858
0.5159873962402344, 0.484012633562088
0.4910198450088501, 0.5089801549911499
0.5094665288925171, 0.4905335009098053
0.4933512508869171, 0.5066487193107605
0.5043837428092957, 0.49561622738838196
0.4957702159881592, 0.5042297840118408
0.5101860761642456, 0.489813894033432
0.4982231557369232, 0.5017768740653992
0.5153243541717529, 0.4846755564212799
0.5006580948829651, 0.4993419349193573
0.3522254228591919, 0.6477745771408081
0.5063911080360413, 0.49360886216163635
0.35146328806877136, 0.6485366821289062
0.5127680897712708, 0.48723194003105164
0.35339823365211487, 0.6466017961502075
0.5200005173683167, 0.47999951243400574
0.36499646306037903, 0.6350034475326538
0.5283164978027344, 0.4716835618019104
0.3960701525211334, 0.603929877281189
0.5539448857307434, 0.446055144071579
0.46608856320381165, 0.5339114665985107
0.6765714883804321, 0.32342857122421265
0.7474042177200317, 0.2525957524776459
0.9828391671180725, 0.017160817980766296
0.9996637105941772, 0.00033625803189352155
0.9999998807907104, 1.2149561712249124e-07
1.0, 3.7757913251080036e-14
