actor_1,actor_2
0.47229552268981934, 0.5277044773101807
0.5088631510734558, 0.4911367893218994
0.47468534111976624, 0.5253146886825562
0.5025238394737244, 0.49747616052627563
0.47720831632614136, 0.5227916240692139
0.4964216649532318, 0.5035784244537354
0.5004664063453674, 0.4995335340499878
0.5042237639427185, 0.4957762658596039
0.4797397255897522, 0.5202602744102478
0.506874680519104, 0.4931252598762512
0.4821546971797943, 0.5178453326225281
0.5089187622070312, 0.49108123779296875
0.484249472618103, 0.515750527381897
0.5103272199630737, 0.48967278003692627
0.48595452308654785, 0.5140455365180969
0.5110557079315186, 0.4889443814754486
0.48719143867492676, 0.5128085017204285
0.51104336977005, 0.4889566898345947
0.48756298422813416, 0.5124370455741882
0.5102115869522095, 0.48978838324546814
0.4435865581035614, 0.5564135313034058
0.508462131023407, 0.4915378987789154
0.3983512222766876, 0.6016488075256348
0.48010727763175964, 0.5198927521705627
0.4434870779514313, 0.5565129518508911
0.365104615688324, 0.6348953247070312
0.2713051438331604, 0.7286947965621948
0.08740551769733429, 0.9125944972038269
0.0016917226603254676, 0.9983083009719849
8.093181236290548e-07, 0.9999991655349731
