actor_1,actor_2
0.4825252294540405, 0.5174747705459595
0.4808635711669922, 0.5191364884376526
0.4861661195755005, 0.5138338804244995
0.49307408928871155, 0.5069259405136108
0.49447423219680786, 0.5055257081985474
0.4887543320655823, 0.5112456679344177
0.4749617874622345, 0.5250382423400879
0.4514627754688263, 0.5485372543334961
0.19578857719898224, 0.804211437702179
