actor_1,actor_2
0.4823453724384308, 0.5176545977592468
0.47691798210144043, 0.5230820178985596
0.45070791244506836, 0.5492921471595764
0.3938305377960205, 0.6061694622039795
0.2721395492553711, 0.7278604507446289
0.11698662489652634, 0.8830134272575378
0.020486094057559967, 0.9795138835906982
0.0031698551028966904, 0.9968301653862
0.0004954232717864215, 0.999504566192627
