actor_1,actor_2
0.49825435876846313, 0.5017456412315369
0.4919120967388153, 0.5080878734588623
0.5040006637573242, 0.4959993064403534
0.4738139808177948, 0.5261861085891724
0.48376575112342834, 0.516234278678894
0.49665188789367676, 0.503348171710968
0.5089817047119141, 0.49101826548576355
0.4471876919269562, 0.5528122782707214
0.4522384703159332, 0.5477615594863892
0.4740216135978699, 0.5259783864021301
0.5101619958877563, 0.48983803391456604
0.0004545548290479928, 0.9995453953742981
