actor_1,actor_2
0.5134152173995972, 0.4865848124027252
0.35408079624176025, 0.6459192037582397
0.5132474303245544, 0.48675253987312317
0.35862234234809875, 0.6413776874542236
0.5148048996925354, 0.4851950705051422
0.3644983768463135, 0.6355016827583313
0.5181574821472168, 0.4818424880504608
0.3716839849948883, 0.6283159852027893
0.5234175324440002, 0.4765823781490326
0.3928062915802002, 0.6071937680244446
0.5307397246360779, 0.4692602753639221
0.45020052790641785, 0.5497995018959045
0.5559295415878296, 0.4440704584121704
0.5658369660377502, 0.43416300415992737
0.785402238368988, 0.21459773182868958
0.9260586500167847, 0.07394128292798996
0.9999681711196899, 3.187299080309458e-05
1.0, 1.3295819306646806e-11
