actor_1,actor_2
0.3725791871547699, 0.6274207830429077
0.27073290944099426, 0.7292671203613281
0.35014578700065613, 0.6498541831970215
0.5393103957176208, 0.4606895446777344
0.42079150676727295, 0.579208493232727
0.6199521422386169, 0.38004791736602783
0.5117591619491577, 0.4882408082485199
0.4802160859107971, 0.5197838544845581
0.5869024991989136, 0.41309747099876404
0.5548361539840698, 0.44516387581825256
0.6771620512008667, 0.3228379189968109
0.8065748810768127, 0.19342510402202606
0.9161921739578247, 0.0838078185915947
0.9662399291992188, 0.033760104328393936
0.9855815768241882, 0.01441842783242464
0.993299126625061, 0.0067008123733103275
0.9966766834259033, 0.0033233151771128178
0.9982417821884155, 0.0017581968568265438
0.9990034699440002, 0.0009966049110516906
0.9993864297866821, 0.0006135724252089858
