actor_1,actor_2
0.5380429625511169, 0.4619571268558502
0.3883841335773468, 0.6116158962249756
0.5392652153968811, 0.4607347548007965
0.3945162892341614, 0.6054836511611938
0.5423891544342041, 0.4576108157634735
0.4022926688194275, 0.5977073311805725
0.5475093126296997, 0.4524906575679779
0.41303592920303345, 0.5869640111923218
0.5547630190849304, 0.44523704051971436
0.44166216254234314, 0.5583378672599792
0.5643278956413269, 0.4356721341609955
0.4988979995250702, 0.5011019706726074
0.663629949092865, 0.336370050907135
0.7778415679931641, 0.2221584916114807
0.9934319853782654, 0.006568000186234713
0.9999936819076538, 6.340196250675945e-06
1.0, 2.1235123381924126e-10
1.0, 2.5404604237661326e-17
