actor_1,actor_2
0.4697306454181671, 0.5302693247795105
0.5187168121337891, 0.4812832474708557
0.4710164964199066, 0.5289835333824158
0.5119719505310059, 0.48802804946899414
0.47254472970962524, 0.5274553298950195
0.5054863691329956, 0.4945136606693268
0.4742487668991089, 0.5257512927055359
0.5047293305397034, 0.49527058005332947
0.4760671854019165, 0.5239327549934387
0.5094037652015686, 0.4905962347984314
0.47794216871261597, 0.5220578908920288
0.513466477394104, 0.4865335524082184
0.4798176884651184, 0.5201823115348816
0.5169506072998047, 0.4830493628978729
0.481638640165329, 0.5183613300323486
0.5198748707771301, 0.48012521862983704
0.48397156596183777, 0.5160284042358398
0.5222433805465698, 0.4777566194534302
0.48615872859954834, 0.5138412117958069
0.5240468978881836, 0.4759531617164612
0.4881267845630646, 0.5118732452392578
0.525261640548706, 0.47473835945129395
0.4898146688938141, 0.5101854205131531
0.5258496999740601, 0.47415032982826233
0.4911549985408783, 0.5088450908660889
0.5257574915885925, 0.47424253821372986
0.49207255244255066, 0.5079274773597717
0.5249148011207581, 0.47508519887924194
0.4924825429916382, 0.5075174570083618
0.5232333540916443, 0.4767667055130005
0.45360633730888367, 0.5463937520980835
0.5206045508384705, 0.47939547896385193
0.4119787812232971, 0.5880212187767029
0.5176578760147095, 0.48234203457832336
0.36926788091659546, 0.6307320594787598
0.4782080352306366, 0.5217919945716858
0.46719545125961304, 0.5328046083450317
0.42242974042892456, 0.5775703191757202
0.34936484694480896, 0.6506351828575134
0.22088395059108734, 0.7791160941123962
0.03335357829928398, 0.9666464328765869
