actor_1,actor_2
0.5319111347198486, 0.46808889508247375
0.38374441862106323, 0.6162555813789368
0.5359101891517639, 0.4640897512435913
0.38840341567993164, 0.6115966439247131
0.5400905609130859, 0.4599093794822693
0.3942566215991974, 0.6057433485984802
0.5430291295051575, 0.45697081089019775
0.40135911107063293, 0.5986408591270447
0.547980010509491, 0.4520200192928314
0.41385751962661743, 0.5861424803733826
0.555087149143219, 0.4449128806591034
0.4434703290462494, 0.556529700756073
0.5645355582237244, 0.43546441197395325
0.480008989572525, 0.5199909806251526
0.576546847820282, 0.423453152179718
0.5517991185188293, 0.44820091128349304
0.773444414138794, 0.22655560076236725
0.9696483016014099, 0.03035164251923561
0.9999901056289673, 9.901921657728963e-06
