actor_1,actor_2
0.4967482089996338, 0.503251850605011
0.49147358536720276, 0.5085263252258301
0.4880326986312866, 0.5119673013687134
0.46227872371673584, 0.5377212762832642
0.39938223361968994, 0.6006177663803101
0.26268136501312256, 0.7373186945915222
0.053741391748189926, 0.9462586045265198
0.008702535182237625, 0.9912974834442139
0.00142807571683079, 0.9985718727111816
