actor_1,actor_2
0.5312613844871521, 0.4687385857105255
0.35972267389297485, 0.6402773857116699
0.5296602249145508, 0.4703398048877716
0.3629380166530609, 0.6370620131492615
0.5297555923461914, 0.4702443480491638
0.3668953478336334, 0.633104681968689
0.5315879583358765, 0.46841204166412354
0.37183046340942383, 0.628169596195221
0.5352386832237244, 0.46476131677627563
0.38834667205810547, 0.6116533279418945
0.5408298969268799, 0.4591701030731201
0.41452091932296753, 0.5854790210723877
0.5485246181488037, 0.4514753818511963
0.4477657675743103, 0.5522342920303345
0.5585250854492188, 0.44147491455078125
0.5183905363082886, 0.4816094636917114
0.7256575226783752, 0.27434244751930237
0.8784457445144653, 0.12155426293611526
0.9997593760490417, 0.00024065596517175436
