actor_1,actor_2
0.5159492492675781, 0.48405081033706665
0.3727913200855255, 0.6272086501121521
0.5268750190734863, 0.4731249511241913
0.3801499009132385, 0.6198500394821167
0.5382965803146362, 0.46170341968536377
0.38871514797210693, 0.6112848520278931
0.5504058599472046, 0.4495941698551178
0.3999428153038025, 0.6000572443008423
0.5634020566940308, 0.436598002910614
0.4244082272052765, 0.5755916833877563
0.5774921178817749, 0.4225079119205475
0.4624476432800293, 0.5375522971153259
0.5928903818130493, 0.4071095883846283
0.508347749710083, 0.49165230989456177
0.6332549452781677, 0.3667450249195099
0.801629364490509, 0.19837063550949097
0.9171531200408936, 0.08284685760736465
0.9691383838653564, 0.030861586332321167
