actor_1,actor_2
0.4998602271080017, 0.5001397728919983
0.5142045617103577, 0.4857954680919647
0.5046495795249939, 0.4953504204750061
0.36705338954925537, 0.6329466104507446
0.5084577202796936, 0.4915422201156616
0.3757029175758362, 0.6242970824241638
0.5142296552658081, 0.4857703745365143
0.38565388321876526, 0.6143461465835571
0.5259667038917542, 0.4740333557128906
0.4052993357181549, 0.5947006940841675
0.5392714738845825, 0.46072858572006226
0.4389287829399109, 0.5610712170600891
0.5536859631538391, 0.4463140368461609
0.4800112247467041, 0.5199887752532959
0.5694427490234375, 0.4305572211742401
0.5444847941398621, 0.4555152356624603
0.7538332343101501, 0.24616673588752747
0.9198266863822937, 0.08017329126596451
0.9999576807022095, 4.235976666677743e-05
1.0, 2.070388305241977e-10
