actor_1,actor_2
0.4898858666419983, 0.5101141333580017
0.5051451921463013, 0.49485480785369873
0.49464666843414307, 0.5053533315658569
0.49677401781082153, 0.5032259225845337
0.5151253342628479, 0.4848746955394745
0.46941259503364563, 0.5305874943733215
0.4857124388217926, 0.514287531375885
0.4978218376636505, 0.5021780729293823
0.4994800388813019, 0.5005199909210205
0.3970787227153778, 0.6029213070869446
0.15842635929584503, 0.8415735960006714
0.0022013033740222454, 0.9977986216545105
9.54199492753105e-08, 0.9999998807907104
