{"score": 500.0, "_timestamp": 1709015928.8951929, "_runtime": 250.13156580924988, "_step": 0, "_wandb": {"runtime": 249}}