{"score": 455.78, "_timestamp": 1708987202.4455793, "_runtime": 341.7001042366028, "_step": 0, "_wandb": {"runtime": 341}}