{"score": 491.6, "_timestamp": 1709013060.3169327, "_runtime": 516.2395577430725, "_step": 0, "_wandb": {"runtime": 515}}