{"score": 452.32, "_timestamp": 1709025064.0325916, "_runtime": 1038.602159500122, "_step": 0, "_wandb": {"runtime": 1037}}