{"score": 9.31, "_timestamp": 1709047023.693006, "_runtime": 35.67331504821777, "_step": 0, "_wandb": {"runtime": 34}}