{"score": 22.254300000000004, "_timestamp": 1709084958.704046, "_runtime": 2079.1107671260834, "_step": 0, "_wandb": {"runtime": 2078}}