{"score": 293.34, "_timestamp": 1709013782.1483119, "_runtime": 279.66185784339905, "_step": 0, "_wandb": {"runtime": 278}}