{"score": 9.31, "_timestamp": 1709046978.9950433, "_runtime": 33.46658229827881, "_step": 0, "_wandb": {"runtime": 32}}