{"score": 10.787630000000002, "_timestamp": 1707314111.6297185, "_runtime": 172.44893550872803, "_step": 0, "_wandb": {"runtime": 171}}