{"score": 9.31, "_timestamp": 1709081545.8929873, "_runtime": 41.030832290649414, "_step": 0, "_wandb": {"runtime": 40}}