{"score": 139.63019999999997, "_timestamp": 1709057482.347751, "_runtime": 1413.6738979816437, "_step": 0, "_wandb": {"runtime": 1412}}