actor_1,actor_2
2.668213367462158, 3.828306198120117
3.1322505474090576, 4.176333904266357
3.0162413120269775, 4.408352851867676
2.436194896697998, 5.4524359703063965
2.7842228412628174, 5.4524359703063965
2.9002320766448975, 4.872389793395996
2.7842228412628174, 4.408352851867676
2.7842228412628174, 4.408352851867676
2.7842228412628174, 4.408352851867676
