actor_1,actor_2
72.62181091308594, 83.29466247558594
74.47795867919922, 86.19489288330078
70.53364562988281, 82.48259735107422
69.95359802246094, 62.064964294433594
82.36659240722656, 59.97679901123047
88.63108825683594, 54.75638198852539
87.0069580078125, 54.176334381103516
69.37355041503906, 45.70765686035156
62.064964294433594, 42.80742645263672
55.56844711303711, 45.011600494384766
45.12760925292969, 55.80046463012695
45.12760925292969, 55.80046463012695
42.57540512084961, 60.09280776977539
48.839908599853516, 66.70533752441406
65.6612548828125, 86.54292297363281
68.67749786376953, 89.55916595458984
65.54524230957031, 85.38282775878906
62.87702941894531, 79.23433685302734
67.0533676147461, 76.3341064453125
67.0533676147461, 76.3341064453125
74.70997619628906, 64.7331771850586
79.23433685302734, 46.40371322631836
76.45011901855469, 39.21113586425781
76.45011901855469, 39.21113586425781
80.97447967529297, 43.73550033569336
85.15081024169922, 46.98375701904297
83.64269256591797, 47.79582214355469
66.82134246826172, 41.76333999633789
60.55684280395508, 39.675174713134766
56.728538513183594, 39.09512710571289
56.728538513183594, 39.09512710571289
57.772621154785156, 41.76333999633789
57.772621154785156, 41.76333999633789
49.419952392578125, 57.42459487915039
39.675174713134766, 57.656612396240234
39.675174713134766, 57.656612396240234
39.675174713134766, 57.656612396240234
39.675174713134766, 57.656612396240234
42.57540512084961, 60.09280776977539
48.839908599853516, 66.70533752441406
60.09280776977539, 79.58236694335938
69.02552032470703, 86.42691040039062
65.54524230957031, 85.38282775878906
62.87702941894531, 79.23433685302734
62.87702941894531, 79.23433685302734
62.87702941894531, 79.23433685302734
62.87702941894531, 79.23433685302734
66.70533752441406, 83.64269256591797
66.70533752441406, 83.64269256591797
71.80974578857422, 80.85846710205078
77.49420166015625, 54.52436065673828
74.47795867919922, 36.19489669799805
74.47795867919922, 36.19489669799805
74.47795867919922, 36.19489669799805
74.47795867919922, 36.19489669799805
