actor_1,actor_2
68.44547271728516, 78.53828430175781
71.92575073242188, 80.16241455078125
68.21345520019531, 76.45011901855469
68.3294677734375, 56.26449966430664
79.69837951660156, 55.104408264160156
85.2668228149414, 49.88399124145508
82.25057983398438, 50.232017517089844
63.80510330200195, 42.343387603759766
55.33642578125, 39.559165954589844
49.07192611694336, 41.995361328125
39.44315719604492, 51.27610397338867
39.44315719604492, 51.27610397338867
37.35498809814453, 55.33642578125
43.73550033569336, 61.83294677734375
61.13689041137695, 81.6705322265625
65.6612548828125, 83.64269256591797
62.87702941894531, 79.9303970336914
61.02088165283203, 73.43387603759766
65.54524230957031, 70.18561553955078
65.54524230957031, 70.18561553955078
73.08584594726562, 59.28074264526367
77.14617156982422, 41.995361328125
73.89791107177734, 34.918792724609375
73.89791107177734, 34.918792724609375
77.6102066040039, 39.21113586425781
81.43851470947266, 42.11137008666992
78.65428924560547, 43.85150909423828
61.13689041137695, 38.515079498291016
54.060325622558594, 36.31090545654297
50.46403884887695, 35.96287536621094
50.46403884887695, 35.96287536621094
51.508121490478516, 38.747100830078125
51.508121490478516, 38.747100830078125
43.155452728271484, 53.71229553222656
34.106727600097656, 52.668212890625
34.106727600097656, 52.668212890625
34.106727600097656, 52.668212890625
34.106727600097656, 52.668212890625
37.35498809814453, 55.33642578125
43.73550033569336, 61.83294677734375
55.22041702270508, 74.70997619628906
65.19721221923828, 80.04640197753906
62.87702941894531, 79.9303970336914
61.02088165283203, 73.43387603759766
61.02088165283203, 73.43387603759766
61.02088165283203, 73.43387603759766
61.02088165283203, 73.43387603759766
64.7331771850586, 78.19025421142578
64.7331771850586, 78.19025421142578
70.0696029663086, 75.17401123046875
75.52204132080078, 49.767982482910156
70.76566314697266, 31.786542892456055
70.76566314697266, 31.786542892456055
70.76566314697266, 31.786542892456055
70.76566314697266, 31.786542892456055
