actor_1,actor_2
69.14153289794922, 84.45475769042969
71.69373321533203, 86.658935546875
68.90951538085938, 81.32250213623047
68.21345520019531, 61.13689041137695
81.32250213623047, 62.064964294433594
86.07888793945312, 57.54060363769531
85.2668228149414, 56.61252975463867
66.70533752441406, 46.28770446777344
57.30858612060547, 42.343387603759766
50.81206512451172, 44.895591735839844
40.13920974731445, 52.55220413208008
40.13920974731445, 52.55220413208008
38.16705322265625, 56.38051223754883
45.59164810180664, 64.50115966796875
62.76102066040039, 85.84687042236328
65.77725982666016, 88.16705322265625
63.57308578491211, 83.41067504882812
61.71693801879883, 76.45011901855469
66.35730743408203, 74.47795867919922
66.35730743408203, 74.47795867919922
74.47795867919922, 65.54524230957031
78.42227172851562, 48.37586975097656
76.68213653564453, 40.71925735473633
76.68213653564453, 40.71925735473633
80.2784194946289, 44.54756546020508
83.52667999267578, 48.37586975097656
82.9466323852539, 48.37586975097656
64.7331771850586, 41.067283630371094
56.49652099609375, 37.935035705566406
52.436195373535156, 37.47099685668945
52.436195373535156, 37.47099685668945
52.78422164916992, 41.415313720703125
52.78422164916992, 41.415313720703125
45.59164810180664, 55.33642578125
35.15081024169922, 53.59628677368164
35.15081024169922, 53.59628677368164
35.15081024169922, 53.59628677368164
35.15081024169922, 53.59628677368164
38.16705322265625, 56.38051223754883
45.59164810180664, 64.50115966796875
58.004638671875, 79.46635437011719
64.03712463378906, 84.22274017333984
63.57308578491211, 83.41067504882812
61.71693801879883, 76.45011901855469
61.71693801879883, 76.45011901855469
61.71693801879883, 76.45011901855469
61.71693801879883, 76.45011901855469
66.70533752441406, 82.48259735107422
66.70533752441406, 82.48259735107422
72.62181091308594, 80.74246215820312
77.03015899658203, 56.61252975463867
72.50579833984375, 37.12297058105469
72.50579833984375, 37.12297058105469
72.50579833984375, 37.12297058105469
72.50579833984375, 37.12297058105469
