actor_1,actor_2
71.46171569824219, 81.43851470947266
74.12992858886719, 83.17865753173828
71.46171569824219, 77.7262191772461
70.18561553955078, 58.81670379638672
83.52667999267578, 58.46867752075195
87.9350357055664, 54.6403694152832
87.0069580078125, 54.52436065673828
68.79350280761719, 44.31554412841797
59.74477767944336, 40.95127487182617
53.3642692565918, 43.155452728271484
43.03944396972656, 50.11600875854492
43.03944396972656, 50.11600875854492
41.067283630371094, 54.40835189819336
47.911834716796875, 61.94895553588867
65.08120727539062, 83.0626449584961
68.3294677734375, 84.91879272460938
66.12528991699219, 80.04640197753906
64.03712463378906, 73.31786346435547
68.67749786376953, 71.11368560791016
68.67749786376953, 71.11368560791016
76.45011901855469, 62.52900314331055
79.69837951660156, 46.40371322631836
78.19025421142578, 38.86310958862305
78.19025421142578, 38.86310958862305
82.5986099243164, 41.87934875488281
85.84687042236328, 45.70765686035156
85.03480529785156, 46.86774826049805
67.0533676147461, 39.327144622802734
58.932716369628906, 36.890953063964844
54.75638198852539, 36.42691421508789
54.75638198852539, 36.42691421508789
55.22041702270508, 40.02320098876953
55.22041702270508, 40.02320098876953
48.0278434753418, 52.900230407714844
37.819026947021484, 51.392112731933594
37.819026947021484, 51.392112731933594
37.819026947021484, 51.392112731933594
37.819026947021484, 51.392112731933594
41.067283630371094, 54.40835189819336
47.911834716796875, 61.94895553588867
60.440834045410156, 77.14617156982422
66.9373550415039, 81.78654479980469
66.12528991699219, 80.04640197753906
64.03712463378906, 73.31786346435547
64.03712463378906, 73.31786346435547
64.03712463378906, 73.31786346435547
64.03712463378906, 73.31786346435547
68.90951538085938, 78.65428924560547
68.90951538085938, 78.65428924560547
74.9419937133789, 76.79814147949219
78.88631439208984, 54.060325622558594
74.36194610595703, 35.61484909057617
74.36194610595703, 35.61484909057617
74.36194610595703, 35.61484909057617
74.36194610595703, 35.61484909057617
