actor_1,actor_2
70.41763305664062, 80.62644958496094
71.69373321533203, 77.37818908691406
69.02552032470703, 73.78190612792969
67.16937255859375, 54.060325622558594
81.90254974365234, 53.82830810546875
85.7308578491211, 49.651973724365234
85.7308578491211, 53.94431686401367
66.70533752441406, 42.80742645263672
59.28074264526367, 39.79118347167969
54.6403694152832, 42.92343521118164
44.19953536987305, 50.232017517089844
44.19953536987305, 50.232017517089844
40.71925735473633, 54.52436065673828
45.823665618896484, 60.55684280395508
62.064964294433594, 82.13456726074219
64.7331771850586, 79.69837951660156
62.52900314331055, 76.45011901855469
60.672855377197266, 70.41763305664062
66.12528991699219, 67.51740264892578
66.12528991699219, 67.51740264892578
74.24594116210938, 58.81670379638672
76.91415405273438, 41.2993049621582
73.89791107177734, 33.178653717041016
73.89791107177734, 33.178653717041016
78.53828430175781, 37.006961822509766
82.48259735107422, 39.90719223022461
82.5986099243164, 44.77958297729492
64.03712463378906, 37.23897933959961
57.88862991333008, 35.0348014831543
54.40835189819336, 34.68677520751953
54.40835189819336, 34.68677520751953
55.80046463012695, 38.86310958862305
55.80046463012695, 38.86310958862305
50.11600875854492, 54.176334381103516
38.28306198120117, 51.508121490478516
38.28306198120117, 51.508121490478516
38.28306198120117, 51.508121490478516
38.28306198120117, 51.508121490478516
40.71925735473633, 54.52436065673828
45.823665618896484, 60.55684280395508
55.33642578125, 74.36194610595703
62.76102066040039, 78.19025421142578
62.52900314331055, 76.45011901855469
60.672855377197266, 70.41763305664062
60.672855377197266, 70.41763305664062
60.672855377197266, 70.41763305664062
60.672855377197266, 70.41763305664062
65.77725982666016, 76.56612396240234
65.77725982666016, 76.56612396240234
72.96984100341797, 74.36194610595703
76.79814147949219, 48.607887268066406
70.53364562988281, 30.742460250854492
70.53364562988281, 30.742460250854492
70.53364562988281, 30.742460250854492
70.53364562988281, 30.742460250854492
