actor_1,actor_2
64.7331771850586, 80.51044464111328
67.16937255859375, 78.42227172851562
64.7331771850586, 75.29002380371094
64.38514709472656, 56.728538513183594
80.04640197753906, 56.26449966430664
83.99072265625, 51.74013900756836
82.9466323852539, 55.68445587158203
63.921112060546875, 44.43155288696289
56.0324821472168, 41.53132247924805
51.27610397338867, 44.19953536987305
38.28306198120117, 51.160091400146484
38.28306198120117, 51.160091400146484
34.22273635864258, 54.988399505615234
39.79118347167969, 61.02088165283203
56.728538513183594, 81.20649719238281
60.324825286865234, 79.81438446044922
58.35266876220703, 76.91415405273438
56.728538513183594, 70.9976806640625
62.412994384765625, 69.02552032470703
62.412994384765625, 69.02552032470703
71.69373321533203, 61.71693801879883
75.52204132080078, 43.85150909423828
74.70997619628906, 36.658931732177734
74.70997619628906, 36.658931732177734
79.11833190917969, 40.603248596191406
82.83062744140625, 43.03944396972656
82.01856231689453, 47.563804626464844
63.80510330200195, 39.327144622802734
56.61252975463867, 37.12297058105469
53.3642692565918, 36.54292297363281
53.3642692565918, 36.54292297363281
52.900230407714844, 40.25522232055664
52.900230407714844, 40.25522232055664
44.31554412841797, 55.45243453979492
32.13457107543945, 52.088165283203125
32.13457107543945, 52.088165283203125
32.13457107543945, 52.088165283203125
32.13457107543945, 52.088165283203125
34.22273635864258, 54.988399505615234
39.79118347167969, 61.02088165283203
50.11600875854492, 73.31786346435547
58.46867752075195, 78.53828430175781
58.35266876220703, 76.91415405273438
56.728538513183594, 70.9976806640625
56.728538513183594, 70.9976806640625
56.728538513183594, 70.9976806640625
56.728538513183594, 70.9976806640625
62.52900314331055, 77.14617156982422
62.52900314331055, 77.14617156982422
69.7215805053711, 75.98607635498047
75.0580062866211, 51.160091400146484
71.22969818115234, 34.338748931884766
71.22969818115234, 34.338748931884766
71.22969818115234, 34.338748931884766
71.22969818115234, 34.338748931884766
