actor_1,actor_2
70.76566314697266, 85.2668228149414
72.85382843017578, 88.05104064941406
68.09745025634766, 85.7308578491211
67.63340759277344, 60.672855377197266
77.84222412109375, 59.396751403808594
83.87471008300781, 53.82830810546875
83.64269256591797, 54.87239074707031
65.77725982666016, 43.73550033569336
57.656612396240234, 40.603248596191406
52.320186614990234, 43.271461486816406
43.38747024536133, 52.668212890625
43.38747024536133, 52.668212890625
40.02320098876953, 56.14849090576172
47.099769592285156, 62.52900314331055
63.80510330200195, 84.45475769042969
66.58932495117188, 87.23897552490234
62.52900314331055, 84.68677520751953
61.252899169921875, 77.37818908691406
66.24130249023438, 78.19025421142578
66.24130249023438, 78.19025421142578
73.08584594726562, 66.00927734375
73.54988098144531, 46.6357307434082
71.11368560791016, 38.05104446411133
71.11368560791016, 38.05104446411133
75.17401123046875, 41.76333999633789
80.85846710205078, 44.19953536987305
80.74246215820312, 45.939674377441406
64.2691421508789, 38.28306198120117
56.728538513183594, 36.078887939453125
53.3642692565918, 35.38283157348633
53.3642692565918, 35.38283157348633
54.060325622558594, 39.44315719604492
54.060325622558594, 39.44315719604492
47.911834716796875, 56.728538513183594
37.935035705566406, 52.900230407714844
37.935035705566406, 52.900230407714844
37.935035705566406, 52.900230407714844
37.935035705566406, 52.900230407714844
40.02320098876953, 56.14849090576172
47.099769592285156, 62.52900314331055
57.42459487915039, 75.4060287475586
66.00927734375, 83.75869750976562
62.52900314331055, 84.68677520751953
61.252899169921875, 77.37818908691406
61.252899169921875, 77.37818908691406
61.252899169921875, 77.37818908691406
61.252899169921875, 77.37818908691406
65.77725982666016, 83.87471008300781
65.77725982666016, 83.87471008300781
71.46171569824219, 85.03480529785156
73.43387603759766, 54.40835189819336
68.09745025634766, 34.45475769042969
68.09745025634766, 34.45475769042969
68.09745025634766, 34.45475769042969
68.09745025634766, 34.45475769042969
