actor_1,actor_2
67.16937255859375, 82.9466323852539
69.83758544921875, 84.91879272460938
65.54524230957031, 82.71461486816406
65.08120727539062, 58.584686279296875
75.87007141113281, 57.07656478881836
81.90254974365234, 51.27610397338867
81.43851470947266, 53.248260498046875
63.57308578491211, 42.69141387939453
55.22041702270508, 40.13920974731445
49.419952392578125, 43.73550033569336
39.79118347167969, 51.508121490478516
39.79118347167969, 51.508121490478516
36.54292297363281, 54.988399505615234
43.50347900390625, 61.252899169921875
60.55684280395508, 82.5986099243164
64.03712463378906, 84.45475769042969
60.324825286865234, 82.13456726074219
58.81670379638672, 74.9419937133789
63.45707702636719, 75.29002380371094
63.45707702636719, 75.29002380371094
70.53364562988281, 63.45707702636719
71.46171569824219, 44.083526611328125
68.79350280761719, 35.38283157348633
68.79350280761719, 35.38283157348633
72.96984100341797, 39.09512710571289
78.53828430175781, 41.415313720703125
77.95823669433594, 44.19953536987305
61.484920501708984, 37.23897933959961
53.82830810546875, 35.38283157348633
50.11600875854492, 35.0348014831543
50.11600875854492, 35.0348014831543
51.27610397338867, 39.44315719604492
51.27610397338867, 39.44315719604492
44.54756546020508, 55.33642578125
34.22273635864258, 52.088165283203125
34.22273635864258, 52.088165283203125
34.22273635864258, 52.088165283203125
34.22273635864258, 52.088165283203125
36.54292297363281, 54.988399505615234
43.50347900390625, 61.252899169921875
54.52436065673828, 73.08584594726562
62.993038177490234, 80.51044464111328
60.324825286865234, 82.13456726074219
58.81670379638672, 74.9419937133789
58.81670379638672, 74.9419937133789
58.81670379638672, 74.9419937133789
58.81670379638672, 74.9419937133789
63.225059509277344, 80.97447967529297
63.225059509277344, 80.97447967529297
68.67749786376953, 81.78654479980469
71.22969818115234, 51.9721565246582
65.54524230957031, 31.902551651000977
65.54524230957031, 31.902551651000977
65.54524230957031, 31.902551651000977
65.54524230957031, 31.902551651000977
