actor_1,actor_2
70.64965057373047, 85.96287536621094
73.43387603759766, 88.05104064941406
70.64965057373047, 85.84687042236328
71.46171569824219, 63.341068267822266
78.65428924560547, 60.78886413574219
82.71461486816406, 53.48027801513672
80.97447967529297, 54.40835189819336
62.412994384765625, 43.03944396972656
55.22041702270508, 41.067283630371094
50.232017517089844, 44.895591735839844
41.76333999633789, 51.9721565246582
41.76333999633789, 51.9721565246582
40.37123107910156, 54.40835189819336
45.823665618896484, 60.20881652832031
63.57308578491211, 85.03480529785156
67.4013900756836, 87.58700561523438
64.96519470214844, 85.2668228149414
64.38514709472656, 78.88631439208984
69.6055679321289, 79.35034942626953
69.6055679321289, 79.35034942626953
75.17401123046875, 67.98143768310547
76.21809387207031, 47.21577835083008
72.2737808227539, 38.6310920715332
72.2737808227539, 38.6310920715332
74.5939712524414, 41.995361328125
78.53828430175781, 43.9675178527832
77.2621841430664, 45.24361801147461
59.86079025268555, 37.819026947021484
53.3642692565918, 36.890953063964844
49.767982482910156, 36.774940490722656
49.767982482910156, 36.774940490722656
51.27610397338867, 40.603248596191406
51.27610397338867, 40.603248596191406
46.05568313598633, 55.22041702270508
37.47099685668945, 52.20417785644531
37.47099685668945, 52.20417785644531
37.47099685668945, 52.20417785644531
37.47099685668945, 52.20417785644531
40.37123107910156, 54.40835189819336
45.823665618896484, 60.20881652832031
56.49652099609375, 75.0580062866211
66.82134246826172, 83.64269256591797
64.96519470214844, 85.2668228149414
64.38514709472656, 78.88631439208984
64.38514709472656, 78.88631439208984
64.38514709472656, 78.88631439208984
64.38514709472656, 78.88631439208984
67.63340759277344, 84.45475769042969
67.63340759277344, 84.45475769042969
73.43387603759766, 85.38282775878906
76.10208892822266, 56.0324821472168
68.67749786376953, 35.38283157348633
68.67749786376953, 35.38283157348633
68.67749786376953, 35.38283157348633
68.67749786376953, 35.38283157348633
