actor_1,actor_2
68.21345520019531, 89.44315338134766
70.0696029663086, 90.48723602294922
67.63340759277344, 86.77494049072266
66.82134246826172, 64.15312957763672
78.19025421142578, 62.180973052978516
83.75869750976562, 56.38051223754883
83.0626449584961, 57.30858612060547
66.00927734375, 45.823665618896484
59.16473388671875, 42.80742645263672
51.508121490478516, 44.66357421875
43.03944396972656, 54.40835189819336
43.03944396972656, 54.40835189819336
41.415313720703125, 57.30858612060547
45.939674377441406, 64.50115966796875
61.3689079284668, 88.74710083007812
64.38514709472656, 89.55916595458984
62.180973052978516, 85.96287536621094
60.90487289428711, 79.46635437011719
65.77725982666016, 80.04640197753906
65.77725982666016, 80.04640197753906
72.62181091308594, 69.25753784179688
77.37818908691406, 49.07192611694336
74.36194610595703, 39.327144622802734
74.36194610595703, 39.327144622802734
77.49420166015625, 43.50347900390625
80.2784194946289, 46.40371322631836
79.81438446044922, 47.679813385009766
63.68909454345703, 40.37123107910156
57.88862991333008, 38.16705322265625
54.40835189819336, 37.12297058105469
54.40835189819336, 37.12297058105469
54.75638198852539, 41.415313720703125
54.75638198852539, 41.415313720703125
47.44779586791992, 58.23666000366211
38.399070739746094, 54.29234313964844
38.399070739746094, 54.29234313964844
38.399070739746094, 54.29234313964844
38.399070739746094, 54.29234313964844
41.415313720703125, 57.30858612060547
45.939674377441406, 64.50115966796875
55.916473388671875, 78.88631439208984
64.2691421508789, 87.12297058105469
62.180973052978516, 85.96287536621094
60.90487289428711, 79.46635437011719
60.90487289428711, 79.46635437011719
60.90487289428711, 79.46635437011719
60.90487289428711, 79.46635437011719
66.24130249023438, 85.38282775878906
66.24130249023438, 85.38282775878906
71.46171569824219, 86.19489288330078
74.47795867919922, 57.42459487915039
70.41763305664062, 36.31090545654297
70.41763305664062, 36.31090545654297
70.41763305664062, 36.31090545654297
70.41763305664062, 36.31090545654297
