actor_1,actor_2
69.6055679321289, 91.41531372070312
71.46171569824219, 93.96751403808594
69.37355041503906, 88.86310577392578
69.83758544921875, 62.993038177490234
79.35034942626953, 61.252899169921875
85.84687042236328, 57.30858612060547
84.22274017333984, 57.42459487915039
68.09745025634766, 46.17169189453125
59.512760162353516, 43.155452728271484
53.01624298095703, 44.77958297729492
44.19953536987305, 55.80046463012695
44.19953536987305, 55.80046463012695
41.415313720703125, 60.55684280395508
48.72389602661133, 67.0533676147461
62.2969856262207, 91.29930114746094
64.84918975830078, 94.43155670166016
63.109046936035156, 89.21113586425781
62.412994384765625, 81.32250213623047
68.44547271728516, 80.62644958496094
68.44547271728516, 80.62644958496094
75.4060287475586, 66.47332000732422
79.35034942626953, 47.679813385009766
75.17401123046875, 38.97911834716797
75.17401123046875, 38.97911834716797
77.37818908691406, 43.03944396972656
81.09048461914062, 47.099769592285156
79.69837951660156, 48.0278434753418
64.61717224121094, 39.675174713134766
57.07656478881836, 37.587005615234375
54.176334381103516, 36.078887939453125
54.176334381103516, 36.078887939453125
55.68445587158203, 41.18329620361328
55.68445587158203, 41.18329620361328
48.14385223388672, 58.7006950378418
38.6310920715332, 55.68445587158203
38.6310920715332, 55.68445587158203
38.6310920715332, 55.68445587158203
38.6310920715332, 55.68445587158203
41.415313720703125, 60.55684280395508
48.72389602661133, 67.0533676147461
57.772621154785156, 82.48259735107422
63.45707702636719, 91.995361328125
63.109046936035156, 89.21113586425781
62.412994384765625, 81.32250213623047
62.412994384765625, 81.32250213623047
62.412994384765625, 81.32250213623047
62.412994384765625, 81.32250213623047
66.70533752441406, 85.49884033203125
66.70533752441406, 85.49884033203125
73.6658935546875, 85.15081024169922
76.91415405273438, 55.45243453979492
71.57772827148438, 35.846866607666016
71.57772827148438, 35.846866607666016
71.57772827148438, 35.846866607666016
71.57772827148438, 35.846866607666016
