actor_1,actor_2
61.484920501708984, 87.0069580078125
62.993038177490234, 87.81902313232422
61.3689079284668, 83.17865753173828
61.83294677734375, 58.004638671875
72.7378158569336, 58.004638671875
77.49420166015625, 51.85614776611328
76.56612396240234, 53.94431686401367
59.512760162353516, 42.69141387939453
50.81206512451172, 39.675174713134766
45.24361801147461, 41.76333999633789
36.19489669799805, 49.3039436340332
36.19489669799805, 49.3039436340332
33.64269256591797, 54.29234313964844
40.02320098876953, 61.252899169921875
54.176334381103516, 86.658935546875
57.30858612060547, 87.47100067138672
55.68445587158203, 82.9466323852539
54.29234313964844, 74.36194610595703
59.74477767944336, 73.89791107177734
59.74477767944336, 73.89791107177734
67.51740264892578, 61.71693801879883
71.69373321533203, 43.03944396972656
66.82134246826172, 34.338748931884766
66.82134246826172, 34.338748931884766
69.95359802246094, 38.399070739746094
72.62181091308594, 41.995361328125
72.04176330566406, 45.011600494384766
56.61252975463867, 36.54292297363281
48.839908599853516, 34.918792724609375
45.3596305847168, 33.990718841552734
45.3596305847168, 33.990718841552734
46.86774826049805, 38.16705322265625
46.86774826049805, 38.16705322265625
39.44315719604492, 52.436195373535156
30.626449584960938, 49.419952392578125
30.626449584960938, 49.419952392578125
30.626449584960938, 49.419952392578125
30.626449584960938, 49.419952392578125
33.64269256591797, 54.29234313964844
40.02320098876953, 61.252899169921875
49.767982482910156, 77.14617156982422
54.988399505615234, 84.22274017333984
55.68445587158203, 82.9466323852539
54.29234313964844, 74.36194610595703
54.29234313964844, 74.36194610595703
54.29234313964844, 74.36194610595703
54.29234313964844, 74.36194610595703
58.584686279296875, 79.81438446044922
58.584686279296875, 79.81438446044922
64.7331771850586, 79.23433685302734
69.7215805053711, 51.9721565246582
64.61717224121094, 32.01856231689453
64.61717224121094, 32.01856231689453
64.61717224121094, 32.01856231689453
64.61717224121094, 32.01856231689453
