actor_1,actor_2
68.79350280761719, 91.29930114746094
69.83758544921875, 91.29930114746094
68.21345520019531, 87.0069580078125
67.0533676147461, 63.45707702636719
79.58236694335938, 63.341068267822266
84.3387451171875, 57.30858612060547
83.17865753173828, 59.74477767944336
67.4013900756836, 48.607887268066406
58.81670379638672, 45.3596305847168
53.48027801513672, 47.44779586791992
44.19953536987305, 54.52436065673828
44.19953536987305, 54.52436065673828
41.2993049621582, 58.932716369628906
47.331787109375, 65.54524230957031
60.90487289428711, 90.37123107910156
63.921112060546875, 90.13921356201172
62.180973052978516, 85.96287536621094
59.62876892089844, 78.42227172851562
65.08120727539062, 78.42227172851562
65.08120727539062, 78.42227172851562
72.7378158569336, 67.28538513183594
77.49420166015625, 48.607887268066406
72.2737808227539, 40.487239837646484
72.2737808227539, 40.487239837646484
76.68213653564453, 44.66357421875
79.11833190917969, 48.25986099243164
78.30626678466797, 50.6960563659668
63.80510330200195, 42.57540512084961
56.14849090576172, 40.25522232055664
52.900230407714844, 39.327144622802734
52.900230407714844, 39.327144622802734
55.33642578125, 43.85150909423828
55.33642578125, 43.85150909423828
47.79582214355469, 57.30858612060547
38.515079498291016, 54.40835189819336
38.515079498291016, 54.40835189819336
38.515079498291016, 54.40835189819336
38.515079498291016, 54.40835189819336
41.2993049621582, 58.932716369628906
47.331787109375, 65.54524230957031
56.14849090576172, 81.43851470947266
61.13689041137695, 87.0069580078125
62.180973052978516, 85.96287536621094
59.62876892089844, 78.42227172851562
59.62876892089844, 78.42227172851562
59.62876892089844, 78.42227172851562
59.62876892089844, 78.42227172851562
63.57308578491211, 83.64269256591797
63.57308578491211, 83.64269256591797
69.83758544921875, 83.87471008300781
75.17401123046875, 57.54060363769531
69.7215805053711, 37.47099685668945
69.7215805053711, 37.47099685668945
69.7215805053711, 37.47099685668945
69.7215805053711, 37.47099685668945
