actor_1,actor_2
65.42923736572266, 88.74710083007812
66.70533752441406, 88.05104064941406
64.96519470214844, 83.52667999267578
64.50115966796875, 58.46867752075195
75.87007141113281, 57.656612396240234
80.3944320678711, 51.62413024902344
79.11833190917969, 54.87239074707031
64.15312957763672, 45.24361801147461
55.56844711303711, 42.69141387939453
50.46403884887695, 45.3596305847168
41.53132247924805, 53.48027801513672
41.53132247924805, 53.48027801513672
38.6310920715332, 58.004638671875
44.54756546020508, 63.921112060546875
57.772621154785156, 87.9350357055664
60.90487289428711, 87.12297058105469
59.16473388671875, 82.83062744140625
57.30858612060547, 74.70997619628906
62.64501190185547, 74.36194610595703
62.64501190185547, 74.36194610595703
69.95359802246094, 62.2969856262207
74.36194610595703, 42.343387603759766
68.56148529052734, 34.106727600097656
68.56148529052734, 34.106727600097656
72.04176330566406, 38.28306198120117
74.5939712524414, 42.45939636230469
73.6658935546875, 45.939674377441406
60.09280776977539, 39.44315719604492
52.55220413208008, 37.7030143737793
49.651973724365234, 37.006961822509766
49.651973724365234, 37.006961822509766
52.436195373535156, 41.415313720703125
52.436195373535156, 41.415313720703125
44.895591735839844, 56.38051223754883
35.96287536621094, 53.48027801513672
35.96287536621094, 53.48027801513672
35.96287536621094, 53.48027801513672
35.96287536621094, 53.48027801513672
38.6310920715332, 58.004638671875
44.54756546020508, 63.921112060546875
53.13225173950195, 79.0023193359375
58.35266876220703, 84.22274017333984
59.16473388671875, 82.83062744140625
57.30858612060547, 74.70997619628906
57.30858612060547, 74.70997619628906
57.30858612060547, 74.70997619628906
57.30858612060547, 74.70997619628906
61.252899169921875, 79.9303970336914
61.252899169921875, 79.9303970336914
67.28538513183594, 79.81438446044922
72.3897933959961, 51.85614776611328
66.35730743408203, 31.554523468017578
66.35730743408203, 31.554523468017578
66.35730743408203, 31.554523468017578
66.35730743408203, 31.554523468017578
