actor_1,actor_2
65.08120727539062, 88.97911834716797
66.70533752441406, 87.9350357055664
65.08120727539062, 83.64269256591797
64.38514709472656, 58.932716369628906
75.75405883789062, 58.12065124511719
80.2784194946289, 52.088165283203125
79.0023193359375, 55.22041702270508
64.50115966796875, 45.70765686035156
56.14849090576172, 43.271461486816406
51.160091400146484, 45.70765686035156
41.995361328125, 53.94431686401367
41.995361328125, 53.94431686401367
38.515079498291016, 58.23666000366211
44.43155288696289, 64.15312957763672
57.30858612060547, 88.28306579589844
60.672855377197266, 87.12297058105469
59.04872512817383, 83.0626449584961
56.96055603027344, 75.17401123046875
62.52900314331055, 74.70997619628906
62.52900314331055, 74.70997619628906
69.6055679321289, 62.64501190185547
74.12992858886719, 43.03944396972656
68.56148529052734, 35.38283157348633
68.56148529052734, 35.38283157348633
72.15777587890625, 39.44315719604492
74.5939712524414, 43.50347900390625
73.54988098144531, 46.751739501953125
60.440834045410156, 40.25522232055664
53.01624298095703, 38.6310920715332
50.232017517089844, 37.935035705566406
50.232017517089844, 37.935035705566406
53.248260498046875, 41.995361328125
53.248260498046875, 41.995361328125
45.70765686035156, 56.61252975463867
36.19489669799805, 53.82830810546875
36.19489669799805, 53.82830810546875
36.19489669799805, 53.82830810546875
36.19489669799805, 53.82830810546875
38.515079498291016, 58.23666000366211
44.43155288696289, 64.15312957763672
52.55220413208008, 79.35034942626953
58.23666000366211, 84.57076263427734
59.04872512817383, 83.0626449584961
56.96055603027344, 75.17401123046875
56.96055603027344, 75.17401123046875
56.96055603027344, 75.17401123046875
56.96055603027344, 75.17401123046875
60.672855377197266, 80.2784194946289
60.672855377197266, 80.2784194946289
66.9373550415039, 80.04640197753906
72.04176330566406, 52.436195373535156
66.47332000732422, 32.71461868286133
66.47332000732422, 32.71461868286133
66.47332000732422, 32.71461868286133
66.47332000732422, 32.71461868286133
