actor_1,actor_2
70.41763305664062, 91.18329620361328
71.80974578857422, 92.80742645263672
70.53364562988281, 90.13921356201172
70.9976806640625, 66.24130249023438
81.09048461914062, 68.09745025634766
85.15081024169922, 61.252899169921875
84.22274017333984, 62.180973052978516
69.25753784179688, 50.6960563659668
61.484920501708984, 47.44779586791992
55.56844711303711, 48.25986099243164
47.099769592285156, 53.248260498046875
47.099769592285156, 53.248260498046875
43.61948776245117, 58.7006950378418
49.3039436340332, 65.19721221923828
62.412994384765625, 89.55916595458984
65.42923736572266, 90.95127868652344
64.61717224121094, 88.3990707397461
63.68909454345703, 79.58236694335938
69.14153289794922, 80.51044464111328
69.14153289794922, 80.51044464111328
76.79814147949219, 69.95359802246094
80.85846710205078, 51.160091400146484
76.3341064453125, 42.227378845214844
76.3341064453125, 42.227378845214844
77.84222412109375, 48.0278434753418
79.81438446044922, 50.92807388305664
78.19025421142578, 51.9721565246582
64.7331771850586, 43.85150909423828
57.772621154785156, 41.995361328125
54.060325622558594, 39.79118347167969
54.060325622558594, 39.79118347167969
57.30858612060547, 44.31554412841797
57.30858612060547, 44.31554412841797
50.348026275634766, 56.49652099609375
40.603248596191406, 52.320186614990234
40.603248596191406, 52.320186614990234
40.603248596191406, 52.320186614990234
40.603248596191406, 52.320186614990234
43.61948776245117, 58.7006950378418
49.3039436340332, 65.19721221923828
58.46867752075195, 81.6705322265625
63.45707702636719, 86.77494049072266
64.61717224121094, 88.3990707397461
63.68909454345703, 79.58236694335938
63.68909454345703, 79.58236694335938
63.68909454345703, 79.58236694335938
63.68909454345703, 79.58236694335938
68.21345520019531, 84.45475769042969
68.21345520019531, 84.45475769042969
74.47795867919922, 85.7308578491211
78.53828430175781, 59.97679901123047
73.78190612792969, 38.16705322265625
73.78190612792969, 38.16705322265625
73.78190612792969, 38.16705322265625
73.78190612792969, 38.16705322265625
