actor_1,actor_2
61.83294677734375, 83.17865753173828
62.52900314331055, 83.99072265625
61.600929260253906, 80.97447967529297
62.993038177490234, 54.988399505615234
72.85382843017578, 57.772621154785156
76.56612396240234, 51.160091400146484
76.79814147949219, 53.3642692565918
61.02088165283203, 44.43155288696289
54.176334381103516, 41.415313720703125
48.839908599853516, 43.50347900390625
39.327144622802734, 50.6960563659668
39.327144622802734, 50.6960563659668
36.19489669799805, 54.29234313964844
42.11137008666992, 60.324825286865234
54.6403694152832, 80.85846710205078
56.728538513183594, 80.85846710205078
56.0324821472168, 77.95823669433594
55.45243453979492, 69.7215805053711
60.440834045410156, 71.80974578857422
60.440834045410156, 71.80974578857422
68.3294677734375, 59.04872512817383
73.08584594726562, 41.415313720703125
69.02552032470703, 33.062644958496094
69.02552032470703, 33.062644958496094
70.64965057373047, 38.6310920715332
71.92575073242188, 41.53132247924805
71.92575073242188, 44.083526611328125
57.54060363769531, 38.28306198120117
51.62413024902344, 36.42691421508789
48.491878509521484, 35.266822814941406
48.491878509521484, 35.266822814941406
50.6960563659668, 40.02320098876953
50.6960563659668, 40.02320098876953
43.155452728271484, 52.78422164916992
33.87471008300781, 49.767982482910156
33.87471008300781, 49.767982482910156
33.87471008300781, 49.767982482910156
33.87471008300781, 49.767982482910156
36.19489669799805, 54.29234313964844
42.11137008666992, 60.324825286865234
50.46403884887695, 72.50579833984375
55.56844711303711, 77.95823669433594
56.0324821472168, 77.95823669433594
55.45243453979492, 69.7215805053711
55.45243453979492, 69.7215805053711
55.45243453979492, 69.7215805053711
55.45243453979492, 69.7215805053711
59.04872512817383, 74.47795867919922
59.04872512817383, 74.47795867919922
65.19721221923828, 76.79814147949219
70.64965057373047, 50.232017517089844
67.16937255859375, 30.046403884887695
67.16937255859375, 30.046403884887695
67.16937255859375, 30.046403884887695
67.16937255859375, 30.046403884887695
