actor_1,actor_2
62.993038177490234, 86.19489288330078
63.921112060546875, 86.89095306396484
62.52900314331055, 83.87471008300781
64.61717224121094, 57.19257354736328
73.31786346435547, 58.584686279296875
76.91415405273438, 51.27610397338867
77.6102066040039, 53.94431686401367
61.83294677734375, 45.70765686035156
55.56844711303711, 42.80742645263672
50.81206512451172, 45.3596305847168
40.95127487182617, 53.82830810546875
40.95127487182617, 53.82830810546875
37.12297058105469, 58.12065124511719
42.11137008666992, 63.45707702636719
55.33642578125, 84.80278778076172
57.42459487915039, 84.80278778076172
56.61252975463867, 81.6705322265625
56.49652099609375, 72.85382843017578
61.94895553588867, 74.70997619628906
61.94895553588867, 74.70997619628906
69.7215805053711, 61.3689079284668
74.01392364501953, 41.995361328125
69.14153289794922, 33.41067123413086
69.14153289794922, 33.41067123413086
69.7215805053711, 38.6310920715332
71.57772827148438, 41.415313720703125
71.80974578857422, 44.43155288696289
58.35266876220703, 39.675174713134766
53.01624298095703, 37.819026947021484
50.580047607421875, 36.42691421508789
50.580047607421875, 36.42691421508789
52.668212890625, 41.2993049621582
52.668212890625, 41.2993049621582
44.895591735839844, 55.80046463012695
35.0348014831543, 53.3642692565918
35.0348014831543, 53.3642692565918
35.0348014831543, 53.3642692565918
35.0348014831543, 53.3642692565918
37.12297058105469, 58.12065124511719
42.11137008666992, 63.45707702636719
51.160091400146484, 76.21809387207031
55.916473388671875, 81.55452728271484
56.61252975463867, 81.6705322265625
56.49652099609375, 72.85382843017578
56.49652099609375, 72.85382843017578
56.49652099609375, 72.85382843017578
56.49652099609375, 72.85382843017578
59.74477767944336, 77.95823669433594
59.74477767944336, 77.95823669433594
66.47332000732422, 79.9303970336914
71.92575073242188, 51.392112731933594
66.24130249023438, 31.090486526489258
66.24130249023438, 31.090486526489258
66.24130249023438, 31.090486526489258
66.24130249023438, 31.090486526489258
