actor_1,actor_2
62.52900314331055, 84.3387451171875
63.68909454345703, 86.19489288330078
62.52900314331055, 83.75869750976562
63.109046936035156, 57.772621154785156
72.7378158569336, 57.88862991333008
76.45011901855469, 50.81206512451172
75.75405883789062, 53.3642692565918
60.09280776977539, 41.87934875488281
53.01624298095703, 39.09512710571289
48.491878509521484, 41.415313720703125
39.675174713134766, 50.81206512451172
39.675174713134766, 50.81206512451172
35.846866607666016, 53.59628677368164
41.76333999633789, 58.932716369628906
54.87239074707031, 82.25057983398438
57.19257354736328, 83.52667999267578
56.49652099609375, 81.20649719238281
55.80046463012695, 72.85382843017578
61.02088165283203, 74.82598876953125
61.02088165283203, 74.82598876953125
69.02552032470703, 61.600929260253906
72.15777587890625, 42.92343521118164
68.3294677734375, 34.22273635864258
68.3294677734375, 34.22273635864258
69.6055679321289, 38.97911834716797
71.80974578857422, 40.95127487182617
70.76566314697266, 44.43155288696289
56.96055603027344, 37.23897933959961
50.6960563659668, 35.49884033203125
48.491878509521484, 35.0348014831543
48.491878509521484, 35.0348014831543
50.232017517089844, 38.515079498291016
50.232017517089844, 38.515079498291016
42.92343521118164, 53.48027801513672
33.64269256591797, 50.11600875854492
33.64269256591797, 50.11600875854492
33.64269256591797, 50.11600875854492
33.64269256591797, 50.11600875854492
35.846866607666016, 53.59628677368164
41.76333999633789, 58.932716369628906
49.88399124145508, 73.20185852050781
55.68445587158203, 80.16241455078125
56.49652099609375, 81.20649719238281
55.80046463012695, 72.85382843017578
55.80046463012695, 72.85382843017578
55.80046463012695, 72.85382843017578
55.80046463012695, 72.85382843017578
59.512760162353516, 77.7262191772461
59.512760162353516, 77.7262191772461
66.35730743408203, 80.16241455078125
70.53364562988281, 51.04408264160156
64.50115966796875, 32.250579833984375
64.50115966796875, 32.250579833984375
64.50115966796875, 32.250579833984375
64.50115966796875, 32.250579833984375
