actor_1,actor_2
65.89327239990234, 83.29466247558594
67.28538513183594, 84.45475769042969
65.31322479248047, 82.71461486816406
67.28538513183594, 56.728538513183594
75.52204132080078, 57.42459487915039
80.3944320678711, 48.95591735839844
79.35034942626953, 50.92807388305664
63.225059509277344, 41.53132247924805
55.45243453979492, 38.28306198120117
48.95591735839844, 40.71925735473633
40.83526611328125, 50.11600875854492
40.83526611328125, 50.11600875854492
37.935035705566406, 53.248260498046875
44.31554412841797, 59.97679901123047
58.7006950378418, 82.83062744140625
61.13689041137695, 84.3387451171875
59.62876892089844, 82.48259735107422
59.86079025268555, 73.89791107177734
64.84918975830078, 73.78190612792969
64.84918975830078, 73.78190612792969
72.62181091308594, 61.484920501708984
75.63805389404297, 40.83526611328125
72.7378158569336, 33.41067123413086
72.7378158569336, 33.41067123413086
74.12992858886719, 38.86310958862305
76.91415405273438, 40.02320098876953
75.63805389404297, 43.03944396972656
61.252899169921875, 36.658931732177734
53.94431686401367, 34.338748931884766
50.46403884887695, 33.41067123413086
50.46403884887695, 33.41067123413086
51.508121490478516, 37.12297058105469
51.508121490478516, 37.12297058105469
44.31554412841797, 53.01624298095703
35.846866607666016, 49.651973724365234
35.846866607666016, 49.651973724365234
35.846866607666016, 49.651973724365234
35.846866607666016, 49.651973724365234
37.935035705566406, 53.248260498046875
44.31554412841797, 59.97679901123047
53.59628677368164, 74.70997619628906
59.86079025268555, 81.32250213623047
59.62876892089844, 82.48259735107422
59.86079025268555, 73.89791107177734
59.86079025268555, 73.89791107177734
59.86079025268555, 73.89791107177734
59.86079025268555, 73.89791107177734
63.68909454345703, 79.46635437011719
63.68909454345703, 79.46635437011719
69.95359802246094, 80.04640197753906
73.78190612792969, 50.232017517089844
70.0696029663086, 31.090486526489258
70.0696029663086, 31.090486526489258
70.0696029663086, 31.090486526489258
70.0696029663086, 31.090486526489258
