actor_1,actor_2
68.79350280761719, 85.38282775878906
71.46171569824219, 89.3271484375
70.76566314697266, 86.54292297363281
71.57772827148438, 61.3689079284668
80.51044464111328, 62.64501190185547
84.91879272460938, 54.988399505615234
82.13456726074219, 54.6403694152832
65.42923736572266, 43.50347900390625
58.46867752075195, 39.79118347167969
51.74013900756836, 42.45939636230469
45.011600494384766, 49.419952392578125
45.011600494384766, 49.419952392578125
42.69141387939453, 52.20417785644531
48.14385223388672, 60.20881652832031
61.252899169921875, 84.10672760009766
64.7331771850586, 88.51508331298828
64.38514709472656, 85.61485290527344
63.921112060546875, 76.56612396240234
69.48955535888672, 76.79814147949219
69.48955535888672, 76.79814147949219
76.45011901855469, 66.9373550415039
81.43851470947266, 46.28770446777344
78.77030181884766, 36.19489669799805
78.77030181884766, 36.19489669799805
80.62644958496094, 40.95127487182617
81.78654479980469, 43.73550033569336
79.46635437011719, 44.66357421875
63.921112060546875, 37.587005615234375
57.54060363769531, 34.68677520751953
53.71229553222656, 33.64269256591797
53.71229553222656, 33.64269256591797
54.29234313964844, 38.05104446411133
54.29234313964844, 38.05104446411133
47.911834716796875, 52.78422164916992
39.44315719604492, 48.491878509521484
39.44315719604492, 48.491878509521484
39.44315719604492, 48.491878509521484
39.44315719604492, 48.491878509521484
42.69141387939453, 52.20417785644531
48.14385223388672, 60.20881652832031
57.07656478881836, 76.56612396240234
63.921112060546875, 85.15081024169922
64.38514709472656, 85.61485290527344
63.921112060546875, 76.56612396240234
63.921112060546875, 76.56612396240234
63.921112060546875, 76.56612396240234
63.921112060546875, 76.56612396240234
66.82134246826172, 82.9466323852539
66.82134246826172, 82.9466323852539
73.89791107177734, 83.87471008300781
78.30626678466797, 55.45243453979492
74.82598876953125, 33.178653717041016
74.82598876953125, 33.178653717041016
74.82598876953125, 33.178653717041016
74.82598876953125, 33.178653717041016
