actor_1,actor_2
66.9373550415039, 85.03480529785156
69.14153289794922, 87.12297058105469
68.79350280761719, 83.87471008300781
70.88166809082031, 59.74477767944336
79.81438446044922, 59.74477767944336
83.99072265625, 52.320186614990234
82.01856231689453, 53.82830810546875
66.12528991699219, 45.011600494384766
60.09280776977539, 41.76333999633789
54.29234313964844, 45.12760925292969
43.61948776245117, 53.248260498046875
43.61948776245117, 53.248260498046875
40.25522232055664, 55.104408264160156
45.011600494384766, 61.600929260253906
60.09280776977539, 83.64269256591797
62.76102066040039, 86.19489288330078
62.87702941894531, 82.5986099243164
62.993038177490234, 74.12992858886719
68.21345520019531, 74.82598876953125
68.21345520019531, 74.82598876953125
75.98607635498047, 64.03712463378906
80.74246215820312, 42.92343521118164
77.49420166015625, 34.106727600097656
77.49420166015625, 34.106727600097656
79.0023193359375, 39.559165954589844
80.51044464111328, 42.227378845214844
78.77030181884766, 44.43155288696289
64.61717224121094, 38.6310920715332
59.16473388671875, 36.42691421508789
56.14849090576172, 35.730857849121094
56.14849090576172, 35.730857849121094
56.61252975463867, 40.13920974731445
56.61252975463867, 40.13920974731445
47.679813385009766, 56.728538513183594
37.819026947021484, 52.320186614990234
37.819026947021484, 52.320186614990234
37.819026947021484, 52.320186614990234
37.819026947021484, 52.320186614990234
40.25522232055664, 55.104408264160156
45.011600494384766, 61.600929260253906
55.56844711303711, 75.75405883789062
61.600929260253906, 82.83062744140625
62.87702941894531, 82.5986099243164
62.993038177490234, 74.12992858886719
62.993038177490234, 74.12992858886719
62.993038177490234, 74.12992858886719
62.993038177490234, 74.12992858886719
66.9373550415039, 79.9303970336914
66.9373550415039, 79.9303970336914
73.08584594726562, 81.09048461914062
78.07424926757812, 51.9721565246582
72.96984100341797, 32.250579833984375
72.96984100341797, 32.250579833984375
72.96984100341797, 32.250579833984375
72.96984100341797, 32.250579833984375
