actor_1,actor_2
69.37355041503906, 85.03480529785156
69.95359802246094, 87.70301818847656
68.44547271728516, 85.2668228149414
68.56148529052734, 60.90487289428711
79.11833190917969, 61.252899169921875
82.5986099243164, 53.48027801513672
83.41067504882812, 54.6403694152832
66.9373550415039, 44.31554412841797
60.672855377197266, 41.415313720703125
56.14849090576172, 43.9675178527832
45.24361801147461, 54.060325622558594
45.24361801147461, 54.060325622558594
40.95127487182617, 55.68445587158203
46.17169189453125, 62.180973052978516
61.252899169921875, 83.52667999267578
62.52900314331055, 86.31090545654297
61.252899169921875, 83.64269256591797
60.09280776977539, 75.52204132080078
66.35730743408203, 76.68213653564453
66.35730743408203, 76.68213653564453
74.24594116210938, 65.89327239990234
77.14617156982422, 45.3596305847168
74.01392364501953, 37.006961822509766
74.01392364501953, 37.006961822509766
76.56612396240234, 41.64733123779297
79.23433685302734, 43.03944396972656
79.81438446044922, 44.66357421875
64.96519470214844, 39.327144622802734
59.512760162353516, 37.7030143737793
57.07656478881836, 36.774940490722656
57.07656478881836, 36.774940490722656
58.004638671875, 39.90719223022461
58.004638671875, 39.90719223022461
49.767982482910156, 56.49652099609375
39.21113586425781, 52.900230407714844
39.21113586425781, 52.900230407714844
39.21113586425781, 52.900230407714844
39.21113586425781, 52.900230407714844
40.95127487182617, 55.68445587158203
46.17169189453125, 62.180973052978516
55.22041702270508, 77.37818908691406
62.76102066040039, 83.0626449584961
61.252899169921875, 83.64269256591797
60.09280776977539, 75.52204132080078
60.09280776977539, 75.52204132080078
60.09280776977539, 75.52204132080078
60.09280776977539, 75.52204132080078
64.15312957763672, 81.32250213623047
64.15312957763672, 81.32250213623047
71.46171569824219, 82.83062744140625
75.87007141113281, 54.40835189819336
68.44547271728516, 33.52668380737305
68.44547271728516, 33.52668380737305
68.44547271728516, 33.52668380737305
68.44547271728516, 33.52668380737305
