actor_1,actor_2
67.98143768310547, 82.13456726074219
68.44547271728516, 83.99072265625
66.9373550415039, 81.43851470947266
67.63340759277344, 57.07656478881836
78.07424926757812, 57.54060363769531
81.09048461914062, 49.651973724365234
81.90254974365234, 51.85614776611328
65.19721221923828, 42.80742645263672
58.932716369628906, 39.79118347167969
54.75638198852539, 42.80742645263672
43.50347900390625, 52.436195373535156
43.50347900390625, 52.436195373535156
38.97911834716797, 53.82830810546875
44.54756546020508, 60.324825286865234
59.97679901123047, 80.74246215820312
61.252899169921875, 82.83062744140625
60.09280776977539, 80.04640197753906
59.16473388671875, 71.57772827148438
65.08120727539062, 72.50579833984375
65.08120727539062, 72.50579833984375
72.96984100341797, 62.412994384765625
75.75405883789062, 41.53132247924805
72.62181091308594, 33.062644958496094
72.62181091308594, 33.062644958496094
75.17401123046875, 37.7030143737793
77.7262191772461, 39.44315719604492
77.95823669433594, 41.995361328125
63.225059509277344, 37.47099685668945
57.88862991333008, 35.730857849121094
55.80046463012695, 35.266822814941406
55.80046463012695, 35.266822814941406
56.38051223754883, 38.747100830078125
56.38051223754883, 38.747100830078125
47.44779586791992, 54.87239074707031
37.47099685668945, 51.04408264160156
37.47099685668945, 51.04408264160156
37.47099685668945, 51.04408264160156
37.47099685668945, 51.04408264160156
38.97911834716797, 53.82830810546875
44.54756546020508, 60.324825286865234
53.94431686401367, 74.70997619628906
61.484920501708984, 79.81438446044922
60.09280776977539, 80.04640197753906
59.16473388671875, 71.57772827148438
59.16473388671875, 71.57772827148438
59.16473388671875, 71.57772827148438
59.16473388671875, 71.57772827148438
62.87702941894531, 77.37818908691406
62.87702941894531, 77.37818908691406
69.7215805053711, 78.77030181884766
74.9419937133789, 50.6960563659668
66.58932495117188, 29.234338760375977
66.58932495117188, 29.234338760375977
66.58932495117188, 29.234338760375977
66.58932495117188, 29.234338760375977
