actor_1,actor_2
65.54524230957031, 85.7308578491211
68.79350280761719, 89.79118347167969
68.67749786376953, 87.0069580078125
68.56148529052734, 61.83294677734375
77.84222412109375, 61.94895553588867
79.69837951660156, 55.104408264160156
76.79814147949219, 53.71229553222656
57.54060363769531, 43.50347900390625
52.78422164916992, 40.83526611328125
47.44779586791992, 43.03944396972656
40.25522232055664, 51.85614776611328
40.25522232055664, 51.85614776611328
35.730857849121094, 55.80046463012695
39.79118347167969, 62.993038177490234
55.33642578125, 86.07888793945312
58.932716369628906, 90.02320098876953
59.28074264526367, 86.89095306396484
58.004638671875, 77.03015899658203
66.35730743408203, 76.56612396240234
66.35730743408203, 76.56612396240234
72.2737808227539, 65.6612548828125
75.63805389404297, 45.24361801147461
73.6658935546875, 38.05104446411133
73.6658935546875, 38.05104446411133
76.3341064453125, 43.9675178527832
77.6102066040039, 46.40371322631836
75.17401123046875, 45.3596305847168
57.656612396240234, 38.6310920715332
53.01624298095703, 37.23897933959961
50.11600875854492, 36.078887939453125
50.11600875854492, 36.078887939453125
49.53596115112305, 38.97911834716797
49.53596115112305, 38.97911834716797
42.69141387939453, 53.94431686401367
33.52668380737305, 51.85614776611328
33.52668380737305, 51.85614776611328
33.52668380737305, 51.85614776611328
33.52668380737305, 51.85614776611328
35.730857849121094, 55.80046463012695
39.79118347167969, 62.993038177490234
50.232017517089844, 77.14617156982422
58.004638671875, 86.89095306396484
59.28074264526367, 86.89095306396484
58.004638671875, 77.03015899658203
58.004638671875, 77.03015899658203
58.004638671875, 77.03015899658203
58.004638671875, 77.03015899658203
61.252899169921875, 82.25057983398438
61.252899169921875, 82.25057983398438
70.0696029663086, 81.90254974365234
74.70997619628906, 53.59628677368164
67.98143768310547, 33.64269256591797
67.98143768310547, 33.64269256591797
67.98143768310547, 33.64269256591797
67.98143768310547, 33.64269256591797
