actor_1,actor_2
69.14153289794922, 86.07888793945312
72.50579833984375, 89.21113586425781
72.2737808227539, 86.77494049072266
70.88166809082031, 61.02088165283203
80.62644958496094, 61.94895553588867
81.55452728271484, 53.94431686401367
78.65428924560547, 53.01624298095703
61.3689079284668, 43.61948776245117
54.87239074707031, 41.76333999633789
51.160091400146484, 43.9675178527832
45.12760925292969, 54.176334381103516
45.12760925292969, 54.176334381103516
41.415313720703125, 59.62876892089844
46.28770446777344, 65.54524230957031
59.86079025268555, 87.70301818847656
63.45707702636719, 90.83526611328125
63.341068267822266, 88.3990707397461
61.252899169921875, 77.95823669433594
69.14153289794922, 75.63805389404297
69.14153289794922, 75.63805389404297
75.17401123046875, 64.38514709472656
76.45011901855469, 43.73550033569336
74.36194610595703, 36.31090545654297
74.36194610595703, 36.31090545654297
78.07424926757812, 42.69141387939453
79.46635437011719, 44.54756546020508
76.79814147949219, 44.77958297729492
60.78886413574219, 38.6310920715332
54.75638198852539, 37.819026947021484
51.85614776611328, 36.42691421508789
51.85614776611328, 36.42691421508789
51.74013900756836, 39.79118347167969
51.74013900756836, 39.79118347167969
47.331787109375, 55.68445587158203
39.09512710571289, 55.33642578125
39.09512710571289, 55.33642578125
39.09512710571289, 55.33642578125
39.09512710571289, 55.33642578125
41.415313720703125, 59.62876892089844
46.28770446777344, 65.54524230957031
55.68445587158203, 79.69837951660156
62.180973052978516, 87.23897552490234
63.341068267822266, 88.3990707397461
61.252899169921875, 77.95823669433594
61.252899169921875, 77.95823669433594
61.252899169921875, 77.95823669433594
61.252899169921875, 77.95823669433594
64.96519470214844, 82.25057983398438
64.96519470214844, 82.25057983398438
73.31786346435547, 80.04640197753906
76.91415405273438, 53.01624298095703
68.56148529052734, 33.29466247558594
68.56148529052734, 33.29466247558594
68.56148529052734, 33.29466247558594
68.56148529052734, 33.29466247558594
