actor_1,actor_2
69.25753784179688, 87.0069580078125
71.22969818115234, 90.95127868652344
70.30162048339844, 87.70301818847656
67.86543273925781, 62.993038177490234
77.84222412109375, 60.55684280395508
78.53828430175781, 53.71229553222656
77.7262191772461, 53.3642692565918
61.3689079284668, 44.19953536987305
54.6403694152832, 41.415313720703125
49.767982482910156, 43.9675178527832
43.38747024536133, 55.68445587158203
43.38747024536133, 55.68445587158203
40.25522232055664, 59.16473388671875
45.3596305847168, 65.77725982666016
61.02088165283203, 86.77494049072266
64.15312957763672, 90.48723602294922
63.225059509277344, 87.35498809814453
60.90487289428711, 77.95823669433594
67.63340759277344, 77.6102066040039
67.63340759277344, 77.6102066040039
72.7378158569336, 65.19721221923828
74.5939712524414, 43.155452728271484
71.92575073242188, 35.96287536621094
71.92575073242188, 35.96287536621094
74.47795867919922, 41.64733123779297
75.63805389404297, 44.66357421875
74.70997619628906, 44.895591735839844
59.74477767944336, 38.86310958862305
53.94431686401367, 37.23897933959961
50.580047607421875, 35.96287536621094
50.580047607421875, 35.96287536621094
50.92807388305664, 39.675174713134766
50.92807388305664, 39.675174713134766
46.6357307434082, 56.38051223754883
37.819026947021484, 54.988399505615234
37.819026947021484, 54.988399505615234
37.819026947021484, 54.988399505615234
37.819026947021484, 54.988399505615234
40.25522232055664, 59.16473388671875
45.3596305847168, 65.77725982666016
55.45243453979492, 78.88631439208984
62.993038177490234, 86.42691040039062
63.225059509277344, 87.35498809814453
60.90487289428711, 77.95823669433594
60.90487289428711, 77.95823669433594
60.90487289428711, 77.95823669433594
60.90487289428711, 77.95823669433594
64.38514709472656, 81.32250213623047
64.38514709472656, 81.32250213623047
71.80974578857422, 80.85846710205078
74.70997619628906, 52.900230407714844
66.70533752441406, 32.250579833984375
66.70533752441406, 32.250579833984375
66.70533752441406, 32.250579833984375
66.70533752441406, 32.250579833984375
