actor_1,actor_2
69.48955535888672, 86.89095306396484
73.31786346435547, 91.995361328125
71.22969818115234, 88.3990707397461
69.7215805053711, 64.15312957763672
80.74246215820312, 62.064964294433594
83.29466247558594, 57.30858612060547
79.81438446044922, 56.38051223754883
62.52900314331055, 44.77958297729492
55.80046463012695, 42.11137008666992
51.392112731933594, 43.9675178527832
45.011600494384766, 55.22041702270508
45.011600494384766, 55.22041702270508
41.64733123779297, 58.7006950378418
46.751739501953125, 64.7331771850586
61.3689079284668, 87.12297058105469
66.12528991699219, 92.22737884521484
64.61717224121094, 88.63108825683594
63.109046936035156, 80.62644958496094
69.02552032470703, 79.58236694335938
69.02552032470703, 79.58236694335938
75.52204132080078, 66.12528991699219
77.95823669433594, 48.14385223388672
75.98607635498047, 39.90719223022461
75.98607635498047, 39.90719223022461
78.88631439208984, 45.47563934326172
80.97447967529297, 48.37586975097656
77.6102066040039, 48.14385223388672
61.71693801879883, 39.675174713134766
55.22041702270508, 37.819026947021484
51.74013900756836, 36.42691421508789
51.74013900756836, 36.42691421508789
51.85614776611328, 40.13920974731445
51.85614776611328, 40.13920974731445
47.679813385009766, 56.14849090576172
39.44315719604492, 55.22041702270508
39.44315719604492, 55.22041702270508
39.44315719604492, 55.22041702270508
39.44315719604492, 55.22041702270508
41.64733123779297, 58.7006950378418
46.751739501953125, 64.7331771850586
56.49652099609375, 78.19025421142578
64.84918975830078, 87.12297058105469
64.61717224121094, 88.63108825683594
63.109046936035156, 80.62644958496094
63.109046936035156, 80.62644958496094
63.109046936035156, 80.62644958496094
63.109046936035156, 80.62644958496094
67.28538513183594, 83.17865753173828
67.28538513183594, 83.17865753173828
74.24594116210938, 82.48259735107422
77.49420166015625, 55.104408264160156
70.41763305664062, 35.730857849121094
70.41763305664062, 35.730857849121094
70.41763305664062, 35.730857849121094
70.41763305664062, 35.730857849121094
