actor_1,actor_2
66.70533752441406, 85.61485290527344
71.22969818115234, 90.95127868652344
69.48955535888672, 87.23897552490234
67.86543273925781, 63.341068267822266
79.11833190917969, 62.64501190185547
82.01856231689453, 57.42459487915039
77.95823669433594, 56.14849090576172
59.97679901123047, 44.083526611328125
53.248260498046875, 41.2993049621582
48.607887268066406, 43.50347900390625
41.067283630371094, 53.01624298095703
41.067283630371094, 53.01624298095703
37.12297058105469, 56.14849090576172
42.57540512084961, 62.76102066040039
58.7006950378418, 85.84687042236328
63.80510330200195, 91.18329620361328
62.64501190185547, 87.47100067138672
60.90487289428711, 79.23433685302734
66.9373550415039, 78.30626678466797
66.9373550415039, 78.30626678466797
73.78190612792969, 66.24130249023438
76.79814147949219, 48.0278434753418
74.5939712524414, 40.487239837646484
74.5939712524414, 40.487239837646484
77.6102066040039, 46.17169189453125
79.58236694335938, 49.3039436340332
75.63805389404297, 48.491878509521484
59.04872512817383, 39.21113586425781
52.78422164916992, 37.12297058105469
49.18793487548828, 36.078887939453125
49.18793487548828, 36.078887939453125
49.419952392578125, 39.44315719604492
49.419952392578125, 39.44315719604492
44.43155288696289, 54.40835189819336
34.918792724609375, 53.13225173950195
34.918792724609375, 53.13225173950195
34.918792724609375, 53.13225173950195
34.918792724609375, 53.13225173950195
37.12297058105469, 56.14849090576172
42.57540512084961, 62.76102066040039
53.48027801513672, 76.45011901855469
62.2969856262207, 86.07888793945312
62.64501190185547, 87.47100067138672
60.90487289428711, 79.23433685302734
60.90487289428711, 79.23433685302734
60.90487289428711, 79.23433685302734
60.90487289428711, 79.23433685302734
65.08120727539062, 82.5986099243164
65.08120727539062, 82.5986099243164
72.15777587890625, 81.90254974365234
75.63805389404297, 55.56844711303711
69.25753784179688, 36.774940490722656
69.25753784179688, 36.774940490722656
69.25753784179688, 36.774940490722656
69.25753784179688, 36.774940490722656
