actor_1,actor_2
70.0696029663086, 83.41067504882812
71.57772827148438, 86.89095306396484
69.95359802246094, 84.57076263427734
67.4013900756836, 61.13689041137695
78.30626678466797, 59.97679901123047
81.55452728271484, 53.248260498046875
80.2784194946289, 53.248260498046875
61.71693801879883, 43.271461486816406
55.916473388671875, 40.25522232055664
51.392112731933594, 42.343387603759766
44.54756546020508, 51.62413024902344
44.54756546020508, 51.62413024902344
41.2993049621582, 54.6403694152832
45.3596305847168, 61.484920501708984
62.180973052978516, 82.9466323852539
63.921112060546875, 86.658935546875
63.109046936035156, 84.45475769042969
61.3689079284668, 76.10208892822266
67.16937255859375, 75.87007141113281
67.16937255859375, 75.87007141113281
72.50579833984375, 63.80510330200195
74.82598876953125, 44.083526611328125
72.96984100341797, 36.658931732177734
72.96984100341797, 36.658931732177734
76.68213653564453, 42.343387603759766
79.46635437011719, 44.66357421875
78.07424926757812, 45.24361801147461
61.13689041137695, 37.587005615234375
56.0324821472168, 35.96287536621094
52.78422164916992, 35.266822814941406
52.78422164916992, 35.266822814941406
52.436195373535156, 38.97911834716797
52.436195373535156, 38.97911834716797
47.79582214355469, 53.48027801513672
38.86310958862305, 51.160091400146484
38.86310958862305, 51.160091400146484
38.86310958862305, 51.160091400146484
38.86310958862305, 51.160091400146484
41.2993049621582, 54.6403694152832
45.3596305847168, 61.484920501708984
56.26449966430664, 75.0580062866211
63.45707702636719, 81.6705322265625
63.109046936035156, 84.45475769042969
61.3689079284668, 76.10208892822266
61.3689079284668, 76.10208892822266
61.3689079284668, 76.10208892822266
61.3689079284668, 76.10208892822266
64.7331771850586, 79.35034942626953
64.7331771850586, 79.35034942626953
71.69373321533203, 79.23433685302734
74.47795867919922, 52.78422164916992
68.21345520019531, 33.52668380737305
68.21345520019531, 33.52668380737305
68.21345520019531, 33.52668380737305
68.21345520019531, 33.52668380737305
