actor_1,actor_2
66.12528991699219, 86.19489288330078
67.86543273925781, 90.37123107910156
65.31322479248047, 87.12297058105469
64.96519470214844, 62.52900314331055
74.47795867919922, 60.672855377197266
78.07424926757812, 55.104408264160156
76.56612396240234, 54.060325622558594
60.672855377197266, 45.12760925292969
54.40835189819336, 42.227378845214844
50.580047607421875, 43.271461486816406
43.73550033569336, 52.55220413208008
43.73550033569336, 52.55220413208008
39.675174713134766, 57.772621154785156
44.43155288696289, 64.7331771850586
59.74477767944336, 86.77494049072266
62.412994384765625, 91.18329620361328
60.55684280395508, 87.70301818847656
59.74477767944336, 78.65428924560547
63.80510330200195, 77.95823669433594
63.80510330200195, 77.95823669433594
70.18561553955078, 64.50115966796875
72.3897933959961, 45.011600494384766
70.53364562988281, 37.006961822509766
70.53364562988281, 37.006961822509766
72.96984100341797, 42.343387603759766
75.75405883789062, 45.12760925292969
74.12992858886719, 44.895591735839844
59.86079025268555, 38.97911834716797
54.40835189819336, 36.774940490722656
51.392112731933594, 35.61484909057617
51.392112731933594, 35.61484909057617
51.27610397338867, 39.675174713134766
51.27610397338867, 39.675174713134766
47.331787109375, 54.29234313964844
37.7030143737793, 52.78422164916992
37.7030143737793, 52.78422164916992
37.7030143737793, 52.78422164916992
37.7030143737793, 52.78422164916992
39.675174713134766, 57.772621154785156
44.43155288696289, 64.7331771850586
54.75638198852539, 78.77030181884766
61.484920501708984, 87.35498809814453
60.55684280395508, 87.70301818847656
59.74477767944336, 78.65428924560547
59.74477767944336, 78.65428924560547
59.74477767944336, 78.65428924560547
59.74477767944336, 78.65428924560547
63.57308578491211, 81.32250213623047
63.57308578491211, 81.32250213623047
69.14153289794922, 80.85846710205078
71.80974578857422, 53.13225173950195
66.24130249023438, 33.52668380737305
66.24130249023438, 33.52668380737305
66.24130249023438, 33.52668380737305
66.24130249023438, 33.52668380737305
