actor_1,actor_2
63.57308578491211, 83.99072265625
64.7331771850586, 87.9350357055664
62.180973052978516, 84.57076263427734
61.71693801879883, 60.324825286865234
70.76566314697266, 59.16473388671875
74.82598876953125, 53.01624298095703
73.43387603759766, 53.48027801513672
56.38051223754883, 43.03944396972656
50.0, 40.487239837646484
46.40371322631836, 41.64733123779297
40.487239837646484, 51.160091400146484
40.487239837646484, 51.160091400146484
35.96287536621094, 55.56844711303711
40.487239837646484, 62.180973052978516
56.96055603027344, 84.91879272460938
59.512760162353516, 88.86310577392578
57.54060363769531, 85.38282775878906
56.61252975463867, 76.3341064453125
60.55684280395508, 75.29002380371094
60.55684280395508, 75.29002380371094
67.4013900756836, 62.2969856262207
69.02552032470703, 42.227378845214844
66.47332000732422, 33.990718841552734
66.47332000732422, 33.990718841552734
68.90951538085938, 39.90719223022461
72.04176330566406, 42.80742645263672
70.64965057373047, 44.083526611328125
55.45243453979492, 36.54292297363281
49.651973724365234, 34.68677520751953
47.44779586791992, 33.52668380737305
47.44779586791992, 33.52668380737305
47.563804626464844, 38.05104446411133
47.563804626464844, 38.05104446411133
43.85150909423828, 53.01624298095703
34.57076644897461, 51.62413024902344
34.57076644897461, 51.62413024902344
34.57076644897461, 51.62413024902344
34.57076644897461, 51.62413024902344
35.96287536621094, 55.56844711303711
40.487239837646484, 62.180973052978516
51.85614776611328, 77.2621841430664
58.81670379638672, 84.80278778076172
57.54060363769531, 85.38282775878906
56.61252975463867, 76.3341064453125
56.61252975463867, 76.3341064453125
56.61252975463867, 76.3341064453125
56.61252975463867, 76.3341064453125
60.440834045410156, 79.0023193359375
60.440834045410156, 79.0023193359375
66.00927734375, 78.30626678466797
68.3294677734375, 51.27610397338867
63.921112060546875, 30.046403884887695
63.921112060546875, 30.046403884887695
63.921112060546875, 30.046403884887695
63.921112060546875, 30.046403884887695
