actor_1,actor_2
64.84918975830078, 82.5986099243164
67.51740264892578, 86.31090545654297
65.19721221923828, 83.75869750976562
64.84918975830078, 59.62876892089844
73.6658935546875, 57.772621154785156
78.77030181884766, 51.508121490478516
76.3341064453125, 52.436195373535156
57.656612396240234, 43.50347900390625
51.392112731933594, 40.25522232055664
46.05568313598633, 41.76333999633789
38.97911834716797, 50.580047607421875
38.97911834716797, 50.580047607421875
36.078887939453125, 54.29234313964844
40.95127487182617, 60.78886413574219
57.30858612060547, 81.78654479980469
60.440834045410156, 86.19489288330078
59.04872512817383, 83.52667999267578
58.81670379638672, 73.89791107177734
64.03712463378906, 73.6658935546875
64.03712463378906, 73.6658935546875
69.48955535888672, 62.412994384765625
72.85382843017578, 41.76333999633789
69.37355041503906, 33.41067123413086
69.37355041503906, 33.41067123413086
72.04176330566406, 38.6310920715332
75.4060287475586, 41.18329620361328
72.50579833984375, 43.85150909423828
55.22041702270508, 38.16705322265625
50.11600875854492, 35.96287536621094
47.21577835083008, 35.266822814941406
47.21577835083008, 35.266822814941406
48.14385223388672, 38.86310958862305
48.14385223388672, 38.86310958862305
42.69141387939453, 51.74013900756836
33.990718841552734, 49.767982482910156
33.990718841552734, 49.767982482910156
33.990718841552734, 49.767982482910156
33.990718841552734, 49.767982482910156
36.078887939453125, 54.29234313964844
40.95127487182617, 60.78886413574219
51.9721565246582, 73.78190612792969
59.74477767944336, 81.90254974365234
59.04872512817383, 83.52667999267578
58.81670379638672, 73.89791107177734
58.81670379638672, 73.89791107177734
58.81670379638672, 73.89791107177734
58.81670379638672, 73.89791107177734
61.71693801879883, 77.14617156982422
61.71693801879883, 77.14617156982422
68.3294677734375, 77.2621841430664
71.11368560791016, 50.348026275634766
67.51740264892578, 30.626449584960938
67.51740264892578, 30.626449584960938
67.51740264892578, 30.626449584960938
67.51740264892578, 30.626449584960938
