actor_1,actor_2
62.412994384765625, 79.58236694335938
65.31322479248047, 82.83062744140625
62.993038177490234, 79.23433685302734
62.64501190185547, 54.75638198852539
70.76566314697266, 52.55220413208008
75.4060287475586, 47.679813385009766
72.50579833984375, 48.95591735839844
54.988399505615234, 41.067283630371094
47.911834716796875, 38.747100830078125
42.45939636230469, 40.13920974731445
36.42691421508789, 49.07192611694336
36.42691421508789, 49.07192611694336
33.178653717041016, 52.668212890625
38.28306198120117, 58.584686279296875
54.40835189819336, 78.88631439208984
58.12065124511719, 82.83062744140625
56.728538513183594, 79.11833190917969
56.49652099609375, 68.90951538085938
61.83294677734375, 68.67749786376953
61.83294677734375, 68.67749786376953
67.0533676147461, 56.96055603027344
69.6055679321289, 36.658931732177734
65.77725982666016, 29.118330001831055
65.77725982666016, 29.118330001831055
68.3294677734375, 34.338748931884766
71.57772827148438, 37.7030143737793
68.09745025634766, 40.83526611328125
51.9721565246582, 36.19489669799805
46.17169189453125, 34.80278396606445
43.03944396972656, 34.338748931884766
43.03944396972656, 34.338748931884766
44.43155288696289, 37.7030143737793
44.43155288696289, 37.7030143737793
39.44315719604492, 50.232017517089844
31.090486526489258, 48.25986099243164
31.090486526489258, 48.25986099243164
31.090486526489258, 48.25986099243164
31.090486526489258, 48.25986099243164
33.178653717041016, 52.668212890625
38.28306198120117, 58.584686279296875
49.07192611694336, 70.9976806640625
57.656612396240234, 78.77030181884766
56.728538513183594, 79.11833190917969
56.49652099609375, 68.90951538085938
56.49652099609375, 68.90951538085938
56.49652099609375, 68.90951538085938
56.49652099609375, 68.90951538085938
59.396751403808594, 71.57772827148438
59.396751403808594, 71.57772827148438
66.00927734375, 71.80974578857422
68.3294677734375, 44.77958297729492
63.341068267822266, 26.566125869750977
63.341068267822266, 26.566125869750977
63.341068267822266, 26.566125869750977
63.341068267822266, 26.566125869750977
