actor_1,actor_2
64.03712463378906, 80.62644958496094
66.58932495117188, 83.75869750976562
64.03712463378906, 80.74246215820312
63.921112060546875, 55.916473388671875
71.34571075439453, 53.48027801513672
75.87007141113281, 47.331787109375
73.6658935546875, 49.3039436340332
56.38051223754883, 41.18329620361328
49.53596115112305, 38.97911834716797
44.19953536987305, 40.95127487182617
38.28306198120117, 49.767982482910156
38.28306198120117, 49.767982482910156
35.38283157348633, 54.176334381103516
40.37123107910156, 60.20881652832031
56.49652099609375, 80.51044464111328
59.86079025268555, 83.99072265625
58.12065124511719, 80.62644958496094
58.12065124511719, 70.64965057373047
63.225059509277344, 70.41763305664062
63.225059509277344, 70.41763305664062
68.44547271728516, 57.656612396240234
70.30162048339844, 36.890953063964844
66.58932495117188, 29.466358184814453
66.58932495117188, 29.466358184814453
68.67749786376953, 34.918792724609375
72.04176330566406, 37.7030143737793
69.37355041503906, 41.2993049621582
53.59628677368164, 36.31090545654297
48.0278434753418, 35.0348014831543
45.12760925292969, 34.22273635864258
45.12760925292969, 34.22273635864258
46.28770446777344, 37.819026947021484
46.28770446777344, 37.819026947021484
41.067283630371094, 51.04408264160156
33.41067123413086, 49.3039436340332
33.41067123413086, 49.3039436340332
33.41067123413086, 49.3039436340332
33.41067123413086, 49.3039436340332
35.38283157348633, 54.176334381103516
40.37123107910156, 60.20881652832031
50.92807388305664, 73.31786346435547
58.932716369628906, 79.69837951660156
58.12065124511719, 80.62644958496094
58.12065124511719, 70.64965057373047
58.12065124511719, 70.64965057373047
58.12065124511719, 70.64965057373047
58.12065124511719, 70.64965057373047
61.13689041137695, 72.96984100341797
61.13689041137695, 72.96984100341797
67.51740264892578, 73.20185852050781
69.37355041503906, 45.70765686035156
64.2691421508789, 26.6821346282959
64.2691421508789, 26.6821346282959
64.2691421508789, 26.6821346282959
64.2691421508789, 26.6821346282959
