actor_1,actor_2
66.12528991699219, 81.43851470947266
69.7215805053711, 82.48259735107422
67.98143768310547, 79.35034942626953
67.63340759277344, 56.96055603027344
76.68213653564453, 55.80046463012695
80.62644958496094, 48.491878509521484
77.03015899658203, 49.767982482910156
58.584686279296875, 41.87934875488281
51.27610397338867, 38.6310920715332
47.911834716796875, 41.067283630371094
40.13920974731445, 51.04408264160156
40.13920974731445, 51.04408264160156
36.774940490722656, 54.060325622558594
41.64733123779297, 60.78886413574219
58.004638671875, 80.85846710205078
62.64501190185547, 82.13456726074219
61.252899169921875, 78.65428924560547
60.440834045410156, 69.83758544921875
66.24130249023438, 70.30162048339844
66.24130249023438, 70.30162048339844
72.2737808227539, 60.20881652832031
74.24594116210938, 39.44315719604492
70.53364562988281, 33.64269256591797
70.53364562988281, 33.64269256591797
73.43387603759766, 38.97911834716797
76.79814147949219, 41.64733123779297
73.43387603759766, 44.083526611328125
56.14849090576172, 37.35498809814453
49.88399124145508, 34.918792724609375
47.679813385009766, 34.22273635864258
47.679813385009766, 34.22273635864258
48.491878509521484, 37.7030143737793
48.491878509521484, 37.7030143737793
43.61948776245117, 52.900230407714844
35.15081024169922, 50.46403884887695
35.15081024169922, 50.46403884887695
35.15081024169922, 50.46403884887695
35.15081024169922, 50.46403884887695
36.774940490722656, 54.060325622558594
41.64733123779297, 60.78886413574219
51.508121490478516, 73.78190612792969
61.252899169921875, 78.65428924560547
61.252899169921875, 78.65428924560547
60.440834045410156, 69.83758544921875
60.440834045410156, 69.83758544921875
60.440834045410156, 69.83758544921875
60.440834045410156, 69.83758544921875
63.68909454345703, 74.01392364501953
63.68909454345703, 74.01392364501953
70.30162048339844, 74.9419937133789
73.78190612792969, 48.37586975097656
67.51740264892578, 30.394432067871094
67.51740264892578, 30.394432067871094
67.51740264892578, 30.394432067871094
67.51740264892578, 30.394432067871094
