actor_1,actor_2
67.16937255859375, 81.43851470947266
70.0696029663086, 82.48259735107422
68.21345520019531, 79.69837951660156
67.63340759277344, 57.30858612060547
77.03015899658203, 56.0324821472168
80.85846710205078, 48.607887268066406
77.6102066040039, 49.53596115112305
58.23666000366211, 42.11137008666992
50.6960563659668, 38.86310958862305
46.98375701904297, 41.18329620361328
40.37123107910156, 50.81206512451172
40.37123107910156, 50.81206512451172
36.774940490722656, 54.52436065673828
41.76333999633789, 60.672855377197266
58.932716369628906, 80.51044464111328
62.993038177490234, 81.78654479980469
61.484920501708984, 78.65428924560547
60.672855377197266, 69.83758544921875
66.35730743408203, 70.64965057373047
66.35730743408203, 70.64965057373047
72.04176330566406, 60.672855377197266
74.36194610595703, 40.02320098876953
70.76566314697266, 34.22273635864258
70.76566314697266, 34.22273635864258
74.01392364501953, 39.09512710571289
77.14617156982422, 41.64733123779297
74.12992858886719, 43.61948776245117
56.26449966430664, 37.35498809814453
49.767982482910156, 35.0348014831543
47.563804626464844, 34.22273635864258
47.563804626464844, 34.22273635864258
47.911834716796875, 37.7030143737793
47.911834716796875, 37.7030143737793
43.155452728271484, 53.13225173950195
35.38283157348633, 50.0
35.38283157348633, 50.0
35.38283157348633, 50.0
35.38283157348633, 50.0
36.774940490722656, 54.52436065673828
41.76333999633789, 60.672855377197266
52.55220413208008, 73.78190612792969
61.94895553588867, 78.42227172851562
61.484920501708984, 78.65428924560547
60.672855377197266, 69.83758544921875
60.672855377197266, 69.83758544921875
60.672855377197266, 69.83758544921875
60.672855377197266, 69.83758544921875
63.68909454345703, 74.47795867919922
63.68909454345703, 74.47795867919922
70.0696029663086, 75.63805389404297
73.6658935546875, 49.18793487548828
67.63340759277344, 30.626449584960938
67.63340759277344, 30.626449584960938
67.63340759277344, 30.626449584960938
67.63340759277344, 30.626449584960938
