actor_1,actor_2
71.57772827148438, 89.44315338134766
76.10208892822266, 93.3874740600586
74.12992858886719, 91.64733123779297
75.4060287475586, 70.64965057373047
85.38282775878906, 70.0696029663086
90.48723602294922, 61.600929260253906
87.47100067138672, 60.90487289428711
67.16937255859375, 49.767982482910156
60.324825286865234, 47.099769592285156
55.56844711303711, 48.25986099243164
45.24361801147461, 57.19257354736328
45.24361801147461, 57.19257354736328
42.92343521118164, 59.97679901123047
47.099769592285156, 64.96519470214844
64.2691421508789, 87.35498809814453
69.37355041503906, 90.6032485961914
67.98143768310547, 88.63108825683594
67.16937255859375, 81.09048461914062
72.2737808227539, 83.52667999267578
72.2737808227539, 83.52667999267578
80.2784194946289, 73.89791107177734
83.52667999267578, 54.176334381103516
81.43851470947266, 45.59164810180664
81.43851470947266, 45.59164810180664
84.91879272460938, 50.232017517089844
88.16705322265625, 51.85614776611328
85.15081024169922, 51.74013900756836
66.47332000732422, 43.61948776245117
60.09280776977539, 41.76333999633789
57.42459487915039, 39.90719223022461
57.42459487915039, 39.90719223022461
57.42459487915039, 44.66357421875
57.42459487915039, 44.66357421875
49.07192611694336, 59.74477767944336
41.18329620361328, 55.80046463012695
41.18329620361328, 55.80046463012695
41.18329620361328, 55.80046463012695
41.18329620361328, 55.80046463012695
42.92343521118164, 59.97679901123047
47.099769592285156, 64.96519470214844
57.54060363769531, 79.23433685302734
67.51740264892578, 86.658935546875
67.98143768310547, 88.63108825683594
67.16937255859375, 81.09048461914062
67.16937255859375, 81.09048461914062
67.16937255859375, 81.09048461914062
67.16937255859375, 81.09048461914062
70.41763305664062, 85.49884033203125
70.41763305664062, 85.49884033203125
76.45011901855469, 87.9350357055664
81.90254974365234, 63.68909454345703
77.49420166015625, 42.92343521118164
77.49420166015625, 42.92343521118164
77.49420166015625, 42.92343521118164
77.49420166015625, 42.92343521118164
