actor_1,actor_2
69.83758544921875, 83.75869750976562
74.82598876953125, 87.9350357055664
72.15777587890625, 87.12297058105469
72.85382843017578, 64.2691421508789
84.80278778076172, 64.7331771850586
90.6032485961914, 56.0324821472168
86.658935546875, 54.988399505615234
67.16937255859375, 44.43155288696289
60.09280776977539, 41.76333999633789
54.6403694152832, 43.155452728271484
44.19953536987305, 50.580047607421875
44.19953536987305, 50.580047607421875
40.603248596191406, 55.104408264160156
45.47563934326172, 60.09280776977539
62.64501190185547, 82.71461486816406
67.98143768310547, 86.77494049072266
66.47332000732422, 85.84687042236328
64.7331771850586, 77.95823669433594
69.95359802246094, 79.0023193359375
69.95359802246094, 79.0023193359375
77.49420166015625, 68.56148529052734
83.17865753173828, 48.37586975097656
80.74246215820312, 40.02320098876953
80.74246215820312, 40.02320098876953
84.45475769042969, 44.895591735839844
88.3990707397461, 46.17169189453125
84.91879272460938, 46.51972198486328
66.35730743408203, 39.327144622802734
60.20881652832031, 37.35498809814453
57.772621154785156, 35.96287536621094
57.772621154785156, 35.96287536621094
57.42459487915039, 39.90719223022461
57.42459487915039, 39.90719223022461
47.911834716796875, 52.900230407714844
39.327144622802734, 50.11600875854492
39.327144622802734, 50.11600875854492
39.327144622802734, 50.11600875854492
39.327144622802734, 50.11600875854492
40.603248596191406, 55.104408264160156
45.47563934326172, 60.09280776977539
55.56844711303711, 73.20185852050781
65.42923736572266, 82.5986099243164
66.47332000732422, 85.84687042236328
64.7331771850586, 77.95823669433594
64.7331771850586, 77.95823669433594
64.7331771850586, 77.95823669433594
64.7331771850586, 77.95823669433594
68.3294677734375, 82.5986099243164
68.3294677734375, 82.5986099243164
74.24594116210938, 83.99072265625
80.85846710205078, 57.88862991333008
76.79814147949219, 37.7030143737793
76.79814147949219, 37.7030143737793
76.79814147949219, 37.7030143737793
76.79814147949219, 37.7030143737793
