actor_1,actor_2
71.69373321533203, 83.52667999267578
73.54988098144531, 87.70301818847656
69.83758544921875, 85.49884033203125
69.6055679321289, 59.97679901123047
82.01856231689453, 60.78886413574219
87.58700561523438, 52.320186614990234
85.61485290527344, 52.20417785644531
66.9373550415039, 41.067283630371094
59.04872512817383, 38.515079498291016
54.40835189819336, 40.02320098876953
44.66357421875, 48.14385223388672
44.66357421875, 48.14385223388672
41.53132247924805, 53.248260498046875
47.679813385009766, 58.004638671875
63.57308578491211, 83.64269256591797
66.35730743408203, 87.47100067138672
64.03712463378906, 85.38282775878906
62.2969856262207, 75.29002380371094
67.0533676147461, 75.63805389404297
67.0533676147461, 75.63805389404297
75.29002380371094, 64.61717224121094
78.88631439208984, 43.155452728271484
75.52204132080078, 33.87471008300781
75.52204132080078, 33.87471008300781
79.0023193359375, 39.09512710571289
83.64269256591797, 41.415313720703125
81.90254974365234, 42.45939636230469
65.08120727539062, 34.80278396606445
58.23666000366211, 32.94663619995117
54.988399505615234, 31.786542892456055
54.988399505615234, 31.786542892456055
55.80046463012695, 36.658931732177734
55.80046463012695, 36.658931732177734
48.0278434753418, 50.46403884887695
39.327144622802734, 48.25986099243164
39.327144622802734, 48.25986099243164
39.327144622802734, 48.25986099243164
39.327144622802734, 48.25986099243164
41.53132247924805, 53.248260498046875
47.679813385009766, 58.004638671875
57.42459487915039, 72.96984100341797
65.42923736572266, 82.83062744140625
64.03712463378906, 85.38282775878906
62.2969856262207, 75.29002380371094
62.2969856262207, 75.29002380371094
62.2969856262207, 75.29002380371094
62.2969856262207, 75.29002380371094
66.47332000732422, 81.09048461914062
66.47332000732422, 81.09048461914062
72.2737808227539, 82.13456726074219
78.30626678466797, 52.900230407714844
69.7215805053711, 31.206497192382812
69.7215805053711, 31.206497192382812
69.7215805053711, 31.206497192382812
69.7215805053711, 31.206497192382812
