actor_1,actor_2
72.04176330566406, 83.75869750976562
73.43387603759766, 88.3990707397461
69.25753784179688, 85.96287536621094
69.37355041503906, 59.86079025268555
82.25057983398438, 62.52900314331055
87.70301818847656, 54.176334381103516
87.70301818847656, 54.52436065673828
66.82134246826172, 42.45939636230469
58.12065124511719, 40.02320098876953
53.94431686401367, 40.37123107910156
44.31554412841797, 48.37586975097656
44.31554412841797, 48.37586975097656
40.95127487182617, 51.508121490478516
47.099769592285156, 56.728538513183594
64.38514709472656, 82.71461486816406
67.4013900756836, 87.0069580078125
64.61717224121094, 84.57076263427734
62.87702941894531, 75.0580062866211
66.58932495117188, 76.10208892822266
66.58932495117188, 76.10208892822266
75.0580062866211, 66.12528991699219
77.84222412109375, 44.54756546020508
75.63805389404297, 36.42691421508789
75.63805389404297, 36.42691421508789
80.04640197753906, 42.45939636230469
85.03480529785156, 44.54756546020508
85.2668228149414, 45.24361801147461
66.12528991699219, 37.47099685668945
58.81670379638672, 35.38283157348633
55.56844711303711, 32.94663619995117
55.56844711303711, 32.94663619995117
54.75638198852539, 36.890953063964844
54.75638198852539, 36.890953063964844
47.911834716796875, 51.04408264160156
39.327144622802734, 47.099769592285156
39.327144622802734, 47.099769592285156
39.327144622802734, 47.099769592285156
39.327144622802734, 47.099769592285156
40.95127487182617, 51.508121490478516
47.099769592285156, 56.728538513183594
57.42459487915039, 71.92575073242188
66.82134246826172, 81.6705322265625
64.61717224121094, 84.57076263427734
62.87702941894531, 75.0580062866211
62.87702941894531, 75.0580062866211
62.87702941894531, 75.0580062866211
62.87702941894531, 75.0580062866211
67.51740264892578, 82.01856231689453
67.51740264892578, 82.01856231689453
72.15777587890625, 83.64269256591797
77.95823669433594, 54.176334381103516
71.57772827148438, 33.75870132446289
71.57772827148438, 33.75870132446289
71.57772827148438, 33.75870132446289
71.57772827148438, 33.75870132446289
