actor_1,actor_2
69.48955535888672, 85.49884033203125
72.7378158569336, 87.70301818847656
69.7215805053711, 86.19489288330078
69.14153289794922, 60.672855377197266
82.25057983398438, 60.90487289428711
86.77494049072266, 52.668212890625
83.75869750976562, 53.94431686401367
64.50115966796875, 44.43155288696289
56.26449966430664, 41.53132247924805
51.85614776611328, 42.343387603759766
42.92343521118164, 51.9721565246582
42.92343521118164, 51.9721565246582
39.44315719604492, 55.104408264160156
44.77958297729492, 61.252899169921875
61.13689041137695, 84.22274017333984
65.6612548828125, 85.96287536621094
63.68909454345703, 84.3387451171875
62.412994384765625, 74.70997619628906
67.28538513183594, 76.91415405273438
67.28538513183594, 76.91415405273438
74.5939712524414, 65.42923736572266
78.07424926757812, 44.43155288696289
74.5939712524414, 34.80278396606445
74.5939712524414, 34.80278396606445
79.35034942626953, 40.25522232055664
83.17865753173828, 42.11137008666992
80.97447967529297, 43.85150909423828
63.80510330200195, 38.97911834716797
56.49652099609375, 36.42691421508789
53.3642692565918, 34.57076644897461
53.3642692565918, 34.57076644897461
52.668212890625, 39.21113586425781
52.668212890625, 39.21113586425781
46.51972198486328, 54.29234313964844
37.587005615234375, 50.81206512451172
37.587005615234375, 50.81206512451172
37.587005615234375, 50.81206512451172
37.587005615234375, 50.81206512451172
39.44315719604492, 55.104408264160156
44.77958297729492, 61.252899169921875
54.176334381103516, 73.43387603759766
64.7331771850586, 81.6705322265625
63.68909454345703, 84.3387451171875
62.412994384765625, 74.70997619628906
62.412994384765625, 74.70997619628906
62.412994384765625, 74.70997619628906
62.412994384765625, 74.70997619628906
66.35730743408203, 79.58236694335938
66.35730743408203, 79.58236694335938
72.2737808227539, 82.01856231689453
77.7262191772461, 53.3642692565918
70.0696029663086, 31.786542892456055
70.0696029663086, 31.786542892456055
70.0696029663086, 31.786542892456055
70.0696029663086, 31.786542892456055
