actor_1,actor_2
69.48955535888672, 87.58700561523438
72.7378158569336, 91.995361328125
69.37355041503906, 88.51508331298828
69.6055679321289, 63.341068267822266
81.78654479980469, 63.921112060546875
86.19489288330078, 56.38051223754883
83.64269256591797, 54.87239074707031
61.3689079284668, 44.19953536987305
53.82830810546875, 41.415313720703125
50.46403884887695, 42.92343521118164
39.559165954589844, 52.088165283203125
39.559165954589844, 52.088165283203125
35.266822814941406, 54.176334381103516
40.603248596191406, 60.09280776977539
59.86079025268555, 84.3387451171875
65.19721221923828, 89.09513092041016
63.225059509277344, 85.61485290527344
61.3689079284668, 78.07424926757812
66.58932495117188, 80.97447967529297
66.58932495117188, 80.97447967529297
75.87007141113281, 70.41763305664062
76.79814147949219, 48.25986099243164
72.50579833984375, 39.44315719604492
72.50579833984375, 39.44315719604492
77.2621841430664, 42.57540512084961
81.55452728271484, 44.66357421875
78.88631439208984, 44.77958297729492
58.46867752075195, 38.16705322265625
51.74013900756836, 36.078887939453125
49.07192611694336, 34.68677520751953
49.07192611694336, 34.68677520751953
50.81206512451172, 39.09512710571289
50.81206512451172, 39.09512710571289
44.31554412841797, 55.56844711303711
33.52668380737305, 50.232017517089844
33.52668380737305, 50.232017517089844
33.52668380737305, 50.232017517089844
33.52668380737305, 50.232017517089844
35.266822814941406, 54.176334381103516
40.603248596191406, 60.09280776977539
51.392112731933594, 73.31786346435547
63.225059509277344, 84.91879272460938
63.225059509277344, 85.61485290527344
61.3689079284668, 78.07424926757812
61.3689079284668, 78.07424926757812
61.3689079284668, 78.07424926757812
61.3689079284668, 78.07424926757812
65.77725982666016, 85.03480529785156
65.77725982666016, 85.03480529785156
72.62181091308594, 88.51508331298828
77.03015899658203, 57.656612396240234
68.56148529052734, 37.006961822509766
68.56148529052734, 37.006961822509766
68.56148529052734, 37.006961822509766
68.56148529052734, 37.006961822509766
