actor_1,actor_2
70.64965057373047, 88.97911834716797
73.78190612792969, 93.50347900390625
70.64965057373047, 90.02320098876953
70.9976806640625, 64.15312957763672
83.17865753173828, 64.96519470214844
87.12297058105469, 57.656612396240234
84.3387451171875, 56.38051223754883
61.484920501708984, 45.24361801147461
54.75638198852539, 41.53132247924805
51.160091400146484, 42.227378845214844
41.2993049621582, 51.508121490478516
41.2993049621582, 51.508121490478516
37.23897933959961, 55.104408264160156
42.227378845214844, 62.064964294433594
60.90487289428711, 86.19489288330078
66.12528991699219, 90.83526611328125
64.03712463378906, 87.47100067138672
62.76102066040039, 79.11833190917969
68.56148529052734, 81.78654479980469
68.56148529052734, 81.78654479980469
77.84222412109375, 71.46171569824219
78.88631439208984, 49.07192611694336
74.82598876953125, 40.487239837646484
74.82598876953125, 40.487239837646484
79.35034942626953, 43.9675178527832
82.9466323852539, 46.51972198486328
80.2784194946289, 46.86774826049805
59.04872512817383, 39.21113586425781
52.78422164916992, 36.31090545654297
50.580047607421875, 34.45475769042969
50.580047607421875, 34.45475769042969
52.088165283203125, 38.28306198120117
52.088165283203125, 38.28306198120117
45.939674377441406, 54.988399505615234
35.61484909057617, 49.767982482910156
35.61484909057617, 49.767982482910156
35.61484909057617, 49.767982482910156
35.61484909057617, 49.767982482910156
37.23897933959961, 55.104408264160156
42.227378845214844, 62.064964294433594
52.320186614990234, 74.9419937133789
64.2691421508789, 87.12297058105469
64.03712463378906, 87.47100067138672
62.76102066040039, 79.11833190917969
62.76102066040039, 79.11833190917969
62.76102066040039, 79.11833190917969
62.76102066040039, 79.11833190917969
67.51740264892578, 86.07888793945312
67.51740264892578, 86.07888793945312
75.0580062866211, 89.21113586425781
79.0023193359375, 58.7006950378418
70.53364562988281, 37.35498809814453
70.53364562988281, 37.35498809814453
70.53364562988281, 37.35498809814453
70.53364562988281, 37.35498809814453
