actor_1,actor_2
69.83758544921875, 90.95127868652344
72.2737808227539, 91.995361328125
69.02552032470703, 88.97911834716797
68.67749786376953, 64.84918975830078
78.19025421142578, 64.38514709472656
82.83062744140625, 56.61252975463867
81.55452728271484, 57.07656478881836
61.83294677734375, 44.66357421875
54.060325622558594, 41.415313720703125
50.11600875854492, 43.155452728271484
42.11137008666992, 52.78422164916992
42.11137008666992, 52.78422164916992
39.675174713134766, 56.26449966430664
45.3596305847168, 63.68909454345703
62.993038177490234, 88.97911834716797
66.47332000732422, 90.02320098876953
64.38514709472656, 86.77494049072266
62.412994384765625, 77.95823669433594
66.70533752441406, 79.69837951660156
66.70533752441406, 79.69837951660156
73.6658935546875, 70.18561553955078
74.24594116210938, 46.86774826049805
71.34571075439453, 35.846866607666016
71.34571075439453, 35.846866607666016
74.82598876953125, 41.415313720703125
79.35034942626953, 43.85150909423828
78.07424926757812, 46.28770446777344
60.440834045410156, 38.16705322265625
53.13225173950195, 35.61484909057617
50.580047607421875, 33.75870132446289
50.580047607421875, 33.75870132446289
51.27610397338867, 38.747100830078125
51.27610397338867, 38.747100830078125
45.59164810180664, 56.844547271728516
37.47099685668945, 51.62413024902344
37.47099685668945, 51.62413024902344
37.47099685668945, 51.62413024902344
37.47099685668945, 51.62413024902344
39.675174713134766, 56.26449966430664
45.3596305847168, 63.68909454345703
55.45243453979492, 76.68213653564453
65.54524230957031, 86.42691040039062
64.38514709472656, 86.77494049072266
62.412994384765625, 77.95823669433594
62.412994384765625, 77.95823669433594
62.412994384765625, 77.95823669433594
62.412994384765625, 77.95823669433594
65.6612548828125, 83.52667999267578
65.6612548828125, 83.52667999267578
70.9976806640625, 86.07888793945312
74.5939712524414, 56.14849090576172
68.90951538085938, 32.71461868286133
68.90951538085938, 32.71461868286133
68.90951538085938, 32.71461868286133
68.90951538085938, 32.71461868286133
