actor_1,actor_2
74.24594116210938, 93.7354965209961
76.56612396240234, 93.50347900390625
73.20185852050781, 89.79118347167969
71.57772827148438, 64.96519470214844
81.32250213623047, 66.35730743408203
86.07888793945312, 58.35266876220703
85.38282775878906, 58.46867752075195
68.44547271728516, 45.823665618896484
60.672855377197266, 42.80742645263672
56.14849090576172, 43.85150909423828
48.491878509521484, 55.56844711303711
48.491878509521484, 55.56844711303711
46.05568313598633, 59.28074264526367
51.62413024902344, 66.58932495117188
67.4013900756836, 91.87934875488281
70.41763305664062, 91.64733123779297
68.21345520019531, 87.9350357055664
65.6612548828125, 78.88631439208984
70.0696029663086, 80.2784194946289
70.0696029663086, 80.2784194946289
76.10208892822266, 69.95359802246094
77.03015899658203, 47.44779586791992
72.7378158569336, 36.890953063964844
72.7378158569336, 36.890953063964844
76.45011901855469, 42.80742645263672
80.85846710205078, 45.70765686035156
80.16241455078125, 47.563804626464844
64.96519470214844, 39.44315719604492
57.772621154785156, 37.47099685668945
55.22041702270508, 35.0348014831543
55.22041702270508, 35.0348014831543
57.772621154785156, 39.675174713134766
57.772621154785156, 39.675174713134766
51.508121490478516, 58.584686279296875
43.73550033569336, 54.6403694152832
43.73550033569336, 54.6403694152832
43.73550033569336, 54.6403694152832
43.73550033569336, 54.6403694152832
46.05568313598633, 59.28074264526367
51.62413024902344, 66.58932495117188
60.90487289428711, 80.16241455078125
69.02552032470703, 88.3990707397461
68.21345520019531, 87.9350357055664
65.6612548828125, 78.88631439208984
65.6612548828125, 78.88631439208984
65.6612548828125, 78.88631439208984
65.6612548828125, 78.88631439208984
68.56148529052734, 84.10672760009766
68.56148529052734, 84.10672760009766
73.89791107177734, 86.31090545654297
77.2621841430664, 57.30858612060547
69.6055679321289, 32.94663619995117
69.6055679321289, 32.94663619995117
69.6055679321289, 32.94663619995117
69.6055679321289, 32.94663619995117
