actor_1,actor_2
70.53364562988281, 87.0069580078125
71.57772827148438, 90.02320098876953
68.21345520019531, 87.23897552490234
69.37355041503906, 66.47332000732422
79.58236694335938, 69.37355041503906
84.91879272460938, 61.94895553588867
83.87471008300781, 61.94895553588867
71.22969818115234, 48.72389602661133
64.96519470214844, 45.12760925292969
58.932716369628906, 46.05568313598633
49.419952392578125, 51.392112731933594
49.419952392578125, 51.392112731933594
47.331787109375, 54.6403694152832
52.55220413208008, 60.55684280395508
63.921112060546875, 85.7308578491211
66.35730743408203, 89.09513092041016
63.68909454345703, 86.19489288330078
62.180973052978516, 79.58236694335938
66.24130249023438, 80.2784194946289
66.24130249023438, 80.2784194946289
74.70997619628906, 73.89791107177734
76.45011901855469, 54.176334381103516
73.08584594726562, 42.69141387939453
73.08584594726562, 42.69141387939453
76.68213653564453, 47.331787109375
81.6705322265625, 49.419952392578125
80.74246215820312, 51.04408264160156
68.56148529052734, 42.11137008666992
62.87702941894531, 39.675174713134766
59.86079025268555, 37.23897933959961
59.86079025268555, 37.23897933959961
61.252899169921875, 42.11137008666992
61.252899169921875, 42.11137008666992
53.01624298095703, 56.14849090576172
44.895591735839844, 50.46403884887695
44.895591735839844, 50.46403884887695
44.895591735839844, 50.46403884887695
44.895591735839844, 50.46403884887695
47.331787109375, 54.6403694152832
52.55220413208008, 60.55684280395508
59.512760162353516, 74.01392364501953
65.31322479248047, 85.03480529785156
63.68909454345703, 86.19489288330078
62.180973052978516, 79.58236694335938
62.180973052978516, 79.58236694335938
62.180973052978516, 79.58236694335938
62.180973052978516, 79.58236694335938
66.35730743408203, 87.58700561523438
66.35730743408203, 87.58700561523438
71.22969818115234, 88.63108825683594
76.45011901855469, 62.87702941894531
70.9976806640625, 39.559165954589844
70.9976806640625, 39.559165954589844
70.9976806640625, 39.559165954589844
70.9976806640625, 39.559165954589844
