actor_1,actor_2
69.02552032470703, 89.44315338134766
70.88166809082031, 90.25521850585938
67.63340759277344, 86.658935546875
66.82134246826172, 64.03712463378906
78.88631439208984, 66.47332000732422
84.57076263427734, 59.28074264526367
83.0626449584961, 59.74477767944336
68.44547271728516, 46.86774826049805
61.13689041137695, 43.03944396972656
53.48027801513672, 45.011600494384766
44.54756546020508, 53.01624298095703
44.54756546020508, 53.01624298095703
42.80742645263672, 56.38051223754883
48.95591735839844, 62.064964294433594
60.78886413574219, 87.47100067138672
63.68909454345703, 88.63108825683594
61.600929260253906, 84.91879272460938
59.16473388671875, 76.91415405273438
64.61717224121094, 78.07424926757812
64.61717224121094, 78.07424926757812
72.3897933959961, 70.41763305664062
74.82598876953125, 49.53596115112305
71.46171569824219, 38.515079498291016
71.46171569824219, 38.515079498291016
76.3341064453125, 43.9675178527832
81.32250213623047, 46.751739501953125
80.04640197753906, 48.607887268066406
66.12528991699219, 40.25522232055664
59.512760162353516, 37.935035705566406
55.45243453979492, 35.846866607666016
55.45243453979492, 35.846866607666016
56.14849090576172, 40.25522232055664
56.14849090576172, 40.25522232055664
48.14385223388672, 56.96055603027344
39.44315719604492, 51.508121490478516
39.44315719604492, 51.508121490478516
39.44315719604492, 51.508121490478516
39.44315719604492, 51.508121490478516
42.80742645263672, 56.38051223754883
48.95591735839844, 62.064964294433594
56.61252975463867, 74.9419937133789
62.412994384765625, 85.38282775878906
61.600929260253906, 84.91879272460938
59.16473388671875, 76.91415405273438
59.16473388671875, 76.91415405273438
59.16473388671875, 76.91415405273438
59.16473388671875, 76.91415405273438
63.68909454345703, 83.75869750976562
63.68909454345703, 83.75869750976562
69.83758544921875, 85.2668228149414
74.47795867919922, 58.81670379638672
68.79350280761719, 35.730857849121094
68.79350280761719, 35.730857849121094
68.79350280761719, 35.730857849121094
68.79350280761719, 35.730857849121094
