actor_1,actor_2
59.28074264526367, 85.96287536621094
61.600929260253906, 86.89095306396484
59.28074264526367, 84.10672760009766
60.20881652832031, 61.3689079284668
67.0533676147461, 58.004638671875
68.09745025634766, 48.839908599853516
71.92575073242188, 55.56844711303711
71.22969818115234, 43.73550033569336
69.48955535888672, 45.823665618896484
54.87239074707031, 38.6310920715332
47.679813385009766, 35.846866607666016
45.823665618896484, 40.25522232055664
45.823665618896484, 40.25522232055664
43.155452728271484, 45.70765686035156
33.29466247558594, 53.13225173950195
33.29466247558594, 53.13225173950195
32.250579833984375, 56.49652099609375
43.73550033569336, 72.7378158569336
53.59628677368164, 85.49884033203125
53.94431686401367, 81.78654479980469
53.94431686401367, 81.78654479980469
58.23666000366211, 74.82598876953125
58.23666000366211, 74.82598876953125
58.23666000366211, 74.82598876953125
68.09745025634766, 48.839908599853516
68.09745025634766, 48.839908599853516
63.225059509277344, 36.890953063964844
63.225059509277344, 36.890953063964844
66.9373550415039, 41.76333999633789
66.9373550415039, 41.76333999633789
71.46171569824219, 45.939674377441406
61.13689041137695, 42.11137008666992
47.679813385009766, 35.846866607666016
47.679813385009766, 35.846866607666016
44.19953536987305, 34.106727600097656
44.19953536987305, 34.106727600097656
44.19953536987305, 34.106727600097656
45.823665618896484, 40.25522232055664
41.64733123779297, 37.47099685668945
33.29466247558594, 53.13225173950195
29.3503475189209, 52.55220413208008
29.3503475189209, 52.55220413208008
30.510440826416016, 50.0
30.510440826416016, 50.0
