actor_1,actor_2
67.28538513183594, 91.87934875488281
68.09745025634766, 90.13921356201172
64.03712463378906, 86.89095306396484
65.08120727539062, 64.50115966796875
75.52204132080078, 65.08120727539062
83.17865753173828, 54.75638198852539
83.0626449584961, 57.19257354736328
70.64965057373047, 48.14385223388672
62.993038177490234, 46.05568313598633
56.61252975463867, 47.679813385009766
45.3596305847168, 56.728538513183594
45.3596305847168, 56.728538513183594
45.24361801147461, 61.600929260253906
50.81206512451172, 66.58932495117188
61.94895553588867, 90.6032485961914
62.76102066040039, 88.63108825683594
59.16473388671875, 85.38282775878906
59.04872512817383, 77.6102066040039
63.109046936035156, 78.77030181884766
63.109046936035156, 78.77030181884766
71.69373321533203, 69.83758544921875
75.29002380371094, 45.12760925292969
72.62181091308594, 36.078887939453125
72.62181091308594, 36.078887939453125
75.52204132080078, 40.603248596191406
80.62644958496094, 43.85150909423828
80.3944320678711, 47.21577835083008
68.79350280761719, 41.415313720703125
61.600929260253906, 39.79118347167969
58.35266876220703, 37.35498809814453
58.35266876220703, 37.35498809814453
58.7006950378418, 42.343387603759766
58.7006950378418, 42.343387603759766
49.767982482910156, 61.71693801879883
41.64733123779297, 55.68445587158203
41.64733123779297, 55.68445587158203
41.64733123779297, 55.68445587158203
41.64733123779297, 55.68445587158203
45.24361801147461, 61.600929260253906
50.81206512451172, 66.58932495117188
57.88862991333008, 80.2784194946289
63.225059509277344, 86.77494049072266
59.16473388671875, 85.38282775878906
59.04872512817383, 77.6102066040039
59.04872512817383, 77.6102066040039
59.04872512817383, 77.6102066040039
59.04872512817383, 77.6102066040039
64.2691421508789, 84.10672760009766
64.2691421508789, 84.10672760009766
69.25753784179688, 85.96287536621094
73.20185852050781, 57.656612396240234
69.48955535888672, 31.786542892456055
69.48955535888672, 31.786542892456055
69.48955535888672, 31.786542892456055
69.48955535888672, 31.786542892456055
