actor_1,actor_2
67.86543273925781, 85.49884033203125
68.79350280761719, 88.05104064941406
64.7331771850586, 85.49884033203125
65.19721221923828, 63.45707702636719
76.68213653564453, 63.80510330200195
82.83062744140625, 53.82830810546875
83.52667999267578, 54.29234313964844
66.12528991699219, 46.28770446777344
59.396751403808594, 43.50347900390625
53.01624298095703, 45.24361801147461
42.343387603759766, 53.48027801513672
42.343387603759766, 53.48027801513672
41.53132247924805, 54.988399505615234
46.86774826049805, 60.55684280395508
61.83294677734375, 83.29466247558594
63.341068267822266, 86.19489288330078
60.324825286865234, 83.75869750976562
59.396751403808594, 76.10208892822266
63.341068267822266, 77.2621841430664
63.341068267822266, 77.2621841430664
70.88166809082031, 69.14153289794922
74.36194610595703, 45.011600494384766
70.9976806640625, 37.7030143737793
70.9976806640625, 37.7030143737793
74.82598876953125, 42.69141387939453
79.11833190917969, 45.011600494384766
80.04640197753906, 45.939674377441406
63.921112060546875, 40.487239837646484
57.656612396240234, 38.399070739746094
54.060325622558594, 36.31090545654297
54.060325622558594, 36.31090545654297
55.22041702270508, 40.37123107910156
55.22041702270508, 40.37123107910156
46.40371322631836, 58.23666000366211
38.515079498291016, 51.508121490478516
38.515079498291016, 51.508121490478516
38.515079498291016, 51.508121490478516
38.515079498291016, 51.508121490478516
41.53132247924805, 54.988399505615234
46.86774826049805, 60.55684280395508
55.56844711303711, 73.08584594726562
62.87702941894531, 82.83062744140625
60.324825286865234, 83.75869750976562
59.396751403808594, 76.10208892822266
59.396751403808594, 76.10208892822266
59.396751403808594, 76.10208892822266
59.396751403808594, 76.10208892822266
63.57308578491211, 82.9466323852539
63.57308578491211, 82.9466323852539
68.56148529052734, 84.91879272460938
73.43387603759766, 56.38051223754883
67.28538513183594, 32.83062744140625
67.28538513183594, 32.83062744140625
67.28538513183594, 32.83062744140625
67.28538513183594, 32.83062744140625
