actor_1,actor_2
61.02088165283203, 82.9466323852539
63.341068267822266, 85.2668228149414
60.09280776977539, 83.41067504882812
60.324825286865234, 59.396751403808594
69.37355041503906, 60.440834045410156
75.17401123046875, 48.839908599853516
74.24594116210938, 50.232017517089844
59.04872512817383, 41.415313720703125
52.20417785644531, 37.935035705566406
44.19953536987305, 41.87934875488281
37.12297058105469, 48.607887268066406
37.12297058105469, 48.607887268066406
36.42691421508789, 50.232017517089844
40.95127487182617, 55.56844711303711
54.988399505615234, 79.23433685302734
58.004638671875, 81.78654479980469
55.68445587158203, 79.58236694335938
55.22041702270508, 71.11368560791016
58.81670379638672, 74.24594116210938
58.81670379638672, 74.24594116210938
65.54524230957031, 66.47332000732422
68.79350280761719, 40.37123107910156
66.35730743408203, 33.062644958496094
66.35730743408203, 33.062644958496094
66.35730743408203, 33.062644958496094
62.87702941894531, 28.422273635864258
64.50115966796875, 31.322505950927734
64.50115966796875, 31.322505950927734
69.7215805053711, 37.006961822509766
59.396751403808594, 35.15081024169922
48.25986099243164, 30.510440826416016
48.25986099243164, 30.510440826416016
45.3596305847168, 30.626449584960938
47.44779586791992, 33.178653717041016
47.44779586791992, 33.178653717041016
47.44779586791992, 33.178653717041016
47.44779586791992, 33.178653717041016
47.563804626464844, 36.658931732177734
37.12297058105469, 48.607887268066406
33.178653717041016, 46.6357307434082
33.178653717041016, 46.6357307434082
34.45475769042969, 44.66357421875
34.45475769042969, 44.66357421875
