actor_1,actor_2
61.252899169921875, 79.69837951660156
65.08120727539062, 82.48259735107422
62.64501190185547, 80.62644958496094
63.341068267822266, 56.26449966430664
69.25753784179688, 56.49652099609375
74.5939712524414, 47.79582214355469
73.08584594726562, 50.232017517089844
58.12065124511719, 40.83526611328125
52.320186614990234, 37.935035705566406
43.85150909423828, 38.6310920715332
37.12297058105469, 43.155452728271484
37.12297058105469, 43.155452728271484
35.846866607666016, 47.911834716796875
40.603248596191406, 53.82830810546875
54.176334381103516, 77.6102066040039
58.81670379638672, 79.81438446044922
57.07656478881836, 78.07424926757812
56.844547271728516, 70.53364562988281
61.83294677734375, 72.2737808227539
61.83294677734375, 72.2737808227539
66.12528991699219, 62.64501190185547
68.56148529052734, 38.6310920715332
65.89327239990234, 30.394432067871094
65.89327239990234, 30.394432067871094
67.98143768310547, 34.918792724609375
71.34571075439453, 37.7030143737793
69.83758544921875, 40.71925735473633
55.80046463012695, 35.15081024169922
51.160091400146484, 33.062644958496094
47.21577835083008, 31.090486526489258
47.21577835083008, 31.090486526489258
47.44779586791992, 34.80278396606445
47.44779586791992, 34.80278396606445
40.13920974731445, 47.21577835083008
33.29466247558594, 42.57540512084961
33.29466247558594, 42.57540512084961
33.29466247558594, 42.57540512084961
33.29466247558594, 42.57540512084961
35.846866607666016, 47.911834716796875
40.603248596191406, 53.82830810546875
48.0278434753418, 67.74942016601562
57.54060363769531, 77.03015899658203
57.07656478881836, 78.07424926757812
56.844547271728516, 70.53364562988281
56.844547271728516, 70.53364562988281
56.844547271728516, 70.53364562988281
56.844547271728516, 70.53364562988281
58.584686279296875, 78.65428924560547
58.584686279296875, 78.65428924560547
64.38514709472656, 80.97447967529297
66.82134246826172, 49.3039436340332
61.83294677734375, 26.566125869750977
61.83294677734375, 26.566125869750977
61.83294677734375, 26.566125869750977
61.83294677734375, 26.566125869750977
