actor_1,actor_2
69.25753784179688, 88.16705322265625
71.46171569824219, 91.64733123779297
69.14153289794922, 89.55916595458984
70.76566314697266, 68.3294677734375
78.77030181884766, 68.09745025634766
84.10672760009766, 59.62876892089844
82.71461486816406, 58.81670379638672
68.44547271728516, 47.911834716796875
62.87702941894531, 45.12760925292969
55.916473388671875, 47.79582214355469
46.86774826049805, 55.45243453979492
46.86774826049805, 55.45243453979492
45.823665618896484, 57.88862991333008
50.348026275634766, 63.921112060546875
63.57308578491211, 86.07888793945312
65.77725982666016, 90.02320098876953
64.03712463378906, 87.81902313232422
63.68909454345703, 80.3944320678711
68.09745025634766, 81.43851470947266
68.09745025634766, 81.43851470947266
75.52204132080078, 73.08584594726562
78.77030181884766, 50.81206512451172
77.6102066040039, 43.271461486816406
77.6102066040039, 43.271461486816406
79.81438446044922, 48.14385223388672
83.29466247558594, 51.04408264160156
81.90254974365234, 50.46403884887695
68.09745025634766, 42.69141387939453
62.64501190185547, 39.90719223022461
59.16473388671875, 38.86310958862305
59.16473388671875, 38.86310958862305
58.7006950378418, 43.50347900390625
58.7006950378418, 43.50347900390625
49.767982482910156, 58.12065124511719
42.92343521118164, 54.176334381103516
42.92343521118164, 54.176334381103516
42.92343521118164, 54.176334381103516
42.92343521118164, 54.176334381103516
45.823665618896484, 57.88862991333008
50.348026275634766, 63.921112060546875
57.54060363769531, 76.21809387207031
66.00927734375, 87.12297058105469
64.03712463378906, 87.81902313232422
63.68909454345703, 80.3944320678711
63.68909454345703, 80.3944320678711
63.68909454345703, 80.3944320678711
63.68909454345703, 80.3944320678711
66.47332000732422, 86.19489288330078
66.47332000732422, 86.19489288330078
72.2737808227539, 87.9350357055664
77.2621841430664, 61.3689079284668
75.0580062866211, 39.675174713134766
75.0580062866211, 39.675174713134766
75.0580062866211, 39.675174713134766
75.0580062866211, 39.675174713134766
