actor_1,actor_2
66.00927734375, 85.61485290527344
67.98143768310547, 88.86310577392578
65.19721221923828, 86.89095306396484
66.12528991699219, 64.96519470214844
74.01392364501953, 63.45707702636719
79.11833190917969, 54.75638198852539
77.7262191772461, 55.56844711303711
62.993038177490234, 44.895591735839844
57.07656478881836, 42.227378845214844
50.92807388305664, 45.011600494384766
42.343387603759766, 51.9721565246582
42.343387603759766, 51.9721565246582
41.18329620361328, 54.87239074707031
46.17169189453125, 61.02088165283203
59.97679901123047, 83.99072265625
61.94895553588867, 87.70301818847656
59.74477767944336, 85.61485290527344
59.04872512817383, 79.0023193359375
63.80510330200195, 79.58236694335938
63.80510330200195, 79.58236694335938
69.7215805053711, 69.48955535888672
72.50579833984375, 46.86774826049805
70.9976806640625, 38.97911834716797
70.9976806640625, 38.97911834716797
73.89791107177734, 43.155452728271484
77.84222412109375, 45.823665618896484
76.79814147949219, 46.98375701904297
62.2969856262207, 40.02320098876953
56.728538513183594, 37.587005615234375
53.82830810546875, 36.658931732177734
53.82830810546875, 36.658931732177734
53.48027801513672, 40.95127487182617
53.48027801513672, 40.95127487182617
44.895591735839844, 54.75638198852539
38.399070739746094, 51.160091400146484
38.399070739746094, 51.160091400146484
38.399070739746094, 51.160091400146484
38.399070739746094, 51.160091400146484
41.18329620361328, 54.87239074707031
46.17169189453125, 61.02088165283203
53.94431686401367, 73.54988098144531
62.064964294433594, 84.45475769042969
59.74477767944336, 85.61485290527344
59.04872512817383, 79.0023193359375
59.04872512817383, 79.0023193359375
59.04872512817383, 79.0023193359375
59.04872512817383, 79.0023193359375
61.02088165283203, 84.91879272460938
61.02088165283203, 84.91879272460938
67.16937255859375, 86.19489288330078
71.46171569824219, 57.30858612060547
69.02552032470703, 36.19489669799805
69.02552032470703, 36.19489669799805
69.02552032470703, 36.19489669799805
69.02552032470703, 36.19489669799805
