actor_1,actor_2
67.86543273925781, 85.03480529785156
69.95359802246094, 86.54292297363281
67.63340759277344, 83.75869750976562
67.28538513183594, 59.97679901123047
75.29002380371094, 57.88862991333008
79.11833190917969, 50.11600875854492
77.6102066040039, 51.85614776611328
63.109046936035156, 42.57540512084961
56.26449966430664, 39.44315719604492
50.46403884887695, 41.995361328125
43.61948776245117, 50.348026275634766
43.61948776245117, 50.348026275634766
43.50347900390625, 52.900230407714844
48.607887268066406, 59.512760162353516
62.2969856262207, 83.17865753173828
64.7331771850586, 84.57076263427734
62.993038177490234, 81.78654479980469
61.94895553588867, 73.6658935546875
66.00927734375, 75.0580062866211
66.00927734375, 75.0580062866211
70.9976806640625, 65.31322479248047
72.62181091308594, 41.53132247924805
70.41763305664062, 34.338748931884766
70.41763305664062, 34.338748931884766
73.31786346435547, 39.09512710571289
76.91415405273438, 41.87934875488281
75.4060287475586, 43.73550033569336
61.3689079284668, 38.399070739746094
55.104408264160156, 35.38283157348633
51.9721565246582, 34.918792724609375
51.9721565246582, 34.918792724609375
52.668212890625, 38.515079498291016
52.668212890625, 38.515079498291016
46.17169189453125, 53.01624298095703
40.37123107910156, 48.95591735839844
40.37123107910156, 48.95591735839844
40.37123107910156, 48.95591735839844
40.37123107910156, 48.95591735839844
43.50347900390625, 52.900230407714844
48.607887268066406, 59.512760162353516
56.96055603027344, 72.85382843017578
64.61717224121094, 82.48259735107422
62.993038177490234, 81.78654479980469
61.94895553588867, 73.6658935546875
61.94895553588867, 73.6658935546875
61.94895553588867, 73.6658935546875
61.94895553588867, 73.6658935546875
64.03712463378906, 80.2784194946289
64.03712463378906, 80.2784194946289
69.48955535888672, 82.48259735107422
72.15777587890625, 51.160091400146484
67.4013900756836, 31.786542892456055
67.4013900756836, 31.786542892456055
67.4013900756836, 31.786542892456055
67.4013900756836, 31.786542892456055
