actor_1,actor_2
63.80510330200195, 85.2668228149414
65.77725982666016, 88.3990707397461
63.68909454345703, 85.84687042236328
64.84918975830078, 63.225059509277344
74.01392364501953, 63.45707702636719
78.53828430175781, 55.45243453979492
78.42227172851562, 55.68445587158203
62.76102066040039, 43.38747024536133
56.26449966430664, 40.25522232055664
49.07192611694336, 41.87934875488281
39.90719223022461, 48.95591735839844
39.90719223022461, 48.95591735839844
39.44315719604492, 51.160091400146484
44.43155288696289, 57.30858612060547
57.30858612060547, 82.25057983398438
59.396751403808594, 85.03480529785156
57.772621154785156, 82.48259735107422
56.96055603027344, 74.9419937133789
61.94895553588867, 77.2621841430664
61.94895553588867, 77.2621841430664
69.02552032470703, 69.83758544921875
71.80974578857422, 47.331787109375
69.37355041503906, 39.559165954589844
69.37355041503906, 39.559165954589844
69.37355041503906, 39.559165954589844
66.70533752441406, 37.006961822509766
69.02552032470703, 40.25522232055664
69.02552032470703, 40.25522232055664
73.31786346435547, 43.50347900390625
65.31322479248047, 40.83526611328125
53.01624298095703, 34.338748931884766
53.01624298095703, 34.338748931884766
49.767982482910156, 33.29466247558594
51.74013900756836, 35.0348014831543
51.74013900756836, 35.0348014831543
51.74013900756836, 35.0348014831543
51.74013900756836, 35.0348014831543
51.9721565246582, 38.28306198120117
39.90719223022461, 48.95591735839844
36.078887939453125, 47.44779586791992
36.078887939453125, 47.44779586791992
37.47099685668945, 46.17169189453125
37.47099685668945, 46.17169189453125
