actor_1,actor_2
69.48955535888672, 85.2668228149414
70.41763305664062, 87.58700561523438
68.67749786376953, 85.38282775878906
69.25753784179688, 63.109046936035156
80.2784194946289, 63.109046936035156
83.52667999267578, 54.176334381103516
83.0626449584961, 53.48027801513672
65.42923736572266, 42.92343521118164
58.584686279296875, 39.21113586425781
52.668212890625, 40.603248596191406
43.38747024536133, 48.95591735839844
43.38747024536133, 48.95591735839844
42.227378845214844, 51.508121490478516
46.751739501953125, 59.396751403808594
61.94895553588867, 82.83062744140625
63.45707702636719, 84.68677520751953
62.52900314331055, 82.36659240722656
60.90487289428711, 74.24594116210938
66.82134246826172, 76.56612396240234
66.82134246826172, 76.56612396240234
74.47795867919922, 68.44547271728516
77.03015899658203, 44.77958297729492
74.12992858886719, 36.31090545654297
74.12992858886719, 36.31090545654297
77.49420166015625, 41.53132247924805
80.74246215820312, 43.73550033569336
80.74246215820312, 44.66357421875
64.2691421508789, 38.515079498291016
58.12065124511719, 35.15081024169922
53.59628677368164, 33.75870132446289
53.59628677368164, 33.75870132446289
53.48027801513672, 37.12297058105469
53.48027801513672, 37.12297058105469
45.70765686035156, 53.01624298095703
39.09512710571289, 47.21577835083008
39.09512710571289, 47.21577835083008
39.09512710571289, 47.21577835083008
39.09512710571289, 47.21577835083008
42.227378845214844, 51.508121490478516
46.751739501953125, 59.396751403808594
56.844547271728516, 73.43387603759766
63.225059509277344, 82.36659240722656
62.52900314331055, 82.36659240722656
60.90487289428711, 74.24594116210938
60.90487289428711, 74.24594116210938
60.90487289428711, 74.24594116210938
60.90487289428711, 74.24594116210938
64.38514709472656, 80.2784194946289
64.38514709472656, 80.2784194946289
71.46171569824219, 83.75869750976562
77.03015899658203, 54.988399505615234
72.04176330566406, 32.83062744140625
72.04176330566406, 32.83062744140625
72.04176330566406, 32.83062744140625
72.04176330566406, 32.83062744140625
