actor_1,actor_2
67.51740264892578, 85.84687042236328
69.6055679321289, 87.12297058105469
67.98143768310547, 85.7308578491211
68.3294677734375, 63.68909454345703
77.6102066040039, 63.45707702636719
82.9466323852539, 54.060325622558594
81.6705322265625, 54.988399505615234
62.52900314331055, 42.227378845214844
54.75638198852539, 38.6310920715332
47.679813385009766, 40.25522232055664
40.25522232055664, 47.911834716796875
40.25522232055664, 47.911834716796875
38.515079498291016, 51.62413024902344
44.54756546020508, 59.04872512817383
59.74477767944336, 83.41067504882812
62.76102066040039, 84.45475769042969
61.600929260253906, 83.17865753173828
59.97679901123047, 75.29002380371094
65.6612548828125, 77.03015899658203
65.6612548828125, 77.03015899658203
70.88166809082031, 68.21345520019531
75.17401123046875, 45.24361801147461
72.50579833984375, 36.774940490722656
72.50579833984375, 36.774940490722656
76.45011901855469, 42.69141387939453
79.81438446044922, 44.31554412841797
78.77030181884766, 45.70765686035156
60.78886413574219, 37.587005615234375
53.71229553222656, 34.45475769042969
49.53596115112305, 32.94663619995117
49.53596115112305, 32.94663619995117
49.767982482910156, 36.31090545654297
49.767982482910156, 36.31090545654297
41.87934875488281, 51.508121490478516
35.266822814941406, 47.099769592285156
35.266822814941406, 47.099769592285156
35.266822814941406, 47.099769592285156
35.266822814941406, 47.099769592285156
38.515079498291016, 51.62413024902344
44.54756546020508, 59.04872512817383
53.48027801513672, 74.01392364501953
62.064964294433594, 82.36659240722656
61.600929260253906, 83.17865753173828
59.97679901123047, 75.29002380371094
59.97679901123047, 75.29002380371094
59.97679901123047, 75.29002380371094
59.97679901123047, 75.29002380371094
61.71693801879883, 80.85846710205078
61.71693801879883, 80.85846710205078
68.09745025634766, 83.17865753173828
73.31786346435547, 55.33642578125
69.6055679321289, 32.83062744140625
69.6055679321289, 32.83062744140625
69.6055679321289, 32.83062744140625
69.6055679321289, 32.83062744140625
