actor_1,actor_2
64.7331771850586, 87.35498809814453
67.86543273925781, 89.79118347167969
66.12528991699219, 86.658935546875
64.7331771850586, 63.68909454345703
74.9419937133789, 61.94895553588867
78.77030181884766, 54.29234313964844
75.87007141113281, 54.87239074707031
57.54060363769531, 43.73550033569336
50.0, 40.37123107910156
44.19953536987305, 42.227378845214844
34.80278396606445, 49.419952392578125
34.80278396606445, 49.419952392578125
33.990718841552734, 54.40835189819336
40.487239837646484, 61.3689079284668
57.42459487915039, 86.89095306396484
61.13689041137695, 88.63108825683594
59.74477767944336, 85.38282775878906
57.88862991333008, 77.03015899658203
62.993038177490234, 77.6102066040039
62.993038177490234, 77.6102066040039
68.09745025634766, 67.86543273925781
71.22969818115234, 45.12760925292969
69.37355041503906, 37.47099685668945
69.37355041503906, 37.47099685668945
73.31786346435547, 42.80742645263672
76.91415405273438, 45.70765686035156
74.01392364501953, 47.099769592285156
57.07656478881836, 39.09512710571289
50.348026275634766, 36.31090545654297
46.51972198486328, 35.15081024169922
46.51972198486328, 35.15081024169922
45.47563934326172, 38.86310958862305
45.47563934326172, 38.86310958862305
37.7030143737793, 52.78422164916992
30.510440826416016, 49.651973724365234
30.510440826416016, 49.651973724365234
30.510440826416016, 49.651973724365234
30.510440826416016, 49.651973724365234
33.990718841552734, 54.40835189819336
40.487239837646484, 61.3689079284668
50.232017517089844, 78.19025421142578
60.324825286865234, 86.42691040039062
59.74477767944336, 85.38282775878906
57.88862991333008, 77.03015899658203
57.88862991333008, 77.03015899658203
57.88862991333008, 77.03015899658203
57.88862991333008, 77.03015899658203
60.20881652832031, 82.36659240722656
60.20881652832031, 82.36659240722656
66.35730743408203, 83.64269256591797
70.64965057373047, 55.33642578125
65.77725982666016, 34.22273635864258
65.77725982666016, 34.22273635864258
65.77725982666016, 34.22273635864258
65.77725982666016, 34.22273635864258
