actor_1,actor_2
69.37355041503906, 91.53132629394531
73.08584594726562, 94.54756164550781
70.9976806640625, 90.95127868652344
70.88166809082031, 67.74942016601562
81.43851470947266, 66.24130249023438
85.96287536621094, 58.46867752075195
82.48259735107422, 58.584686279296875
64.15312957763672, 45.59164810180664
56.728538513183594, 42.227378845214844
50.11600875854492, 45.70765686035156
40.83526611328125, 53.48027801513672
40.83526611328125, 53.48027801513672
39.90719223022461, 58.12065124511719
46.17169189453125, 65.19721221923828
62.52900314331055, 91.41531372070312
66.47332000732422, 94.08352661132812
64.38514709472656, 90.37123107910156
62.64501190185547, 82.13456726074219
67.98143768310547, 82.13456726074219
67.98143768310547, 82.13456726074219
74.70997619628906, 71.92575073242188
78.42227172851562, 48.72389602661133
76.56612396240234, 41.76333999633789
76.56612396240234, 41.76333999633789
80.04640197753906, 47.44779586791992
83.75869750976562, 50.46403884887695
80.04640197753906, 51.27610397338867
62.87702941894531, 41.53132247924805
56.49652099609375, 38.747100830078125
52.20417785644531, 37.7030143737793
52.20417785644531, 37.7030143737793
51.74013900756836, 41.18329620361328
51.74013900756836, 41.18329620361328
43.61948776245117, 56.49652099609375
36.19489669799805, 53.94431686401367
36.19489669799805, 53.94431686401367
36.19489669799805, 53.94431686401367
36.19489669799805, 53.94431686401367
39.90719223022461, 58.12065124511719
46.17169189453125, 65.19721221923828
56.14849090576172, 82.48259735107422
65.77725982666016, 91.76334381103516
64.38514709472656, 90.37123107910156
62.64501190185547, 82.13456726074219
62.64501190185547, 82.13456726074219
62.64501190185547, 82.13456726074219
62.64501190185547, 82.13456726074219
65.42923736572266, 87.47100067138672
65.42923736572266, 87.47100067138672
71.80974578857422, 88.16705322265625
77.37818908691406, 59.512760162353516
73.6658935546875, 38.515079498291016
73.6658935546875, 38.515079498291016
73.6658935546875, 38.515079498291016
73.6658935546875, 38.515079498291016
