actor_1,actor_2
63.341068267822266, 86.19489288330078
67.63340759277344, 89.21113586425781
65.19721221923828, 85.7308578491211
66.70533752441406, 61.83294677734375
74.9419937133789, 59.04872512817383
80.04640197753906, 50.81206512451172
76.91415405273438, 50.46403884887695
58.12065124511719, 38.515079498291016
51.27610397338867, 36.54292297363281
43.9675178527832, 38.6310920715332
35.15081024169922, 49.53596115112305
35.15081024169922, 49.53596115112305
33.178653717041016, 53.01624298095703
38.747100830078125, 58.23666000366211
55.80046463012695, 84.80278778076172
60.55684280395508, 87.23897552490234
58.584686279296875, 83.52667999267578
57.656612396240234, 75.29002380371094
63.57308578491211, 76.91415405273438
63.57308578491211, 76.91415405273438
70.64965057373047, 66.24130249023438
74.47795867919922, 41.995361328125
73.43387603759766, 34.338748931884766
73.43387603759766, 34.338748931884766
75.17401123046875, 39.327144622802734
78.53828430175781, 41.87934875488281
75.29002380371094, 42.80742645263672
56.96055603027344, 34.918792724609375
50.92807388305664, 33.41067123413086
46.751739501953125, 31.786542892456055
46.751739501953125, 31.786542892456055
46.51972198486328, 34.80278396606445
46.51972198486328, 34.80278396606445
37.47099685668945, 51.74013900756836
29.81438446044922, 49.07192611694336
29.81438446044922, 49.07192611694336
29.81438446044922, 49.07192611694336
29.81438446044922, 49.07192611694336
33.178653717041016, 53.01624298095703
38.747100830078125, 58.23666000366211
48.607887268066406, 73.6658935546875
60.20881652832031, 83.87471008300781
58.584686279296875, 83.52667999267578
57.656612396240234, 75.29002380371094
57.656612396240234, 75.29002380371094
57.656612396240234, 75.29002380371094
57.656612396240234, 75.29002380371094
60.440834045410156, 80.97447967529297
60.440834045410156, 80.97447967529297
67.28538513183594, 82.83062744140625
72.96984100341797, 52.55220413208008
68.67749786376953, 30.046403884887695
68.67749786376953, 30.046403884887695
68.67749786376953, 30.046403884887695
68.67749786376953, 30.046403884887695
