actor_1,actor_2
64.84918975830078, 87.12297058105469
68.79350280761719, 88.74710083007812
66.00927734375, 85.38282775878906
67.63340759277344, 62.52900314331055
77.49420166015625, 63.341068267822266
82.83062744140625, 55.916473388671875
79.23433685302734, 56.728538513183594
57.07656478881836, 43.61948776245117
50.232017517089844, 40.95127487182617
45.70765686035156, 41.415313720703125
36.658931732177734, 48.607887268066406
36.658931732177734, 48.607887268066406
34.68677520751953, 54.29234313964844
39.44315719604492, 60.09280776977539
58.12065124511719, 87.0069580078125
62.412994384765625, 88.3990707397461
60.440834045410156, 84.80278778076172
58.81670379638672, 77.6102066040039
64.03712463378906, 77.03015899658203
64.03712463378906, 77.03015899658203
72.7378158569336, 67.74942016601562
75.52204132080078, 46.28770446777344
73.54988098144531, 39.21113586425781
73.54988098144531, 39.21113586425781
76.45011901855469, 44.43155288696289
80.85846710205078, 46.6357307434082
77.37818908691406, 47.79582214355469
56.38051223754883, 38.86310958862305
50.46403884887695, 37.23897933959961
48.14385223388672, 35.15081024169922
48.14385223388672, 35.15081024169922
47.331787109375, 38.28306198120117
47.331787109375, 38.28306198120117
39.44315719604492, 51.392112731933594
33.062644958496094, 49.3039436340332
33.062644958496094, 49.3039436340332
33.062644958496094, 49.3039436340332
33.062644958496094, 49.3039436340332
34.68677520751953, 54.29234313964844
39.44315719604492, 60.09280776977539
50.81206512451172, 77.84222412109375
62.2969856262207, 85.84687042236328
60.440834045410156, 84.80278778076172
58.81670379638672, 77.6102066040039
58.81670379638672, 77.6102066040039
58.81670379638672, 77.6102066040039
58.81670379638672, 77.6102066040039
62.412994384765625, 82.5986099243164
62.412994384765625, 82.5986099243164
68.44547271728516, 83.0626449584961
74.82598876953125, 56.38051223754883
69.48955535888672, 36.19489669799805
69.48955535888672, 36.19489669799805
69.48955535888672, 36.19489669799805
69.48955535888672, 36.19489669799805
