actor_1,actor_2
62.180973052978516, 87.12297058105469
66.12528991699219, 88.3990707397461
63.68909454345703, 85.03480529785156
65.31322479248047, 62.52900314331055
75.4060287475586, 61.484920501708984
80.3944320678711, 53.71229553222656
77.03015899658203, 54.52436065673828
55.22041702270508, 41.76333999633789
49.07192611694336, 38.747100830078125
44.54756546020508, 39.327144622802734
34.57076644897461, 47.679813385009766
34.57076644897461, 47.679813385009766
32.13457107543945, 53.59628677368164
36.54292297363281, 59.97679901123047
55.104408264160156, 86.42691040039062
59.28074264526367, 87.35498809814453
57.54060363769531, 83.75869750976562
56.0324821472168, 76.91415405273438
61.71693801879883, 77.14617156982422
61.71693801879883, 77.14617156982422
70.18561553955078, 67.4013900756836
73.31786346435547, 45.011600494384766
72.15777587890625, 38.399070739746094
72.15777587890625, 38.399070739746094
75.0580062866211, 42.92343521118164
79.0023193359375, 44.77958297729492
75.52204132080078, 45.939674377441406
54.87239074707031, 37.23897933959961
49.767982482910156, 35.15081024169922
47.44779586791992, 33.178653717041016
47.44779586791992, 33.178653717041016
46.17169189453125, 36.31090545654297
46.17169189453125, 36.31090545654297
37.935035705566406, 49.767982482910156
30.626449584960938, 48.25986099243164
30.626449584960938, 48.25986099243164
30.626449584960938, 48.25986099243164
30.626449584960938, 48.25986099243164
32.13457107543945, 53.59628677368164
36.54292297363281, 59.97679901123047
47.44779586791992, 76.91415405273438
59.28074264526367, 84.57076263427734
57.54060363769531, 83.75869750976562
56.0324821472168, 76.91415405273438
56.0324821472168, 76.91415405273438
56.0324821472168, 76.91415405273438
56.0324821472168, 76.91415405273438
59.396751403808594, 81.43851470947266
59.396751403808594, 81.43851470947266
66.00927734375, 82.83062744140625
72.50579833984375, 54.87239074707031
68.44547271728516, 35.49884033203125
68.44547271728516, 35.49884033203125
68.44547271728516, 35.49884033203125
68.44547271728516, 35.49884033203125
