actor_1,actor_2
65.89327239990234, 84.80278778076172
70.41763305664062, 84.68677520751953
67.4013900756836, 81.43851470947266
69.37355041503906, 59.97679901123047
79.11833190917969, 58.004638671875
83.17865753173828, 50.232017517089844
79.58236694335938, 51.9721565246582
58.35266876220703, 41.18329620361328
52.436195373535156, 38.97911834716797
47.79582214355469, 39.327144622802734
38.399070739746094, 48.25986099243164
38.399070739746094, 48.25986099243164
36.19489669799805, 54.176334381103516
40.13920974731445, 59.97679901123047
58.23666000366211, 84.45475769042969
62.993038177490234, 84.22274017333984
60.55684280395508, 80.74246215820312
59.28074264526367, 74.01392364501953
65.6612548828125, 74.01392364501953
65.6612548828125, 74.01392364501953
74.70997619628906, 64.15312957763672
76.68213653564453, 41.87934875488281
74.5939712524414, 35.0348014831543
74.5939712524414, 35.0348014831543
77.7262191772461, 39.09512710571289
80.97447967529297, 41.2993049621582
77.37818908691406, 43.61948776245117
57.772621154785156, 36.19489669799805
52.900230407714844, 34.918792724609375
50.348026275634766, 32.59860610961914
50.348026275634766, 32.59860610961914
49.3039436340332, 36.19489669799805
49.3039436340332, 36.19489669799805
41.415313720703125, 50.232017517089844
34.106727600097656, 48.839908599853516
34.106727600097656, 48.839908599853516
34.106727600097656, 48.839908599853516
34.106727600097656, 48.839908599853516
36.19489669799805, 54.176334381103516
40.13920974731445, 59.97679901123047
49.767982482910156, 76.21809387207031
62.412994384765625, 81.6705322265625
60.55684280395508, 80.74246215820312
59.28074264526367, 74.01392364501953
59.28074264526367, 74.01392364501953
59.28074264526367, 74.01392364501953
59.28074264526367, 74.01392364501953
62.993038177490234, 78.42227172851562
62.993038177490234, 78.42227172851562
70.53364562988281, 79.58236694335938
76.3341064453125, 51.508121490478516
70.30162048339844, 31.786542892456055
70.30162048339844, 31.786542892456055
70.30162048339844, 31.786542892456055
70.30162048339844, 31.786542892456055
