actor_1,actor_2
76.3341064453125, 94.19953918457031
77.7262191772461, 96.86775207519531
75.0580062866211, 94.43155670166016
75.52204132080078, 71.11368560791016
87.23897552490234, 72.50579833984375
93.50347900390625, 64.50115966796875
92.80742645263672, 65.19721221923828
72.96984100341797, 50.232017517089844
66.00927734375, 46.40371322631836
59.28074264526367, 46.6357307434082
46.6357307434082, 54.988399505615234
46.6357307434082, 54.988399505615234
44.54756546020508, 57.54060363769531
49.53596115112305, 64.2691421508789
68.67749786376953, 92.11136627197266
71.11368560791016, 94.77957916259766
68.79350280761719, 92.3433837890625
67.4013900756836, 83.87471008300781
73.20185852050781, 85.15081024169922
73.20185852050781, 85.15081024169922
81.43851470947266, 77.2621841430664
85.38282775878906, 54.75638198852539
83.29466247558594, 45.823665618896484
83.29466247558594, 45.823665618896484
86.42691040039062, 52.20417785644531
90.95127868652344, 53.71229553222656
90.7192611694336, 55.104408264160156
71.46171569824219, 43.9675178527832
65.42923736572266, 41.18329620361328
61.252899169921875, 38.6310920715332
61.252899169921875, 38.6310920715332
61.600929260253906, 43.03944396972656
61.600929260253906, 43.03944396972656
50.92807388305664, 58.46867752075195
40.71925735473633, 52.78422164916992
40.71925735473633, 52.78422164916992
40.71925735473633, 52.78422164916992
40.71925735473633, 52.78422164916992
44.54756546020508, 57.54060363769531
49.53596115112305, 64.2691421508789
61.13689041137695, 82.25057983398438
70.88166809082031, 92.3433837890625
68.79350280761719, 92.3433837890625
67.4013900756836, 83.87471008300781
67.4013900756836, 83.87471008300781
67.4013900756836, 83.87471008300781
67.4013900756836, 83.87471008300781
71.92575073242188, 89.79118347167969
71.92575073242188, 89.79118347167969
78.77030181884766, 91.995361328125
84.68677520751953, 64.15312957763672
79.46635437011719, 42.227378845214844
79.46635437011719, 42.227378845214844
79.46635437011719, 42.227378845214844
79.46635437011719, 42.227378845214844
