actor_1,actor_2
66.47332000732422, 85.38282775878906
68.79350280761719, 83.29466247558594
64.7331771850586, 81.09048461914062
65.19721221923828, 55.916473388671875
74.47795867919922, 60.20881652832031
79.81438446044922, 51.508121490478516
81.09048461914062, 55.68445587158203
60.672855377197266, 41.76333999633789
53.94431686401367, 39.675174713134766
47.563804626464844, 40.13920974731445
38.28306198120117, 47.79582214355469
38.28306198120117, 47.79582214355469
35.846866607666016, 50.92807388305664
40.83526611328125, 56.61252975463867
59.28074264526367, 83.41067504882812
62.52900314331055, 80.74246215820312
59.396751403808594, 78.53828430175781
58.23666000366211, 69.14153289794922
63.109046936035156, 70.64965057373047
63.109046936035156, 70.64965057373047
69.14153289794922, 60.78886413574219
70.88166809082031, 40.83526611328125
68.67749786376953, 34.68677520751953
68.67749786376953, 34.68677520751953
71.92575073242188, 42.57540512084961
77.37818908691406, 44.083526611328125
78.53828430175781, 47.44779586791992
58.46867752075195, 37.12297058105469
52.900230407714844, 35.846866607666016
49.419952392578125, 34.22273635864258
49.419952392578125, 34.22273635864258
49.767982482910156, 37.12297058105469
49.767982482910156, 37.12297058105469
41.18329620361328, 50.46403884887695
33.52668380737305, 46.86774826049805
33.52668380737305, 46.86774826049805
33.52668380737305, 46.86774826049805
33.52668380737305, 46.86774826049805
35.846866607666016, 50.92807388305664
40.83526611328125, 56.61252975463867
51.508121490478516, 74.47795867919922
61.83294677734375, 78.88631439208984
59.396751403808594, 78.53828430175781
58.23666000366211, 69.14153289794922
58.23666000366211, 69.14153289794922
58.23666000366211, 69.14153289794922
58.23666000366211, 69.14153289794922
61.3689079284668, 74.82598876953125
61.3689079284668, 74.82598876953125
66.9373550415039, 77.03015899658203
71.22969818115234, 50.0
63.45707702636719, 32.01856231689453
63.45707702636719, 32.01856231689453
63.45707702636719, 32.01856231689453
63.45707702636719, 32.01856231689453
