actor_1,actor_2
70.53364562988281, 91.41531372070312
72.3897933959961, 91.41531372070312
69.37355041503906, 90.6032485961914
71.22969818115234, 66.70533752441406
83.17865753173828, 71.57772827148438
88.05104064941406, 62.76102066040039
88.86310577392578, 64.84918975830078
66.00927734375, 49.3039436340332
58.932716369628906, 46.28770446777344
50.81206512451172, 47.563804626464844
38.399070739746094, 55.104408264160156
38.399070739746094, 55.104408264160156
35.49884033203125, 54.6403694152832
40.83526611328125, 60.78886413574219
62.180973052978516, 86.42691040039062
65.08120727539062, 86.658935546875
62.180973052978516, 85.61485290527344
60.90487289428711, 76.10208892822266
67.86543273925781, 79.9303970336914
67.86543273925781, 79.9303970336914
76.79814147949219, 71.57772827148438
80.16241455078125, 52.320186614990234
78.19025421142578, 44.66357421875
78.19025421142578, 44.66357421875
81.43851470947266, 52.436195373535156
85.49884033203125, 53.13225173950195
85.7308578491211, 55.104408264160156
64.03712463378906, 43.03944396972656
57.88862991333008, 41.18329620361328
53.94431686401367, 39.327144622802734
53.94431686401367, 39.327144622802734
54.060325622558594, 43.9675178527832
54.060325622558594, 43.9675178527832
42.11137008666992, 58.35266876220703
32.83062744140625, 51.62413024902344
32.83062744140625, 51.62413024902344
32.83062744140625, 51.62413024902344
32.83062744140625, 51.62413024902344
35.49884033203125, 54.6403694152832
40.83526611328125, 60.78886413574219
53.48027801513672, 76.91415405273438
64.03712463378906, 82.83062744140625
62.180973052978516, 85.61485290527344
60.90487289428711, 76.10208892822266
60.90487289428711, 76.10208892822266
60.90487289428711, 76.10208892822266
60.90487289428711, 76.10208892822266
64.96519470214844, 81.78654479980469
64.96519470214844, 81.78654479980469
73.20185852050781, 86.54292297363281
80.16241455078125, 60.90487289428711
73.43387603759766, 41.067283630371094
73.43387603759766, 41.067283630371094
73.43387603759766, 41.067283630371094
73.43387603759766, 41.067283630371094
