actor_1,actor_2
65.6612548828125, 89.21113586425781
70.30162048339844, 87.35498809814453
68.67749786376953, 84.80278778076172
68.90951538085938, 62.180973052978516
77.84222412109375, 66.12528991699219
83.29466247558594, 58.12065124511719
80.97447967529297, 62.412994384765625
60.78886413574219, 48.14385223388672
54.75638198852539, 43.155452728271484
46.51972198486328, 43.85150909423828
38.28306198120117, 50.0
38.28306198120117, 50.0
34.918792724609375, 52.320186614990234
40.71925735473633, 60.09280776977539
58.7006950378418, 86.54292297363281
63.921112060546875, 84.57076263427734
62.993038177490234, 82.01856231689453
62.412994384765625, 71.69373321533203
67.28538513183594, 73.89791107177734
67.28538513183594, 73.89791107177734
72.96984100341797, 68.21345520019531
77.95823669433594, 45.823665618896484
76.10208892822266, 36.774940490722656
76.10208892822266, 36.774940490722656
78.77030181884766, 45.011600494384766
81.20649719238281, 47.911834716796875
79.35034942626953, 53.3642692565918
59.97679901123047, 43.155452728271484
54.29234313964844, 39.327144622802734
50.580047607421875, 37.587005615234375
50.580047607421875, 37.587005615234375
50.81206512451172, 40.603248596191406
50.81206512451172, 40.603248596191406
40.95127487182617, 53.82830810546875
32.71461868286133, 47.79582214355469
32.71461868286133, 47.79582214355469
32.71461868286133, 47.79582214355469
32.71461868286133, 47.79582214355469
34.918792724609375, 52.320186614990234
40.71925735473633, 60.09280776977539
51.392112731933594, 77.95823669433594
61.83294677734375, 83.52667999267578
62.993038177490234, 82.01856231689453
62.412994384765625, 71.69373321533203
62.412994384765625, 71.69373321533203
62.412994384765625, 71.69373321533203
62.412994384765625, 71.69373321533203
65.42923736572266, 78.77030181884766
65.42923736572266, 78.77030181884766
71.22969818115234, 81.78654479980469
75.4060287475586, 55.68445587158203
72.7378158569336, 32.59860610961914
72.7378158569336, 32.59860610961914
72.7378158569336, 32.59860610961914
72.7378158569336, 32.59860610961914
