actor_1,actor_2
65.08120727539062, 85.96287536621094
67.86543273925781, 87.47100067138672
66.70533752441406, 83.52667999267578
66.58932495117188, 62.993038177490234
75.75405883789062, 65.08120727539062
78.19025421142578, 56.26449966430664
76.10208892822266, 57.30858612060547
59.74477767944336, 43.271461486816406
53.71229553222656, 37.7030143737793
47.911834716796875, 39.44315719604492
39.21113586425781, 45.12760925292969
39.21113586425781, 45.12760925292969
36.774940490722656, 48.14385223388672
41.995361328125, 56.61252975463867
58.46867752075195, 84.3387451171875
61.484920501708984, 85.61485290527344
60.78886413574219, 81.55452728271484
60.09280776977539, 72.3897933959961
64.96519470214844, 74.24594116210938
64.96519470214844, 74.24594116210938
71.46171569824219, 69.25753784179688
74.01392364501953, 45.939674377441406
71.46171569824219, 36.078887939453125
71.46171569824219, 36.078887939453125
73.89791107177734, 42.343387603759766
75.98607635498047, 45.011600494384766
73.6658935546875, 48.14385223388672
59.512760162353516, 38.515079498291016
53.71229553222656, 33.990718841552734
51.27610397338867, 32.01856231689453
51.27610397338867, 32.01856231689453
50.92807388305664, 35.15081024169922
50.92807388305664, 35.15081024169922
43.38747024536133, 50.11600875854492
34.338748931884766, 43.85150909423828
34.338748931884766, 43.85150909423828
34.338748931884766, 43.85150909423828
34.338748931884766, 43.85150909423828
36.774940490722656, 48.14385223388672
41.995361328125, 56.61252975463867
52.20417785644531, 75.29002380371094
60.20881652832031, 83.87471008300781
60.78886413574219, 81.55452728271484
60.09280776977539, 72.3897933959961
60.09280776977539, 72.3897933959961
60.09280776977539, 72.3897933959961
60.09280776977539, 72.3897933959961
64.38514709472656, 80.62644958496094
64.38514709472656, 80.62644958496094
69.83758544921875, 83.0626449584961
73.31786346435547, 56.96055603027344
66.35730743408203, 32.250579833984375
66.35730743408203, 32.250579833984375
66.35730743408203, 32.250579833984375
66.35730743408203, 32.250579833984375
