actor_1,actor_2
64.15312957763672, 86.77494049072266
66.9373550415039, 85.7308578491211
65.31322479248047, 82.13456726074219
65.08120727539062, 62.180973052978516
76.45011901855469, 64.84918975830078
81.90254974365234, 56.96055603027344
79.69837951660156, 59.16473388671875
60.55684280395508, 46.751739501953125
53.71229553222656, 42.11137008666992
47.21577835083008, 44.66357421875
38.97911834716797, 49.3039436340332
38.97911834716797, 49.3039436340332
38.86310958862305, 51.27610397338867
44.083526611328125, 60.672855377197266
59.512760162353516, 84.22274017333984
62.64501190185547, 82.9466323852539
61.02088165283203, 79.11833190917969
59.74477767944336, 71.69373321533203
63.225059509277344, 74.36194610595703
63.225059509277344, 74.36194610595703
70.53364562988281, 69.48955535888672
75.52204132080078, 47.331787109375
73.89791107177734, 37.7030143737793
73.89791107177734, 37.7030143737793
77.95823669433594, 42.343387603759766
80.3944320678711, 45.939674377441406
78.19025421142578, 49.88399124145508
60.09280776977539, 41.76333999633789
53.82830810546875, 37.935035705566406
51.27610397338867, 36.54292297363281
51.27610397338867, 36.54292297363281
50.81206512451172, 40.25522232055664
50.81206512451172, 40.25522232055664
41.2993049621582, 54.29234313964844
36.42691421508789, 47.679813385009766
36.42691421508789, 47.679813385009766
36.42691421508789, 47.679813385009766
36.42691421508789, 47.679813385009766
38.86310958862305, 51.27610397338867
44.083526611328125, 60.672855377197266
53.248260498046875, 77.03015899658203
62.2969856262207, 82.5986099243164
61.02088165283203, 79.11833190917969
59.74477767944336, 71.69373321533203
59.74477767944336, 71.69373321533203
59.74477767944336, 71.69373321533203
59.74477767944336, 71.69373321533203
64.03712463378906, 80.16241455078125
64.03712463378906, 80.16241455078125
68.09745025634766, 83.64269256591797
72.62181091308594, 57.88862991333008
69.83758544921875, 33.41067123413086
69.83758544921875, 33.41067123413086
69.83758544921875, 33.41067123413086
69.83758544921875, 33.41067123413086
