actor_1,actor_2
64.38514709472656, 87.47100067138672
67.74942016601562, 86.658935546875
66.12528991699219, 83.64269256591797
65.54524230957031, 63.57308578491211
76.45011901855469, 66.00927734375
81.6705322265625, 57.42459487915039
79.35034942626953, 59.97679901123047
60.672855377197266, 46.86774826049805
53.48027801513672, 42.11137008666992
47.21577835083008, 45.12760925292969
40.02320098876953, 50.46403884887695
40.02320098876953, 50.46403884887695
39.79118347167969, 52.20417785644531
45.3596305847168, 62.2969856262207
59.97679901123047, 84.80278778076172
63.341068267822266, 83.87471008300781
61.71693801879883, 80.62644958496094
60.440834045410156, 73.43387603759766
63.80510330200195, 75.98607635498047
63.80510330200195, 75.98607635498047
70.88166809082031, 70.76566314697266
75.17401123046875, 47.679813385009766
74.12992858886719, 38.6310920715332
74.12992858886719, 38.6310920715332
77.95823669433594, 43.61948776245117
80.62644958496094, 46.751739501953125
78.30626678466797, 50.92807388305664
60.672855377197266, 42.343387603759766
54.060325622558594, 38.399070739746094
51.508121490478516, 37.12297058105469
51.508121490478516, 37.12297058105469
50.580047607421875, 40.603248596191406
50.580047607421875, 40.603248596191406
42.227378845214844, 55.33642578125
37.587005615234375, 48.607887268066406
37.587005615234375, 48.607887268066406
37.587005615234375, 48.607887268066406
37.587005615234375, 48.607887268066406
39.79118347167969, 52.20417785644531
45.3596305847168, 62.2969856262207
53.82830810546875, 77.2621841430664
62.52900314331055, 83.17865753173828
61.71693801879883, 80.62644958496094
60.440834045410156, 73.43387603759766
60.440834045410156, 73.43387603759766
60.440834045410156, 73.43387603759766
60.440834045410156, 73.43387603759766
64.61717224121094, 82.01856231689453
64.61717224121094, 82.01856231689453
68.67749786376953, 85.49884033203125
72.50579833984375, 58.81670379638672
70.30162048339844, 34.918792724609375
70.30162048339844, 34.918792724609375
70.30162048339844, 34.918792724609375
70.30162048339844, 34.918792724609375
