actor_1,actor_2
65.54524230957031, 88.05104064941406
68.09745025634766, 83.75869750976562
65.31322479248047, 79.58236694335938
65.31322479248047, 56.49652099609375
75.4060287475586, 56.844547271728516
80.2784194946289, 50.11600875854492
77.6102066040039, 56.0324821472168
60.90487289428711, 46.17169189453125
52.900230407714844, 41.87934875488281
47.44779586791992, 44.54756546020508
41.64733123779297, 50.81206512451172
41.64733123779297, 50.81206512451172
38.28306198120117, 53.59628677368164
44.083526611328125, 62.412994384765625
57.656612396240234, 85.2668228149414
61.13689041137695, 81.43851470947266
59.04872512817383, 77.14617156982422
57.772621154785156, 69.02552032470703
63.57308578491211, 70.64965057373047
63.57308578491211, 70.64965057373047
70.64965057373047, 62.2969856262207
74.5939712524414, 40.603248596191406
71.57772827148438, 33.29466247558594
71.57772827148438, 33.29466247558594
73.78190612792969, 37.935035705566406
77.2621841430664, 41.64733123779297
74.47795867919922, 47.563804626464844
59.512760162353516, 41.64733123779297
52.55220413208008, 38.747100830078125
50.11600875854492, 37.587005615234375
50.11600875854492, 37.587005615234375
49.88399124145508, 40.25522232055664
49.88399124145508, 40.25522232055664
43.9675178527832, 54.52436065673828
36.54292297363281, 48.95591735839844
36.54292297363281, 48.95591735839844
36.54292297363281, 48.95591735839844
36.54292297363281, 48.95591735839844
38.28306198120117, 53.59628677368164
44.083526611328125, 62.412994384765625
51.392112731933594, 78.07424926757812
59.396751403808594, 81.55452728271484
59.04872512817383, 77.14617156982422
57.772621154785156, 69.02552032470703
57.772621154785156, 69.02552032470703
57.772621154785156, 69.02552032470703
57.772621154785156, 69.02552032470703
61.94895553588867, 75.52204132080078
61.94895553588867, 75.52204132080078
68.79350280761719, 77.49420166015625
72.85382843017578, 50.0
68.3294677734375, 30.510440826416016
68.3294677734375, 30.510440826416016
68.3294677734375, 30.510440826416016
68.3294677734375, 30.510440826416016
