actor_1,actor_2
66.70533752441406, 90.6032485961914
70.0696029663086, 86.89095306396484
67.16937255859375, 82.25057983398438
67.28538513183594, 60.440834045410156
78.19025421142578, 61.252899169921875
83.52667999267578, 54.87239074707031
80.16241455078125, 60.78886413574219
62.993038177490234, 49.3039436340332
54.988399505615234, 44.895591735839844
48.95591735839844, 47.21577835083008
42.69141387939453, 53.94431686401367
42.69141387939453, 53.94431686401367
39.675174713134766, 56.844547271728516
45.3596305847168, 65.89327239990234
59.16473388671875, 88.16705322265625
63.68909454345703, 84.80278778076172
61.13689041137695, 80.04640197753906
60.09280776977539, 71.69373321533203
65.42923736572266, 73.54988098144531
65.42923736572266, 73.54988098144531
72.15777587890625, 65.54524230957031
76.91415405273438, 44.895591735839844
73.89791107177734, 37.47099685668945
73.89791107177734, 37.47099685668945
76.79814147949219, 41.995361328125
80.51044464111328, 45.59164810180664
77.14617156982422, 51.508121490478516
61.94895553588867, 44.19953536987305
54.6403694152832, 41.2993049621582
51.392112731933594, 39.90719223022461
51.392112731933594, 39.90719223022461
51.27610397338867, 43.38747024536133
51.27610397338867, 43.38747024536133
44.43155288696289, 57.42459487915039
37.935035705566406, 51.9721565246582
37.935035705566406, 51.9721565246582
37.935035705566406, 51.9721565246582
37.935035705566406, 51.9721565246582
39.675174713134766, 56.844547271728516
45.3596305847168, 65.89327239990234
53.01624298095703, 81.20649719238281
61.600929260253906, 84.80278778076172
61.13689041137695, 80.04640197753906
60.09280776977539, 71.69373321533203
60.09280776977539, 71.69373321533203
60.09280776977539, 71.69373321533203
60.09280776977539, 71.69373321533203
63.921112060546875, 77.37818908691406
63.921112060546875, 77.37818908691406
69.83758544921875, 79.46635437011719
75.17401123046875, 54.060325622558594
71.22969818115234, 34.106727600097656
71.22969818115234, 34.106727600097656
71.22969818115234, 34.106727600097656
71.22969818115234, 34.106727600097656
