actor_1,actor_2
63.68909454345703, 86.89095306396484
65.54524230957031, 85.84687042236328
63.341068267822266, 81.09048461914062
63.80510330200195, 59.97679901123047
73.31786346435547, 60.672855377197266
78.19025421142578, 54.40835189819336
76.79814147949219, 58.23666000366211
60.672855377197266, 47.44779586791992
54.6403694152832, 43.38747024536133
49.18793487548828, 45.59164810180664
42.11137008666992, 53.48027801513672
42.11137008666992, 53.48027801513672
39.21113586425781, 56.14849090576172
44.54756546020508, 64.03712463378906
57.30858612060547, 84.45475769042969
59.04872512817383, 83.17865753173828
57.30858612060547, 78.42227172851562
56.844547271728516, 69.14153289794922
62.2969856262207, 71.57772827148438
62.2969856262207, 71.57772827148438
69.37355041503906, 65.6612548828125
73.31786346435547, 43.271461486816406
70.53364562988281, 33.990718841552734
70.53364562988281, 33.990718841552734
72.85382843017578, 39.675174713134766
75.17401123046875, 43.50347900390625
74.01392364501953, 47.79582214355469
59.74477767944336, 40.83526611328125
54.40835189819336, 38.28306198120117
52.668212890625, 37.47099685668945
52.668212890625, 37.47099685668945
52.436195373535156, 41.76333999633789
52.436195373535156, 41.76333999633789
44.31554412841797, 56.728538513183594
37.35498809814453, 52.436195373535156
37.35498809814453, 52.436195373535156
37.35498809814453, 52.436195373535156
37.35498809814453, 52.436195373535156
39.21113586425781, 56.14849090576172
44.54756546020508, 64.03712463378906
51.85614776611328, 76.21809387207031
58.23666000366211, 81.20649719238281
57.30858612060547, 78.42227172851562
56.844547271728516, 69.14153289794922
56.844547271728516, 69.14153289794922
56.844547271728516, 69.14153289794922
56.844547271728516, 69.14153289794922
61.600929260253906, 75.75405883789062
61.600929260253906, 75.75405883789062
67.86543273925781, 78.77030181884766
71.22969818115234, 52.55220413208008
67.16937255859375, 30.974477767944336
67.16937255859375, 30.974477767944336
67.16937255859375, 30.974477767944336
67.16937255859375, 30.974477767944336
