actor_1,actor_2
60.324825286865234, 81.20649719238281
62.52900314331055, 79.9303970336914
60.90487289428711, 75.0580062866211
61.02088165283203, 55.104408264160156
70.18561553955078, 55.916473388671875
74.5939712524414, 49.88399124145508
73.43387603759766, 53.82830810546875
57.54060363769531, 43.73550033569336
51.62413024902344, 39.44315719604492
45.939674377441406, 42.343387603759766
38.86310958862305, 49.3039436340332
38.86310958862305, 49.3039436340332
35.266822814941406, 51.62413024902344
40.37123107910156, 59.62876892089844
53.82830810546875, 78.88631439208984
56.0324821472168, 77.49420166015625
54.87239074707031, 72.50579833984375
54.87239074707031, 63.921112060546875
59.74477767944336, 66.24130249023438
59.74477767944336, 66.24130249023438
66.24130249023438, 60.78886413574219
70.53364562988281, 39.327144622802734
67.86543273925781, 30.510440826416016
67.86543273925781, 30.510440826416016
70.0696029663086, 35.730857849121094
71.57772827148438, 39.559165954589844
70.53364562988281, 43.85150909423828
56.49652099609375, 37.935035705566406
51.27610397338867, 35.15081024169922
49.419952392578125, 34.45475769042969
49.419952392578125, 34.45475769042969
49.3039436340332, 38.16705322265625
49.3039436340332, 38.16705322265625
41.2993049621582, 53.248260498046875
33.87471008300781, 48.14385223388672
33.87471008300781, 48.14385223388672
33.87471008300781, 48.14385223388672
33.87471008300781, 48.14385223388672
35.266822814941406, 51.62413024902344
40.37123107910156, 59.62876892089844
48.37586975097656, 71.69373321533203
55.45243453979492, 75.87007141113281
54.87239074707031, 72.50579833984375
54.87239074707031, 63.921112060546875
54.87239074707031, 63.921112060546875
54.87239074707031, 63.921112060546875
54.87239074707031, 63.921112060546875
59.396751403808594, 70.88166809082031
59.396751403808594, 70.88166809082031
65.08120727539062, 73.6658935546875
68.3294677734375, 48.25986099243164
64.2691421508789, 27.494199752807617
64.2691421508789, 27.494199752807617
64.2691421508789, 27.494199752807617
64.2691421508789, 27.494199752807617
