actor_1,actor_2
63.341068267822266, 86.42691040039062
65.77725982666016, 85.7308578491211
64.50115966796875, 81.20649719238281
65.54524230957031, 60.55684280395508
74.9419937133789, 61.3689079284668
78.19025421142578, 54.988399505615234
77.2621841430664, 58.12065124511719
60.90487289428711, 46.6357307434082
54.29234313964844, 43.155452728271484
48.491878509521484, 46.05568313598633
40.37123107910156, 54.29234313964844
40.37123107910156, 54.29234313964844
37.12297058105469, 56.38051223754883
42.57540512084961, 63.341068267822266
56.49652099609375, 83.64269256591797
59.16473388671875, 83.29466247558594
58.35266876220703, 78.65428924560547
58.23666000366211, 70.0696029663086
63.341068267822266, 72.2737808227539
63.341068267822266, 72.2737808227539
70.53364562988281, 66.35730743408203
74.24594116210938, 45.12760925292969
71.11368560791016, 36.19489669799805
71.11368560791016, 36.19489669799805
73.43387603759766, 40.83526611328125
74.9419937133789, 44.66357421875
74.12992858886719, 48.491878509521484
59.28074264526367, 41.2993049621582
53.3642692565918, 38.97911834716797
51.160091400146484, 38.05104446411133
51.160091400146484, 38.05104446411133
51.62413024902344, 41.76333999633789
51.62413024902344, 41.76333999633789
43.38747024536133, 58.23666000366211
35.38283157348633, 52.668212890625
35.38283157348633, 52.668212890625
35.38283157348633, 52.668212890625
35.38283157348633, 52.668212890625
37.12297058105469, 56.38051223754883
42.57540512084961, 63.341068267822266
51.62413024902344, 75.4060287475586
58.46867752075195, 80.97447967529297
58.35266876220703, 78.65428924560547
58.23666000366211, 70.0696029663086
58.23666000366211, 70.0696029663086
58.23666000366211, 70.0696029663086
58.23666000366211, 70.0696029663086
62.412994384765625, 76.79814147949219
62.412994384765625, 76.79814147949219
68.3294677734375, 79.81438446044922
72.85382843017578, 54.29234313964844
67.0533676147461, 32.94663619995117
67.0533676147461, 32.94663619995117
67.0533676147461, 32.94663619995117
67.0533676147461, 32.94663619995117
