actor_1,actor_2
60.78886413574219, 79.69837951660156
64.61717224121094, 79.81438446044922
62.180973052978516, 75.87007141113281
63.57308578491211, 58.584686279296875
72.62181091308594, 60.20881652832031
78.53828430175781, 53.71229553222656
76.3341064453125, 56.61252975463867
58.35266876220703, 44.77958297729492
52.20417785644531, 40.71925735473633
46.40371322631836, 43.03944396972656
37.12297058105469, 47.679813385009766
37.12297058105469, 47.679813385009766
33.062644958496094, 50.92807388305664
37.7030143737793, 57.42459487915039
53.59628677368164, 77.95823669433594
57.88862991333008, 78.30626678466797
56.0324821472168, 74.24594116210938
55.45243453979492, 67.28538513183594
60.78886413574219, 68.56148529052734
60.78886413574219, 68.56148529052734
67.16937255859375, 64.61717224121094
72.62181091308594, 43.9675178527832
71.69373321533203, 34.45475769042969
71.69373321533203, 34.45475769042969
74.36194610595703, 39.44315719604492
77.49420166015625, 42.92343521118164
75.29002380371094, 45.823665618896484
58.81670379638672, 38.399070739746094
53.13225173950195, 35.846866607666016
51.160091400146484, 35.15081024169922
51.160091400146484, 35.15081024169922
50.0, 39.09512710571289
50.0, 39.09512710571289
39.09512710571289, 51.85614776611328
32.01856231689453, 46.86774826049805
32.01856231689453, 46.86774826049805
32.01856231689453, 46.86774826049805
32.01856231689453, 46.86774826049805
33.062644958496094, 50.92807388305664
37.7030143737793, 57.42459487915039
46.28770446777344, 70.30162048339844
55.80046463012695, 76.79814147949219
56.0324821472168, 74.24594116210938
55.45243453979492, 67.28538513183594
55.45243453979492, 67.28538513183594
55.45243453979492, 67.28538513183594
55.45243453979492, 67.28538513183594
58.46867752075195, 74.01392364501953
58.46867752075195, 74.01392364501953
64.15312957763672, 75.75405883789062
69.83758544921875, 53.13225173950195
67.63340759277344, 31.206497192382812
67.63340759277344, 31.206497192382812
67.63340759277344, 31.206497192382812
67.63340759277344, 31.206497192382812
