actor_1,actor_2
69.83758544921875, 86.658935546875
72.04176330566406, 87.12297058105469
70.53364562988281, 84.57076263427734
71.46171569824219, 70.41763305664062
80.62644958496094, 70.88166809082031
85.84687042236328, 64.15312957763672
84.68677520751953, 65.08120727539062
67.86543273925781, 52.668212890625
61.13689041137695, 48.95591735839844
53.94431686401367, 49.651973724365234
44.19953536987305, 54.29234313964844
44.19953536987305, 54.29234313964844
41.18329620361328, 58.35266876220703
46.51972198486328, 64.7331771850586
62.52900314331055, 84.80278778076172
66.12528991699219, 85.49884033203125
64.96519470214844, 82.71461486816406
64.03712463378906, 77.2621841430664
69.14153289794922, 79.0023193359375
69.14153289794922, 79.0023193359375
75.63805389404297, 76.45011901855469
82.36659240722656, 56.49652099609375
79.9303970336914, 48.14385223388672
79.9303970336914, 48.14385223388672
79.9303970336914, 48.14385223388672
75.98607635498047, 44.77958297729492
77.14617156982422, 48.25986099243164
77.14617156982422, 48.25986099243164
80.62644958496094, 53.13225173950195
70.18561553955078, 48.839908599853516
58.12065124511719, 41.995361328125
58.12065124511719, 41.995361328125
56.0324821472168, 39.44315719604492
58.004638671875, 42.92343521118164
58.004638671875, 42.92343521118164
58.004638671875, 42.92343521118164
58.004638671875, 42.92343521118164
58.35266876220703, 45.823665618896484
44.19953536987305, 54.29234313964844
39.09512710571289, 52.668212890625
39.09512710571289, 52.668212890625
39.675174713134766, 51.04408264160156
39.675174713134766, 51.04408264160156
