actor_1,actor_2
66.35730743408203, 77.2621841430664
68.56148529052734, 77.49420166015625
65.77725982666016, 75.17401123046875
64.96519470214844, 58.46867752075195
74.36194610595703, 58.35266876220703
79.0023193359375, 53.13225173950195
78.42227172851562, 53.94431686401367
61.13689041137695, 44.31554412841797
54.176334381103516, 41.76333999633789
50.92807388305664, 41.64733123779297
41.2993049621582, 46.40371322631836
41.2993049621582, 46.40371322631836
38.515079498291016, 50.232017517089844
43.85150909423828, 56.96055603027344
59.74477767944336, 76.68213653564453
62.52900314331055, 77.95823669433594
60.324825286865234, 75.52204132080078
58.932716369628906, 69.14153289794922
63.45707702636719, 68.3294677734375
63.45707702636719, 68.3294677734375
68.44547271728516, 61.94895553588867
72.3897933959961, 44.54756546020508
70.76566314697266, 37.35498809814453
70.76566314697266, 37.35498809814453
73.08584594726562, 42.343387603759766
76.56612396240234, 43.9675178527832
75.52204132080078, 45.70765686035156
59.512760162353516, 39.79118347167969
53.59628677368164, 37.7030143737793
52.088165283203125, 35.730857849121094
52.088165283203125, 35.730857849121094
52.436195373535156, 38.86310958862305
52.436195373535156, 38.86310958862305
45.12760925292969, 48.839908599853516
37.23897933959961, 45.3596305847168
37.23897933959961, 45.3596305847168
37.23897933959961, 45.3596305847168
37.23897933959961, 45.3596305847168
38.515079498291016, 50.232017517089844
43.85150909423828, 56.96055603027344
52.436195373535156, 68.56148529052734
61.484920501708984, 76.56612396240234
60.324825286865234, 75.52204132080078
58.932716369628906, 69.14153289794922
58.932716369628906, 69.14153289794922
58.932716369628906, 69.14153289794922
58.932716369628906, 69.14153289794922
61.94895553588867, 73.6658935546875
61.94895553588867, 73.6658935546875
66.9373550415039, 72.96984100341797
71.34571075439453, 51.27610397338867
67.16937255859375, 34.918792724609375
67.16937255859375, 34.918792724609375
67.16937255859375, 34.918792724609375
67.16937255859375, 34.918792724609375
