actor_1,actor_2
72.7378158569336, 82.83062744140625
74.5939712524414, 81.90254974365234
71.46171569824219, 79.23433685302734
70.41763305664062, 60.20881652832031
76.3341064453125, 57.54060363769531
78.30626678466797, 51.62413024902344
77.84222412109375, 54.29234313964844
59.512760162353516, 45.3596305847168
53.13225173950195, 42.57540512084961
50.0, 42.92343521118164
43.85150909423828, 51.392112731933594
43.85150909423828, 51.392112731933594
43.155452728271484, 55.68445587158203
48.839908599853516, 60.672855377197266
66.12528991699219, 83.99072265625
68.09745025634766, 82.9466323852539
65.77725982666016, 80.2784194946289
64.61717224121094, 73.89791107177734
69.83758544921875, 72.3897933959961
69.83758544921875, 72.3897933959961
74.70997619628906, 63.68909454345703
72.2737808227539, 43.50347900390625
67.86543273925781, 35.61484909057617
67.86543273925781, 35.61484909057617
69.95359802246094, 40.25522232055664
73.43387603759766, 42.69141387939453
72.50579833984375, 45.59164810180664
56.49652099609375, 40.13920974731445
50.6960563659668, 38.05104446411133
48.25986099243164, 36.54292297363281
48.25986099243164, 36.54292297363281
50.11600875854492, 40.37123107910156
50.11600875854492, 40.37123107910156
46.86774826049805, 53.248260498046875
39.79118347167969, 52.320186614990234
39.79118347167969, 52.320186614990234
39.79118347167969, 52.320186614990234
39.79118347167969, 52.320186614990234
43.155452728271484, 55.68445587158203
48.839908599853516, 60.672855377197266
57.656612396240234, 73.54988098144531
67.0533676147461, 82.36659240722656
65.77725982666016, 80.2784194946289
64.61717224121094, 73.89791107177734
64.61717224121094, 73.89791107177734
64.61717224121094, 73.89791107177734
64.61717224121094, 73.89791107177734
68.56148529052734, 78.77030181884766
68.56148529052734, 78.77030181884766
74.36194610595703, 77.14617156982422
73.78190612792969, 50.81206512451172
65.19721221923828, 33.52668380737305
65.19721221923828, 33.52668380737305
65.19721221923828, 33.52668380737305
65.19721221923828, 33.52668380737305
