actor_1,actor_2
66.00927734375, 82.83062744140625
69.02552032470703, 85.38282775878906
68.09745025634766, 82.01856231689453
68.67749786376953, 61.94895553588867
78.88631439208984, 62.993038177490234
80.51044464111328, 58.584686279296875
78.30626678466797, 59.512760162353516
59.28074264526367, 47.44779586791992
51.27610397338867, 43.9675178527832
46.86774826049805, 43.61948776245117
37.12297058105469, 50.6960563659668
37.12297058105469, 50.6960563659668
35.49884033203125, 56.844547271728516
42.11137008666992, 62.52900314331055
59.512760162353516, 84.80278778076172
62.993038177490234, 87.35498809814453
62.87702941894531, 83.99072265625
61.13689041137695, 77.2621841430664
65.77725982666016, 75.0580062866211
65.77725982666016, 75.0580062866211
75.17401123046875, 67.16937255859375
75.4060287475586, 50.11600875854492
70.88166809082031, 41.995361328125
70.88166809082031, 41.995361328125
73.54988098144531, 46.86774826049805
75.4060287475586, 48.839908599853516
72.85382843017578, 50.81206512451172
55.56844711303711, 42.11137008666992
48.839908599853516, 39.44315719604492
45.70765686035156, 36.658931732177734
45.70765686035156, 36.658931732177734
48.0278434753418, 40.83526611328125
48.0278434753418, 40.83526611328125
40.71925735473633, 54.52436065673828
33.52668380737305, 51.9721565246582
33.52668380737305, 51.9721565246582
33.52668380737305, 51.9721565246582
33.52668380737305, 51.9721565246582
35.49884033203125, 56.844547271728516
42.11137008666992, 62.52900314331055
52.900230407714844, 75.98607635498047
61.3689079284668, 84.45475769042969
62.87702941894531, 83.99072265625
61.13689041137695, 77.2621841430664
61.13689041137695, 77.2621841430664
61.13689041137695, 77.2621841430664
61.13689041137695, 77.2621841430664
66.12528991699219, 83.64269256591797
66.12528991699219, 83.64269256591797
72.15777587890625, 81.43851470947266
75.75405883789062, 56.728538513183594
67.63340759277344, 39.327144622802734
67.63340759277344, 39.327144622802734
67.63340759277344, 39.327144622802734
67.63340759277344, 39.327144622802734
