actor_1,actor_2
66.9373550415039, 80.2784194946289
68.90951538085938, 81.55452728271484
67.0533676147461, 79.0023193359375
68.56148529052734, 57.30858612060547
80.16241455078125, 58.932716369628906
82.01856231689453, 51.392112731933594
80.51044464111328, 54.6403694152832
59.396751403808594, 43.73550033569336
50.232017517089844, 40.37123107910156
46.17169189453125, 40.95127487182617
36.774940490722656, 46.86774826049805
36.774940490722656, 46.86774826049805
35.38283157348633, 51.74013900756836
41.995361328125, 58.35266876220703
59.04872512817383, 81.6705322265625
61.600929260253906, 83.29466247558594
60.20881652832031, 80.74246215820312
58.932716369628906, 72.96984100341797
65.31322479248047, 70.64965057373047
65.31322479248047, 70.64965057373047
75.75405883789062, 62.87702941894531
76.91415405273438, 43.155452728271484
73.20185852050781, 36.31090545654297
73.20185852050781, 36.31090545654297
75.63805389404297, 41.415313720703125
77.95823669433594, 43.85150909423828
76.3341064453125, 47.79582214355469
57.30858612060547, 39.90719223022461
49.53596115112305, 37.006961822509766
46.51972198486328, 35.38283157348633
46.51972198486328, 35.38283157348633
46.98375701904297, 38.05104446411133
46.98375701904297, 38.05104446411133
41.067283630371094, 51.74013900756836
32.83062744140625, 48.0278434753418
32.83062744140625, 48.0278434753418
32.83062744140625, 48.0278434753418
32.83062744140625, 48.0278434753418
35.38283157348633, 51.74013900756836
41.995361328125, 58.35266876220703
52.668212890625, 72.2737808227539
60.440834045410156, 80.16241455078125
60.20881652832031, 80.74246215820312
58.932716369628906, 72.96984100341797
58.932716369628906, 72.96984100341797
58.932716369628906, 72.96984100341797
58.932716369628906, 72.96984100341797
65.08120727539062, 79.35034942626953
65.08120727539062, 79.35034942626953
72.62181091308594, 77.84222412109375
77.6102066040039, 52.436195373535156
70.9976806640625, 34.45475769042969
70.9976806640625, 34.45475769042969
70.9976806640625, 34.45475769042969
70.9976806640625, 34.45475769042969
