actor_1,actor_2
68.21345520019531, 83.29466247558594
71.80974578857422, 85.15081024169922
69.48955535888672, 81.20649719238281
71.34571075439453, 60.440834045410156
82.36659240722656, 60.440834045410156
83.87471008300781, 54.176334381103516
80.3944320678711, 54.75638198852539
59.74477767944336, 44.083526611328125
49.88399124145508, 41.067283630371094
45.939674377441406, 41.2993049621582
36.31090545654297, 48.14385223388672
36.31090545654297, 48.14385223388672
33.75870132446289, 52.78422164916992
41.53132247924805, 59.62876892089844
60.440834045410156, 83.64269256591797
64.61717224121094, 85.7308578491211
63.57308578491211, 81.90254974365234
61.94895553588867, 75.63805389404297
67.4013900756836, 74.47795867919922
67.4013900756836, 74.47795867919922
78.07424926757812, 66.58932495117188
77.84222412109375, 46.28770446777344
74.12992858886719, 40.02320098876953
74.12992858886719, 40.02320098876953
76.91415405273438, 43.85150909423828
80.04640197753906, 47.44779586791992
76.68213653564453, 48.72389602661133
57.30858612060547, 40.603248596191406
48.607887268066406, 38.16705322265625
45.47563934326172, 35.846866607666016
45.47563934326172, 35.846866607666016
46.51972198486328, 38.28306198120117
46.51972198486328, 38.28306198120117
40.487239837646484, 52.668212890625
31.554523468017578, 48.607887268066406
31.554523468017578, 48.607887268066406
31.554523468017578, 48.607887268066406
31.554523468017578, 48.607887268066406
33.75870132446289, 52.78422164916992
41.53132247924805, 59.62876892089844
52.55220413208008, 74.82598876953125
62.64501190185547, 82.5986099243164
63.57308578491211, 81.90254974365234
61.94895553588867, 75.63805389404297
61.94895553588867, 75.63805389404297
61.94895553588867, 75.63805389404297
61.94895553588867, 75.63805389404297
67.16937255859375, 83.0626449584961
67.16937255859375, 83.0626449584961
74.12992858886719, 82.48259735107422
79.69837951660156, 55.33642578125
72.50579833984375, 37.7030143737793
72.50579833984375, 37.7030143737793
72.50579833984375, 37.7030143737793
72.50579833984375, 37.7030143737793
