actor_1,actor_2
64.96519470214844, 83.52667999267578
69.37355041503906, 82.9466323852539
68.09745025634766, 79.35034942626953
70.18561553955078, 57.772621154785156
83.0626449584961, 61.3689079284668
84.3387451171875, 56.38051223754883
81.6705322265625, 58.584686279296875
59.04872512817383, 44.19953536987305
50.81206512451172, 40.02320098876953
45.12760925292969, 41.415313720703125
33.52668380737305, 46.40371322631836
33.52668380737305, 46.40371322631836
31.322505950927734, 50.11600875854492
37.819026947021484, 57.772621154785156
56.38051223754883, 82.5986099243164
61.600929260253906, 82.83062744140625
60.90487289428711, 79.23433685302734
59.512760162353516, 70.9976806640625
65.6612548828125, 70.53364562988281
65.6612548828125, 70.53364562988281
76.68213653564453, 63.57308578491211
79.11833190917969, 45.47563934326172
75.17401123046875, 38.28306198120117
75.17401123046875, 38.28306198120117
78.88631439208984, 43.9675178527832
80.3944320678711, 47.331787109375
77.95823669433594, 50.0
56.844547271728516, 39.79118347167969
49.651973724365234, 36.31090545654297
45.939674377441406, 35.15081024169922
45.939674377441406, 35.15081024169922
46.751739501953125, 38.515079498291016
46.751739501953125, 38.515079498291016
37.935035705566406, 52.900230407714844
28.53828239440918, 46.17169189453125
28.53828239440918, 46.17169189453125
28.53828239440918, 46.17169189453125
28.53828239440918, 46.17169189453125
31.322505950927734, 50.11600875854492
37.819026947021484, 57.772621154785156
50.81206512451172, 73.20185852050781
59.04872512817383, 80.97447967529297
60.90487289428711, 79.23433685302734
59.512760162353516, 70.9976806640625
59.512760162353516, 70.9976806640625
59.512760162353516, 70.9976806640625
59.512760162353516, 70.9976806640625
63.80510330200195, 78.42227172851562
63.80510330200195, 78.42227172851562
71.69373321533203, 78.42227172851562
79.23433685302734, 53.71229553222656
72.3897933959961, 36.890953063964844
72.3897933959961, 36.890953063964844
72.3897933959961, 36.890953063964844
72.3897933959961, 36.890953063964844
