actor_1,actor_2
75.4060287475586, 88.63108825683594
76.45011901855469, 88.16705322265625
74.36194610595703, 85.03480529785156
74.9419937133789, 62.993038177490234
86.54292297363281, 64.2691421508789
87.9350357055664, 56.0324821472168
87.23897552490234, 57.54060363769531
66.9373550415039, 45.3596305847168
59.28074264526367, 42.343387603759766
54.75638198852539, 44.19953536987305
46.05568313598633, 53.01624298095703
46.05568313598633, 53.01624298095703
45.3596305847168, 58.7006950378418
51.04408264160156, 66.58932495117188
67.51740264892578, 89.79118347167969
69.25753784179688, 88.97911834716797
67.74942016601562, 85.7308578491211
66.35730743408203, 78.19025421142578
72.2737808227539, 77.03015899658203
72.2737808227539, 77.03015899658203
81.43851470947266, 69.02552032470703
82.71461486816406, 46.751739501953125
77.49420166015625, 38.747100830078125
77.49420166015625, 38.747100830078125
79.69837951660156, 43.73550033569336
82.01856231689453, 46.6357307434082
81.90254974365234, 48.72389602661133
63.57308578491211, 40.83526611328125
56.49652099609375, 38.6310920715332
51.85614776611328, 36.890953063964844
51.85614776611328, 36.890953063964844
53.82830810546875, 39.44315719604492
53.82830810546875, 39.44315719604492
49.651973724365234, 56.844547271728516
41.53132247924805, 54.52436065673828
41.53132247924805, 54.52436065673828
41.53132247924805, 54.52436065673828
41.53132247924805, 54.52436065673828
45.3596305847168, 58.7006950378418
51.04408264160156, 66.58932495117188
60.78886413574219, 81.55452728271484
68.90951538085938, 86.658935546875
67.74942016601562, 85.7308578491211
66.35730743408203, 78.19025421142578
66.35730743408203, 78.19025421142578
66.35730743408203, 78.19025421142578
66.35730743408203, 78.19025421142578
70.53364562988281, 84.57076263427734
70.53364562988281, 84.57076263427734
78.42227172851562, 84.45475769042969
83.64269256591797, 57.42459487915039
74.01392364501953, 36.31090545654297
74.01392364501953, 36.31090545654297
74.01392364501953, 36.31090545654297
74.01392364501953, 36.31090545654297
