actor_1,actor_2
71.80974578857422, 90.02320098876953
73.6658935546875, 88.3990707397461
71.34571075439453, 83.52667999267578
69.83758544921875, 62.064964294433594
80.16241455078125, 60.20881652832031
82.13456726074219, 53.01624298095703
82.36659240722656, 58.004638671875
64.2691421508789, 46.751739501953125
57.07656478881836, 43.03944396972656
51.27610397338867, 44.77958297729492
44.19953536987305, 52.320186614990234
44.19953536987305, 52.320186614990234
43.38747024536133, 57.07656478881836
48.14385223388672, 64.84918975830078
64.96519470214844, 90.25521850585938
67.0533676147461, 88.63108825683594
65.54524230957031, 83.64269256591797
63.921112060546875, 77.03015899658203
69.02552032470703, 76.45011901855469
69.02552032470703, 76.45011901855469
75.4060287475586, 67.28538513183594
75.75405883789062, 44.19953536987305
69.48955535888672, 36.19489669799805
69.48955535888672, 36.19489669799805
72.50579833984375, 40.487239837646484
75.75405883789062, 43.9675178527832
76.91415405273438, 48.839908599853516
61.02088165283203, 41.87934875488281
54.988399505615234, 39.09512710571289
50.348026275634766, 37.35498809814453
50.348026275634766, 37.35498809814453
51.9721565246582, 40.37123107910156
51.9721565246582, 40.37123107910156
47.79582214355469, 55.80046463012695
39.90719223022461, 51.85614776611328
39.90719223022461, 51.85614776611328
39.90719223022461, 51.85614776611328
39.90719223022461, 51.85614776611328
43.38747024536133, 57.07656478881836
48.14385223388672, 64.84918975830078
58.584686279296875, 81.55452728271484
66.82134246826172, 87.58700561523438
65.54524230957031, 83.64269256591797
63.921112060546875, 77.03015899658203
63.921112060546875, 77.03015899658203
63.921112060546875, 77.03015899658203
63.921112060546875, 77.03015899658203
68.21345520019531, 83.17865753173828
68.21345520019531, 83.17865753173828
74.82598876953125, 83.17865753173828
77.03015899658203, 54.40835189819336
68.09745025634766, 33.41067123413086
68.09745025634766, 33.41067123413086
68.09745025634766, 33.41067123413086
68.09745025634766, 33.41067123413086
