actor_1,actor_2
71.69373321533203, 85.15081024169922
71.69373321533203, 83.41067504882812
68.90951538085938, 77.49420166015625
69.25753784179688, 56.728538513183594
78.42227172851562, 57.07656478881836
82.48259735107422, 51.74013900756836
83.99072265625, 56.0324821472168
67.51740264892578, 44.895591735839844
60.09280776977539, 40.603248596191406
55.22041702270508, 43.38747024536133
46.98375701904297, 50.580047607421875
46.98375701904297, 50.580047607421875
44.19953536987305, 55.22041702270508
49.53596115112305, 62.87702941894531
64.96519470214844, 86.31090545654297
65.89327239990234, 84.57076263427734
63.80510330200195, 78.77030181884766
62.52900314331055, 72.3897933959961
66.9373550415039, 70.88166809082031
66.9373550415039, 70.88166809082031
75.0580062866211, 61.3689079284668
75.87007141113281, 40.83526611328125
70.53364562988281, 33.29466247558594
70.53364562988281, 33.29466247558594
73.08584594726562, 38.16705322265625
77.2621841430664, 42.92343521118164
79.81438446044922, 47.099769592285156
64.61717224121094, 40.37123107910156
57.772621154785156, 36.890953063964844
54.75638198852539, 35.266822814941406
54.75638198852539, 35.266822814941406
56.61252975463867, 38.28306198120117
56.61252975463867, 38.28306198120117
50.348026275634766, 54.52436065673828
42.343387603759766, 51.04408264160156
42.343387603759766, 51.04408264160156
42.343387603759766, 51.04408264160156
42.343387603759766, 51.04408264160156
44.19953536987305, 55.22041702270508
49.53596115112305, 62.87702941894531
59.396751403808594, 78.30626678466797
65.77725982666016, 83.87471008300781
63.80510330200195, 78.77030181884766
62.52900314331055, 72.3897933959961
62.52900314331055, 72.3897933959961
62.52900314331055, 72.3897933959961
62.52900314331055, 72.3897933959961
66.47332000732422, 78.07424926757812
66.47332000732422, 78.07424926757812
72.2737808227539, 77.37818908691406
75.87007141113281, 50.580047607421875
68.90951538085938, 32.01856231689453
68.90951538085938, 32.01856231689453
68.90951538085938, 32.01856231689453
68.90951538085938, 32.01856231689453
