actor_1,actor_2
75.17401123046875, 87.70301818847656
73.54988098144531, 82.01856231689453
70.64965057373047, 74.47795867919922
70.18561553955078, 57.656612396240234
77.2621841430664, 59.16473388671875
81.90254974365234, 59.396751403808594
83.41067504882812, 65.6612548828125
68.79350280761719, 58.932716369628906
63.225059509277344, 56.844547271728516
58.46867752075195, 58.46867752075195
50.81206512451172, 67.98143768310547
50.81206512451172, 67.98143768310547
48.95591735839844, 75.4060287475586
53.59628677368164, 79.23433685302734
68.90951538085938, 91.53132629394531
68.21345520019531, 85.96287536621094
65.54524230957031, 78.53828430175781
63.57308578491211, 72.3897933959961
68.44547271728516, 68.44547271728516
68.44547271728516, 68.44547271728516
75.17401123046875, 79.46635437011719
73.6658935546875, 61.3689079284668
77.2621841430664, 59.16473388671875
81.90254974365234, 62.2969856262207
77.2621841430664, 63.109046936035156
68.79350280761719, 58.932716369628906
62.180973052978516, 60.78886413574219
57.30858612060547, 64.15312957763672
58.81670379638672, 75.0580062866211
65.08120727539062, 79.46635437011719
67.51740264892578, 92.11136627197266
72.50579833984375, 93.96751403808594
69.02552032470703, 83.52667999267578
72.15777587890625, 73.43387603759766
72.15777587890625, 73.43387603759766
72.15777587890625, 73.43387603759766
74.36194610595703, 54.75638198852539
74.9419937133789, 50.11600875854492
72.50579833984375, 44.54756546020508
71.34571075439453, 42.57540512084961
73.6658935546875, 45.3596305847168
77.7262191772461, 52.436195373535156
72.62181091308594, 53.59628677368164
64.7331771850586, 51.85614776611328
60.09280776977539, 50.348026275634766
57.30858612060547, 49.767982482910156
57.30858612060547, 49.767982482910156
59.512760162353516, 55.33642578125
58.46867752075195, 58.46867752075195
54.52436065673828, 71.11368560791016
48.491878509521484, 74.36194610595703
48.491878509521484, 74.36194610595703
48.491878509521484, 74.36194610595703
45.823665618896484, 71.22969818115234
48.95591735839844, 75.4060287475586
53.59628677368164, 79.23433685302734
