actor_1,actor_2
69.83758544921875, 88.74710083007812
69.6055679321289, 86.89095306396484
68.21345520019531, 81.20649719238281
67.86543273925781, 61.13689041137695
76.56612396240234, 61.94895553588867
79.35034942626953, 56.49652099609375
80.62644958496094, 59.97679901123047
65.42923736572266, 49.53596115112305
58.932716369628906, 46.28770446777344
53.3642692565918, 48.72389602661133
45.12760925292969, 56.26449966430664
45.12760925292969, 56.26449966430664
43.38747024536133, 61.3689079284668
48.0278434753418, 68.56148529052734
62.64501190185547, 89.55916595458984
63.57308578491211, 87.12297058105469
62.412994384765625, 81.90254974365234
61.13689041137695, 76.10208892822266
66.24130249023438, 75.52204132080078
66.24130249023438, 75.52204132080078
72.2737808227539, 66.12528991699219
73.43387603759766, 46.28770446777344
68.67749786376953, 36.774940490722656
68.67749786376953, 36.774940490722656
72.2737808227539, 41.64733123779297
74.70997619628906, 45.823665618896484
76.10208892822266, 49.767982482910156
62.2969856262207, 42.92343521118164
56.61252975463867, 40.83526611328125
53.3642692565918, 40.37123107910156
53.3642692565918, 40.37123107910156
54.75638198852539, 44.66357421875
54.75638198852539, 44.66357421875
48.14385223388672, 60.324825286865234
40.13920974731445, 56.96055603027344
40.13920974731445, 56.96055603027344
40.13920974731445, 56.96055603027344
40.13920974731445, 56.96055603027344
43.38747024536133, 61.3689079284668
48.0278434753418, 68.56148529052734
57.19257354736328, 80.62644958496094
63.45707702636719, 86.77494049072266
62.412994384765625, 81.90254974365234
61.13689041137695, 76.10208892822266
61.13689041137695, 76.10208892822266
61.13689041137695, 76.10208892822266
61.13689041137695, 76.10208892822266
64.03712463378906, 82.13456726074219
64.03712463378906, 82.13456726074219
70.0696029663086, 81.90254974365234
73.31786346435547, 55.56844711303711
66.35730743408203, 33.87471008300781
66.35730743408203, 33.87471008300781
66.35730743408203, 33.87471008300781
66.35730743408203, 33.87471008300781
