actor_1,actor_2
70.30162048339844, 88.97911834716797
70.88166809082031, 87.47100067138672
67.28538513183594, 82.83062744140625
69.14153289794922, 62.64501190185547
80.16241455078125, 64.50115966796875
85.49884033203125, 57.30858612060547
85.38282775878906, 60.55684280395508
69.48955535888672, 48.491878509521484
61.600929260253906, 43.73550033569336
55.22041702270508, 45.011600494384766
45.47563934326172, 51.62413024902344
45.47563934326172, 51.62413024902344
41.995361328125, 57.30858612060547
47.099769592285156, 65.89327239990234
61.3689079284668, 89.90719604492188
62.993038177490234, 88.51508331298828
60.55684280395508, 83.87471008300781
60.440834045410156, 78.07424926757812
66.00927734375, 77.03015899658203
66.00927734375, 77.03015899658203
74.5939712524414, 67.4013900756836
79.23433685302734, 48.607887268066406
74.5939712524414, 40.02320098876953
74.5939712524414, 40.02320098876953
77.14617156982422, 44.77958297729492
80.85846710205078, 48.37586975097656
81.32250213623047, 52.436195373535156
66.35730743408203, 44.31554412841797
59.62876892089844, 41.18329620361328
56.38051223754883, 38.86310958862305
56.38051223754883, 38.86310958862305
57.656612396240234, 40.83526611328125
57.656612396240234, 40.83526611328125
48.95591735839844, 55.80046463012695
39.44315719604492, 51.9721565246582
39.44315719604492, 51.9721565246582
39.44315719604492, 51.9721565246582
39.44315719604492, 51.9721565246582
41.995361328125, 57.30858612060547
47.099769592285156, 65.89327239990234
56.844547271728516, 80.3944320678711
63.341068267822266, 87.81902313232422
60.55684280395508, 83.87471008300781
60.440834045410156, 78.07424926757812
60.440834045410156, 78.07424926757812
60.440834045410156, 78.07424926757812
60.440834045410156, 78.07424926757812
64.50115966796875, 84.68677520751953
64.50115966796875, 84.68677520751953
71.34571075439453, 83.75869750976562
77.6102066040039, 58.35266876220703
72.04176330566406, 35.49884033203125
72.04176330566406, 35.49884033203125
72.04176330566406, 35.49884033203125
72.04176330566406, 35.49884033203125
