actor_1,actor_2
64.7331771850586, 84.45475769042969
65.89327239990234, 84.45475769042969
63.341068267822266, 79.58236694335938
65.31322479248047, 60.20881652832031
74.36194610595703, 61.600929260253906
79.58236694335938, 55.56844711303711
78.65428924560547, 57.656612396240234
65.08120727539062, 44.77958297729492
58.12065124511719, 41.067283630371094
51.160091400146484, 42.343387603759766
42.227378845214844, 47.21577835083008
42.227378845214844, 47.21577835083008
39.90719223022461, 52.900230407714844
44.54756546020508, 60.20881652832031
57.42459487915039, 85.15081024169922
59.512760162353516, 85.03480529785156
57.772621154785156, 80.2784194946289
58.004638671875, 74.70997619628906
62.64501190185547, 74.01392364501953
62.64501190185547, 74.01392364501953
69.95359802246094, 64.96519470214844
74.82598876953125, 46.6357307434082
70.53364562988281, 38.515079498291016
70.53364562988281, 38.515079498291016
72.2737808227539, 42.92343521118164
75.29002380371094, 47.099769592285156
74.9419937133789, 50.6960563659668
61.600929260253906, 41.76333999633789
55.56844711303711, 39.09512710571289
52.320186614990234, 37.12297058105469
52.320186614990234, 37.12297058105469
54.40835189819336, 38.97911834716797
54.40835189819336, 38.97911834716797
45.823665618896484, 50.81206512451172
37.006961822509766, 47.679813385009766
37.006961822509766, 47.679813385009766
37.006961822509766, 47.679813385009766
37.006961822509766, 47.679813385009766
39.90719223022461, 52.900230407714844
44.54756546020508, 60.20881652832031
52.668212890625, 75.63805389404297
58.932716369628906, 84.3387451171875
57.772621154785156, 80.2784194946289
58.004638671875, 74.70997619628906
58.004638671875, 74.70997619628906
58.004638671875, 74.70997619628906
58.004638671875, 74.70997619628906
61.252899169921875, 80.51044464111328
61.252899169921875, 80.51044464111328
67.28538513183594, 80.2784194946289
72.62181091308594, 55.80046463012695
67.4013900756836, 35.15081024169922
67.4013900756836, 35.15081024169922
67.4013900756836, 35.15081024169922
67.4013900756836, 35.15081024169922
