actor_1,actor_2
64.84918975830078, 87.0069580078125
66.58932495117188, 87.47100067138672
64.15312957763672, 82.71461486816406
65.08120727539062, 61.252899169921875
74.24594116210938, 62.180973052978516
77.7262191772461, 54.6403694152832
76.45011901855469, 56.96055603027344
61.71693801879883, 45.47563934326172
54.52436065673828, 41.76333999633789
48.607887268066406, 44.31554412841797
41.995361328125, 49.18793487548828
41.995361328125, 49.18793487548828
38.05104446411133, 53.3642692565918
43.03944396972656, 62.064964294433594
55.68445587158203, 87.9350357055664
58.23666000366211, 88.16705322265625
56.96055603027344, 83.41067504882812
56.38051223754883, 76.3341064453125
62.52900314331055, 75.4060287475586
62.52900314331055, 75.4060287475586
70.53364562988281, 66.00927734375
71.46171569824219, 44.895591735839844
67.4013900756836, 35.38283157348633
67.4013900756836, 35.38283157348633
69.6055679321289, 40.13920974731445
73.43387603759766, 44.43155288696289
71.92575073242188, 48.37586975097656
58.46867752075195, 40.83526611328125
52.088165283203125, 37.819026947021484
48.95591735839844, 36.658931732177734
48.95591735839844, 36.658931732177734
50.81206512451172, 39.90719223022461
50.81206512451172, 39.90719223022461
44.895591735839844, 51.74013900756836
35.730857849121094, 49.419952392578125
35.730857849121094, 49.419952392578125
35.730857849121094, 49.419952392578125
35.730857849121094, 49.419952392578125
38.05104446411133, 53.3642692565918
43.03944396972656, 62.064964294433594
51.74013900756836, 78.65428924560547
57.19257354736328, 85.84687042236328
56.96055603027344, 83.41067504882812
56.38051223754883, 76.3341064453125
56.38051223754883, 76.3341064453125
56.38051223754883, 76.3341064453125
56.38051223754883, 76.3341064453125
60.440834045410156, 81.6705322265625
60.440834045410156, 81.6705322265625
67.98143768310547, 81.20649719238281
71.80974578857422, 56.26449966430664
63.45707702636719, 32.13457107543945
63.45707702636719, 32.13457107543945
63.45707702636719, 32.13457107543945
63.45707702636719, 32.13457107543945
