actor_1,actor_2
66.82134246826172, 87.58700561523438
68.79350280761719, 87.47100067138672
66.24130249023438, 82.83062744140625
66.35730743408203, 61.94895553588867
74.5939712524414, 61.600929260253906
78.42227172851562, 55.916473388671875
77.37818908691406, 59.62876892089844
62.180973052978516, 48.25986099243164
54.29234313964844, 44.083526611328125
47.563804626464844, 44.66357421875
40.95127487182617, 50.11600875854492
40.95127487182617, 50.11600875854492
38.16705322265625, 55.33642578125
44.19953536987305, 64.03712463378906
57.772621154785156, 89.21113586425781
60.90487289428711, 88.51508331298828
59.86079025268555, 84.22274017333984
59.396751403808594, 77.14617156982422
64.7331771850586, 75.4060287475586
64.7331771850586, 75.4060287475586
70.9976806640625, 64.84918975830078
72.85382843017578, 45.47563934326172
69.48955535888672, 36.890953063964844
69.48955535888672, 36.890953063964844
71.11368560791016, 41.995361328125
74.70997619628906, 46.6357307434082
73.89791107177734, 51.62413024902344
60.324825286865234, 44.54756546020508
53.94431686401367, 40.83526611328125
49.419952392578125, 38.97911834716797
49.419952392578125, 38.97911834716797
49.419952392578125, 41.53132247924805
49.419952392578125, 41.53132247924805
43.85150909423828, 52.900230407714844
34.80278396606445, 51.160091400146484
34.80278396606445, 51.160091400146484
34.80278396606445, 51.160091400146484
34.80278396606445, 51.160091400146484
38.16705322265625, 55.33642578125
44.19953536987305, 64.03712463378906
54.060325622558594, 80.85846710205078
59.62876892089844, 87.12297058105469
59.86079025268555, 84.22274017333984
59.396751403808594, 77.14617156982422
59.396751403808594, 77.14617156982422
59.396751403808594, 77.14617156982422
59.396751403808594, 77.14617156982422
62.412994384765625, 80.97447967529297
62.412994384765625, 80.97447967529297
69.25753784179688, 79.81438446044922
72.62181091308594, 55.104408264160156
65.19721221923828, 34.45475769042969
65.19721221923828, 34.45475769042969
65.19721221923828, 34.45475769042969
65.19721221923828, 34.45475769042969
