actor_1,actor_2
66.47332000732422, 88.16705322265625
66.00927734375, 84.57076263427734
63.68909454345703, 79.35034942626953
64.03712463378906, 58.932716369628906
73.31786346435547, 59.04872512817383
77.37818908691406, 54.75638198852539
78.88631439208984, 59.62876892089844
66.9373550415039, 50.81206512451172
58.932716369628906, 48.0278434753418
51.62413024902344, 48.607887268066406
41.64733123779297, 57.07656478881836
41.64733123779297, 57.07656478881836
38.97911834716797, 61.600929260253906
45.24361801147461, 69.25753784179688
57.772621154785156, 87.9350357055664
58.35266876220703, 84.80278778076172
56.96055603027344, 79.58236694335938
55.68445587158203, 71.11368560791016
61.484920501708984, 70.41763305664062
61.484920501708984, 70.41763305664062
69.14153289794922, 61.71693801879883
70.76566314697266, 44.19953536987305
68.21345520019531, 37.006961822509766
68.21345520019531, 37.006961822509766
70.64965057373047, 41.64733123779297
73.89791107177734, 46.28770446777344
75.75405883789062, 51.74013900756836
64.84918975830078, 45.3596305847168
58.23666000366211, 43.155452728271484
53.59628677368164, 41.64733123779297
53.59628677368164, 41.64733123779297
53.94431686401367, 45.823665618896484
53.94431686401367, 45.823665618896484
46.86774826049805, 58.46867752075195
35.730857849121094, 57.07656478881836
35.730857849121094, 57.07656478881836
35.730857849121094, 57.07656478881836
35.730857849121094, 57.07656478881836
38.97911834716797, 61.600929260253906
45.24361801147461, 69.25753784179688
53.82830810546875, 80.51044464111328
58.23666000366211, 85.15081024169922
56.96055603027344, 79.58236694335938
55.68445587158203, 71.11368560791016
55.68445587158203, 71.11368560791016
55.68445587158203, 71.11368560791016
55.68445587158203, 71.11368560791016
58.932716369628906, 74.24594116210938
58.932716369628906, 74.24594116210938
66.35730743408203, 74.12992858886719
70.64965057373047, 52.20417785644531
63.57308578491211, 33.52668380737305
63.57308578491211, 33.52668380737305
63.57308578491211, 33.52668380737305
63.57308578491211, 33.52668380737305
