actor_1,actor_2
70.64965057373047, 89.90719604492188
69.14153289794922, 87.0069580078125
66.70533752441406, 81.90254974365234
66.58932495117188, 61.252899169921875
77.03015899658203, 60.90487289428711
81.55452728271484, 55.916473388671875
84.68677520751953, 60.20881652832031
72.2737808227539, 50.81206512451172
64.15312957763672, 48.37586975097656
56.61252975463867, 50.0
47.21577835083008, 59.62876892089844
47.21577835083008, 59.62876892089844
43.38747024536133, 64.38514709472656
49.3039436340332, 71.80974578857422
61.94895553588867, 90.02320098876953
61.94895553588867, 87.35498809814453
60.440834045410156, 82.13456726074219
58.932716369628906, 73.08584594726562
64.03712463378906, 72.50579833984375
64.03712463378906, 72.50579833984375
71.69373321533203, 63.921112060546875
74.12992858886719, 45.011600494384766
71.92575073242188, 38.86310958862305
71.92575073242188, 38.86310958862305
75.0580062866211, 43.61948776245117
78.07424926757812, 48.0278434753418
80.62644958496094, 53.13225173950195
68.67749786376953, 46.40371322631836
61.83294677734375, 44.54756546020508
57.656612396240234, 43.155452728271484
57.656612396240234, 43.155452728271484
59.396751403808594, 46.40371322631836
59.396751403808594, 46.40371322631836
52.20417785644531, 61.252899169921875
41.067283630371094, 59.86079025268555
41.067283630371094, 59.86079025268555
41.067283630371094, 59.86079025268555
41.067283630371094, 59.86079025268555
43.38747024536133, 64.38514709472656
49.3039436340332, 71.80974578857422
58.004638671875, 83.0626449584961
62.180973052978516, 86.54292297363281
60.440834045410156, 82.13456726074219
58.932716369628906, 73.08584594726562
58.932716369628906, 73.08584594726562
58.932716369628906, 73.08584594726562
58.932716369628906, 73.08584594726562
62.76102066040039, 76.45011901855469
62.76102066040039, 76.45011901855469
69.14153289794922, 76.10208892822266
73.20185852050781, 53.82830810546875
68.09745025634766, 35.266822814941406
68.09745025634766, 35.266822814941406
68.09745025634766, 35.266822814941406
68.09745025634766, 35.266822814941406
