actor_1,actor_2
71.34571075439453, 89.79118347167969
70.0696029663086, 88.74710083007812
67.98143768310547, 84.91879272460938
69.6055679321289, 65.08120727539062
79.23433685302734, 60.90487289428711
84.10672760009766, 54.29234313964844
86.42691040039062, 57.772621154785156
70.64965057373047, 48.25986099243164
63.921112060546875, 44.54756546020508
55.80046463012695, 45.939674377441406
46.28770446777344, 55.56844711303711
46.28770446777344, 55.56844711303711
44.77958297729492, 60.20881652832031
49.18793487548828, 67.86543273925781
64.2691421508789, 89.21113586425781
63.921112060546875, 88.74710083007812
62.180973052978516, 85.15081024169922
61.02088165283203, 77.49420166015625
66.12528991699219, 76.91415405273438
66.12528991699219, 76.91415405273438
74.9419937133789, 67.98143768310547
78.42227172851562, 45.70765686035156
75.52204132080078, 37.47099685668945
75.52204132080078, 37.47099685668945
78.07424926757812, 41.64733123779297
80.2784194946289, 45.59164810180664
82.71461486816406, 49.88399124145508
68.09745025634766, 43.50347900390625
62.64501190185547, 40.603248596191406
58.584686279296875, 39.44315719604492
58.584686279296875, 39.44315719604492
59.16473388671875, 42.227378845214844
59.16473388671875, 42.227378845214844
52.088165283203125, 56.728538513183594
41.64733123779297, 55.56844711303711
41.64733123779297, 55.56844711303711
41.64733123779297, 55.56844711303711
41.64733123779297, 55.56844711303711
44.77958297729492, 60.20881652832031
49.18793487548828, 67.86543273925781
59.396751403808594, 81.6705322265625
63.57308578491211, 87.58700561523438
62.180973052978516, 85.15081024169922
61.02088165283203, 77.49420166015625
61.02088165283203, 77.49420166015625
61.02088165283203, 77.49420166015625
61.02088165283203, 77.49420166015625
65.19721221923828, 80.51044464111328
65.19721221923828, 80.51044464111328
71.57772827148438, 80.04640197753906
76.56612396240234, 55.56844711303711
69.95359802246094, 34.80278396606445
69.95359802246094, 34.80278396606445
69.95359802246094, 34.80278396606445
69.95359802246094, 34.80278396606445
