actor_1,actor_2
70.18561553955078, 88.74710083007812
68.79350280761719, 88.05104064941406
66.9373550415039, 84.22274017333984
68.44547271728516, 63.80510330200195
77.95823669433594, 59.97679901123047
82.48259735107422, 53.248260498046875
84.80278778076172, 56.49652099609375
69.25753784179688, 47.21577835083008
62.76102066040039, 43.271461486816406
54.75638198852539, 44.77958297729492
45.3596305847168, 54.6403694152832
45.3596305847168, 54.6403694152832
43.73550033569336, 59.16473388671875
48.0278434753418, 67.0533676147461
63.109046936035156, 88.28306579589844
62.64501190185547, 88.05104064941406
61.13689041137695, 84.45475769042969
59.86079025268555, 76.56612396240234
64.96519470214844, 75.98607635498047
64.96519470214844, 75.98607635498047
73.6658935546875, 66.70533752441406
77.03015899658203, 44.43155288696289
74.01392364501953, 36.31090545654297
74.01392364501953, 36.31090545654297
76.68213653564453, 40.71925735473633
78.65428924560547, 44.66357421875
80.97447967529297, 48.839908599853516
66.47332000732422, 42.69141387939453
61.252899169921875, 39.559165954589844
57.30858612060547, 38.6310920715332
57.30858612060547, 38.6310920715332
58.12065124511719, 41.067283630371094
58.12065124511719, 41.067283630371094
51.04408264160156, 55.56844711303711
40.71925735473633, 54.6403694152832
40.71925735473633, 54.6403694152832
40.71925735473633, 54.6403694152832
40.71925735473633, 54.6403694152832
43.73550033569336, 59.16473388671875
48.0278434753418, 67.0533676147461
58.35266876220703, 80.85846710205078
62.412994384765625, 86.77494049072266
61.13689041137695, 84.45475769042969
59.86079025268555, 76.56612396240234
59.86079025268555, 76.56612396240234
59.86079025268555, 76.56612396240234
59.86079025268555, 76.56612396240234
63.921112060546875, 79.58236694335938
63.921112060546875, 79.58236694335938
70.30162048339844, 79.11833190917969
75.17401123046875, 54.40835189819336
68.44547271728516, 33.64269256591797
68.44547271728516, 33.64269256591797
68.44547271728516, 33.64269256591797
68.44547271728516, 33.64269256591797
