actor_1,actor_2
70.53364562988281, 89.55916595458984
69.7215805053711, 88.86310577392578
67.74942016601562, 85.2668228149414
68.79350280761719, 65.89327239990234
79.23433685302734, 61.94895553588867
84.68677520751953, 54.75638198852539
86.54292297363281, 57.772621154785156
71.11368560791016, 48.607887268066406
63.80510330200195, 44.66357421875
55.56844711303711, 46.51972198486328
45.70765686035156, 56.728538513183594
45.70765686035156, 56.728538513183594
43.61948776245117, 60.20881652832031
48.72389602661133, 67.63340759277344
63.109046936035156, 88.51508331298828
63.109046936035156, 88.3990707397461
61.484920501708984, 84.91879272460938
59.86079025268555, 77.6102066040039
65.6612548828125, 77.49420166015625
65.6612548828125, 77.49420166015625
74.70997619628906, 68.90951538085938
78.53828430175781, 46.40371322631836
75.87007141113281, 37.819026947021484
75.87007141113281, 37.819026947021484
78.53828430175781, 41.76333999633789
81.20649719238281, 45.70765686035156
82.83062744140625, 49.419952392578125
67.98143768310547, 43.61948776245117
61.94895553588867, 40.71925735473633
57.88862991333008, 39.675174713134766
57.88862991333008, 39.675174713134766
59.28074264526367, 42.45939636230469
59.28074264526367, 42.45939636230469
51.508121490478516, 57.88862991333008
40.95127487182617, 56.14849090576172
40.95127487182617, 56.14849090576172
40.95127487182617, 56.14849090576172
40.95127487182617, 56.14849090576172
43.61948776245117, 60.20881652832031
48.72389602661133, 67.63340759277344
58.46867752075195, 81.09048461914062
62.412994384765625, 86.658935546875
61.484920501708984, 84.91879272460938
59.86079025268555, 77.6102066040039
59.86079025268555, 77.6102066040039
59.86079025268555, 77.6102066040039
59.86079025268555, 77.6102066040039
64.7331771850586, 80.74246215820312
64.7331771850586, 80.74246215820312
71.69373321533203, 80.85846710205078
76.3341064453125, 56.844547271728516
70.64965057373047, 34.45475769042969
70.64965057373047, 34.45475769042969
70.64965057373047, 34.45475769042969
70.64965057373047, 34.45475769042969
