actor_1,actor_2
68.09745025634766, 87.70301818847656
67.98143768310547, 86.42691040039062
65.31322479248047, 82.83062744140625
66.24130249023438, 61.71693801879883
76.68213653564453, 60.440834045410156
83.0626449584961, 53.01624298095703
84.68677520751953, 55.916473388671875
66.70533752441406, 45.3596305847168
58.932716369628906, 42.11137008666992
50.348026275634766, 44.19953536987305
40.487239837646484, 53.59628677368164
40.487239837646484, 53.59628677368164
37.35498809814453, 57.30858612060547
42.92343521118164, 64.15312957763672
58.12065124511719, 87.9350357055664
58.81670379638672, 87.23897552490234
57.19257354736328, 83.75869750976562
56.49652099609375, 74.47795867919922
64.03712463378906, 73.54988098144531
64.03712463378906, 73.54988098144531
72.15777587890625, 64.38514709472656
76.3341064453125, 44.19953536987305
73.54988098144531, 35.96287536621094
73.54988098144531, 35.96287536621094
76.10208892822266, 40.83526611328125
79.81438446044922, 44.43155288696289
81.6705322265625, 48.491878509521484
64.84918975830078, 40.95127487182617
58.23666000366211, 38.747100830078125
53.82830810546875, 37.819026947021484
53.82830810546875, 37.819026947021484
53.82830810546875, 40.603248596191406
53.82830810546875, 40.603248596191406
46.05568313598633, 54.40835189819336
33.87471008300781, 53.48027801513672
33.87471008300781, 53.48027801513672
33.87471008300781, 53.48027801513672
33.87471008300781, 53.48027801513672
37.35498809814453, 57.30858612060547
42.92343521118164, 64.15312957763672
52.900230407714844, 79.9303970336914
58.7006950378418, 85.96287536621094
57.19257354736328, 83.75869750976562
56.49652099609375, 74.47795867919922
56.49652099609375, 74.47795867919922
56.49652099609375, 74.47795867919922
56.49652099609375, 74.47795867919922
61.252899169921875, 76.91415405273438
61.252899169921875, 76.91415405273438
69.95359802246094, 76.56612396240234
73.89791107177734, 54.29234313964844
68.79350280761719, 32.250579833984375
68.79350280761719, 32.250579833984375
68.79350280761719, 32.250579833984375
68.79350280761719, 32.250579833984375
