actor_1,actor_2
71.57772827148438, 91.64733123779297
72.15777587890625, 92.3433837890625
69.6055679321289, 89.21113586425781
69.83758544921875, 69.6055679321289
81.09048461914062, 67.63340759277344
86.31090545654297, 58.584686279296875
87.23897552490234, 59.97679901123047
70.76566314697266, 49.18793487548828
64.15312957763672, 45.3596305847168
56.61252975463867, 48.491878509521484
45.939674377441406, 57.656612396240234
45.939674377441406, 57.656612396240234
43.85150909423828, 62.76102066040039
49.07192611694336, 69.6055679321289
62.87702941894531, 91.87934875488281
63.57308578491211, 92.92343139648438
61.94895553588867, 89.79118347167969
60.324825286865234, 81.32250213623047
67.28538513183594, 80.85846710205078
67.28538513183594, 80.85846710205078
75.0580062866211, 71.34571075439453
79.35034942626953, 50.232017517089844
76.91415405273438, 41.87934875488281
76.91415405273438, 41.87934875488281
80.51044464111328, 47.099769592285156
83.64269256591797, 50.0
84.57076263427734, 52.55220413208008
68.90951538085938, 45.011600494384766
63.225059509277344, 42.45939636230469
58.7006950378418, 41.2993049621582
58.7006950378418, 41.2993049621582
59.16473388671875, 43.61948776245117
59.16473388671875, 43.61948776245117
51.27610397338867, 58.81670379638672
40.13920974731445, 58.23666000366211
40.13920974731445, 58.23666000366211
40.13920974731445, 58.23666000366211
40.13920974731445, 58.23666000366211
43.85150909423828, 62.76102066040039
49.07192611694336, 69.6055679321289
58.12065124511719, 84.57076263427734
63.80510330200195, 91.29930114746094
61.94895553588867, 89.79118347167969
60.324825286865234, 81.32250213623047
60.324825286865234, 81.32250213623047
60.324825286865234, 81.32250213623047
60.324825286865234, 81.32250213623047
64.03712463378906, 83.29466247558594
64.03712463378906, 83.29466247558594
72.50579833984375, 82.83062744140625
77.7262191772461, 61.484920501708984
72.62181091308594, 38.16705322265625
72.62181091308594, 38.16705322265625
72.62181091308594, 38.16705322265625
72.62181091308594, 38.16705322265625
