actor_1,actor_2
67.63340759277344, 88.97911834716797
69.48955535888672, 89.44315338134766
67.86543273925781, 86.31090545654297
66.9373550415039, 67.0533676147461
73.89791107177734, 57.88862991333008
75.17401123046875, 48.607887268066406
77.7262191772461, 53.248260498046875
77.49420166015625, 47.44779586791992
77.2621841430664, 50.0
62.64501190185547, 42.11137008666992
55.80046463012695, 39.21113586425781
50.92807388305664, 40.25522232055664
50.92807388305664, 40.25522232055664
48.491878509521484, 44.083526611328125
40.71925735473633, 51.27610397338867
40.71925735473633, 51.27610397338867
36.658931732177734, 50.92807388305664
36.658931732177734, 50.92807388305664
41.415313720703125, 56.49652099609375
47.911834716796875, 64.84918975830078
60.55684280395508, 87.70301818847656
62.52900314331055, 89.09513092041016
61.94895553588867, 86.07888793945312
60.20881652832031, 79.69837951660156
60.20881652832031, 79.69837951660156
60.20881652832031, 79.69837951660156
60.20881652832031, 79.69837951660156
65.42923736572266, 79.81438446044922
72.2737808227539, 69.02552032470703
75.17401123046875, 48.607887268066406
72.85382843017578, 40.71925735473633
72.85382843017578, 40.71925735473633
72.85382843017578, 40.71925735473633
69.14153289794922, 37.006961822509766
70.76566314697266, 39.79118347167969
73.20185852050781, 43.03944396972656
73.08584594726562, 45.59164810180664
59.86079025268555, 38.97911834716797
53.3642692565918, 36.890953063964844
48.72389602661133, 35.49884033203125
48.72389602661133, 35.49884033203125
50.6960563659668, 37.006961822509766
50.6960563659668, 37.006961822509766
50.92807388305664, 40.25522232055664
48.491878509521484, 44.083526611328125
45.011600494384766, 52.668212890625
36.658931732177734, 50.92807388305664
36.658931732177734, 50.92807388305664
36.658931732177734, 50.92807388305664
