actor_1,actor_2
68.90951538085938, 88.86310577392578
69.14153289794922, 87.35498809814453
66.47332000732422, 83.52667999267578
65.6612548828125, 61.94895553588867
75.75405883789062, 58.23666000366211
79.81438446044922, 52.20417785644531
79.69837951660156, 56.0324821472168
66.12528991699219, 45.12760925292969
56.728538513183594, 41.18329620361328
49.767982482910156, 42.57540512084961
41.995361328125, 51.85614776611328
41.995361328125, 51.85614776611328
41.415313720703125, 56.26449966430664
49.07192611694336, 64.61717224121094
61.252899169921875, 87.81902313232422
61.94895553588867, 87.35498809814453
60.55684280395508, 83.75869750976562
59.04872512817383, 76.3341064453125
64.2691421508789, 75.87007141113281
64.2691421508789, 75.87007141113281
71.69373321533203, 64.2691421508789
73.78190612792969, 43.271461486816406
71.46171569824219, 35.96287536621094
71.46171569824219, 35.96287536621094
74.01392364501953, 40.13920974731445
76.79814147949219, 43.85150909423828
76.79814147949219, 47.911834716796875
64.15312957763672, 40.603248596191406
56.0324821472168, 37.819026947021484
51.508121490478516, 35.61484909057617
51.508121490478516, 35.61484909057617
51.62413024902344, 38.515079498291016
51.62413024902344, 38.515079498291016
46.51972198486328, 52.78422164916992
37.935035705566406, 51.85614776611328
37.935035705566406, 51.85614776611328
37.935035705566406, 51.85614776611328
37.935035705566406, 51.85614776611328
41.415313720703125, 56.26449966430664
49.07192611694336, 64.61717224121094
56.96055603027344, 80.16241455078125
62.064964294433594, 86.658935546875
60.55684280395508, 83.75869750976562
59.04872512817383, 76.3341064453125
59.04872512817383, 76.3341064453125
59.04872512817383, 76.3341064453125
59.04872512817383, 76.3341064453125
63.68909454345703, 79.11833190917969
63.68909454345703, 79.11833190917969
69.95359802246094, 78.88631439208984
73.08584594726562, 51.9721565246582
68.56148529052734, 33.062644958496094
68.56148529052734, 33.062644958496094
68.56148529052734, 33.062644958496094
68.56148529052734, 33.062644958496094
