actor_1,actor_2
72.15777587890625, 90.6032485961914
73.08584594726562, 89.90719604492188
70.76566314697266, 85.61485290527344
69.48955535888672, 64.50115966796875
80.2784194946289, 60.90487289428711
84.80278778076172, 53.71229553222656
83.87471008300781, 56.38051223754883
67.86543273925781, 45.70765686035156
59.97679901123047, 42.227378845214844
53.13225173950195, 45.47563934326172
45.12760925292969, 54.40835189819336
45.12760925292969, 54.40835189819336
43.38747024536133, 58.12065124511719
50.0, 67.4013900756836
64.2691421508789, 90.6032485961914
66.00927734375, 89.90719604492188
64.50115966796875, 85.61485290527344
62.180973052978516, 78.53828430175781
67.86543273925781, 78.65428924560547
67.86543273925781, 78.65428924560547
74.5939712524414, 66.82134246826172
77.95823669433594, 45.24361801147461
74.9419937133789, 38.747100830078125
74.9419937133789, 38.747100830078125
78.65428924560547, 42.80742645263672
81.43851470947266, 46.51972198486328
80.74246215820312, 49.88399124145508
66.00927734375, 42.11137008666992
59.512760162353516, 39.44315719604492
54.75638198852539, 38.515079498291016
54.75638198852539, 38.515079498291016
54.87239074707031, 40.83526611328125
54.87239074707031, 40.83526611328125
48.607887268066406, 55.56844711303711
40.603248596191406, 54.87239074707031
40.603248596191406, 54.87239074707031
40.603248596191406, 54.87239074707031
40.603248596191406, 54.87239074707031
43.38747024536133, 58.12065124511719
50.0, 67.4013900756836
58.932716369628906, 83.0626449584961
65.77725982666016, 89.09513092041016
64.50115966796875, 85.61485290527344
62.180973052978516, 78.53828430175781
62.180973052978516, 78.53828430175781
62.180973052978516, 78.53828430175781
62.180973052978516, 78.53828430175781
65.31322479248047, 81.78654479980469
65.31322479248047, 81.78654479980469
72.3897933959961, 82.36659240722656
76.68213653564453, 55.56844711303711
73.20185852050781, 36.19489669799805
73.20185852050781, 36.19489669799805
73.20185852050781, 36.19489669799805
73.20185852050781, 36.19489669799805
