actor_1,actor_2
70.64965057373047, 93.7354965209961
72.7378158569336, 93.15544891357422
70.41763305664062, 89.09513092041016
69.7215805053711, 67.86543273925781
80.3944320678711, 63.921112060546875
84.57076263427734, 56.14849090576172
82.36659240722656, 59.16473388671875
67.51740264892578, 48.72389602661133
60.440834045410156, 44.66357421875
54.40835189819336, 47.79582214355469
45.47563934326172, 56.96055603027344
45.47563934326172, 56.96055603027344
44.083526611328125, 61.13689041137695
49.53596115112305, 70.64965057373047
63.109046936035156, 93.3874740600586
65.89327239990234, 92.69141387939453
64.2691421508789, 88.74710083007812
62.064964294433594, 81.20649719238281
67.74942016601562, 81.55452728271484
67.74942016601562, 81.55452728271484
74.9419937133789, 69.7215805053711
77.6102066040039, 48.0278434753418
74.5939712524414, 41.53132247924805
74.5939712524414, 41.53132247924805
78.42227172851562, 45.823665618896484
81.43851470947266, 48.839908599853516
79.35034942626953, 52.436195373535156
65.42923736572266, 44.66357421875
59.62876892089844, 41.53132247924805
54.87239074707031, 40.25522232055664
54.87239074707031, 40.25522232055664
55.45243453979492, 42.80742645263672
55.45243453979492, 42.80742645263672
49.53596115112305, 58.004638671875
41.18329620361328, 57.656612396240234
41.18329620361328, 57.656612396240234
41.18329620361328, 57.656612396240234
41.18329620361328, 57.656612396240234
44.083526611328125, 61.13689041137695
49.53596115112305, 70.64965057373047
58.584686279296875, 86.42691040039062
65.54524230957031, 92.22737884521484
64.2691421508789, 88.74710083007812
62.064964294433594, 81.20649719238281
62.064964294433594, 81.20649719238281
62.064964294433594, 81.20649719238281
62.064964294433594, 81.20649719238281
65.54524230957031, 83.87471008300781
65.54524230957031, 83.87471008300781
72.62181091308594, 84.68677520751953
76.68213653564453, 58.35266876220703
71.92575073242188, 38.747100830078125
71.92575073242188, 38.747100830078125
71.92575073242188, 38.747100830078125
71.92575073242188, 38.747100830078125
