actor_1,actor_2
68.90951538085938, 92.22737884521484
71.34571075439453, 91.53132629394531
69.02552032470703, 89.90719604492188
70.0696029663086, 68.56148529052734
81.20649719238281, 64.03712463378906
84.57076263427734, 55.104408264160156
82.13456726074219, 58.004638671875
64.96519470214844, 46.28770446777344
57.42459487915039, 42.57540512084961
50.232017517089844, 44.083526611328125
42.45939636230469, 53.13225173950195
42.45939636230469, 53.13225173950195
40.83526611328125, 59.512760162353516
46.751739501953125, 68.09745025634766
60.78886413574219, 92.57540893554688
64.50115966796875, 91.53132629394531
62.87702941894531, 89.90719604492188
61.71693801879883, 84.22274017333984
67.51740264892578, 83.99072265625
67.51740264892578, 83.99072265625
76.21809387207031, 70.88166809082031
78.88631439208984, 50.11600875854492
76.68213653564453, 43.50347900390625
76.68213653564453, 43.50347900390625
79.11833190917969, 46.28770446777344
81.55452728271484, 48.25986099243164
79.11833190917969, 51.85614776611328
63.225059509277344, 43.38747024536133
56.49652099609375, 40.603248596191406
51.160091400146484, 38.28306198120117
51.160091400146484, 38.28306198120117
51.62413024902344, 39.79118347167969
51.62413024902344, 39.79118347167969
45.939674377441406, 54.52436065673828
37.935035705566406, 53.82830810546875
37.935035705566406, 53.82830810546875
37.935035705566406, 53.82830810546875
37.935035705566406, 53.82830810546875
40.83526611328125, 59.512760162353516
46.751739501953125, 68.09745025634766
54.75638198852539, 83.99072265625
62.52900314331055, 91.0672836303711
62.87702941894531, 89.90719604492188
61.71693801879883, 84.22274017333984
61.71693801879883, 84.22274017333984
61.71693801879883, 84.22274017333984
61.71693801879883, 84.22274017333984
65.08120727539062, 86.77494049072266
65.08120727539062, 86.77494049072266
72.50579833984375, 87.12297058105469
77.95823669433594, 59.396751403808594
74.01392364501953, 39.79118347167969
74.01392364501953, 39.79118347167969
74.01392364501953, 39.79118347167969
74.01392364501953, 39.79118347167969
