actor_1,actor_2
67.63340759277344, 90.7192611694336
70.41763305664062, 89.90719604492188
67.86543273925781, 88.16705322265625
68.79350280761719, 66.82134246826172
78.88631439208984, 61.484920501708984
82.13456726074219, 52.55220413208008
79.23433685302734, 56.0324821472168
63.109046936035156, 45.70765686035156
55.104408264160156, 41.995361328125
47.911834716796875, 43.271461486816406
41.18329620361328, 53.01624298095703
41.18329620361328, 53.01624298095703
39.559165954589844, 60.55684280395508
45.939674377441406, 68.56148529052734
59.04872512817383, 91.76334381103516
63.225059509277344, 90.48723602294922
61.3689079284668, 88.74710083007812
60.324825286865234, 83.17865753173828
66.47332000732422, 82.36659240722656
66.47332000732422, 82.36659240722656
74.70997619628906, 69.37355041503906
76.68213653564453, 47.911834716796875
74.5939712524414, 41.2993049621582
74.5939712524414, 41.2993049621582
76.68213653564453, 43.85150909423828
79.35034942626953, 45.70765686035156
76.10208892822266, 50.11600875854492
61.02088165283203, 42.69141387939453
53.94431686401367, 39.90719223022461
48.839908599853516, 37.35498809814453
48.839908599853516, 37.35498809814453
49.419952392578125, 39.21113586425781
49.419952392578125, 39.21113586425781
44.19953536987305, 54.40835189819336
36.54292297363281, 54.52436065673828
36.54292297363281, 54.52436065673828
36.54292297363281, 54.52436065673828
36.54292297363281, 54.52436065673828
39.559165954589844, 60.55684280395508
45.939674377441406, 68.56148529052734
53.248260498046875, 83.64269256591797
61.02088165283203, 89.55916595458984
61.3689079284668, 88.74710083007812
60.324825286865234, 83.17865753173828
60.324825286865234, 83.17865753173828
60.324825286865234, 83.17865753173828
60.324825286865234, 83.17865753173828
63.45707702636719, 85.96287536621094
63.45707702636719, 85.96287536621094
71.22969818115234, 85.7308578491211
75.98607635498047, 57.07656478881836
71.80974578857422, 37.935035705566406
71.80974578857422, 37.935035705566406
71.80974578857422, 37.935035705566406
71.80974578857422, 37.935035705566406
