actor_1,actor_2
66.58932495117188, 84.57076263427734
67.28538513183594, 82.36659240722656
64.96519470214844, 79.81438446044922
65.31322479248047, 58.35266876220703
75.52204132080078, 52.55220413208008
78.77030181884766, 45.011600494384766
79.11833190917969, 49.3039436340332
64.15312957763672, 39.327144622802734
55.80046463012695, 35.846866607666016
48.839908599853516, 37.7030143737793
41.2993049621582, 48.0278434753418
41.2993049621582, 48.0278434753418
38.6310920715332, 55.22041702270508
44.895591735839844, 62.2969856262207
58.004638671875, 85.84687042236328
60.09280776977539, 83.29466247558594
58.7006950378418, 80.62644958496094
57.19257354736328, 73.54988098144531
62.64501190185547, 72.85382843017578
62.64501190185547, 72.85382843017578
69.83758544921875, 60.55684280395508
72.2737808227539, 38.6310920715332
70.9976806640625, 32.13457107543945
70.9976806640625, 32.13457107543945
74.36194610595703, 35.61484909057617
76.91415405273438, 38.399070739746094
76.79814147949219, 43.271461486816406
61.600929260253906, 36.658931732177734
54.29234313964844, 33.87471008300781
49.419952392578125, 32.13457107543945
49.419952392578125, 32.13457107543945
50.348026275634766, 33.75870132446289
50.348026275634766, 33.75870132446289
44.083526611328125, 49.53596115112305
36.31090545654297, 50.46403884887695
36.31090545654297, 50.46403884887695
36.31090545654297, 50.46403884887695
36.31090545654297, 50.46403884887695
38.6310920715332, 55.22041702270508
44.895591735839844, 62.2969856262207
52.436195373535156, 77.14617156982422
59.04872512817383, 82.48259735107422
58.7006950378418, 80.62644958496094
57.19257354736328, 73.54988098144531
57.19257354736328, 73.54988098144531
57.19257354736328, 73.54988098144531
57.19257354736328, 73.54988098144531
59.86079025268555, 75.87007141113281
59.86079025268555, 75.87007141113281
66.58932495117188, 75.87007141113281
71.80974578857422, 47.911834716796875
68.09745025634766, 29.81438446044922
68.09745025634766, 29.81438446044922
68.09745025634766, 29.81438446044922
68.09745025634766, 29.81438446044922
