actor_1,actor_2
66.9373550415039, 83.0626449584961
67.63340759277344, 79.9303970336914
64.61717224121094, 77.84222412109375
64.96519470214844, 56.14849090576172
76.10208892822266, 50.81206512451172
79.9303970336914, 43.38747024536133
80.2784194946289, 47.911834716796875
65.42923736572266, 38.747100830078125
57.30858612060547, 35.846866607666016
49.767982482910156, 37.819026947021484
41.64733123779297, 48.491878509521484
41.64733123779297, 48.491878509521484
39.79118347167969, 55.916473388671875
46.05568313598633, 62.76102066040039
58.7006950378418, 84.3387451171875
60.672855377197266, 81.09048461914062
58.584686279296875, 79.0023193359375
56.49652099609375, 72.04176330566406
61.94895553588867, 70.88166809082031
61.94895553588867, 70.88166809082031
69.7215805053711, 58.004638671875
72.04176330566406, 37.47099685668945
70.0696029663086, 31.090486526489258
70.0696029663086, 31.090486526489258
74.01392364501953, 34.45475769042969
77.03015899658203, 36.54292297363281
77.2621841430664, 41.2993049621582
62.52900314331055, 35.38283157348633
55.916473388671875, 32.94663619995117
50.46403884887695, 31.670534133911133
50.46403884887695, 31.670534133911133
51.160091400146484, 33.87471008300781
51.160091400146484, 33.87471008300781
44.43155288696289, 49.53596115112305
36.774940490722656, 51.04408264160156
36.774940490722656, 51.04408264160156
36.774940490722656, 51.04408264160156
36.774940490722656, 51.04408264160156
39.79118347167969, 55.916473388671875
46.05568313598633, 62.76102066040039
53.13225173950195, 76.10208892822266
59.04872512817383, 80.2784194946289
58.584686279296875, 79.0023193359375
56.49652099609375, 72.04176330566406
56.49652099609375, 72.04176330566406
56.49652099609375, 72.04176330566406
56.49652099609375, 72.04176330566406
59.396751403808594, 73.89791107177734
59.396751403808594, 73.89791107177734
66.12528991699219, 73.31786346435547
71.69373321533203, 46.17169189453125
67.51740264892578, 29.0023193359375
67.51740264892578, 29.0023193359375
67.51740264892578, 29.0023193359375
67.51740264892578, 29.0023193359375
