actor_1,actor_2
73.78190612792969, 89.3271484375
73.78190612792969, 88.74710083007812
71.69373321533203, 85.84687042236328
72.15777587890625, 61.13689041137695
80.16241455078125, 56.96055603027344
83.29466247558594, 48.491878509521484
85.03480529785156, 51.160091400146484
70.88166809082031, 41.995361328125
63.225059509277344, 38.16705322265625
56.61252975463867, 40.13920974731445
48.491878509521484, 52.20417785644531
48.491878509521484, 52.20417785644531
47.679813385009766, 58.932716369628906
54.176334381103516, 66.82134246826172
66.35730743408203, 90.37123107910156
67.16937255859375, 89.90719604492188
65.54524230957031, 87.12297058105469
64.15312957763672, 79.46635437011719
69.37355041503906, 78.42227172851562
69.37355041503906, 78.42227172851562
75.98607635498047, 64.03712463378906
76.56612396240234, 40.13920974731445
74.36194610595703, 32.3665885925293
74.36194610595703, 32.3665885925293
77.6102066040039, 36.54292297363281
80.04640197753906, 39.90719223022461
81.20649719238281, 43.155452728271484
67.86543273925781, 37.587005615234375
61.600929260253906, 34.22273635864258
57.30858612060547, 32.71461868286133
57.30858612060547, 32.71461868286133
58.23666000366211, 35.61484909057617
58.23666000366211, 35.61484909057617
51.160091400146484, 53.94431686401367
44.19953536987305, 53.71229553222656
44.19953536987305, 53.71229553222656
44.19953536987305, 53.71229553222656
44.19953536987305, 53.71229553222656
47.679813385009766, 58.932716369628906
54.176334381103516, 66.82134246826172
61.02088165283203, 81.43851470947266
66.24130249023438, 88.16705322265625
65.54524230957031, 87.12297058105469
64.15312957763672, 79.46635437011719
64.15312957763672, 79.46635437011719
64.15312957763672, 79.46635437011719
64.15312957763672, 79.46635437011719
67.0533676147461, 82.9466323852539
67.0533676147461, 82.9466323852539
73.08584594726562, 82.25057983398438
76.56612396240234, 51.74013900756836
70.88166809082031, 29.930395126342773
70.88166809082031, 29.930395126342773
70.88166809082031, 29.930395126342773
70.88166809082031, 29.930395126342773
