actor_1,actor_2
73.31786346435547, 90.02320098876953
74.82598876953125, 91.53132629394531
72.15777587890625, 88.86310577392578
72.04176330566406, 64.38514709472656
81.20649719238281, 61.252899169921875
83.41067504882812, 52.20417785644531
83.87471008300781, 53.94431686401367
68.67749786376953, 43.03944396972656
61.3689079284668, 39.44315719604492
54.75638198852539, 41.53132247924805
45.70765686035156, 52.436195373535156
45.70765686035156, 52.436195373535156
43.85150909423828, 59.396751403808594
50.580047607421875, 66.82134246826172
64.15312957763672, 91.18329620361328
66.70533752441406, 92.45939636230469
64.50115966796875, 89.6751708984375
63.109046936035156, 82.36659240722656
69.6055679321289, 81.43851470947266
69.6055679321289, 81.43851470947266
76.21809387207031, 67.4013900756836
76.68213653564453, 44.083526611328125
74.70997619628906, 36.42691421508789
74.70997619628906, 36.42691421508789
77.6102066040039, 40.603248596191406
80.3944320678711, 43.50347900390625
80.16241455078125, 45.59164810180664
65.31322479248047, 39.09512710571289
59.86079025268555, 36.19489669799805
54.6403694152832, 34.68677520751953
54.6403694152832, 34.68677520751953
55.22041702270508, 36.774940490722656
55.22041702270508, 36.774940490722656
49.07192611694336, 54.6403694152832
40.02320098876953, 53.94431686401367
40.02320098876953, 53.94431686401367
40.02320098876953, 53.94431686401367
40.02320098876953, 53.94431686401367
43.85150909423828, 59.396751403808594
50.580047607421875, 66.82134246826172
58.81670379638672, 81.6705322265625
65.19721221923828, 90.25521850585938
64.50115966796875, 89.6751708984375
63.109046936035156, 82.36659240722656
63.109046936035156, 82.36659240722656
63.109046936035156, 82.36659240722656
63.109046936035156, 82.36659240722656
66.24130249023438, 86.31090545654297
66.24130249023438, 86.31090545654297
73.6658935546875, 85.7308578491211
77.6102066040039, 55.22041702270508
72.04176330566406, 33.64269256591797
72.04176330566406, 33.64269256591797
72.04176330566406, 33.64269256591797
72.04176330566406, 33.64269256591797
