actor_1,actor_2
73.6658935546875, 84.57076263427734
73.6658935546875, 81.78654479980469
70.18561553955078, 76.21809387207031
69.83758544921875, 59.62876892089844
79.58236694335938, 59.97679901123047
85.84687042236328, 57.772621154785156
86.31090545654297, 61.3689079284668
67.98143768310547, 52.78422164916992
61.3689079284668, 51.27610397338867
55.33642578125, 54.060325622558594
45.939674377441406, 61.83294677734375
45.939674377441406, 61.83294677734375
44.19953536987305, 67.0533676147461
49.767982482910156, 71.46171569824219
66.35730743408203, 87.81902313232422
66.70533752441406, 85.03480529785156
64.15312957763672, 79.23433685302734
62.76102066040039, 74.01392364501953
67.63340759277344, 70.76566314697266
67.63340759277344, 70.76566314697266
75.0580062866211, 63.341068267822266
77.95823669433594, 49.767982482910156
74.5939712524414, 43.61948776245117
74.5939712524414, 43.61948776245117
77.7262191772461, 46.6357307434082
81.78654479980469, 50.92807388305664
81.55452728271484, 54.75638198852539
64.96519470214844, 48.607887268066406
58.81670379638672, 47.331787109375
55.33642578125, 46.98375701904297
55.33642578125, 46.98375701904297
56.96055603027344, 50.46403884887695
56.96055603027344, 50.46403884887695
50.580047607421875, 64.50115966796875
41.53132247924805, 63.68909454345703
41.53132247924805, 63.68909454345703
41.53132247924805, 63.68909454345703
41.53132247924805, 63.68909454345703
44.19953536987305, 67.0533676147461
49.767982482910156, 71.46171569824219
59.28074264526367, 81.55452728271484
66.9373550415039, 84.57076263427734
64.15312957763672, 79.23433685302734
62.76102066040039, 74.01392364501953
62.76102066040039, 74.01392364501953
62.76102066040039, 74.01392364501953
62.76102066040039, 74.01392364501953
66.70533752441406, 78.65428924560547
66.70533752441406, 78.65428924560547
72.7378158569336, 75.63805389404297
76.10208892822266, 55.68445587158203
70.18561553955078, 41.76333999633789
70.18561553955078, 41.76333999633789
70.18561553955078, 41.76333999633789
70.18561553955078, 41.76333999633789
