actor_1,actor_2
67.28538513183594, 87.0069580078125
66.9373550415039, 87.9350357055664
63.109046936035156, 84.91879272460938
61.600929260253906, 60.440834045410156
71.57772827148438, 56.96055603027344
78.30626678466797, 48.25986099243164
79.46635437011719, 49.88399124145508
66.12528991699219, 40.37123107910156
58.7006950378418, 37.587005615234375
52.55220413208008, 39.79118347167969
43.9675178527832, 49.07192611694336
43.9675178527832, 49.07192611694336
41.76333999633789, 57.30858612060547
47.44779586791992, 64.61717224121094
59.62876892089844, 88.51508331298828
60.440834045410156, 88.97911834716797
57.19257354736328, 85.7308578491211
54.6403694152832, 78.30626678466797
59.512760162353516, 77.14617156982422
59.512760162353516, 77.14617156982422
65.6612548828125, 63.80510330200195
68.67749786376953, 41.067283630371094
66.00927734375, 34.106727600097656
66.00927734375, 34.106727600097656
70.0696029663086, 37.819026947021484
74.36194610595703, 40.95127487182617
75.75405883789062, 43.38747024536133
62.87702941894531, 36.658931732177734
57.19257354736328, 35.0348014831543
53.94431686401367, 33.178653717041016
53.94431686401367, 33.178653717041016
54.40835189819336, 35.15081024169922
54.40835189819336, 35.15081024169922
46.6357307434082, 51.74013900756836
39.21113586425781, 51.04408264160156
39.21113586425781, 51.04408264160156
39.21113586425781, 51.04408264160156
39.21113586425781, 51.04408264160156
41.76333999633789, 57.30858612060547
47.44779586791992, 64.61717224121094
54.75638198852539, 78.77030181884766
59.97679901123047, 86.42691040039062
57.19257354736328, 85.7308578491211
54.6403694152832, 78.30626678466797
54.6403694152832, 78.30626678466797
54.6403694152832, 78.30626678466797
54.6403694152832, 78.30626678466797
58.004638671875, 82.83062744140625
58.004638671875, 82.83062744140625
63.225059509277344, 82.13456726074219
67.16937255859375, 51.62413024902344
62.993038177490234, 31.554523468017578
62.993038177490234, 31.554523468017578
62.993038177490234, 31.554523468017578
62.993038177490234, 31.554523468017578
