actor_1,actor_2
64.15312957763672, 86.658935546875
66.9373550415039, 89.09513092041016
63.80510330200195, 85.61485290527344
62.064964294433594, 58.932716369628906
72.15777587890625, 53.94431686401367
74.70997619628906, 44.43155288696289
73.6658935546875, 46.51972198486328
60.09280776977539, 36.42691421508789
53.248260498046875, 33.87471008300781
48.491878509521484, 37.12297058105469
41.995361328125, 47.21577835083008
41.995361328125, 47.21577835083008
40.13920974731445, 54.060325622558594
45.011600494384766, 62.64501190185547
57.772621154785156, 88.28306579589844
61.13689041137695, 90.6032485961914
58.7006950378418, 86.89095306396484
56.728538513183594, 78.30626678466797
60.55684280395508, 77.14617156982422
60.55684280395508, 77.14617156982422
65.42923736572266, 60.55684280395508
67.16937255859375, 36.19489669799805
62.412994384765625, 29.930395126342773
62.412994384765625, 29.930395126342773
65.6612548828125, 34.22273635864258
68.56148529052734, 37.7030143737793
68.21345520019531, 40.37123107910156
56.0324821472168, 33.41067123413086
50.348026275634766, 31.554523468017578
47.79582214355469, 29.930395126342773
47.79582214355469, 29.930395126342773
50.0, 31.902551651000977
50.0, 31.902551651000977
45.3596305847168, 48.95591735839844
37.819026947021484, 48.839908599853516
37.819026947021484, 48.839908599853516
37.819026947021484, 48.839908599853516
37.819026947021484, 48.839908599853516
40.13920974731445, 54.060325622558594
45.011600494384766, 62.64501190185547
53.01624298095703, 79.23433685302734
60.20881652832031, 88.63108825683594
58.7006950378418, 86.89095306396484
56.728538513183594, 78.30626678466797
56.728538513183594, 78.30626678466797
56.728538513183594, 78.30626678466797
56.728538513183594, 78.30626678466797
59.512760162353516, 80.97447967529297
59.512760162353516, 80.97447967529297
64.15312957763672, 80.16241455078125
67.4013900756836, 47.79582214355469
57.88862991333008, 26.3341064453125
57.88862991333008, 26.3341064453125
57.88862991333008, 26.3341064453125
57.88862991333008, 26.3341064453125
