actor_1,actor_2
62.993038177490234, 80.04640197753906
65.77725982666016, 83.64269256591797
62.76102066040039, 79.35034942626953
62.52900314331055, 53.59628677368164
70.41763305664062, 50.46403884887695
73.54988098144531, 42.227378845214844
71.80974578857422, 43.50347900390625
55.33642578125, 34.45475769042969
47.911834716796875, 31.554523468017578
42.57540512084961, 34.338748931884766
36.658931732177734, 42.227378845214844
36.658931732177734, 42.227378845214844
36.774940490722656, 47.44779586791992
41.995361328125, 56.49652099609375
56.61252975463867, 81.32250213623047
59.62876892089844, 84.68677520751953
57.656612396240234, 80.2784194946289
56.14849090576172, 72.04176330566406
60.324825286865234, 70.76566314697266
60.324825286865234, 70.76566314697266
66.24130249023438, 57.54060363769531
66.24130249023438, 33.87471008300781
62.2969856262207, 27.494199752807617
62.2969856262207, 27.494199752807617
65.6612548828125, 31.902551651000977
68.79350280761719, 35.266822814941406
67.0533676147461, 37.47099685668945
52.668212890625, 31.206497192382812
46.6357307434082, 29.0023193359375
43.85150909423828, 27.61020851135254
43.85150909423828, 27.61020851135254
44.43155288696289, 29.930395126342773
44.43155288696289, 29.930395126342773
39.44315719604492, 44.895591735839844
33.75870132446289, 43.50347900390625
33.75870132446289, 43.50347900390625
33.75870132446289, 43.50347900390625
33.75870132446289, 43.50347900390625
36.774940490722656, 47.44779586791992
41.995361328125, 56.49652099609375
51.04408264160156, 72.2737808227539
58.23666000366211, 81.09048461914062
57.656612396240234, 80.2784194946289
56.14849090576172, 72.04176330566406
56.14849090576172, 72.04176330566406
56.14849090576172, 72.04176330566406
56.14849090576172, 72.04176330566406
58.81670379638672, 77.14617156982422
58.81670379638672, 77.14617156982422
64.03712463378906, 76.10208892822266
66.58932495117188, 44.43155288696289
58.584686279296875, 25.174013137817383
58.584686279296875, 25.174013137817383
58.584686279296875, 25.174013137817383
58.584686279296875, 25.174013137817383
