actor_1,actor_2
63.68909454345703, 85.49884033203125
66.58932495117188, 91.41531372070312
64.2691421508789, 89.55916595458984
63.921112060546875, 63.57308578491211
71.57772827148438, 58.35266876220703
74.70997619628906, 48.607887268066406
72.85382843017578, 47.679813385009766
57.19257354736328, 37.35498809814453
49.767982482910156, 33.990718841552734
46.17169189453125, 36.42691421508789
40.603248596191406, 47.563804626464844
40.603248596191406, 47.563804626464844
37.935035705566406, 51.392112731933594
43.73550033569336, 60.672855377197266
56.61252975463867, 85.38282775878906
60.20881652832031, 91.18329620361328
58.7006950378418, 89.09513092041016
57.30858612060547, 80.97447967529297
62.52900314331055, 80.97447967529297
62.52900314331055, 80.97447967529297
68.09745025634766, 68.21345520019531
69.02552032470703, 42.11137008666992
65.77725982666016, 35.38283157348633
65.77725982666016, 35.38283157348633
65.77725982666016, 35.38283157348633
62.064964294433594, 32.3665885925293
64.03712463378906, 35.0348014831543
64.03712463378906, 35.0348014831543
67.28538513183594, 39.559165954589844
58.12065124511719, 36.19489669799805
46.28770446777344, 30.394432067871094
46.28770446777344, 30.394432067871094
45.24361801147461, 29.582366943359375
46.28770446777344, 30.394432067871094
46.28770446777344, 30.394432067871094
46.28770446777344, 30.394432067871094
46.28770446777344, 30.394432067871094
47.331787109375, 32.71461868286133
40.603248596191406, 47.563804626464844
36.19489669799805, 47.79582214355469
36.19489669799805, 47.79582214355469
37.47099685668945, 46.17169189453125
37.47099685668945, 46.17169189453125
