actor_1,actor_2
60.90487289428711, 84.22274017333984
63.80510330200195, 88.86310577392578
62.064964294433594, 87.23897552490234
61.600929260253906, 61.484920501708984
68.67749786376953, 55.916473388671875
71.46171569824219, 45.823665618896484
69.37355041503906, 46.51972198486328
53.3642692565918, 35.266822814941406
46.40371322631836, 32.01856231689453
42.45939636230469, 35.730857849121094
37.23897933959961, 45.939674377441406
37.23897933959961, 45.939674377441406
34.45475769042969, 49.18793487548828
40.13920974731445, 57.88862991333008
53.82830810546875, 84.22274017333984
57.772621154785156, 88.97911834716797
56.61252975463867, 87.23897552490234
54.52436065673828, 79.46635437011719
59.396751403808594, 79.0023193359375
59.396751403808594, 79.0023193359375
64.96519470214844, 65.77725982666016
65.54524230957031, 39.44315719604492
62.2969856262207, 32.71461868286133
62.2969856262207, 32.71461868286133
62.2969856262207, 32.71461868286133
59.04872512817383, 29.81438446044922
61.600929260253906, 32.48259735107422
61.600929260253906, 32.48259735107422
63.80510330200195, 37.819026947021484
53.94431686401367, 33.990718841552734
42.343387603759766, 28.190256118774414
42.343387603759766, 28.190256118774414
41.18329620361328, 27.494199752807617
42.57540512084961, 28.53828239440918
42.57540512084961, 28.53828239440918
42.57540512084961, 28.53828239440918
42.57540512084961, 28.53828239440918
43.85150909423828, 31.090486526489258
37.23897933959961, 45.939674377441406
32.48259735107422, 45.939674377441406
32.48259735107422, 45.939674377441406
33.75870132446289, 44.54756546020508
33.75870132446289, 44.54756546020508
