actor_1,actor_2
69.37355041503906, 90.25521850585938
71.46171569824219, 93.03944396972656
69.6055679321289, 90.83526611328125
69.95359802246094, 64.7331771850586
78.42227172851562, 59.86079025268555
81.6705322265625, 50.11600875854492
79.69837951660156, 50.46403884887695
64.7331771850586, 39.79118347167969
58.23666000366211, 36.19489669799805
54.176334381103516, 38.86310958862305
46.98375701904297, 50.81206512451172
46.98375701904297, 50.81206512451172
43.61948776245117, 55.33642578125
49.3039436340332, 63.68909454345703
61.83294677734375, 88.97911834716797
65.08120727539062, 91.76334381103516
63.68909454345703, 89.44315338134766
61.600929260253906, 82.01856231689453
66.70533752441406, 82.9466323852539
66.70533752441406, 82.9466323852539
73.78190612792969, 69.37355041503906
75.4060287475586, 43.50347900390625
72.3897933959961, 36.54292297363281
72.3897933959961, 36.54292297363281
75.75405883789062, 40.13920974731445
77.84222412109375, 42.57540512084961
75.75405883789062, 43.73550033569336
61.71693801879883, 35.0348014831543
56.14849090576172, 32.59860610961914
54.29234313964844, 30.974477767944336
54.29234313964844, 30.974477767944336
55.916473388671875, 33.87471008300781
55.916473388671875, 33.87471008300781
49.53596115112305, 52.78422164916992
41.87934875488281, 50.92807388305664
41.87934875488281, 50.92807388305664
41.87934875488281, 50.92807388305664
41.87934875488281, 50.92807388305664
43.61948776245117, 55.33642578125
49.3039436340332, 63.68909454345703
57.19257354736328, 80.51044464111328
62.76102066040039, 88.63108825683594
63.68909454345703, 89.44315338134766
61.600929260253906, 82.01856231689453
61.600929260253906, 82.01856231689453
61.600929260253906, 82.01856231689453
61.600929260253906, 82.01856231689453
65.08120727539062, 87.23897552490234
65.08120727539062, 87.23897552490234
70.41763305664062, 88.16705322265625
74.24594116210938, 54.060325622558594
69.6055679321289, 33.41067123413086
69.6055679321289, 33.41067123413086
69.6055679321289, 33.41067123413086
69.6055679321289, 33.41067123413086
