actor_1,actor_2
60.78886413574219, 84.3387451171875
65.77725982666016, 88.05104064941406
63.80510330200195, 86.54292297363281
65.08120727539062, 61.13689041137695
72.2737808227539, 56.844547271728516
74.9419937133789, 47.44779586791992
70.64965057373047, 46.98375701904297
53.48027801513672, 35.730857849121094
48.0278434753418, 32.3665885925293
44.31554412841797, 35.38283157348633
36.42691421508789, 47.099769592285156
36.42691421508789, 47.099769592285156
34.57076644897461, 51.160091400146484
39.79118347167969, 59.04872512817383
54.40835189819336, 83.17865753173828
59.74477767944336, 86.54292297363281
58.7006950378418, 85.15081024169922
58.23666000366211, 77.37818908691406
62.87702941894531, 78.65428924560547
62.87702941894531, 78.65428924560547
69.48955535888672, 65.31322479248047
70.18561553955078, 40.71925735473633
66.70533752441406, 34.22273635864258
66.70533752441406, 34.22273635864258
68.90951538085938, 37.935035705566406
71.11368560791016, 39.90719223022461
67.4013900756836, 40.13920974731445
51.04408264160156, 32.83062744140625
46.17169189453125, 30.27842140197754
44.43155288696289, 29.582366943359375
44.43155288696289, 29.582366943359375
45.59164810180664, 31.438514709472656
45.59164810180664, 31.438514709472656
39.79118347167969, 49.3039436340332
32.48259735107422, 46.98375701904297
32.48259735107422, 46.98375701904297
32.48259735107422, 46.98375701904297
32.48259735107422, 46.98375701904297
34.57076644897461, 51.160091400146484
39.79118347167969, 59.04872512817383
48.25986099243164, 74.5939712524414
57.54060363769531, 82.13456726074219
58.7006950378418, 85.15081024169922
58.23666000366211, 77.37818908691406
58.23666000366211, 77.37818908691406
58.23666000366211, 77.37818908691406
58.23666000366211, 77.37818908691406
61.94895553588867, 82.71461486816406
61.94895553588867, 82.71461486816406
67.28538513183594, 84.3387451171875
69.95359802246094, 50.81206512451172
64.03712463378906, 30.858469009399414
64.03712463378906, 30.858469009399414
64.03712463378906, 30.858469009399414
64.03712463378906, 30.858469009399414
