actor_1,actor_2
68.09745025634766, 86.89095306396484
69.7215805053711, 89.55916595458984
67.51740264892578, 88.28306579589844
68.3294677734375, 62.52900314331055
75.52204132080078, 57.772621154785156
78.30626678466797, 47.21577835083008
77.14617156982422, 47.911834716796875
62.412994384765625, 37.12297058105469
56.0324821472168, 33.75870132446289
53.59628677368164, 37.35498809814453
45.011600494384766, 48.839908599853516
45.011600494384766, 48.839908599853516
43.155452728271484, 53.82830810546875
48.839908599853516, 62.52900314331055
62.180973052978516, 86.54292297363281
63.921112060546875, 88.97911834716797
62.412994384765625, 87.70301818847656
61.94895553588867, 79.46635437011719
66.35730743408203, 79.81438446044922
66.35730743408203, 79.81438446044922
72.85382843017578, 66.47332000732422
72.2737808227539, 39.90719223022461
69.02552032470703, 33.29466247558594
69.02552032470703, 33.29466247558594
71.57772827148438, 37.819026947021484
74.47795867919922, 40.02320098876953
73.6658935546875, 41.53132247924805
59.97679901123047, 33.990718841552734
54.29234313964844, 31.206497192382812
52.55220413208008, 30.046403884887695
52.55220413208008, 30.046403884887695
53.82830810546875, 32.13457107543945
53.82830810546875, 32.13457107543945
48.72389602661133, 50.6960563659668
41.415313720703125, 48.72389602661133
41.415313720703125, 48.72389602661133
41.415313720703125, 48.72389602661133
41.415313720703125, 48.72389602661133
43.155452728271484, 53.82830810546875
48.839908599853516, 62.52900314331055
56.96055603027344, 77.7262191772461
61.94895553588867, 84.91879272460938
62.412994384765625, 87.70301818847656
61.94895553588867, 79.46635437011719
61.94895553588867, 79.46635437011719
61.94895553588867, 79.46635437011719
61.94895553588867, 79.46635437011719
65.89327239990234, 83.75869750976562
65.89327239990234, 83.75869750976562
70.88166809082031, 84.80278778076172
72.7378158569336, 51.160091400146484
66.24130249023438, 29.698375701904297
66.24130249023438, 29.698375701904297
66.24130249023438, 29.698375701904297
66.24130249023438, 29.698375701904297
