actor_1,actor_2
60.324825286865234, 81.90254974365234
65.08120727539062, 83.87471008300781
62.412994384765625, 81.43851470947266
64.03712463378906, 58.584686279296875
69.6055679321289, 55.104408264160156
72.96984100341797, 46.98375701904297
69.7215805053711, 48.25986099243164
53.59628677368164, 36.078887939453125
46.17169189453125, 32.83062744140625
42.227378845214844, 33.64269256591797
34.45475769042969, 41.87934875488281
34.45475769042969, 41.87934875488281
31.786542892456055, 45.59164810180664
38.28306198120117, 54.75638198852539
54.29234313964844, 81.43851470947266
59.86079025268555, 83.0626449584961
58.46867752075195, 80.62644958496094
57.772621154785156, 73.78190612792969
61.252899169921875, 74.47795867919922
61.252899169921875, 74.47795867919922
67.98143768310547, 63.57308578491211
67.86543273925781, 40.487239837646484
64.96519470214844, 32.83062744140625
64.96519470214844, 32.83062744140625
66.00927734375, 36.31090545654297
69.6055679321289, 38.28306198120117
66.12528991699219, 40.02320098876953
50.81206512451172, 30.858469009399414
44.31554412841797, 29.118330001831055
41.995361328125, 28.654293060302734
41.995361328125, 28.654293060302734
43.61948776245117, 31.670534133911133
43.61948776245117, 31.670534133911133
36.54292297363281, 44.19953536987305
30.394432067871094, 42.11137008666992
30.394432067871094, 42.11137008666992
30.394432067871094, 42.11137008666992
30.394432067871094, 42.11137008666992
31.786542892456055, 45.59164810180664
38.28306198120117, 54.75638198852539
49.651973724365234, 72.04176330566406
57.19257354736328, 80.62644958496094
58.46867752075195, 80.62644958496094
57.772621154785156, 73.78190612792969
57.772621154785156, 73.78190612792969
57.772621154785156, 73.78190612792969
57.772621154785156, 73.78190612792969
60.90487289428711, 79.9303970336914
60.90487289428711, 79.9303970336914
65.08120727539062, 80.74246215820312
67.86543273925781, 49.419952392578125
62.412994384765625, 30.046403884887695
62.412994384765625, 30.046403884887695
62.412994384765625, 30.046403884887695
62.412994384765625, 30.046403884887695
