actor_1,actor_2
62.64501190185547, 82.71461486816406
66.24130249023438, 85.15081024169922
63.921112060546875, 82.25057983398438
65.31322479248047, 59.28074264526367
71.46171569824219, 56.38051223754883
74.5939712524414, 49.767982482910156
72.3897933959961, 50.580047607421875
56.844547271728516, 37.819026947021484
49.651973724365234, 34.45475769042969
45.47563934326172, 35.38283157348633
37.819026947021484, 44.31554412841797
37.819026947021484, 44.31554412841797
35.61484909057617, 47.21577835083008
41.64733123779297, 54.988399505615234
57.30858612060547, 82.13456726074219
61.71693801879883, 84.45475769042969
60.20881652832031, 81.43851470947266
59.512760162353516, 74.01392364501953
62.76102066040039, 74.70997619628906
62.76102066040039, 74.70997619628906
68.90951538085938, 64.03712463378906
69.37355041503906, 41.64733123779297
66.35730743408203, 34.106727600097656
66.35730743408203, 34.106727600097656
68.21345520019531, 38.399070739746094
71.22969818115234, 40.95127487182617
69.14153289794922, 42.343387603759766
54.29234313964844, 32.83062744140625
47.679813385009766, 31.090486526489258
45.3596305847168, 30.510440826416016
45.3596305847168, 30.510440826416016
46.86774826049805, 33.29466247558594
46.86774826049805, 33.29466247558594
40.487239837646484, 45.823665618896484
33.990718841552734, 43.85150909423828
33.990718841552734, 43.85150909423828
33.990718841552734, 43.85150909423828
33.990718841552734, 43.85150909423828
35.61484909057617, 47.21577835083008
41.64733123779297, 54.988399505615234
53.13225173950195, 72.50579833984375
59.28074264526367, 80.62644958496094
60.20881652832031, 81.43851470947266
59.512760162353516, 74.01392364501953
59.512760162353516, 74.01392364501953
59.512760162353516, 74.01392364501953
59.512760162353516, 74.01392364501953
62.180973052978516, 79.0023193359375
62.180973052978516, 79.0023193359375
66.24130249023438, 80.2784194946289
69.14153289794922, 50.0
63.109046936035156, 31.206497192382812
63.109046936035156, 31.206497192382812
63.109046936035156, 31.206497192382812
63.109046936035156, 31.206497192382812
