actor_1,actor_2
70.9976806640625, 80.85846710205078
73.78190612792969, 82.25057983398438
70.76566314697266, 76.79814147949219
71.34571075439453, 59.97679901123047
81.78654479980469, 59.86079025268555
86.658935546875, 58.004638671875
84.10672760009766, 58.23666000366211
66.00927734375, 49.18793487548828
58.7006950378418, 46.17169189453125
52.20417785644531, 49.07192611694336
41.53132247924805, 56.49652099609375
41.53132247924805, 56.49652099609375
39.327144622802734, 59.16473388671875
45.70765686035156, 64.96519470214844
62.993038177490234, 82.71461486816406
66.82134246826172, 84.57076263427734
64.50115966796875, 79.35034942626953
62.993038177490234, 74.5939712524414
68.09745025634766, 71.69373321533203
68.09745025634766, 71.69373321533203
75.63805389404297, 64.38514709472656
79.46635437011719, 49.767982482910156
76.68213653564453, 45.47563934326172
76.68213653564453, 45.47563934326172
80.04640197753906, 48.607887268066406
83.64269256591797, 53.01624298095703
81.09048461914062, 53.82830810546875
64.15312957763672, 46.751739501953125
57.54060363769531, 44.083526611328125
53.59628677368164, 43.61948776245117
53.59628677368164, 43.61948776245117
53.94431686401367, 45.823665618896484
53.94431686401367, 45.823665618896484
45.823665618896484, 59.28074264526367
36.658931732177734, 56.728538513183594
36.658931732177734, 56.728538513183594
36.658931732177734, 56.728538513183594
36.658931732177734, 56.728538513183594
39.327144622802734, 59.16473388671875
45.70765686035156, 64.96519470214844
56.0324821472168, 76.45011901855469
66.35730743408203, 83.64269256591797
64.50115966796875, 79.35034942626953
62.993038177490234, 74.5939712524414
62.993038177490234, 74.5939712524414
62.993038177490234, 74.5939712524414
62.993038177490234, 74.5939712524414
65.89327239990234, 80.74246215820312
65.89327239990234, 80.74246215820312
72.2737808227539, 78.19025421142578
78.30626678466797, 55.56844711303711
73.43387603759766, 43.50347900390625
73.43387603759766, 43.50347900390625
73.43387603759766, 43.50347900390625
73.43387603759766, 43.50347900390625
