actor_1,actor_2
64.15312957763672, 83.64269256591797
67.74942016601562, 91.18329620361328
66.24130249023438, 90.13921356201172
69.02552032470703, 65.54524230957031
74.47795867919922, 61.02088165283203
78.07424926757812, 51.27610397338867
74.47795867919922, 49.651973724365234
56.0324821472168, 38.05104446411133
48.491878509521484, 33.52668380737305
43.9675178527832, 36.658931732177734
37.819026947021484, 45.47563934326172
37.819026947021484, 45.47563934326172
34.918792724609375, 49.3039436340332
41.067283630371094, 58.12065124511719
58.12065124511719, 83.0626449584961
62.180973052978516, 90.6032485961914
61.13689041137695, 89.55916595458984
61.600929260253906, 82.9466323852539
66.12528991699219, 83.41067504882812
66.12528991699219, 83.41067504882812
72.7378158569336, 71.57772827148438
75.0580062866211, 45.823665618896484
72.2737808227539, 36.890953063964844
72.2737808227539, 36.890953063964844
72.3897933959961, 40.25522232055664
74.36194610595703, 41.76333999633789
70.88166809082031, 41.64733123779297
53.59628677368164, 33.062644958496094
47.099769592285156, 29.698375701904297
44.31554412841797, 29.582366943359375
44.31554412841797, 29.582366943359375
45.70765686035156, 32.94663619995117
45.70765686035156, 32.94663619995117
39.79118347167969, 47.563804626464844
33.178653717041016, 46.17169189453125
33.178653717041016, 46.17169189453125
33.178653717041016, 46.17169189453125
33.178653717041016, 46.17169189453125
34.918792724609375, 49.3039436340332
41.067283630371094, 58.12065124511719
51.62413024902344, 74.82598876953125
59.512760162353516, 84.80278778076172
61.13689041137695, 89.55916595458984
61.600929260253906, 82.9466323852539
61.600929260253906, 82.9466323852539
61.600929260253906, 82.9466323852539
61.600929260253906, 82.9466323852539
64.7331771850586, 88.86310577392578
64.7331771850586, 88.86310577392578
70.0696029663086, 90.25521850585938
73.89791107177734, 55.45243453979492
68.90951538085938, 33.062644958496094
68.90951538085938, 33.062644958496094
68.90951538085938, 33.062644958496094
68.90951538085938, 33.062644958496094
