actor_1,actor_2
66.00927734375, 85.03480529785156
69.02552032470703, 90.6032485961914
66.9373550415039, 89.44315338134766
71.34571075439453, 66.00927734375
75.98607635498047, 61.71693801879883
80.2784194946289, 51.27610397338867
77.84222412109375, 50.92807388305664
59.62876892089844, 39.79118347167969
52.900230407714844, 35.49884033203125
48.25986099243164, 38.28306198120117
40.02320098876953, 46.98375701904297
40.02320098876953, 46.98375701904297
35.96287536621094, 50.232017517089844
41.64733123779297, 58.35266876220703
59.28074264526367, 84.3387451171875
62.76102066040039, 89.44315338134766
61.3689079284668, 88.28306579589844
62.180973052978516, 82.13456726074219
67.0533676147461, 83.17865753173828
67.0533676147461, 83.17865753173828
74.70997619628906, 71.22969818115234
76.79814147949219, 46.17169189453125
74.47795867919922, 37.47099685668945
74.47795867919922, 37.47099685668945
74.24594116210938, 40.83526611328125
77.03015899658203, 42.11137008666992
75.0580062866211, 43.155452728271484
57.88862991333008, 35.49884033203125
52.320186614990234, 32.48259735107422
50.11600875854492, 31.670534133911133
50.11600875854492, 31.670534133911133
50.46403884887695, 34.22273635864258
50.46403884887695, 34.22273635864258
42.80742645263672, 48.95591735839844
34.80278396606445, 46.98375701904297
34.80278396606445, 46.98375701904297
34.80278396606445, 46.98375701904297
34.80278396606445, 46.98375701904297
35.96287536621094, 50.232017517089844
41.64733123779297, 58.35266876220703
53.13225173950195, 75.98607635498047
61.02088165283203, 85.15081024169922
61.3689079284668, 88.28306579589844
62.180973052978516, 82.13456726074219
62.180973052978516, 82.13456726074219
62.180973052978516, 82.13456726074219
62.180973052978516, 82.13456726074219
65.08120727539062, 87.47100067138672
65.08120727539062, 87.47100067138672
70.53364562988281, 89.44315338134766
75.63805389404297, 56.49652099609375
70.88166809082031, 33.52668380737305
70.88166809082031, 33.52668380737305
70.88166809082031, 33.52668380737305
70.88166809082031, 33.52668380737305
