actor_1,actor_2
65.6612548828125, 84.22274017333984
68.44547271728516, 89.21113586425781
66.35730743408203, 87.70301818847656
70.53364562988281, 64.2691421508789
74.9419937133789, 59.04872512817383
79.35034942626953, 49.3039436340332
77.37818908691406, 49.53596115112305
59.16473388671875, 38.6310920715332
52.55220413208008, 34.45475769042969
47.563804626464844, 37.23897933959961
39.675174713134766, 46.28770446777344
39.675174713134766, 46.28770446777344
35.730857849121094, 49.3039436340332
41.415313720703125, 57.54060363769531
58.932716369628906, 83.41067504882812
62.180973052978516, 87.9350357055664
60.78886413574219, 86.42691040039062
61.71693801879883, 80.2784194946289
66.58932495117188, 81.43851470947266
66.58932495117188, 81.43851470947266
73.54988098144531, 69.37355041503906
75.87007141113281, 44.19953536987305
73.6658935546875, 35.730857849121094
73.6658935546875, 35.730857849121094
73.43387603759766, 38.97911834716797
76.21809387207031, 40.487239837646484
74.70997619628906, 41.995361328125
57.54060363769531, 34.45475769042969
52.088165283203125, 31.438514709472656
49.767982482910156, 30.742460250854492
49.767982482910156, 30.742460250854492
50.0, 33.178653717041016
50.0, 33.178653717041016
42.343387603759766, 48.14385223388672
34.45475769042969, 46.05568313598633
34.45475769042969, 46.05568313598633
34.45475769042969, 46.05568313598633
34.45475769042969, 46.05568313598633
35.730857849121094, 49.3039436340332
41.415313720703125, 57.54060363769531
52.78422164916992, 75.0580062866211
60.55684280395508, 83.87471008300781
60.78886413574219, 86.42691040039062
61.71693801879883, 80.2784194946289
61.71693801879883, 80.2784194946289
61.71693801879883, 80.2784194946289
61.71693801879883, 80.2784194946289
64.38514709472656, 85.49884033203125
64.38514709472656, 85.49884033203125
69.7215805053711, 87.58700561523438
74.5939712524414, 54.176334381103516
70.18561553955078, 31.902551651000977
70.18561553955078, 31.902551651000977
70.18561553955078, 31.902551651000977
70.18561553955078, 31.902551651000977
