actor_1,actor_2
64.96519470214844, 81.32250213623047
69.7215805053711, 86.42691040039062
68.90951538085938, 85.7308578491211
71.69373321533203, 61.484920501708984
77.14617156982422, 57.656612396240234
80.51044464111328, 47.79582214355469
76.3341064453125, 47.44779586791992
59.04872512817383, 38.747100830078125
53.01624298095703, 34.68677520751953
48.14385223388672, 37.7030143737793
40.37123107910156, 45.939674377441406
40.37123107910156, 45.939674377441406
37.7030143737793, 49.3039436340332
42.69141387939453, 58.12065124511719
59.04872512817383, 80.51044464111328
64.84918975830078, 85.84687042236328
64.2691421508789, 85.15081024169922
64.61717224121094, 79.46635437011719
69.02552032470703, 79.69837951660156
69.02552032470703, 79.69837951660156
75.75405883789062, 67.0533676147461
77.7262191772461, 43.03944396972656
76.10208892822266, 34.45475769042969
76.10208892822266, 34.45475769042969
76.21809387207031, 38.28306198120117
78.07424926757812, 39.327144622802734
74.70997619628906, 40.83526611328125
58.23666000366211, 34.918792724609375
53.01624298095703, 32.13457107543945
50.232017517089844, 31.786542892456055
50.232017517089844, 31.786542892456055
50.0, 33.990718841552734
50.0, 33.990718841552734
43.61948776245117, 48.25986099243164
35.730857849121094, 46.17169189453125
35.730857849121094, 46.17169189453125
35.730857849121094, 46.17169189453125
35.730857849121094, 46.17169189453125
37.7030143737793, 49.3039436340332
42.69141387939453, 58.12065124511719
53.48027801513672, 72.62181091308594
62.2969856262207, 82.36659240722656
64.2691421508789, 85.15081024169922
64.61717224121094, 79.46635437011719
64.61717224121094, 79.46635437011719
64.61717224121094, 79.46635437011719
64.61717224121094, 79.46635437011719
68.21345520019531, 85.61485290527344
68.21345520019531, 85.61485290527344
73.20185852050781, 86.54292297363281
76.68213653564453, 53.01624298095703
73.08584594726562, 30.510440826416016
73.08584594726562, 30.510440826416016
73.08584594726562, 30.510440826416016
73.08584594726562, 30.510440826416016
