actor_1,actor_2
66.70533752441406, 85.15081024169922
70.76566314697266, 88.05104064941406
69.02552032470703, 85.84687042236328
71.34571075439453, 64.38514709472656
77.49420166015625, 58.35266876220703
79.0023193359375, 47.911834716796875
76.68213653564453, 49.18793487548828
59.97679901123047, 40.603248596191406
53.71229553222656, 36.658931732177734
49.651973724365234, 39.327144622802734
42.227378845214844, 47.79582214355469
42.227378845214844, 47.79582214355469
40.02320098876953, 53.13225173950195
45.70765686035156, 62.412994384765625
60.672855377197266, 84.68677520751953
65.42923736572266, 87.47100067138672
64.15312957763672, 85.15081024169922
64.61717224121094, 79.46635437011719
69.25753784179688, 79.46635437011719
69.25753784179688, 79.46635437011719
75.4060287475586, 69.95359802246094
76.68213653564453, 42.92343521118164
74.36194610595703, 34.45475769042969
74.36194610595703, 34.45475769042969
74.70997619628906, 37.819026947021484
76.21809387207031, 38.86310958862305
74.01392364501953, 41.067283630371094
58.23666000366211, 35.61484909057617
52.900230407714844, 32.71461868286133
50.11600875854492, 31.670534133911133
50.11600875854492, 31.670534133911133
50.46403884887695, 34.918792724609375
50.46403884887695, 34.918792724609375
46.05568313598633, 50.46403884887695
38.05104446411133, 48.14385223388672
38.05104446411133, 48.14385223388672
38.05104446411133, 48.14385223388672
38.05104446411133, 48.14385223388672
40.02320098876953, 53.13225173950195
45.70765686035156, 62.412994384765625
55.33642578125, 75.63805389404297
63.341068267822266, 84.91879272460938
64.15312957763672, 85.15081024169922
64.61717224121094, 79.46635437011719
64.61717224121094, 79.46635437011719
64.61717224121094, 79.46635437011719
64.61717224121094, 79.46635437011719
68.44547271728516, 86.07888793945312
68.44547271728516, 86.07888793945312
73.54988098144531, 86.77494049072266
76.68213653564453, 53.71229553222656
70.9976806640625, 30.27842140197754
70.9976806640625, 30.27842140197754
70.9976806640625, 30.27842140197754
70.9976806640625, 30.27842140197754
