actor_1,actor_2
63.225059509277344, 85.84687042236328
68.3294677734375, 88.63108825683594
66.9373550415039, 85.84687042236328
69.37355041503906, 63.68909454345703
75.4060287475586, 58.81670379638672
77.6102066040039, 48.37586975097656
74.24594116210938, 49.53596115112305
56.14849090576172, 40.13920974731445
50.348026275634766, 36.42691421508789
45.823665618896484, 39.327144622802734
37.819026947021484, 47.21577835083008
37.819026947021484, 47.21577835083008
35.266822814941406, 52.320186614990234
40.37123107910156, 61.3689079284668
56.61252975463867, 84.80278778076172
62.2969856262207, 87.58700561523438
61.3689079284668, 84.57076263427734
61.94895553588867, 78.65428924560547
67.28538513183594, 79.23433685302734
67.28538513183594, 79.23433685302734
73.20185852050781, 69.48955535888672
75.17401123046875, 42.227378845214844
72.50579833984375, 33.990718841552734
72.50579833984375, 33.990718841552734
72.62181091308594, 37.47099685668945
74.24594116210938, 39.09512710571289
70.9976806640625, 41.76333999633789
54.060325622558594, 35.49884033203125
49.53596115112305, 32.94663619995117
47.21577835083008, 31.902551651000977
47.21577835083008, 31.902551651000977
47.331787109375, 34.918792724609375
47.331787109375, 34.918792724609375
41.53132247924805, 50.6960563659668
33.29466247558594, 47.44779586791992
33.29466247558594, 47.44779586791992
33.29466247558594, 47.44779586791992
33.29466247558594, 47.44779586791992
35.266822814941406, 52.320186614990234
40.37123107910156, 61.3689079284668
51.160091400146484, 75.29002380371094
59.86079025268555, 85.03480529785156
61.3689079284668, 84.57076263427734
61.94895553588867, 78.65428924560547
61.94895553588867, 78.65428924560547
61.94895553588867, 78.65428924560547
61.94895553588867, 78.65428924560547
65.6612548828125, 85.2668228149414
65.6612548828125, 85.2668228149414
71.34571075439453, 86.54292297363281
74.5939712524414, 53.94431686401367
69.6055679321289, 29.930395126342773
69.6055679321289, 29.930395126342773
69.6055679321289, 29.930395126342773
69.6055679321289, 29.930395126342773
