actor_1,actor_2
60.90487289428711, 90.95127868652344
67.51740264892578, 93.50347900390625
66.12528991699219, 89.55916595458984
69.14153289794922, 66.58932495117188
77.49420166015625, 62.87702941894531
80.2784194946289, 54.988399505615234
74.9419937133789, 57.07656478881836
56.728538513183594, 44.54756546020508
51.160091400146484, 39.90719223022461
46.17169189453125, 42.343387603759766
37.006961822509766, 51.04408264160156
37.006961822509766, 51.04408264160156
35.38283157348633, 56.0324821472168
39.44315719604492, 67.16937255859375
54.87239074707031, 91.29930114746094
61.94895553588867, 93.03944396972656
61.3689079284668, 89.21113586425781
61.13689041137695, 82.01856231689453
65.6612548828125, 82.13456726074219
65.6612548828125, 82.13456726074219
74.12992858886719, 73.31786346435547
77.49420166015625, 46.17169189453125
74.36194610595703, 38.16705322265625
74.36194610595703, 38.16705322265625
75.29002380371094, 42.57540512084961
77.14617156982422, 45.47563934326172
72.04176330566406, 48.491878509521484
54.988399505615234, 39.327144622802734
50.46403884887695, 36.078887939453125
47.79582214355469, 34.45475769042969
47.79582214355469, 34.45475769042969
48.25986099243164, 38.05104446411133
48.25986099243164, 38.05104446411133
40.487239837646484, 54.52436065673828
33.29466247558594, 51.508121490478516
33.29466247558594, 51.508121490478516
33.29466247558594, 51.508121490478516
33.29466247558594, 51.508121490478516
35.38283157348633, 56.0324821472168
39.44315719604492, 67.16937255859375
50.348026275634766, 82.25057983398438
59.512760162353516, 91.87934875488281
61.3689079284668, 89.21113586425781
61.13689041137695, 82.01856231689453
61.13689041137695, 82.01856231689453
61.13689041137695, 82.01856231689453
61.13689041137695, 82.01856231689453
65.19721221923828, 89.3271484375
65.19721221923828, 89.3271484375
70.41763305664062, 90.13921356201172
76.45011901855469, 56.96055603027344
73.20185852050781, 33.64269256591797
73.20185852050781, 33.64269256591797
73.20185852050781, 33.64269256591797
73.20185852050781, 33.64269256591797
