actor_1,actor_2
62.76102066040039, 90.02320098876953
68.3294677734375, 91.995361328125
67.0533676147461, 88.28306579589844
69.48955535888672, 66.12528991699219
77.7262191772461, 60.90487289428711
79.81438446044922, 53.13225173950195
75.4060287475586, 56.0324821472168
58.12065124511719, 43.38747024536133
52.78422164916992, 39.21113586425781
48.37586975097656, 41.64733123779297
40.25522232055664, 50.92807388305664
40.25522232055664, 50.92807388305664
38.28306198120117, 55.104408264160156
42.343387603759766, 65.89327239990234
56.49652099609375, 89.44315338134766
62.52900314331055, 90.7192611694336
61.94895553588867, 87.23897552490234
62.180973052978516, 80.2784194946289
67.0533676147461, 80.97447967529297
67.0533676147461, 80.97447967529297
74.36194610595703, 72.7378158569336
77.14617156982422, 44.66357421875
73.89791107177734, 36.890953063964844
73.89791107177734, 36.890953063964844
74.70997619628906, 40.71925735473633
76.45011901855469, 43.9675178527832
72.15777587890625, 47.79582214355469
55.80046463012695, 38.515079498291016
51.62413024902344, 36.078887939453125
49.419952392578125, 34.68677520751953
49.419952392578125, 34.68677520751953
50.11600875854492, 37.587005615234375
50.11600875854492, 37.587005615234375
43.50347900390625, 54.060325622558594
36.42691421508789, 50.6960563659668
36.42691421508789, 50.6960563659668
36.42691421508789, 50.6960563659668
36.42691421508789, 50.6960563659668
38.28306198120117, 55.104408264160156
42.343387603759766, 65.89327239990234
52.088165283203125, 80.16241455078125
60.324825286865234, 89.79118347167969
61.94895553588867, 87.23897552490234
62.180973052978516, 80.2784194946289
62.180973052978516, 80.2784194946289
62.180973052978516, 80.2784194946289
62.180973052978516, 80.2784194946289
66.00927734375, 87.47100067138672
66.00927734375, 87.47100067138672
71.69373321533203, 88.74710083007812
76.79814147949219, 55.45243453979492
72.62181091308594, 32.71461868286133
72.62181091308594, 32.71461868286133
72.62181091308594, 32.71461868286133
72.62181091308594, 32.71461868286133
