actor_1,actor_2
64.84918975830078, 90.6032485961914
70.18561553955078, 93.3874740600586
68.79350280761719, 89.6751708984375
71.80974578857422, 66.82134246826172
79.11833190917969, 61.02088165283203
81.43851470947266, 53.01624298095703
77.2621841430664, 54.87239074707031
60.78886413574219, 43.50347900390625
55.33642578125, 39.90719223022461
50.232017517089844, 42.343387603759766
42.57540512084961, 52.088165283203125
42.57540512084961, 52.088165283203125
40.95127487182617, 56.61252975463867
44.895591735839844, 67.28538513183594
58.7006950378418, 90.02320098876953
64.61717224121094, 91.87934875488281
64.03712463378906, 88.3990707397461
64.2691421508789, 81.32250213623047
69.02552032470703, 82.25057983398438
69.02552032470703, 82.25057983398438
76.3341064453125, 73.08584594726562
78.88631439208984, 44.43155288696289
75.75405883789062, 36.42691421508789
75.75405883789062, 36.42691421508789
76.56612396240234, 40.37123107910156
78.19025421142578, 43.61948776245117
74.24594116210938, 46.28770446777344
58.7006950378418, 38.05104446411133
54.176334381103516, 36.19489669799805
51.62413024902344, 34.57076644897461
51.62413024902344, 34.57076644897461
52.20417785644531, 38.05104446411133
52.20417785644531, 38.05104446411133
46.17169189453125, 55.104408264160156
38.515079498291016, 52.088165283203125
38.515079498291016, 52.088165283203125
38.515079498291016, 52.088165283203125
38.515079498291016, 52.088165283203125
40.95127487182617, 56.61252975463867
44.895591735839844, 67.28538513183594
53.94431686401367, 81.32250213623047
62.064964294433594, 90.37123107910156
64.03712463378906, 88.3990707397461
64.2691421508789, 81.32250213623047
64.2691421508789, 81.32250213623047
64.2691421508789, 81.32250213623047
64.2691421508789, 81.32250213623047
67.51740264892578, 88.51508331298828
67.51740264892578, 88.51508331298828
73.31786346435547, 89.90719604492188
78.42227172851562, 55.56844711303711
73.6658935546875, 32.59860610961914
73.6658935546875, 32.59860610961914
73.6658935546875, 32.59860610961914
73.6658935546875, 32.59860610961914
