actor_1,actor_2
66.35730743408203, 93.7354965209961
70.64965057373047, 95.70765686035156
68.67749786376953, 91.53132629394531
70.53364562988281, 68.3294677734375
77.2621841430664, 61.600929260253906
79.23433685302734, 53.48027801513672
76.3341064453125, 55.22041702270508
59.86079025268555, 43.85150909423828
53.94431686401367, 40.13920974731445
48.607887268066406, 42.57540512084961
43.271461486816406, 53.94431686401367
43.271461486816406, 53.94431686401367
41.067283630371094, 58.584686279296875
45.823665618896484, 69.37355041503906
60.55684280395508, 93.50347900390625
65.42923736572266, 94.89559173583984
63.68909454345703, 90.95127868652344
64.61717224121094, 84.3387451171875
69.14153289794922, 84.80278778076172
69.14153289794922, 84.80278778076172
75.17401123046875, 74.01392364501953
76.10208892822266, 44.66357421875
72.7378158569336, 36.31090545654297
72.7378158569336, 36.31090545654297
73.43387603759766, 40.13920974731445
75.98607635498047, 44.083526611328125
72.96984100341797, 46.17169189453125
57.54060363769531, 37.819026947021484
52.900230407714844, 35.96287536621094
49.18793487548828, 34.338748931884766
49.18793487548828, 34.338748931884766
49.88399124145508, 38.05104446411133
49.88399124145508, 38.05104446411133
46.6357307434082, 57.30858612060547
38.515079498291016, 53.59628677368164
38.515079498291016, 53.59628677368164
38.515079498291016, 53.59628677368164
38.515079498291016, 53.59628677368164
41.067283630371094, 58.584686279296875
45.823665618896484, 69.37355041503906
55.80046463012695, 84.68677520751953
63.68909454345703, 93.2714614868164
63.68909454345703, 90.95127868652344
64.61717224121094, 84.3387451171875
64.61717224121094, 84.3387451171875
64.61717224121094, 84.3387451171875
64.61717224121094, 84.3387451171875
67.63340759277344, 90.83526611328125
67.63340759277344, 90.83526611328125
73.6658935546875, 91.76334381103516
76.45011901855469, 56.38051223754883
70.53364562988281, 31.786542892456055
70.53364562988281, 31.786542892456055
70.53364562988281, 31.786542892456055
70.53364562988281, 31.786542892456055
