actor_1,actor_2
71.69373321533203, 95.82366943359375
77.84222412109375, 99.53596496582031
76.45011901855469, 96.28770446777344
79.0023193359375, 75.4060287475586
83.99072265625, 70.9976806640625
87.0069580078125, 61.13689041137695
82.25057983398438, 60.55684280395508
61.600929260253906, 48.607887268066406
52.900230407714844, 43.61948776245117
47.099769592285156, 45.59164810180664
40.487239837646484, 56.61252975463867
40.487239837646484, 56.61252975463867
37.935035705566406, 60.324825286865234
44.66357421875, 69.02552032470703
64.03712463378906, 93.2714614868164
70.76566314697266, 97.21577453613281
70.0696029663086, 94.08352661132812
71.22969818115234, 88.74710083007812
77.6102066040039, 90.6032485961914
77.6102066040039, 90.6032485961914
82.36659240722656, 82.48259735107422
85.38282775878906, 53.13225173950195
82.36659240722656, 42.80742645263672
82.36659240722656, 42.80742645263672
82.36659240722656, 42.80742645263672
79.46635437011719, 39.44315719604492
78.88631439208984, 42.45939636230469
78.88631439208984, 42.45939636230469
78.53828430175781, 47.44779586791992
64.84918975830078, 41.995361328125
49.651973724365234, 35.15081024169922
49.651973724365234, 35.15081024169922
46.28770446777344, 33.062644958496094
48.37586975097656, 36.078887939453125
48.37586975097656, 36.078887939453125
48.37586975097656, 36.078887939453125
48.37586975097656, 36.078887939453125
48.95591735839844, 40.487239837646484
40.487239837646484, 56.61252975463867
34.80278396606445, 54.75638198852539
34.80278396606445, 54.75638198852539
36.42691421508789, 50.81206512451172
36.42691421508789, 50.81206512451172
