actor_1,actor_2
71.22969818115234, 94.54756164550781
75.87007141113281, 97.09976959228516
73.89791107177734, 92.69141387939453
76.21809387207031, 71.92575073242188
82.13456726074219, 66.82134246826172
85.49884033203125, 56.844547271728516
81.55452728271484, 56.26449966430664
59.62876892089844, 42.69141387939453
51.04408264160156, 37.7030143737793
46.28770446777344, 41.64733123779297
38.97911834716797, 53.48027801513672
38.97911834716797, 53.48027801513672
36.31090545654297, 57.88862991333008
42.227378845214844, 66.9373550415039
63.341068267822266, 92.92343139648438
68.56148529052734, 95.70765686035156
67.28538513183594, 91.53132629394531
68.67749786376953, 86.19489288330078
75.0580062866211, 87.0069580078125
75.0580062866211, 87.0069580078125
79.81438446044922, 77.6102066040039
82.83062744140625, 48.25986099243164
78.65428924560547, 37.819026947021484
78.65428924560547, 37.819026947021484
78.30626678466797, 41.76333999633789
80.74246215820312, 45.47563934326172
77.03015899658203, 45.70765686035156
56.14849090576172, 36.658931732177734
49.18793487548828, 32.94663619995117
45.939674377441406, 31.206497192382812
45.939674377441406, 31.206497192382812
47.44779586791992, 35.38283157348633
47.44779586791992, 35.38283157348633
41.995361328125, 56.61252975463867
33.178653717041016, 52.436195373535156
33.178653717041016, 52.436195373535156
33.178653717041016, 52.436195373535156
33.178653717041016, 52.436195373535156
36.31090545654297, 57.88862991333008
42.227378845214844, 66.9373550415039
55.68445587158203, 83.64269256591797
66.82134246826172, 95.12760925292969
67.28538513183594, 91.53132629394531
68.67749786376953, 86.19489288330078
68.67749786376953, 86.19489288330078
68.67749786376953, 86.19489288330078
68.67749786376953, 86.19489288330078
71.11368560791016, 93.15544891357422
71.11368560791016, 93.15544891357422
78.30626678466797, 93.7354965209961
82.13456726074219, 61.3689079284668
74.70997619628906, 33.990718841552734
74.70997619628906, 33.990718841552734
74.70997619628906, 33.990718841552734
74.70997619628906, 33.990718841552734
