actor_1,actor_2
70.9976806640625, 88.16705322265625
74.01392364501953, 93.7354965209961
71.22969818115234, 90.37123107910156
74.12992858886719, 69.6055679321289
78.77030181884766, 64.96519470214844
82.36659240722656, 55.22041702270508
80.04640197753906, 52.436195373535156
59.04872512817383, 39.21113586425781
51.62413024902344, 35.49884033203125
46.751739501953125, 37.7030143737793
39.559165954589844, 46.17169189453125
39.559165954589844, 46.17169189453125
37.7030143737793, 49.88399124145508
43.50347900390625, 58.81670379638672
63.341068267822266, 87.12297058105469
66.70533752441406, 93.15544891357422
64.84918975830078, 89.55916595458984
65.42923736572266, 84.3387451171875
71.46171569824219, 84.91879272460938
71.46171569824219, 84.91879272460938
77.95823669433594, 75.4060287475586
79.0023193359375, 48.839908599853516
74.9419937133789, 38.28306198120117
74.9419937133789, 38.28306198120117
74.5939712524414, 40.95127487182617
77.84222412109375, 43.61948776245117
75.75405883789062, 41.64733123779297
56.38051223754883, 33.062644958496094
50.0, 30.858469009399414
46.98375701904297, 29.466358184814453
46.98375701904297, 29.466358184814453
48.37586975097656, 34.106727600097656
48.37586975097656, 34.106727600097656
43.271461486816406, 50.348026275634766
34.80278396606445, 45.3596305847168
34.80278396606445, 45.3596305847168
34.80278396606445, 45.3596305847168
34.80278396606445, 45.3596305847168
37.7030143737793, 49.88399124145508
43.50347900390625, 58.81670379638672
55.68445587158203, 77.14617156982422
65.54524230957031, 90.25521850585938
64.84918975830078, 89.55916595458984
65.42923736572266, 84.3387451171875
65.42923736572266, 84.3387451171875
65.42923736572266, 84.3387451171875
65.42923736572266, 84.3387451171875
68.90951538085938, 91.0672836303711
68.90951538085938, 91.0672836303711
75.52204132080078, 92.22737884521484
78.53828430175781, 60.78886413574219
70.9976806640625, 35.15081024169922
70.9976806640625, 35.15081024169922
70.9976806640625, 35.15081024169922
70.9976806640625, 35.15081024169922
