actor_1,actor_2
69.48955535888672, 88.3990707397461
71.22969818115234, 92.11136627197266
68.56148529052734, 88.05104064941406
70.41763305664062, 67.74942016601562
76.10208892822266, 63.225059509277344
79.81438446044922, 54.52436065673828
79.35034942626953, 53.13225173950195
58.584686279296875, 39.79118347167969
50.11600875854492, 35.61484909057617
43.9675178527832, 37.23897933959961
37.23897933959961, 45.011600494384766
37.23897933959961, 45.011600494384766
35.15081024169922, 48.37586975097656
42.227378845214844, 56.61252975463867
61.71693801879883, 85.96287536621094
64.2691421508789, 90.13921356201172
62.2969856262207, 85.84687042236328
62.76102066040039, 80.62644958496094
68.56148529052734, 82.48259735107422
68.56148529052734, 82.48259735107422
75.0580062866211, 73.54988098144531
76.56612396240234, 47.099769592285156
72.50579833984375, 37.7030143737793
72.50579833984375, 37.7030143737793
72.3897933959961, 40.487239837646484
75.4060287475586, 43.61948776245117
75.0580062866211, 42.69141387939453
56.14849090576172, 34.338748931884766
48.95591735839844, 31.322505950927734
45.939674377441406, 29.582366943359375
45.939674377441406, 29.582366943359375
46.751739501953125, 33.41067123413086
46.751739501953125, 33.41067123413086
40.02320098876953, 48.607887268066406
32.3665885925293, 43.03944396972656
32.3665885925293, 43.03944396972656
32.3665885925293, 43.03944396972656
32.3665885925293, 43.03944396972656
35.15081024169922, 48.37586975097656
42.227378845214844, 56.61252975463867
55.45243453979492, 76.10208892822266
63.109046936035156, 87.9350357055664
62.2969856262207, 85.84687042236328
62.76102066040039, 80.62644958496094
62.76102066040039, 80.62644958496094
62.76102066040039, 80.62644958496094
62.76102066040039, 80.62644958496094
66.12528991699219, 87.35498809814453
66.12528991699219, 87.35498809814453
72.7378158569336, 89.90719604492188
75.75405883789062, 58.81670379638672
68.56148529052734, 34.338748931884766
68.56148529052734, 34.338748931884766
68.56148529052734, 34.338748931884766
68.56148529052734, 34.338748931884766
