actor_1,actor_2
68.09745025634766, 89.6751708984375
71.46171569824219, 92.3433837890625
69.14153289794922, 89.21113586425781
72.04176330566406, 70.30162048339844
77.6102066040039, 66.00927734375
82.5986099243164, 56.14849090576172
79.69837951660156, 55.22041702270508
60.672855377197266, 42.343387603759766
52.55220413208008, 37.587005615234375
47.099769592285156, 40.487239837646484
39.559165954589844, 49.53596115112305
39.559165954589844, 49.53596115112305
37.587005615234375, 53.13225173950195
44.083526611328125, 61.71693801879883
61.02088165283203, 87.70301818847656
64.7331771850586, 90.95127868652344
63.225059509277344, 87.47100067138672
64.03712463378906, 81.90254974365234
69.48955535888672, 83.29466247558594
69.48955535888672, 83.29466247558594
76.91415405273438, 75.0580062866211
79.23433685302734, 49.18793487548828
75.98607635498047, 39.675174713134766
75.98607635498047, 39.675174713134766
76.21809387207031, 42.80742645263672
78.88631439208984, 45.47563934326172
76.3341064453125, 45.59164810180664
58.932716369628906, 36.54292297363281
52.088165283203125, 33.178653717041016
49.18793487548828, 31.438514709472656
49.18793487548828, 31.438514709472656
49.419952392578125, 35.730857849121094
49.419952392578125, 35.730857849121094
42.11137008666992, 53.01624298095703
34.918792724609375, 48.14385223388672
34.918792724609375, 48.14385223388672
34.918792724609375, 48.14385223388672
34.918792724609375, 48.14385223388672
37.587005615234375, 53.13225173950195
44.083526611328125, 61.71693801879883
56.38051223754883, 77.95823669433594
62.87702941894531, 89.44315338134766
63.225059509277344, 87.47100067138672
64.03712463378906, 81.90254974365234
64.03712463378906, 81.90254974365234
64.03712463378906, 81.90254974365234
64.03712463378906, 81.90254974365234
67.74942016601562, 87.0069580078125
67.74942016601562, 87.0069580078125
74.24594116210938, 88.97911834716797
77.2621841430664, 61.02088165283203
72.3897933959961, 35.846866607666016
72.3897933959961, 35.846866607666016
72.3897933959961, 35.846866607666016
72.3897933959961, 35.846866607666016
