actor_1,actor_2
59.04872512817383, 87.47100067138672
63.225059509277344, 90.6032485961914
61.252899169921875, 87.35498809814453
64.15312957763672, 69.14153289794922
69.37355041503906, 59.97679901123047
71.22969818115234, 48.839908599853516
70.9976806640625, 52.78422164916992
71.46171569824219, 44.54756546020508
67.74942016601562, 44.31554412841797
50.348026275634766, 35.38283157348633
43.61948776245117, 32.250579833984375
39.90719223022461, 34.68677520751953
39.90719223022461, 34.68677520751953
37.587005615234375, 38.86310958862305
30.626449584960938, 47.563804626464844
30.626449584960938, 47.563804626464844
28.190256118774414, 50.232017517089844
43.50347900390625, 73.20185852050781
54.6403694152832, 89.55916595458984
55.33642578125, 84.80278778076172
55.33642578125, 84.80278778076172
61.94895553588867, 81.6705322265625
61.94895553588867, 81.6705322265625
61.94895553588867, 81.6705322265625
71.22969818115234, 48.839908599853516
71.22969818115234, 48.839908599853516
68.56148529052734, 39.21113586425781
68.56148529052734, 39.21113586425781
68.56148529052734, 42.227378845214844
68.56148529052734, 42.227378845214844
70.18561553955078, 46.86774826049805
59.04872512817383, 40.25522232055664
43.61948776245117, 32.250579833984375
43.61948776245117, 32.250579833984375
40.83526611328125, 30.510440826416016
40.83526611328125, 30.510440826416016
40.83526611328125, 30.510440826416016
39.90719223022461, 34.68677520751953
37.006961822509766, 32.71461868286133
30.626449584960938, 47.563804626464844
25.9860782623291, 45.3596305847168
25.9860782623291, 45.3596305847168
28.07424545288086, 42.227378845214844
28.07424545288086, 42.227378845214844
