actor_1,actor_2
71.92575073242188, 91.0672836303711
73.78190612792969, 92.3433837890625
72.50579833984375, 90.02320098876953
73.31786346435547, 72.50579833984375
81.6705322265625, 70.76566314697266
85.84687042236328, 60.440834045410156
83.87471008300781, 59.62876892089844
68.44547271728516, 46.05568313598633
59.74477767944336, 41.87934875488281
54.6403694152832, 43.73550033569336
45.3596305847168, 51.160091400146484
45.3596305847168, 51.160091400146484
43.50347900390625, 54.060325622558594
50.46403884887695, 62.180973052978516
65.08120727539062, 88.74710083007812
67.98143768310547, 90.48723602294922
66.82134246826172, 88.05104064941406
66.70533752441406, 82.36659240722656
71.80974578857422, 84.10672760009766
71.80974578857422, 84.10672760009766
79.11833190917969, 79.23433685302734
82.01856231689453, 54.6403694152832
79.35034942626953, 45.011600494384766
79.35034942626953, 45.011600494384766
79.35034942626953, 45.011600494384766
76.10208892822266, 40.83526611328125
77.49420166015625, 43.03944396972656
77.49420166015625, 43.03944396972656
79.46635437011719, 46.86774826049805
70.76566314697266, 41.76333999633789
58.12065124511719, 35.266822814941406
58.12065124511719, 35.266822814941406
55.80046463012695, 33.87471008300781
57.07656478881836, 35.730857849121094
57.07656478881836, 35.730857849121094
57.07656478881836, 35.730857849121094
57.07656478881836, 35.730857849121094
56.728538513183594, 39.559165954589844
45.3596305847168, 51.160091400146484
41.067283630371094, 49.3039436340332
41.067283630371094, 49.3039436340332
42.227378845214844, 45.59164810180664
42.227378845214844, 45.59164810180664
