actor_1,actor_2
70.76566314697266, 89.21113586425781
74.12992858886719, 90.25521850585938
71.80974578857422, 87.23897552490234
73.08584594726562, 69.02552032470703
79.58236694335938, 63.80510330200195
83.17865753173828, 54.87239074707031
78.88631439208984, 54.29234313964844
60.20881652832031, 41.53132247924805
52.78422164916992, 36.42691421508789
48.607887268066406, 37.47099685668945
41.995361328125, 46.6357307434082
41.995361328125, 46.6357307434082
39.44315719604492, 50.11600875854492
45.47563934326172, 59.512760162353516
64.15312957763672, 88.28306579589844
68.44547271728516, 89.79118347167969
66.70533752441406, 86.658935546875
67.0533676147461, 81.43851470947266
71.57772827148438, 82.01856231689453
71.57772827148438, 82.01856231689453
77.84222412109375, 74.82598876953125
79.11833190917969, 48.607887268066406
76.45011901855469, 38.86310958862305
76.45011901855469, 38.86310958862305
77.6102066040039, 41.2993049621582
79.81438446044922, 44.31554412841797
75.75405883789062, 44.19953536987305
58.35266876220703, 35.49884033203125
52.088165283203125, 32.01856231689453
49.767982482910156, 29.930395126342773
49.767982482910156, 29.930395126342773
50.11600875854492, 33.87471008300781
50.11600875854492, 33.87471008300781
45.12760925292969, 50.11600875854492
37.12297058105469, 45.12760925292969
37.12297058105469, 45.12760925292969
37.12297058105469, 45.12760925292969
37.12297058105469, 45.12760925292969
39.44315719604492, 50.11600875854492
45.47563934326172, 59.512760162353516
58.46867752075195, 76.56612396240234
66.24130249023438, 88.28306579589844
66.70533752441406, 86.658935546875
67.0533676147461, 81.43851470947266
67.0533676147461, 81.43851470947266
67.0533676147461, 81.43851470947266
67.0533676147461, 81.43851470947266
70.88166809082031, 87.35498809814453
70.88166809082031, 87.35498809814453
76.3341064453125, 88.63108825683594
78.42227172851562, 59.74477767944336
74.01392364501953, 35.846866607666016
74.01392364501953, 35.846866607666016
74.01392364501953, 35.846866607666016
74.01392364501953, 35.846866607666016
