actor_1,actor_2
70.88166809082031, 90.37123107910156
74.47795867919922, 90.95127868652344
71.80974578857422, 87.47100067138672
72.3897933959961, 64.84918975830078
77.37818908691406, 63.57308578491211
81.20649719238281, 54.060325622558594
78.53828430175781, 54.176334381103516
59.512760162353516, 43.155452728271484
50.11600875854492, 38.28306198120117
45.47563934326172, 40.603248596191406
39.79118347167969, 48.14385223388672
39.79118347167969, 48.14385223388672
37.7030143737793, 52.78422164916992
45.12760925292969, 62.2969856262207
63.80510330200195, 90.6032485961914
68.09745025634766, 91.0672836303711
65.77725982666016, 87.35498809814453
66.00927734375, 80.16241455078125
71.69373321533203, 79.9303970336914
71.69373321533203, 79.9303970336914
76.45011901855469, 72.2737808227539
76.56612396240234, 46.51972198486328
73.43387603759766, 38.515079498291016
73.43387603759766, 38.515079498291016
74.24594116210938, 42.57540512084961
77.37818908691406, 45.011600494384766
74.70997619628906, 45.59164810180664
56.728538513183594, 37.819026947021484
48.95591735839844, 34.22273635864258
45.3596305847168, 32.59860610961914
45.3596305847168, 32.59860610961914
45.939674377441406, 35.96287536621094
45.939674377441406, 35.96287536621094
42.11137008666992, 50.92807388305664
35.38283157348633, 47.563804626464844
35.38283157348633, 47.563804626464844
35.38283157348633, 47.563804626464844
35.38283157348633, 47.563804626464844
37.7030143737793, 52.78422164916992
45.12760925292969, 62.2969856262207
57.656612396240234, 78.65428924560547
67.63340759277344, 89.55916595458984
65.77725982666016, 87.35498809814453
66.00927734375, 80.16241455078125
66.00927734375, 80.16241455078125
66.00927734375, 80.16241455078125
66.00927734375, 80.16241455078125
68.90951538085938, 87.70301818847656
68.90951538085938, 87.70301818847656
75.52204132080078, 88.51508331298828
76.21809387207031, 57.772621154785156
70.18561553955078, 35.15081024169922
70.18561553955078, 35.15081024169922
70.18561553955078, 35.15081024169922
70.18561553955078, 35.15081024169922
