actor_1,actor_2
72.85382843017578, 90.37123107910156
78.19025421142578, 91.41531372070312
75.98607635498047, 86.77494049072266
76.91415405273438, 64.84918975830078
83.52667999267578, 63.57308578491211
87.12297058105469, 55.33642578125
82.48259735107422, 56.14849090576172
63.68909454345703, 40.71925735473633
53.94431686401367, 35.846866607666016
47.44779586791992, 37.935035705566406
41.995361328125, 45.59164810180664
41.995361328125, 45.59164810180664
40.487239837646484, 50.0
47.44779586791992, 59.74477767944336
64.38514709472656, 90.25521850585938
70.88166809082031, 90.7192611694336
69.14153289794922, 85.84687042236328
69.02552032470703, 77.95823669433594
75.0580062866211, 78.42227172851562
75.0580062866211, 78.42227172851562
81.09048461914062, 70.76566314697266
82.25057983398438, 46.51972198486328
80.2784194946289, 39.559165954589844
80.2784194946289, 39.559165954589844
82.01856231689453, 43.85150909423828
84.45475769042969, 46.86774826049805
79.9303970336914, 47.44779586791992
61.83294677734375, 35.96287536621094
53.48027801513672, 32.250579833984375
49.18793487548828, 30.27842140197754
49.18793487548828, 30.27842140197754
49.3039436340332, 33.29466247558594
49.3039436340332, 33.29466247558594
44.77958297729492, 48.37586975097656
36.890953063964844, 45.47563934326172
36.890953063964844, 45.47563934326172
36.890953063964844, 45.47563934326172
36.890953063964844, 45.47563934326172
40.487239837646484, 50.0
47.44779586791992, 59.74477767944336
59.512760162353516, 77.95823669433594
69.48955535888672, 89.3271484375
69.14153289794922, 85.84687042236328
69.02552032470703, 77.95823669433594
69.02552032470703, 77.95823669433594
69.02552032470703, 77.95823669433594
69.02552032470703, 77.95823669433594
72.15777587890625, 83.87471008300781
72.15777587890625, 83.87471008300781
78.88631439208984, 85.2668228149414
81.32250213623047, 57.42459487915039
76.68213653564453, 36.31090545654297
76.68213653564453, 36.31090545654297
76.68213653564453, 36.31090545654297
76.68213653564453, 36.31090545654297
