actor_1,actor_2
71.69373321533203, 91.29930114746094
75.87007141113281, 92.45939636230469
73.43387603759766, 88.05104064941406
74.36194610595703, 64.7331771850586
81.6705322265625, 65.19721221923828
84.68677520751953, 56.844547271728516
79.9303970336914, 57.656612396240234
60.20881652832031, 43.155452728271484
51.27610397338867, 38.86310958862305
45.939674377441406, 41.067283630371094
40.83526611328125, 48.14385223388672
40.83526611328125, 48.14385223388672
39.559165954589844, 51.392112731933594
46.6357307434082, 60.90487289428711
63.68909454345703, 90.95127868652344
68.79350280761719, 91.87934875488281
66.70533752441406, 87.0069580078125
66.35730743408203, 77.7262191772461
72.15777587890625, 78.77030181884766
72.15777587890625, 78.77030181884766
79.11833190917969, 71.46171569824219
79.58236694335938, 47.21577835083008
77.14617156982422, 40.13920974731445
77.14617156982422, 40.13920974731445
79.0023193359375, 45.011600494384766
81.32250213623047, 48.25986099243164
76.56612396240234, 48.839908599853516
58.12065124511719, 37.7030143737793
50.46403884887695, 34.45475769042969
46.6357307434082, 33.062644958496094
46.6357307434082, 33.062644958496094
47.099769592285156, 36.774940490722656
47.099769592285156, 36.774940490722656
43.271461486816406, 51.392112731933594
36.078887939453125, 47.099769592285156
36.078887939453125, 47.099769592285156
36.078887939453125, 47.099769592285156
36.078887939453125, 47.099769592285156
39.559165954589844, 51.392112731933594
46.6357307434082, 60.90487289428711
59.28074264526367, 78.19025421142578
67.98143768310547, 90.37123107910156
66.70533752441406, 87.0069580078125
66.35730743408203, 77.7262191772461
66.35730743408203, 77.7262191772461
66.35730743408203, 77.7262191772461
66.35730743408203, 77.7262191772461
69.83758544921875, 84.68677520751953
69.83758544921875, 84.68677520751953
76.68213653564453, 86.54292297363281
79.23433685302734, 58.004638671875
73.89791107177734, 37.006961822509766
73.89791107177734, 37.006961822509766
73.89791107177734, 37.006961822509766
73.89791107177734, 37.006961822509766
