actor_1,actor_2
69.37355041503906, 79.58236694335938
72.7378158569336, 83.29466247558594
70.0696029663086, 79.23433685302734
69.14153289794922, 63.341068267822266
79.58236694335938, 65.19721221923828
84.91879272460938, 61.13689041137695
81.6705322265625, 60.672855377197266
65.19721221923828, 49.07192611694336
58.584686279296875, 46.751739501953125
53.3642692565918, 48.25986099243164
44.43155288696289, 54.060325622558594
44.43155288696289, 54.060325622558594
40.95127487182617, 57.656612396240234
45.823665618896484, 61.71693801879883
62.180973052978516, 80.97447967529297
66.12528991699219, 84.91879272460938
63.921112060546875, 80.97447967529297
61.13689041137695, 75.98607635498047
66.58932495117188, 74.24594116210938
66.58932495117188, 74.24594116210938
72.85382843017578, 69.37355041503906
76.21809387207031, 53.3642692565918
73.78190612792969, 47.21577835083008
73.78190612792969, 47.21577835083008
78.77030181884766, 50.6960563659668
81.90254974365234, 54.060325622558594
78.42227172851562, 54.40835189819336
62.87702941894531, 46.51972198486328
56.96055603027344, 44.43155288696289
54.176334381103516, 43.50347900390625
54.176334381103516, 43.50347900390625
55.80046463012695, 45.823665618896484
55.80046463012695, 45.823665618896484
48.0278434753418, 56.844547271728516
39.79118347167969, 54.75638198852539
39.79118347167969, 54.75638198852539
39.79118347167969, 54.75638198852539
39.79118347167969, 54.75638198852539
40.95127487182617, 57.656612396240234
45.823665618896484, 61.71693801879883
54.87239074707031, 74.47795867919922
65.31322479248047, 82.48259735107422
63.921112060546875, 80.97447967529297
61.13689041137695, 75.98607635498047
61.13689041137695, 75.98607635498047
61.13689041137695, 75.98607635498047
61.13689041137695, 75.98607635498047
64.03712463378906, 83.17865753173828
64.03712463378906, 83.17865753173828
70.30162048339844, 81.78654479980469
74.5939712524414, 60.55684280395508
70.64965057373047, 45.823665618896484
70.64965057373047, 45.823665618896484
70.64965057373047, 45.823665618896484
70.64965057373047, 45.823665618896484
