actor_1,actor_2
71.80974578857422, 88.05104064941406
74.01392364501953, 89.79118347167969
71.57772827148438, 84.68677520751953
71.57772827148438, 63.80510330200195
80.16241455078125, 62.412994384765625
82.01856231689453, 54.6403694152832
78.65428924560547, 55.33642578125
60.672855377197266, 39.90719223022461
52.088165283203125, 35.846866607666016
48.25986099243164, 37.47099685668945
42.227378845214844, 45.24361801147461
42.227378845214844, 45.24361801147461
40.13920974731445, 48.72389602661133
46.751739501953125, 58.35266876220703
64.15312957763672, 87.23897552490234
67.4013900756836, 88.74710083007812
65.54524230957031, 83.64269256591797
64.2691421508789, 75.0580062866211
69.7215805053711, 75.63805389404297
69.7215805053711, 75.63805389404297
76.79814147949219, 69.48955535888672
76.56612396240234, 44.895591735839844
74.12992858886719, 36.31090545654297
74.12992858886719, 36.31090545654297
76.91415405273438, 41.415313720703125
79.11833190917969, 44.54756546020508
75.63805389404297, 45.47563934326172
58.81670379638672, 33.87471008300781
51.62413024902344, 30.974477767944336
48.72389602661133, 28.770301818847656
48.72389602661133, 28.770301818847656
48.607887268066406, 33.29466247558594
48.607887268066406, 33.29466247558594
45.12760925292969, 47.44779586791992
37.35498809814453, 44.43155288696289
37.35498809814453, 44.43155288696289
37.35498809814453, 44.43155288696289
37.35498809814453, 44.43155288696289
40.13920974731445, 48.72389602661133
46.751739501953125, 58.35266876220703
59.86079025268555, 75.98607635498047
66.70533752441406, 86.07888793945312
65.54524230957031, 83.64269256591797
64.2691421508789, 75.0580062866211
64.2691421508789, 75.0580062866211
64.2691421508789, 75.0580062866211
64.2691421508789, 75.0580062866211
68.44547271728516, 81.90254974365234
68.44547271728516, 81.90254974365234
74.5939712524414, 82.83062744140625
77.14617156982422, 55.916473388671875
70.88166809082031, 32.71461868286133
70.88166809082031, 32.71461868286133
70.88166809082031, 32.71461868286133
70.88166809082031, 32.71461868286133
