actor_1,actor_2
70.76566314697266, 80.74246215820312
73.43387603759766, 84.10672760009766
70.64965057373047, 79.9303970336914
70.0696029663086, 64.2691421508789
81.20649719238281, 66.35730743408203
86.54292297363281, 62.87702941894531
83.75869750976562, 62.412994384765625
67.63340759277344, 51.62413024902344
60.440834045410156, 49.419952392578125
54.988399505615234, 50.580047607421875
45.59164810180664, 55.916473388671875
45.59164810180664, 55.916473388671875
42.227378845214844, 59.86079025268555
47.563804626464844, 63.57308578491211
63.225059509277344, 82.01856231689453
66.58932495117188, 85.61485290527344
64.50115966796875, 81.6705322265625
61.600929260253906, 76.3341064453125
67.16937255859375, 74.70997619628906
67.16937255859375, 74.70997619628906
74.36194610595703, 70.76566314697266
78.07424926757812, 54.75638198852539
75.17401123046875, 48.72389602661133
75.17401123046875, 48.72389602661133
79.81438446044922, 52.320186614990234
82.9466323852539, 55.80046463012695
80.16241455078125, 56.14849090576172
65.19721221923828, 48.95591735839844
58.584686279296875, 46.98375701904297
55.33642578125, 45.823665618896484
55.33642578125, 45.823665618896484
57.19257354736328, 48.25986099243164
57.19257354736328, 48.25986099243164
49.419952392578125, 59.04872512817383
40.603248596191406, 56.844547271728516
40.603248596191406, 56.844547271728516
40.603248596191406, 56.844547271728516
40.603248596191406, 56.844547271728516
42.227378845214844, 59.86079025268555
47.563804626464844, 63.57308578491211
56.14849090576172, 75.29002380371094
66.24130249023438, 83.41067504882812
64.50115966796875, 81.6705322265625
61.600929260253906, 76.3341064453125
61.600929260253906, 76.3341064453125
61.600929260253906, 76.3341064453125
61.600929260253906, 76.3341064453125
65.19721221923828, 83.75869750976562
65.19721221923828, 83.75869750976562
71.57772827148438, 82.71461486816406
76.45011901855469, 61.71693801879883
71.69373321533203, 47.563804626464844
71.69373321533203, 47.563804626464844
71.69373321533203, 47.563804626464844
71.69373321533203, 47.563804626464844
