actor_1,actor_2
67.74942016601562, 86.19489288330078
72.3897933959961, 88.74710083007812
70.9976806640625, 84.68677520751953
70.64965057373047, 60.672855377197266
79.23433685302734, 60.78886413574219
80.85846710205078, 52.088165283203125
75.29002380371094, 51.62413024902344
53.3642692565918, 37.587005615234375
45.12760925292969, 33.29466247558594
40.83526611328125, 34.22273635864258
34.68677520751953, 41.415313720703125
34.68677520751953, 41.415313720703125
33.75870132446289, 45.47563934326172
40.83526611328125, 54.988399505615234
60.90487289428711, 84.68677520751953
66.47332000732422, 87.35498809814453
65.31322479248047, 83.0626449584961
64.03712463378906, 74.36194610595703
68.79350280761719, 75.52204132080078
68.79350280761719, 75.52204132080078
75.75405883789062, 69.25753784179688
75.98607635498047, 42.227378845214844
73.54988098144531, 34.918792724609375
73.54988098144531, 34.918792724609375
75.75405883789062, 40.13920974731445
77.49420166015625, 43.03944396972656
72.04176330566406, 43.155452728271484
51.9721565246582, 32.3665885925293
44.19953536987305, 29.466358184814453
41.2993049621582, 27.494199752807617
41.2993049621582, 27.494199752807617
41.64733123779297, 30.626449584960938
41.64733123779297, 30.626449584960938
37.935035705566406, 45.12760925292969
30.858469009399414, 40.95127487182617
30.858469009399414, 40.95127487182617
30.858469009399414, 40.95127487182617
30.858469009399414, 40.95127487182617
33.75870132446289, 45.47563934326172
40.83526611328125, 54.988399505615234
55.22041702270508, 73.54988098144531
64.50115966796875, 84.3387451171875
65.31322479248047, 83.0626449584961
64.03712463378906, 74.36194610595703
64.03712463378906, 74.36194610595703
64.03712463378906, 74.36194610595703
64.03712463378906, 74.36194610595703
67.86543273925781, 83.64269256591797
67.86543273925781, 83.64269256591797
73.54988098144531, 85.2668228149414
76.3341064453125, 53.82830810546875
69.83758544921875, 30.742460250854492
69.83758544921875, 30.742460250854492
69.83758544921875, 30.742460250854492
69.83758544921875, 30.742460250854492
