actor_1,actor_2
64.03712463378906, 89.6751708984375
67.51740264892578, 88.74710083007812
65.08120727539062, 84.10672760009766
66.12528991699219, 59.62876892089844
76.45011901855469, 57.42459487915039
79.0023193359375, 48.72389602661133
75.17401123046875, 51.62413024902344
56.61252975463867, 40.487239837646484
49.18793487548828, 36.54292297363281
45.3596305847168, 39.44315719604492
38.515079498291016, 48.839908599853516
38.515079498291016, 48.839908599853516
35.96287536621094, 53.59628677368164
42.11137008666992, 63.341068267822266
57.54060363769531, 90.48723602294922
62.76102066040039, 89.44315338134766
61.02088165283203, 84.68677520751953
60.09280776977539, 75.17401123046875
63.57308578491211, 74.47795867919922
63.57308578491211, 74.47795867919922
71.69373321533203, 65.77725982666016
73.78190612792969, 38.6310920715332
72.2737808227539, 31.786542892456055
72.2737808227539, 31.786542892456055
74.12992858886719, 37.819026947021484
77.14617156982422, 40.95127487182617
73.54988098144531, 43.38747024536133
55.33642578125, 35.0348014831543
49.18793487548828, 32.13457107543945
46.51972198486328, 30.974477767944336
46.51972198486328, 30.974477767944336
46.40371322631836, 34.68677520751953
46.40371322631836, 34.68677520751953
41.2993049621582, 51.508121490478516
34.22273635864258, 49.18793487548828
34.22273635864258, 49.18793487548828
34.22273635864258, 49.18793487548828
34.22273635864258, 49.18793487548828
35.96287536621094, 53.59628677368164
42.11137008666992, 63.341068267822266
52.20417785644531, 81.43851470947266
61.484920501708984, 87.58700561523438
61.02088165283203, 84.68677520751953
60.09280776977539, 75.17401123046875
60.09280776977539, 75.17401123046875
60.09280776977539, 75.17401123046875
60.09280776977539, 75.17401123046875
64.38514709472656, 82.13456726074219
64.38514709472656, 82.13456726074219
68.90951538085938, 81.6705322265625
73.89791107177734, 49.88399124145508
67.51740264892578, 28.886310577392578
67.51740264892578, 28.886310577392578
67.51740264892578, 28.886310577392578
67.51740264892578, 28.886310577392578
