actor_1,actor_2
64.7331771850586, 89.90719604492188
67.74942016601562, 88.74710083007812
65.42923736572266, 85.2668228149414
65.08120727539062, 60.440834045410156
73.6658935546875, 57.88862991333008
75.87007141113281, 47.331787109375
72.2737808227539, 50.232017517089844
54.988399505615234, 40.37123107910156
49.53596115112305, 35.730857849121094
46.28770446777344, 38.747100830078125
42.343387603759766, 50.580047607421875
42.343387603759766, 50.580047607421875
40.487239837646484, 55.80046463012695
45.12760925292969, 65.89327239990234
58.81670379638672, 90.95127868652344
62.52900314331055, 89.90719604492188
60.90487289428711, 86.42691040039062
60.55684280395508, 77.03015899658203
64.38514709472656, 75.87007141113281
64.38514709472656, 75.87007141113281
70.53364562988281, 65.89327239990234
71.80974578857422, 37.935035705566406
70.18561553955078, 31.786542892456055
70.18561553955078, 31.786542892456055
71.34571075439453, 37.7030143737793
74.24594116210938, 40.13920974731445
70.76566314697266, 42.92343521118164
54.29234313964844, 35.266822814941406
49.767982482910156, 31.786542892456055
47.679813385009766, 30.626449584960938
47.679813385009766, 30.626449584960938
47.44779586791992, 33.75870132446289
47.44779586791992, 33.75870132446289
45.011600494384766, 52.436195373535156
38.747100830078125, 51.27610397338867
38.747100830078125, 51.27610397338867
38.747100830078125, 51.27610397338867
38.747100830078125, 51.27610397338867
40.487239837646484, 55.80046463012695
45.12760925292969, 65.89327239990234
54.40835189819336, 82.83062744140625
60.78886413574219, 88.86310577392578
60.90487289428711, 86.42691040039062
60.55684280395508, 77.03015899658203
60.55684280395508, 77.03015899658203
60.55684280395508, 77.03015899658203
60.55684280395508, 77.03015899658203
64.7331771850586, 83.52667999267578
64.7331771850586, 83.52667999267578
69.37355041503906, 82.83062744140625
72.2737808227539, 50.232017517089844
66.70533752441406, 28.07424545288086
66.70533752441406, 28.07424545288086
66.70533752441406, 28.07424545288086
66.70533752441406, 28.07424545288086
