actor_1,actor_2
62.180973052978516, 88.28306579589844
64.96519470214844, 86.54292297363281
62.52900314331055, 83.87471008300781
62.52900314331055, 58.932716369628906
71.46171569824219, 56.49652099609375
74.01392364501953, 46.17169189453125
70.30162048339844, 49.767982482910156
52.20417785644531, 39.90719223022461
46.51972198486328, 35.61484909057617
43.85150909423828, 38.86310958862305
38.97911834716797, 49.53596115112305
38.97911834716797, 49.53596115112305
37.23897933959961, 54.060325622558594
41.87934875488281, 63.921112060546875
56.49652099609375, 88.3990707397461
59.74477767944336, 86.658935546875
58.004638671875, 84.10672760009766
57.88862991333008, 74.9419937133789
61.94895553588867, 74.82598876953125
61.94895553588867, 74.82598876953125
67.98143768310547, 64.61717224121094
69.95359802246094, 37.23897933959961
67.86543273925781, 30.742460250854492
67.86543273925781, 30.742460250854492
68.90951538085938, 36.54292297363281
72.04176330566406, 38.515079498291016
68.67749786376953, 41.995361328125
51.508121490478516, 34.45475769042969
46.86774826049805, 31.438514709472656
45.24361801147461, 30.742460250854492
45.24361801147461, 30.742460250854492
44.77958297729492, 33.990718841552734
44.77958297729492, 33.990718841552734
41.76333999633789, 51.27610397338867
35.846866607666016, 50.11600875854492
35.846866607666016, 50.11600875854492
35.846866607666016, 50.11600875854492
35.846866607666016, 50.11600875854492
37.23897933959961, 54.060325622558594
41.87934875488281, 63.921112060546875
51.74013900756836, 80.3944320678711
57.772621154785156, 85.84687042236328
58.004638671875, 84.10672760009766
57.88862991333008, 74.9419937133789
57.88862991333008, 74.9419937133789
57.88862991333008, 74.9419937133789
57.88862991333008, 74.9419937133789
62.180973052978516, 81.55452728271484
62.180973052978516, 81.55452728271484
66.9373550415039, 81.90254974365234
70.30162048339844, 48.839908599853516
64.15312957763672, 27.842227935791016
64.15312957763672, 27.842227935791016
64.15312957763672, 27.842227935791016
64.15312957763672, 27.842227935791016
