actor_1,actor_2
67.16937255859375, 88.63108825683594
69.37355041503906, 88.51508331298828
66.82134246826172, 85.49884033203125
67.98143768310547, 59.86079025268555
75.87007141113281, 58.7006950378418
78.65428924560547, 49.3039436340332
76.21809387207031, 51.74013900756836
56.728538513183594, 41.067283630371094
49.651973724365234, 36.774940490722656
46.6357307434082, 38.28306198120117
40.71925735473633, 48.0278434753418
40.71925735473633, 48.0278434753418
38.97911834716797, 53.48027801513672
45.011600494384766, 63.68909454345703
60.55684280395508, 88.97911834716797
63.45707702636719, 88.63108825683594
61.484920501708984, 85.7308578491211
61.484920501708984, 75.0580062866211
66.47332000732422, 74.82598876953125
66.47332000732422, 74.82598876953125
73.20185852050781, 66.00927734375
74.9419937133789, 40.13920974731445
72.15777587890625, 33.64269256591797
72.15777587890625, 33.64269256591797
72.85382843017578, 39.559165954589844
75.98607635498047, 41.76333999633789
73.54988098144531, 44.083526611328125
55.33642578125, 36.31090545654297
49.419952392578125, 33.29466247558594
47.21577835083008, 32.13457107543945
47.21577835083008, 32.13457107543945
47.21577835083008, 34.68677520751953
47.21577835083008, 34.68677520751953
43.61948776245117, 50.348026275634766
37.006961822509766, 48.607887268066406
37.006961822509766, 48.607887268066406
37.006961822509766, 48.607887268066406
37.006961822509766, 48.607887268066406
38.97911834716797, 53.48027801513672
45.011600494384766, 63.68909454345703
55.68445587158203, 80.04640197753906
62.064964294433594, 87.9350357055664
61.484920501708984, 85.7308578491211
61.484920501708984, 75.0580062866211
61.484920501708984, 75.0580062866211
61.484920501708984, 75.0580062866211
61.484920501708984, 75.0580062866211
65.89327239990234, 82.48259735107422
65.89327239990234, 82.48259735107422
71.46171569824219, 82.5986099243164
75.0580062866211, 50.580047607421875
68.44547271728516, 30.162412643432617
68.44547271728516, 30.162412643432617
68.44547271728516, 30.162412643432617
68.44547271728516, 30.162412643432617
