actor_1,actor_2
71.92575073242188, 92.22737884521484
75.87007141113281, 90.7192611694336
74.01392364501953, 87.47100067138672
72.85382843017578, 62.2969856262207
80.85846710205078, 61.3689079284668
82.5986099243164, 53.94431686401367
79.11833190917969, 57.772621154785156
60.55684280395508, 45.3596305847168
54.40835189819336, 40.25522232055664
50.6960563659668, 41.18329620361328
46.28770446777344, 50.6960563659668
46.28770446777344, 50.6960563659668
43.50347900390625, 55.22041702270508
48.607887268066406, 64.61717224121094
65.77725982666016, 90.95127868652344
69.83758544921875, 89.44315338134766
68.3294677734375, 86.19489288330078
66.12528991699219, 76.3341064453125
71.69373321533203, 77.14617156982422
71.69373321533203, 77.14617156982422
76.3341064453125, 69.14153289794922
77.7262191772461, 44.77958297729492
75.4060287475586, 36.890953063964844
75.4060287475586, 36.890953063964844
77.95823669433594, 41.64733123779297
80.04640197753906, 44.43155288696289
76.10208892822266, 47.911834716796875
58.7006950378418, 39.44315719604492
53.71229553222656, 35.846866607666016
51.04408264160156, 34.22273635864258
51.04408264160156, 34.22273635864258
51.392112731933594, 38.05104446411133
51.392112731933594, 38.05104446411133
48.0278434753418, 54.75638198852539
41.995361328125, 50.6960563659668
41.995361328125, 50.6960563659668
41.995361328125, 50.6960563659668
41.995361328125, 50.6960563659668
43.50347900390625, 55.22041702270508
48.607887268066406, 64.61717224121094
59.512760162353516, 81.90254974365234
68.79350280761719, 88.63108825683594
68.3294677734375, 86.19489288330078
66.12528991699219, 76.3341064453125
66.12528991699219, 76.3341064453125
66.12528991699219, 76.3341064453125
66.12528991699219, 76.3341064453125
68.67749786376953, 83.99072265625
68.67749786376953, 83.99072265625
74.9419937133789, 85.7308578491211
77.95823669433594, 54.40835189819336
71.92575073242188, 31.902551651000977
71.92575073242188, 31.902551651000977
71.92575073242188, 31.902551651000977
71.92575073242188, 31.902551651000977
