actor_1,actor_2
72.7378158569336, 94.19953918457031
73.78190612792969, 91.87934875488281
71.92575073242188, 88.05104064941406
72.04176330566406, 62.52900314331055
80.16241455078125, 61.71693801879883
83.17865753173828, 54.87239074707031
82.36659240722656, 58.12065124511719
65.08120727539062, 45.70765686035156
59.16473388671875, 40.83526611328125
55.45243453979492, 41.415313720703125
49.07192611694336, 52.900230407714844
49.07192611694336, 52.900230407714844
47.331787109375, 57.42459487915039
51.62413024902344, 66.70533752441406
67.86543273925781, 93.3874740600586
69.14153289794922, 90.95127868652344
67.74942016601562, 87.12297058105469
66.24130249023438, 76.91415405273438
70.41763305664062, 77.6102066040039
70.41763305664062, 77.6102066040039
76.3341064453125, 68.3294677734375
77.6102066040039, 45.011600494384766
75.17401123046875, 36.19489669799805
75.17401123046875, 36.19489669799805
77.84222412109375, 41.53132247924805
80.51044464111328, 44.895591735839844
79.35034942626953, 48.0278434753418
63.109046936035156, 39.44315719604492
58.004638671875, 36.19489669799805
55.916473388671875, 33.990718841552734
55.916473388671875, 33.990718841552734
56.728538513183594, 38.05104446411133
56.728538513183594, 38.05104446411133
51.508121490478516, 55.45243453979492
45.823665618896484, 52.55220413208008
45.823665618896484, 52.55220413208008
45.823665618896484, 52.55220413208008
45.823665618896484, 52.55220413208008
47.331787109375, 57.42459487915039
51.62413024902344, 66.70533752441406
62.180973052978516, 83.99072265625
69.02552032470703, 89.6751708984375
67.74942016601562, 87.12297058105469
66.24130249023438, 76.91415405273438
66.24130249023438, 76.91415405273438
66.24130249023438, 76.91415405273438
66.24130249023438, 76.91415405273438
69.7215805053711, 83.41067504882812
69.7215805053711, 83.41067504882812
74.47795867919922, 84.80278778076172
77.49420166015625, 54.176334381103516
72.2737808227539, 31.786542892456055
72.2737808227539, 31.786542892456055
72.2737808227539, 31.786542892456055
72.2737808227539, 31.786542892456055
