actor_1,actor_2
66.47332000732422, 88.16705322265625
69.25753784179688, 90.25521850585938
67.86543273925781, 86.42691040039062
66.35730743408203, 61.600929260253906
77.49420166015625, 60.440834045410156
83.17865753173828, 51.04408264160156
80.51044464111328, 54.40835189819336
59.86079025268555, 42.343387603759766
51.160091400146484, 38.515079498291016
46.05568313598633, 38.399070739746094
38.515079498291016, 47.331787109375
38.515079498291016, 47.331787109375
35.266822814941406, 51.04408264160156
41.64733123779297, 59.512760162353516
59.04872512817383, 86.19489288330078
62.412994384765625, 88.28306579589844
61.484920501708984, 84.68677520751953
59.396751403808594, 76.3341064453125
65.31322479248047, 77.6102066040039
65.31322479248047, 77.6102066040039
70.76566314697266, 67.16937255859375
76.68213653564453, 41.76333999633789
74.70997619628906, 35.0348014831543
74.70997619628906, 35.0348014831543
78.19025421142578, 40.02320098876953
80.74246215820312, 43.271461486816406
77.2621841430664, 46.86774826049805
57.88862991333008, 38.28306198120117
50.46403884887695, 35.15081024169922
48.72389602661133, 33.52668380737305
48.72389602661133, 33.52668380737305
49.18793487548828, 36.19489669799805
49.18793487548828, 36.19489669799805
40.95127487182617, 50.232017517089844
33.64269256591797, 46.86774826049805
33.64269256591797, 46.86774826049805
33.64269256591797, 46.86774826049805
33.64269256591797, 46.86774826049805
35.266822814941406, 51.04408264160156
41.64733123779297, 59.512760162353516
52.436195373535156, 75.52204132080078
61.3689079284668, 84.57076263427734
61.484920501708984, 84.68677520751953
59.396751403808594, 76.3341064453125
59.396751403808594, 76.3341064453125
59.396751403808594, 76.3341064453125
59.396751403808594, 76.3341064453125
62.76102066040039, 82.9466323852539
62.76102066040039, 82.9466323852539
69.6055679321289, 84.45475769042969
74.01392364501953, 53.3642692565918
70.9976806640625, 30.742460250854492
70.9976806640625, 30.742460250854492
70.9976806640625, 30.742460250854492
70.9976806640625, 30.742460250854492
