actor_1,actor_2
72.15777587890625, 85.84687042236328
74.36194610595703, 86.42691040039062
72.50579833984375, 84.57076263427734
72.50579833984375, 58.46867752075195
82.36659240722656, 56.728538513183594
86.89095306396484, 47.331787109375
84.80278778076172, 50.46403884887695
64.15312957763672, 38.16705322265625
56.14849090576172, 36.54292297363281
51.04408264160156, 37.35498809814453
44.77958297729492, 46.86774826049805
44.77958297729492, 46.86774826049805
41.18329620361328, 50.232017517089844
47.099769592285156, 57.30858612060547
64.7331771850586, 84.68677520751953
67.98143768310547, 85.2668228149414
66.47332000732422, 83.41067504882812
64.96519470214844, 74.01392364501953
70.64965057373047, 74.82598876953125
70.64965057373047, 74.82598876953125
77.14617156982422, 63.109046936035156
80.74246215820312, 38.97911834716797
77.2621841430664, 33.178653717041016
77.2621841430664, 33.178653717041016
80.2784194946289, 37.819026947021484
83.0626449584961, 39.90719223022461
81.09048461914062, 43.155452728271484
61.13689041137695, 34.45475769042969
54.75638198852539, 33.178653717041016
52.320186614990234, 31.902551651000977
52.320186614990234, 31.902551651000977
53.248260498046875, 34.918792724609375
53.248260498046875, 34.918792724609375
46.98375701904297, 49.18793487548828
38.86310958862305, 46.51972198486328
38.86310958862305, 46.51972198486328
38.86310958862305, 46.51972198486328
38.86310958862305, 46.51972198486328
41.18329620361328, 50.232017517089844
47.099769592285156, 57.30858612060547
58.932716369628906, 74.12992858886719
67.51740264892578, 81.55452728271484
66.47332000732422, 83.41067504882812
64.96519470214844, 74.01392364501953
64.96519470214844, 74.01392364501953
64.96519470214844, 74.01392364501953
64.96519470214844, 74.01392364501953
68.90951538085938, 80.04640197753906
68.90951538085938, 80.04640197753906
75.17401123046875, 81.09048461914062
79.35034942626953, 49.53596115112305
73.31786346435547, 30.046403884887695
73.31786346435547, 30.046403884887695
73.31786346435547, 30.046403884887695
73.31786346435547, 30.046403884887695
