actor_1,actor_2
68.3294677734375, 85.15081024169922
69.6055679321289, 85.96287536621094
67.63340759277344, 84.57076263427734
68.90951538085938, 59.16473388671875
79.35034942626953, 60.20881652832031
84.10672760009766, 50.580047607421875
82.36659240722656, 53.82830810546875
61.71693801879883, 38.86310958862305
54.75638198852539, 35.0348014831543
48.37586975097656, 35.38283157348633
41.64733123779297, 45.70765686035156
41.64733123779297, 45.70765686035156
37.587005615234375, 50.0
42.92343521118164, 58.23666000366211
59.28074264526367, 84.68677520751953
62.2969856262207, 85.49884033203125
61.13689041137695, 84.10672760009766
59.97679901123047, 74.12992858886719
65.77725982666016, 74.24594116210938
65.77725982666016, 74.24594116210938
74.5939712524414, 64.50115966796875
78.53828430175781, 41.87934875488281
76.45011901855469, 35.15081024169922
76.45011901855469, 35.15081024169922
79.35034942626953, 40.95127487182617
81.6705322265625, 42.227378845214844
79.81438446044922, 46.17169189453125
60.672855377197266, 35.38283157348633
54.6403694152832, 32.250579833984375
51.508121490478516, 30.858469009399414
51.508121490478516, 30.858469009399414
51.160091400146484, 32.59860610961914
51.160091400146484, 32.59860610961914
44.19953536987305, 47.099769592285156
35.49884033203125, 45.47563934326172
35.49884033203125, 45.47563934326172
35.49884033203125, 45.47563934326172
35.49884033203125, 45.47563934326172
37.587005615234375, 50.0
42.92343521118164, 58.23666000366211
52.55220413208008, 74.36194610595703
61.252899169921875, 82.5986099243164
61.13689041137695, 84.10672760009766
59.97679901123047, 74.12992858886719
59.97679901123047, 74.12992858886719
59.97679901123047, 74.12992858886719
59.97679901123047, 74.12992858886719
64.84918975830078, 80.3944320678711
64.84918975830078, 80.3944320678711
71.22969818115234, 80.85846710205078
76.91415405273438, 52.320186614990234
74.12992858886719, 31.438514709472656
74.12992858886719, 31.438514709472656
74.12992858886719, 31.438514709472656
74.12992858886719, 31.438514709472656
