actor_1,actor_2
68.09745025634766, 85.15081024169922
69.6055679321289, 86.89095306396484
66.82134246826172, 85.7308578491211
66.58932495117188, 60.90487289428711
76.56612396240234, 57.88862991333008
80.97447967529297, 47.21577835083008
79.23433685302734, 50.81206512451172
60.324825286865234, 38.6310920715332
52.436195373535156, 34.45475769042969
46.6357307434082, 36.19489669799805
40.71925735473633, 44.66357421875
40.71925735473633, 44.66357421875
38.16705322265625, 47.679813385009766
44.54756546020508, 56.61252975463867
60.324825286865234, 83.99072265625
63.45707702636719, 86.07888793945312
61.484920501708984, 84.68677520751953
59.86079025268555, 76.10208892822266
64.15312957763672, 76.79814147949219
64.15312957763672, 76.79814147949219
71.11368560791016, 66.58932495117188
74.12992858886719, 39.675174713134766
71.57772827148438, 32.59860610961914
71.57772827148438, 32.59860610961914
74.82598876953125, 37.47099685668945
78.19025421142578, 38.86310958862305
76.3341064453125, 43.50347900390625
59.04872512817383, 34.80278396606445
52.088165283203125, 31.438514709472656
48.839908599853516, 30.394432067871094
48.839908599853516, 30.394432067871094
48.72389602661133, 32.83062744140625
48.72389602661133, 32.83062744140625
43.73550033569336, 47.099769592285156
35.846866607666016, 44.43155288696289
35.846866607666016, 44.43155288696289
35.846866607666016, 44.43155288696289
35.846866607666016, 44.43155288696289
38.16705322265625, 47.679813385009766
44.54756546020508, 56.61252975463867
53.94431686401367, 73.78190612792969
62.52900314331055, 81.55452728271484
61.484920501708984, 84.68677520751953
59.86079025268555, 76.10208892822266
59.86079025268555, 76.10208892822266
59.86079025268555, 76.10208892822266
59.86079025268555, 76.10208892822266
63.68909454345703, 83.17865753173828
63.68909454345703, 83.17865753173828
68.67749786376953, 84.22274017333984
73.31786346435547, 51.62413024902344
68.09745025634766, 29.582366943359375
68.09745025634766, 29.582366943359375
68.09745025634766, 29.582366943359375
68.09745025634766, 29.582366943359375
