actor_1,actor_2
64.03712463378906, 81.55452728271484
66.47332000732422, 85.15081024169922
64.38514709472656, 83.64269256591797
64.38514709472656, 56.61252975463867
74.82598876953125, 54.87239074707031
81.32250213623047, 46.6357307434082
79.0023193359375, 48.72389602661133
59.16473388671875, 37.935035705566406
51.508121490478516, 34.80278396606445
44.895591735839844, 36.19489669799805
36.078887939453125, 44.895591735839844
36.078887939453125, 44.895591735839844
33.64269256591797, 47.679813385009766
38.97911834716797, 55.22041702270508
56.96055603027344, 80.3944320678711
60.324825286865234, 83.87471008300781
58.12065124511719, 82.48259735107422
56.38051223754883, 72.96984100341797
61.71693801879883, 73.54988098144531
61.71693801879883, 73.54988098144531
69.14153289794922, 62.412994384765625
74.47795867919922, 38.05104446411133
72.85382843017578, 31.554523468017578
72.85382843017578, 31.554523468017578
76.56612396240234, 36.31090545654297
79.46635437011719, 38.747100830078125
76.68213653564453, 41.415313720703125
57.88862991333008, 33.87471008300781
50.46403884887695, 31.090486526489258
47.44779586791992, 30.046403884887695
47.44779586791992, 30.046403884887695
47.911834716796875, 33.29466247558594
47.911834716796875, 33.29466247558594
39.44315719604492, 47.679813385009766
31.322505950927734, 44.77958297729492
31.322505950927734, 44.77958297729492
31.322505950927734, 44.77958297729492
31.322505950927734, 44.77958297729492
33.64269256591797, 47.679813385009766
38.97911834716797, 55.22041702270508
50.46403884887695, 72.04176330566406
58.932716369628906, 80.04640197753906
58.12065124511719, 82.48259735107422
56.38051223754883, 72.96984100341797
56.38051223754883, 72.96984100341797
56.38051223754883, 72.96984100341797
56.38051223754883, 72.96984100341797
59.86079025268555, 79.11833190917969
59.86079025268555, 79.11833190917969
66.12528991699219, 80.2784194946289
70.9976806640625, 47.911834716796875
68.44547271728516, 28.422273635864258
68.44547271728516, 28.422273635864258
68.44547271728516, 28.422273635864258
68.44547271728516, 28.422273635864258
