actor_1,actor_2
69.14153289794922, 83.75869750976562
70.9976806640625, 86.54292297363281
69.14153289794922, 84.45475769042969
71.22969818115234, 58.584686279296875
80.74246215820312, 56.14849090576172
86.77494049072266, 48.607887268066406
84.68677520751953, 50.92807388305664
64.84918975830078, 39.79118347167969
57.19257354736328, 36.19489669799805
50.232017517089844, 37.587005615234375
41.64733123779297, 47.563804626464844
41.64733123779297, 47.563804626464844
39.90719223022461, 50.92807388305664
45.47563934326172, 58.932716369628906
62.87702941894531, 83.0626449584961
65.54524230957031, 85.61485290527344
63.57308578491211, 83.64269256591797
62.64501190185547, 74.9419937133789
67.63340759277344, 75.17401123046875
67.63340759277344, 75.17401123046875
76.3341064453125, 64.50115966796875
81.09048461914062, 40.02320098876953
79.0023193359375, 33.75870132446289
79.0023193359375, 33.75870132446289
81.90254974365234, 38.515079498291016
84.68677520751953, 40.95127487182617
82.25057983398438, 43.50347900390625
63.341068267822266, 35.49884033203125
56.14849090576172, 32.3665885925293
52.78422164916992, 31.090486526489258
52.78422164916992, 31.090486526489258
53.248260498046875, 34.45475769042969
53.248260498046875, 34.45475769042969
45.011600494384766, 50.11600875854492
37.35498809814453, 47.679813385009766
37.35498809814453, 47.679813385009766
37.35498809814453, 47.679813385009766
37.35498809814453, 47.679813385009766
39.90719223022461, 50.92807388305664
45.47563934326172, 58.932716369628906
56.38051223754883, 74.36194610595703
64.61717224121094, 82.01856231689453
63.57308578491211, 83.64269256591797
62.64501190185547, 74.9419937133789
62.64501190185547, 74.9419937133789
62.64501190185547, 74.9419937133789
62.64501190185547, 74.9419937133789
66.35730743408203, 81.55452728271484
66.35730743408203, 81.55452728271484
72.50579833984375, 82.36659240722656
78.07424926757812, 49.419952392578125
75.52204132080078, 30.162412643432617
75.52204132080078, 30.162412643432617
75.52204132080078, 30.162412643432617
75.52204132080078, 30.162412643432617
