actor_1,actor_2
71.34571075439453, 86.89095306396484
73.08584594726562, 88.63108825683594
70.76566314697266, 85.96287536621094
73.31786346435547, 60.440834045410156
82.48259735107422, 57.07656478881836
89.09513092041016, 50.580047607421875
86.89095306396484, 53.01624298095703
67.86543273925781, 42.11137008666992
60.20881652832031, 38.515079498291016
52.668212890625, 40.25522232055664
44.895591735839844, 49.651973724365234
44.895591735839844, 49.651973724365234
43.155452728271484, 53.59628677368164
48.839908599853516, 61.94895553588867
65.08120727539062, 86.19489288330078
67.63340759277344, 88.05104064941406
65.42923736572266, 85.49884033203125
64.61717224121094, 77.37818908691406
69.6055679321289, 77.03015899658203
69.6055679321289, 77.03015899658203
78.30626678466797, 66.00927734375
82.9466323852539, 41.995361328125
80.51044464111328, 35.61484909057617
80.51044464111328, 35.61484909057617
83.0626449584961, 39.79118347167969
86.658935546875, 42.45939636230469
84.3387451171875, 45.12760925292969
66.12528991699219, 37.587005615234375
59.16473388671875, 34.45475769042969
55.33642578125, 32.83062744140625
55.33642578125, 32.83062744140625
56.0324821472168, 36.42691421508789
56.0324821472168, 36.42691421508789
47.911834716796875, 52.320186614990234
40.83526611328125, 49.88399124145508
40.83526611328125, 49.88399124145508
40.83526611328125, 49.88399124145508
40.83526611328125, 49.88399124145508
43.155452728271484, 53.59628677368164
48.839908599853516, 61.94895553588867
58.7006950378418, 77.2621841430664
66.47332000732422, 85.03480529785156
65.42923736572266, 85.49884033203125
64.61717224121094, 77.37818908691406
64.61717224121094, 77.37818908691406
64.61717224121094, 77.37818908691406
64.61717224121094, 77.37818908691406
68.67749786376953, 83.75869750976562
68.67749786376953, 83.75869750976562
74.47795867919922, 83.99072265625
80.16241455078125, 50.92807388305664
77.2621841430664, 32.250579833984375
77.2621841430664, 32.250579833984375
77.2621841430664, 32.250579833984375
77.2621841430664, 32.250579833984375
