actor_1,actor_2
63.68909454345703, 85.03480529785156
65.89327239990234, 88.16705322265625
64.2691421508789, 85.2668228149414
65.89327239990234, 60.20881652832031
76.3341064453125, 57.656612396240234
80.2784194946289, 50.6960563659668
77.84222412109375, 53.01624298095703
59.86079025268555, 41.53132247924805
52.436195373535156, 38.747100830078125
45.823665618896484, 39.09512710571289
38.28306198120117, 48.607887268066406
38.28306198120117, 48.607887268066406
35.96287536621094, 51.85614776611328
41.18329620361328, 59.16473388671875
56.49652099609375, 83.87471008300781
59.74477767944336, 87.35498809814453
58.35266876220703, 84.57076263427734
57.19257354736328, 76.56612396240234
62.87702941894531, 76.79814147949219
62.87702941894531, 76.79814147949219
70.88166809082031, 65.6612548828125
75.29002380371094, 41.87934875488281
73.31786346435547, 35.61484909057617
73.31786346435547, 35.61484909057617
76.3341064453125, 39.675174713134766
78.19025421142578, 42.57540512084961
75.87007141113281, 45.47563934326172
58.81670379638672, 37.7030143737793
52.088165283203125, 35.38283157348633
48.95591735839844, 33.75870132446289
48.95591735839844, 33.75870132446289
48.491878509521484, 36.658931732177734
48.491878509521484, 36.658931732177734
41.18329620361328, 51.27610397338867
33.64269256591797, 48.37586975097656
33.64269256591797, 48.37586975097656
33.64269256591797, 48.37586975097656
33.64269256591797, 48.37586975097656
35.96287536621094, 51.85614776611328
41.18329620361328, 59.16473388671875
50.92807388305664, 74.70997619628906
59.396751403808594, 84.57076263427734
58.35266876220703, 84.57076263427734
57.19257354736328, 76.56612396240234
57.19257354736328, 76.56612396240234
57.19257354736328, 76.56612396240234
57.19257354736328, 76.56612396240234
60.90487289428711, 82.83062744140625
60.90487289428711, 82.83062744140625
67.63340759277344, 83.17865753173828
73.43387603759766, 51.62413024902344
70.41763305664062, 32.83062744140625
70.41763305664062, 32.83062744140625
70.41763305664062, 32.83062744140625
70.41763305664062, 32.83062744140625
