actor_1,actor_2
70.9976806640625, 81.09048461914062
74.82598876953125, 85.7308578491211
71.46171569824219, 82.5986099243164
70.88166809082031, 62.993038177490234
83.75869750976562, 66.58932495117188
90.02320098876953, 61.13689041137695
87.0069580078125, 59.16473388671875
68.3294677734375, 46.6357307434082
61.252899169921875, 43.61948776245117
54.87239074707031, 46.05568313598633
43.85150909423828, 52.78422164916992
43.85150909423828, 52.78422164916992
42.11137008666992, 55.45243453979492
47.563804626464844, 60.672855377197266
64.2691421508789, 82.01856231689453
68.3294677734375, 86.54292297363281
65.31322479248047, 83.29466247558594
62.2969856262207, 76.56612396240234
67.63340759277344, 75.63805389404297
67.63340759277344, 75.63805389404297
75.52204132080078, 68.3294677734375
80.04640197753906, 52.78422164916992
77.6102066040039, 46.51972198486328
77.6102066040039, 46.51972198486328
83.0626449584961, 51.62413024902344
87.35498809814453, 53.48027801513672
83.87471008300781, 52.668212890625
66.70533752441406, 43.85150909423828
59.97679901123047, 41.415313720703125
56.26449966430664, 40.603248596191406
56.26449966430664, 40.603248596191406
57.30858612060547, 42.69141387939453
57.30858612060547, 42.69141387939453
48.0278434753418, 55.68445587158203
39.79118347167969, 52.900230407714844
39.79118347167969, 52.900230407714844
39.79118347167969, 52.900230407714844
39.79118347167969, 52.900230407714844
42.11137008666992, 55.45243453979492
47.563804626464844, 60.672855377197266
57.19257354736328, 75.87007141113281
67.51740264892578, 83.52667999267578
65.31322479248047, 83.29466247558594
62.2969856262207, 76.56612396240234
62.2969856262207, 76.56612396240234
62.2969856262207, 76.56612396240234
62.2969856262207, 76.56612396240234
66.9373550415039, 83.52667999267578
66.9373550415039, 83.52667999267578
72.3897933959961, 82.83062744140625
78.65428924560547, 60.20881652832031
74.36194610595703, 45.12760925292969
74.36194610595703, 45.12760925292969
74.36194610595703, 45.12760925292969
74.36194610595703, 45.12760925292969
