actor_1,actor_2
63.341068267822266, 82.13456726074219
65.08120727539062, 87.0069580078125
62.993038177490234, 84.10672760009766
64.2691421508789, 60.55684280395508
74.47795867919922, 59.28074264526367
77.49420166015625, 52.20417785644531
77.03015899658203, 51.508121490478516
56.26449966430664, 40.02320098876953
49.3039436340332, 36.890953063964844
43.73550033569336, 37.35498809814453
34.45475769042969, 44.66357421875
34.45475769042969, 44.66357421875
33.178653717041016, 48.72389602661133
38.16705322265625, 57.07656478881836
57.19257354736328, 82.25057983398438
59.74477767944336, 87.23897552490234
58.004638671875, 84.45475769042969
56.49652099609375, 75.52204132080078
60.55684280395508, 74.9419937133789
60.55684280395508, 74.9419937133789
68.44547271728516, 65.6612548828125
71.69373321533203, 43.03944396972656
69.95359802246094, 35.61484909057617
69.95359802246094, 35.61484909057617
73.20185852050781, 40.71925735473633
75.52204132080078, 43.155452728271484
74.82598876953125, 43.155452728271484
55.45243453979492, 35.61484909057617
49.53596115112305, 33.178653717041016
46.6357307434082, 31.438514709472656
46.6357307434082, 31.438514709472656
45.823665618896484, 34.918792724609375
45.823665618896484, 34.918792724609375
37.587005615234375, 46.98375701904297
30.742460250854492, 44.54756546020508
30.742460250854492, 44.54756546020508
30.742460250854492, 44.54756546020508
30.742460250854492, 44.54756546020508
33.178653717041016, 48.72389602661133
38.16705322265625, 57.07656478881836
49.651973724365234, 73.20185852050781
59.28074264526367, 83.41067504882812
58.004638671875, 84.45475769042969
56.49652099609375, 75.52204132080078
56.49652099609375, 75.52204132080078
56.49652099609375, 75.52204132080078
56.49652099609375, 75.52204132080078
58.7006950378418, 81.78654479980469
58.7006950378418, 81.78654479980469
64.2691421508789, 81.32250213623047
70.88166809082031, 51.9721565246582
67.0533676147461, 33.178653717041016
67.0533676147461, 33.178653717041016
67.0533676147461, 33.178653717041016
67.0533676147461, 33.178653717041016
