actor_1,actor_2
68.21345520019531, 85.03480529785156
69.14153289794922, 89.90719604492188
68.3294677734375, 87.12297058105469
68.56148529052734, 64.03712463378906
78.42227172851562, 61.94895553588867
80.04640197753906, 54.87239074707031
80.2784194946289, 54.52436065673828
60.672855377197266, 41.415313720703125
54.29234313964844, 37.819026947021484
50.11600875854492, 38.747100830078125
41.87934875488281, 46.86774826049805
41.87934875488281, 46.86774826049805
40.02320098876953, 50.81206512451172
44.77958297729492, 59.28074264526367
62.064964294433594, 84.57076263427734
64.03712463378906, 89.79118347167969
63.921112060546875, 86.77494049072266
61.484920501708984, 79.23433685302734
65.19721221923828, 79.0023193359375
65.19721221923828, 79.0023193359375
72.15777587890625, 69.37355041503906
74.12992858886719, 45.823665618896484
72.7378158569336, 37.935035705566406
72.7378158569336, 37.935035705566406
77.03015899658203, 43.155452728271484
78.19025421142578, 45.823665618896484
78.42227172851562, 46.40371322631836
60.09280776977539, 36.890953063964844
54.40835189819336, 34.106727600097656
52.668212890625, 32.48259735107422
52.668212890625, 32.48259735107422
51.508121490478516, 36.078887939453125
51.508121490478516, 36.078887939453125
45.12760925292969, 49.767982482910156
37.935035705566406, 47.21577835083008
37.935035705566406, 47.21577835083008
37.935035705566406, 47.21577835083008
37.935035705566406, 47.21577835083008
40.02320098876953, 50.81206512451172
44.77958297729492, 59.28074264526367
54.87239074707031, 74.9419937133789
64.38514709472656, 84.22274017333984
63.921112060546875, 86.77494049072266
61.484920501708984, 79.23433685302734
61.484920501708984, 79.23433685302734
61.484920501708984, 79.23433685302734
61.484920501708984, 79.23433685302734
63.57308578491211, 85.7308578491211
63.57308578491211, 85.7308578491211
68.67749786376953, 85.38282775878906
73.78190612792969, 55.22041702270508
69.95359802246094, 33.990718841552734
69.95359802246094, 33.990718841552734
69.95359802246094, 33.990718841552734
69.95359802246094, 33.990718841552734
