actor_1,actor_2
63.921112060546875, 84.68677520751953
64.7331771850586, 87.23897552490234
62.993038177490234, 85.84687042236328
62.87702941894531, 60.672855377197266
72.3897933959961, 59.396751403808594
75.29002380371094, 48.95591735839844
76.56612396240234, 50.81206512451172
57.54060363769531, 39.79118347167969
50.0, 36.31090545654297
45.3596305847168, 38.16705322265625
37.12297058105469, 46.751739501953125
37.12297058105469, 46.751739501953125
34.57076644897461, 48.607887268066406
41.2993049621582, 56.61252975463867
57.30858612060547, 82.25057983398438
59.16473388671875, 84.91879272460938
57.656612396240234, 83.52667999267578
56.49652099609375, 74.36194610595703
60.90487289428711, 76.21809387207031
60.90487289428711, 76.21809387207031
66.24130249023438, 65.6612548828125
68.44547271728516, 40.13920974731445
66.24130249023438, 31.438514709472656
66.24130249023438, 31.438514709472656
69.48955535888672, 36.19489669799805
72.62181091308594, 38.28306198120117
73.31786346435547, 41.87934875488281
55.45243453979492, 35.730857849121094
49.07192611694336, 33.062644958496094
46.6357307434082, 32.13457107543945
46.6357307434082, 32.13457107543945
46.86774826049805, 34.45475769042969
46.86774826049805, 34.45475769042969
40.25522232055664, 49.18793487548828
32.59860610961914, 45.3596305847168
32.59860610961914, 45.3596305847168
32.59860610961914, 45.3596305847168
32.59860610961914, 45.3596305847168
34.57076644897461, 48.607887268066406
41.2993049621582, 56.61252975463867
50.46403884887695, 72.96984100341797
59.512760162353516, 80.51044464111328
57.656612396240234, 83.52667999267578
56.49652099609375, 74.36194610595703
56.49652099609375, 74.36194610595703
56.49652099609375, 74.36194610595703
56.49652099609375, 74.36194610595703
58.932716369628906, 80.16241455078125
58.932716369628906, 80.16241455078125
64.2691421508789, 82.25057983398438
68.79350280761719, 51.508121490478516
63.225059509277344, 28.422273635864258
63.225059509277344, 28.422273635864258
63.225059509277344, 28.422273635864258
63.225059509277344, 28.422273635864258
