actor_1,actor_2
71.69373321533203, 87.12297058105469
71.92575073242188, 90.95127868652344
69.95359802246094, 90.48723602294922
68.79350280761719, 63.45707702636719
79.23433685302734, 62.2969856262207
82.83062744140625, 50.6960563659668
83.0626449584961, 51.62413024902344
66.00927734375, 40.37123107910156
59.62876892089844, 36.658931732177734
54.40835189819336, 38.6310920715332
45.70765686035156, 48.37586975097656
45.70765686035156, 48.37586975097656
45.011600494384766, 50.232017517089844
51.160091400146484, 58.584686279296875
65.77725982666016, 84.22274017333984
66.35730743408203, 88.3990707397461
64.96519470214844, 87.70301818847656
63.225059509277344, 78.30626678466797
67.28538513183594, 80.62644958496094
67.28538513183594, 80.62644958496094
72.7378158569336, 69.6055679321289
75.87007141113281, 43.85150909423828
73.89791107177734, 35.0348014831543
73.89791107177734, 35.0348014831543
77.14617156982422, 40.02320098876953
80.04640197753906, 40.95127487182617
80.51044464111328, 43.50347900390625
64.61717224121094, 36.890953063964844
59.62876892089844, 33.990718841552734
56.14849090576172, 32.3665885925293
56.14849090576172, 32.3665885925293
55.80046463012695, 34.22273635864258
55.80046463012695, 34.22273635864258
48.72389602661133, 51.27610397338867
41.53132247924805, 46.751739501953125
41.53132247924805, 46.751739501953125
41.53132247924805, 46.751739501953125
41.53132247924805, 46.751739501953125
45.011600494384766, 50.232017517089844
51.160091400146484, 58.584686279296875
60.78886413574219, 74.82598876953125
66.47332000732422, 84.22274017333984
64.96519470214844, 87.70301818847656
63.225059509277344, 78.30626678466797
63.225059509277344, 78.30626678466797
63.225059509277344, 78.30626678466797
63.225059509277344, 78.30626678466797
65.42923736572266, 85.15081024169922
65.42923736572266, 85.15081024169922
70.76566314697266, 87.81902313232422
74.82598876953125, 54.988399505615234
69.7215805053711, 30.974477767944336
69.7215805053711, 30.974477767944336
69.7215805053711, 30.974477767944336
69.7215805053711, 30.974477767944336
