actor_1,actor_2
69.95359802246094, 87.58700561523438
71.22969818115234, 91.87934875488281
68.79350280761719, 91.87934875488281
68.44547271728516, 66.00927734375
77.95823669433594, 65.77725982666016
81.55452728271484, 53.82830810546875
82.01856231689453, 53.59628677368164
65.19721221923828, 43.61948776245117
58.7006950378418, 40.25522232055664
53.82830810546875, 41.995361328125
44.77958297729492, 50.81206512451172
44.77958297729492, 50.81206512451172
43.61948776245117, 54.176334381103516
49.18793487548828, 62.64501190185547
64.50115966796875, 85.38282775878906
66.12528991699219, 89.44315338134766
64.03712463378906, 89.21113586425781
62.412994384765625, 79.58236694335938
66.47332000732422, 81.90254974365234
66.47332000732422, 81.90254974365234
73.08584594726562, 72.04176330566406
74.9419937133789, 46.86774826049805
72.15777587890625, 37.35498809814453
72.15777587890625, 37.35498809814453
74.70997619628906, 42.57540512084961
78.30626678466797, 43.03944396972656
79.0023193359375, 44.31554412841797
63.57308578491211, 38.6310920715332
58.12065124511719, 36.31090545654297
55.80046463012695, 34.57076644897461
55.80046463012695, 34.57076644897461
55.56844711303711, 37.935035705566406
55.56844711303711, 37.935035705566406
48.0278434753418, 53.3642692565918
40.603248596191406, 49.651973724365234
40.603248596191406, 49.651973724365234
40.603248596191406, 49.651973724365234
40.603248596191406, 49.651973724365234
43.61948776245117, 54.176334381103516
49.18793487548828, 62.64501190185547
59.16473388671875, 77.37818908691406
65.77725982666016, 84.80278778076172
64.03712463378906, 89.21113586425781
62.412994384765625, 79.58236694335938
62.412994384765625, 79.58236694335938
62.412994384765625, 79.58236694335938
62.412994384765625, 79.58236694335938
65.6612548828125, 85.84687042236328
65.6612548828125, 85.84687042236328
70.76566314697266, 88.74710083007812
74.5939712524414, 57.88862991333008
69.37355041503906, 33.52668380737305
69.37355041503906, 33.52668380737305
69.37355041503906, 33.52668380737305
69.37355041503906, 33.52668380737305
