actor_1,actor_2
71.46171569824219, 87.70301818847656
73.08584594726562, 90.83526611328125
70.18561553955078, 89.90719604492188
70.18561553955078, 65.6612548828125
79.69837951660156, 64.2691421508789
83.64269256591797, 53.71229553222656
84.3387451171875, 54.060325622558594
65.89327239990234, 43.50347900390625
58.81670379638672, 39.675174713134766
54.6403694152832, 39.79118347167969
44.54756546020508, 49.651973724365234
44.54756546020508, 49.651973724365234
42.57540512084961, 52.900230407714844
48.839908599853516, 61.83294677734375
65.54524230957031, 85.38282775878906
67.98143768310547, 88.63108825683594
65.6612548828125, 87.70301818847656
63.80510330200195, 79.35034942626953
67.4013900756836, 80.85846710205078
67.4013900756836, 80.85846710205078
74.36194610595703, 71.46171569824219
76.10208892822266, 45.939674377441406
73.54988098144531, 36.42691421508789
73.54988098144531, 36.42691421508789
76.21809387207031, 41.76333999633789
80.2784194946289, 43.271461486816406
81.20649719238281, 44.43155288696289
64.50115966796875, 38.399070739746094
58.46867752075195, 35.61484909057617
56.61252975463867, 33.178653717041016
56.61252975463867, 33.178653717041016
56.14849090576172, 36.658931732177734
56.14849090576172, 36.658931732177734
47.911834716796875, 52.320186614990234
40.37123107910156, 47.911834716796875
40.37123107910156, 47.911834716796875
40.37123107910156, 47.911834716796875
40.37123107910156, 47.911834716796875
42.57540512084961, 52.900230407714844
48.839908599853516, 61.83294677734375
59.62876892089844, 76.79814147949219
67.16937255859375, 84.57076263427734
65.6612548828125, 87.70301818847656
63.80510330200195, 79.35034942626953
63.80510330200195, 79.35034942626953
63.80510330200195, 79.35034942626953
63.80510330200195, 79.35034942626953
66.9373550415039, 85.61485290527344
66.9373550415039, 85.61485290527344
71.46171569824219, 87.81902313232422
76.10208892822266, 56.61252975463867
70.30162048339844, 32.3665885925293
70.30162048339844, 32.3665885925293
70.30162048339844, 32.3665885925293
70.30162048339844, 32.3665885925293
