actor_1,actor_2
70.18561553955078, 88.74710083007812
71.57772827148438, 92.3433837890625
69.02552032470703, 91.53132629394531
69.02552032470703, 67.4013900756836
79.23433685302734, 66.9373550415039
83.17865753173828, 55.80046463012695
83.75869750976562, 55.916473388671875
64.7331771850586, 45.59164810180664
57.19257354736328, 41.995361328125
52.20417785644531, 42.11137008666992
41.87934875488281, 50.92807388305664
41.87934875488281, 50.92807388305664
40.71925735473633, 54.176334381103516
47.21577835083008, 62.52900314331055
64.2691421508789, 86.31090545654297
66.58932495117188, 89.79118347167969
64.50115966796875, 88.97911834716797
62.76102066040039, 80.62644958496094
66.35730743408203, 82.36659240722656
66.35730743408203, 82.36659240722656
73.89791107177734, 73.89791107177734
75.87007141113281, 47.44779586791992
72.62181091308594, 37.12297058105469
72.62181091308594, 37.12297058105469
75.52204132080078, 43.155452728271484
79.23433685302734, 44.895591735839844
80.16241455078125, 46.05568313598633
62.87702941894531, 40.13920974731445
56.38051223754883, 37.587005615234375
53.59628677368164, 35.15081024169922
53.59628677368164, 35.15081024169922
53.59628677368164, 38.747100830078125
53.59628677368164, 38.747100830078125
45.3596305847168, 53.94431686401367
37.935035705566406, 49.18793487548828
37.935035705566406, 49.18793487548828
37.935035705566406, 49.18793487548828
37.935035705566406, 49.18793487548828
40.71925735473633, 54.176334381103516
47.21577835083008, 62.52900314331055
57.42459487915039, 77.95823669433594
65.89327239990234, 85.15081024169922
64.50115966796875, 88.97911834716797
62.76102066040039, 80.62644958496094
62.76102066040039, 80.62644958496094
62.76102066040039, 80.62644958496094
62.76102066040039, 80.62644958496094
66.24130249023438, 87.47100067138672
66.24130249023438, 87.47100067138672
70.9976806640625, 89.90719604492188
75.63805389404297, 58.932716369628906
69.37355041503906, 32.59860610961914
69.37355041503906, 32.59860610961914
69.37355041503906, 32.59860610961914
69.37355041503906, 32.59860610961914
