actor_1,actor_2
64.15312957763672, 86.31090545654297
66.9373550415039, 89.79118347167969
64.38514709472656, 88.3990707397461
65.42923736572266, 64.38514709472656
77.49420166015625, 65.19721221923828
81.32250213623047, 54.988399505615234
79.81438446044922, 54.988399505615234
62.064964294433594, 42.80742645263672
53.94431686401367, 38.515079498291016
48.25986099243164, 40.13920974731445
37.23897933959961, 48.0278434753418
37.23897933959961, 48.0278434753418
35.846866607666016, 50.81206512451172
42.227378845214844, 59.396751403808594
58.23666000366211, 83.41067504882812
61.71693801879883, 86.77494049072266
59.512760162353516, 85.61485290527344
58.12065124511719, 76.10208892822266
62.52900314331055, 78.19025421142578
62.52900314331055, 78.19025421142578
70.41763305664062, 71.80974578857422
74.82598876953125, 46.51972198486328
71.92575073242188, 35.846866607666016
71.92575073242188, 35.846866607666016
71.92575073242188, 35.846866607666016
69.25753784179688, 31.902551651000977
71.22969818115234, 36.658931732177734
71.22969818115234, 36.658931732177734
75.17401123046875, 41.067283630371094
65.08120727539062, 37.35498809814453
50.580047607421875, 31.438514709472656
50.580047607421875, 31.438514709472656
47.679813385009766, 29.466358184814453
49.419952392578125, 31.438514709472656
49.419952392578125, 31.438514709472656
49.419952392578125, 31.438514709472656
49.419952392578125, 31.438514709472656
50.11600875854492, 35.49884033203125
37.23897933959961, 48.0278434753418
32.94663619995117, 45.70765686035156
32.94663619995117, 45.70765686035156
33.52668380737305, 43.38747024536133
33.52668380737305, 43.38747024536133
