actor_1,actor_2
63.225059509277344, 84.10672760009766
65.77725982666016, 87.23897552490234
63.57308578491211, 87.23897552490234
64.96519470214844, 62.064964294433594
75.4060287475586, 63.225059509277344
77.84222412109375, 52.668212890625
76.56612396240234, 52.668212890625
58.23666000366211, 40.13920974731445
50.92807388305664, 36.54292297363281
45.823665618896484, 37.23897933959961
36.42691421508789, 45.24361801147461
36.42691421508789, 45.24361801147461
35.61484909057617, 48.25986099243164
41.53132247924805, 55.56844711303711
58.46867752075195, 81.32250213623047
61.252899169921875, 83.87471008300781
59.512760162353516, 83.75869750976562
58.23666000366211, 74.12992858886719
61.71693801879883, 77.03015899658203
61.71693801879883, 77.03015899658203
69.83758544921875, 69.83758544921875
72.2737808227539, 44.43155288696289
69.7215805053711, 34.338748931884766
69.7215805053711, 34.338748931884766
72.04176330566406, 40.13920974731445
74.5939712524414, 41.76333999633789
73.20185852050781, 42.92343521118164
56.26449966430664, 35.266822814941406
49.767982482910156, 32.3665885925293
46.17169189453125, 30.046403884887695
46.17169189453125, 30.046403884887695
46.86774826049805, 33.52668380737305
46.86774826049805, 33.52668380737305
39.21113586425781, 49.07192611694336
32.59860610961914, 43.271461486816406
32.59860610961914, 43.271461486816406
32.59860610961914, 43.271461486816406
32.59860610961914, 43.271461486816406
35.61484909057617, 48.25986099243164
41.53132247924805, 55.56844711303711
51.508121490478516, 72.2737808227539
60.20881652832031, 80.04640197753906
59.512760162353516, 83.75869750976562
58.23666000366211, 74.12992858886719
58.23666000366211, 74.12992858886719
58.23666000366211, 74.12992858886719
58.23666000366211, 74.12992858886719
61.600929260253906, 82.83062744140625
61.600929260253906, 82.83062744140625
66.12528991699219, 85.96287536621094
72.3897933959961, 54.6403694152832
68.21345520019531, 30.974477767944336
68.21345520019531, 30.974477767944336
68.21345520019531, 30.974477767944336
68.21345520019531, 30.974477767944336
