actor_1,actor_2
64.2691421508789, 84.45475769042969
66.82134246826172, 87.12297058105469
64.84918975830078, 85.96287536621094
65.31322479248047, 59.86079025268555
77.14617156982422, 62.064964294433594
80.74246215820312, 51.27610397338867
79.0023193359375, 51.62413024902344
61.484920501708984, 37.935035705566406
54.40835189819336, 34.68677520751953
50.46403884887695, 38.05104446411133
40.02320098876953, 46.86774826049805
40.02320098876953, 46.86774826049805
37.935035705566406, 47.563804626464844
44.43155288696289, 54.988399505615234
58.584686279296875, 81.6705322265625
61.484920501708984, 84.45475769042969
60.324825286865234, 83.41067504882812
58.932716369628906, 74.70997619628906
62.993038177490234, 76.21809387207031
62.993038177490234, 76.21809387207031
71.57772827148438, 67.51740264892578
74.36194610595703, 44.083526611328125
71.11368560791016, 34.22273635864258
71.11368560791016, 34.22273635864258
74.01392364501953, 39.90719223022461
77.49420166015625, 40.603248596191406
76.10208892822266, 42.69141387939453
59.74477767944336, 34.338748931884766
53.71229553222656, 31.902551651000977
52.088165283203125, 30.974477767944336
52.088165283203125, 30.974477767944336
51.9721565246582, 33.52668380737305
51.9721565246582, 33.52668380737305
44.31554412841797, 50.0
36.078887939453125, 44.66357421875
36.078887939453125, 44.66357421875
36.078887939453125, 44.66357421875
36.078887939453125, 44.66357421875
37.935035705566406, 47.563804626464844
44.43155288696289, 54.988399505615234
53.94431686401367, 72.3897933959961
59.97679901123047, 80.85846710205078
60.324825286865234, 83.41067504882812
58.932716369628906, 74.70997619628906
58.932716369628906, 74.70997619628906
58.932716369628906, 74.70997619628906
58.932716369628906, 74.70997619628906
63.57308578491211, 82.9466323852539
63.57308578491211, 82.9466323852539
68.90951538085938, 85.2668228149414
74.47795867919922, 53.82830810546875
69.37355041503906, 31.206497192382812
69.37355041503906, 31.206497192382812
69.37355041503906, 31.206497192382812
69.37355041503906, 31.206497192382812
