actor_1,actor_2
64.61717224121094, 91.18329620361328
67.16937255859375, 95.12760925292969
66.24130249023438, 93.61949157714844
67.16937255859375, 69.37355041503906
75.98607635498047, 62.180973052978516
78.07424926757812, 52.320186614990234
80.2784194946289, 59.62876892089844
80.74246215820312, 48.25986099243164
79.35034942626953, 49.767982482910156
60.20881652832031, 37.23897933959961
55.22041702270508, 35.0348014831543
50.46403884887695, 36.774940490722656
50.46403884887695, 36.774940490722656
47.563804626464844, 40.83526611328125
38.515079498291016, 49.18793487548828
38.515079498291016, 49.18793487548828
34.57076644897461, 47.331787109375
34.57076644897461, 47.331787109375
36.890953063964844, 51.74013900756836
42.11137008666992, 58.932716369628906
58.35266876220703, 88.28306579589844
61.71693801879883, 92.22737884521484
61.13689041137695, 90.83526611328125
60.324825286865234, 82.83062744140625
60.324825286865234, 82.83062744140625
60.324825286865234, 82.83062744140625
60.324825286865234, 82.83062744140625
64.84918975830078, 84.91879272460938
72.50579833984375, 76.21809387207031
78.07424926757812, 52.320186614990234
76.3341064453125, 41.53132247924805
76.3341064453125, 41.53132247924805
74.5939712524414, 37.006961822509766
