actor_1,actor_2
62.993038177490234, 90.02320098876953
65.42923736572266, 92.11136627197266
64.15312957763672, 89.44315338134766
65.19721221923828, 63.57308578491211
74.12992858886719, 64.61717224121094
78.19025421142578, 56.728538513183594
77.03015899658203, 56.26449966430664
59.62876892089844, 41.87934875488281
52.900230407714844, 38.16705322265625
48.25986099243164, 39.559165954589844
40.25522232055664, 49.53596115112305
40.25522232055664, 49.53596115112305
37.935035705566406, 53.01624298095703
43.73550033569336, 61.3689079284668
57.30858612060547, 88.16705322265625
59.97679901123047, 90.48723602294922
59.28074264526367, 88.05104064941406
59.396751403808594, 78.19025421142578
63.80510330200195, 79.58236694335938
63.80510330200195, 79.58236694335938
69.7215805053711, 69.83758544921875
73.43387603759766, 46.51972198486328
71.22969818115234, 36.658931732177734
71.22969818115234, 36.658931732177734
71.22969818115234, 36.658931732177734
69.6055679321289, 33.87471008300781
70.64965057373047, 39.559165954589844
70.64965057373047, 39.559165954589844
74.01392364501953, 43.85150909423828
65.31322479248047, 39.90719223022461
50.92807388305664, 32.94663619995117
50.92807388305664, 32.94663619995117
49.767982482910156, 31.090486526489258
51.62413024902344, 32.3665885925293
51.62413024902344, 32.3665885925293
51.62413024902344, 32.3665885925293
51.62413024902344, 32.3665885925293
50.6960563659668, 35.266822814941406
40.25522232055664, 49.53596115112305
36.42691421508789, 48.0278434753418
36.42691421508789, 48.0278434753418
37.47099685668945, 43.61948776245117
37.47099685668945, 43.61948776245117
