actor_1,actor_2
68.56148529052734, 85.61485290527344
71.92575073242188, 87.58700561523438
69.37355041503906, 83.75869750976562
68.09745025634766, 56.61252975463867
78.19025421142578, 58.81670379638672
80.51044464111328, 50.92807388305664
79.35034942626953, 52.320186614990234
61.94895553588867, 40.95127487182617
56.14849090576172, 37.35498809814453
52.436195373535156, 39.44315719604492
43.155452728271484, 47.679813385009766
43.155452728271484, 47.679813385009766
42.92343521118164, 51.04408264160156
47.331787109375, 59.512760162353516
62.76102066040039, 84.10672760009766
67.0533676147461, 86.07888793945312
64.96519470214844, 82.25057983398438
62.52900314331055, 71.11368560791016
66.24130249023438, 72.15777587890625
66.24130249023438, 72.15777587890625
72.96984100341797, 63.68909454345703
72.3897933959961, 39.79118347167969
70.41763305664062, 30.742460250854492
70.41763305664062, 30.742460250854492
74.36194610595703, 37.12297058105469
78.19025421142578, 40.02320098876953
76.56612396240234, 42.69141387939453
59.86079025268555, 36.54292297363281
54.87239074707031, 34.22273635864258
51.508121490478516, 32.94663619995117
51.508121490478516, 32.94663619995117
52.320186614990234, 35.49884033203125
52.320186614990234, 35.49884033203125
48.0278434753418, 51.508121490478516
39.21113586425781, 46.6357307434082
39.21113586425781, 46.6357307434082
39.21113586425781, 46.6357307434082
39.21113586425781, 46.6357307434082
42.92343521118164, 51.04408264160156
47.331787109375, 59.512760162353516
56.844547271728516, 74.82598876953125
65.54524230957031, 81.55452728271484
64.96519470214844, 82.25057983398438
62.52900314331055, 71.11368560791016
62.52900314331055, 71.11368560791016
62.52900314331055, 71.11368560791016
62.52900314331055, 71.11368560791016
66.58932495117188, 80.2784194946289
66.58932495117188, 80.2784194946289
70.9976806640625, 81.43851470947266
73.78190612792969, 50.11600875854492
68.09745025634766, 27.26218032836914
68.09745025634766, 27.26218032836914
68.09745025634766, 27.26218032836914
68.09745025634766, 27.26218032836914
