actor_1,actor_2
64.50115966796875, 83.52667999267578
67.74942016601562, 85.03480529785156
65.6612548828125, 84.10672760009766
65.08120727539062, 59.512760162353516
74.70997619628906, 59.62876892089844
77.95823669433594, 50.0
75.0580062866211, 50.6960563659668
55.45243453979492, 39.21113586425781
49.419952392578125, 35.730857849121094
44.77958297729492, 38.05104446411133
36.774940490722656, 46.05568313598633
36.774940490722656, 46.05568313598633
35.61484909057617, 47.679813385009766
40.603248596191406, 55.33642578125
57.772621154785156, 80.97447967529297
61.252899169921875, 82.5986099243164
59.512760162353516, 81.6705322265625
58.584686279296875, 72.7378158569336
63.80510330200195, 74.47795867919922
63.80510330200195, 74.47795867919922
70.41763305664062, 67.4013900756836
72.04176330566406, 41.87934875488281
69.6055679321289, 33.062644958496094
69.6055679321289, 33.062644958496094
72.3897933959961, 38.28306198120117
75.4060287475586, 39.79118347167969
72.85382843017578, 41.53132247924805
54.52436065673828, 34.80278396606445
49.18793487548828, 32.59860610961914
46.28770446777344, 31.670534133911133
46.28770446777344, 31.670534133911133
46.17169189453125, 34.106727600097656
46.17169189453125, 34.106727600097656
40.13920974731445, 50.11600875854492
32.94663619995117, 44.43155288696289
32.94663619995117, 44.43155288696289
32.94663619995117, 44.43155288696289
32.94663619995117, 44.43155288696289
35.61484909057617, 47.679813385009766
40.603248596191406, 55.33642578125
51.392112731933594, 72.04176330566406
60.78886413574219, 79.11833190917969
59.512760162353516, 81.6705322265625
58.584686279296875, 72.7378158569336
58.584686279296875, 72.7378158569336
58.584686279296875, 72.7378158569336
58.584686279296875, 72.7378158569336
62.87702941894531, 82.5986099243164
62.87702941894531, 82.5986099243164
68.67749786376953, 84.45475769042969
71.46171569824219, 52.55220413208008
67.0533676147461, 30.510440826416016
67.0533676147461, 30.510440826416016
67.0533676147461, 30.510440826416016
67.0533676147461, 30.510440826416016
