actor_1,actor_2
65.31322479248047, 84.10672760009766
68.3294677734375, 86.07888793945312
66.47332000732422, 85.15081024169922
66.12528991699219, 60.55684280395508
75.75405883789062, 60.90487289428711
78.88631439208984, 51.160091400146484
75.98607635498047, 51.508121490478516
55.68445587158203, 39.44315719604492
49.419952392578125, 35.61484909057617
44.895591735839844, 38.16705322265625
36.774940490722656, 46.28770446777344
36.774940490722656, 46.28770446777344
35.61484909057617, 47.679813385009766
40.95127487182617, 55.80046463012695
58.35266876220703, 81.55452728271484
61.94895553588867, 83.64269256591797
60.324825286865234, 82.71461486816406
59.62876892089844, 73.89791107177734
64.84918975830078, 75.63805389404297
64.84918975830078, 75.63805389404297
71.46171569824219, 68.67749786376953
73.20185852050781, 43.03944396972656
71.22969818115234, 34.106727600097656
71.22969818115234, 34.106727600097656
73.89791107177734, 39.21113586425781
76.68213653564453, 40.71925735473633
74.12992858886719, 42.11137008666992
55.104408264160156, 34.918792724609375
49.53596115112305, 32.48259735107422
46.6357307434082, 31.670534133911133
46.6357307434082, 31.670534133911133
46.17169189453125, 34.106727600097656
46.17169189453125, 34.106727600097656
40.487239837646484, 50.348026275634766
32.83062744140625, 44.66357421875
32.83062744140625, 44.66357421875
32.83062744140625, 44.66357421875
32.83062744140625, 44.66357421875
35.61484909057617, 47.679813385009766
40.95127487182617, 55.80046463012695
51.9721565246582, 72.62181091308594
61.600929260253906, 80.16241455078125
60.324825286865234, 82.71461486816406
59.62876892089844, 73.89791107177734
59.62876892089844, 73.89791107177734
59.62876892089844, 73.89791107177734
59.62876892089844, 73.89791107177734
63.921112060546875, 84.10672760009766
63.921112060546875, 84.10672760009766
69.7215805053711, 85.96287536621094
72.62181091308594, 53.82830810546875
68.56148529052734, 31.438514709472656
68.56148529052734, 31.438514709472656
68.56148529052734, 31.438514709472656
68.56148529052734, 31.438514709472656
