actor_1,actor_2
71.22969818115234, 84.22274017333984
74.5939712524414, 87.81902313232422
72.15777587890625, 84.68677520751953
70.41763305664062, 65.08120727539062
82.25057983398438, 69.02552032470703
86.77494049072266, 62.180973052978516
83.99072265625, 61.02088165283203
64.15312957763672, 50.232017517089844
56.844547271728516, 48.14385223388672
51.74013900756836, 49.88399124145508
43.38747024536133, 57.19257354736328
43.38747024536133, 57.19257354736328
41.53132247924805, 61.484920501708984
47.21577835083008, 66.24130249023438
64.96519470214844, 84.57076263427734
69.37355041503906, 88.3990707397461
67.86543273925781, 85.38282775878906
64.03712463378906, 78.30626678466797
67.74942016601562, 77.37818908691406
67.74942016601562, 77.37818908691406
75.63805389404297, 71.22969818115234
78.30626678466797, 53.82830810546875
75.87007141113281, 45.823665618896484
75.87007141113281, 45.823665618896484
81.6705322265625, 51.04408264160156
84.45475769042969, 53.48027801513672
81.43851470947266, 53.3642692565918
62.87702941894531, 45.59164810180664
55.916473388671875, 43.73550033569336
52.55220413208008, 41.76333999633789
52.55220413208008, 41.76333999633789
53.3642692565918, 45.70765686035156
53.3642692565918, 45.70765686035156
47.331787109375, 60.672855377197266
39.44315719604492, 57.42459487915039
39.44315719604492, 57.42459487915039
39.44315719604492, 57.42459487915039
39.44315719604492, 57.42459487915039
41.53132247924805, 61.484920501708984
47.21577835083008, 66.24130249023438
58.46867752075195, 78.65428924560547
68.3294677734375, 86.54292297363281
67.86543273925781, 85.38282775878906
64.03712463378906, 78.30626678466797
64.03712463378906, 78.30626678466797
64.03712463378906, 78.30626678466797
64.03712463378906, 78.30626678466797
68.09745025634766, 84.91879272460938
68.09745025634766, 84.91879272460938
72.96984100341797, 84.57076263427734
77.14617156982422, 62.064964294433594
73.08584594726562, 43.03944396972656
73.08584594726562, 43.03944396972656
73.08584594726562, 43.03944396972656
73.08584594726562, 43.03944396972656
