actor_1,actor_2
68.56148529052734, 84.22274017333984
70.41763305664062, 84.3387451171875
67.63340759277344, 81.78654479980469
67.74942016601562, 57.54060363769531
78.30626678466797, 57.88862991333008
83.0626449584961, 48.607887268066406
81.20649719238281, 50.11600875854492
60.55684280395508, 38.97911834716797
51.392112731933594, 35.846866607666016
47.679813385009766, 39.327144622802734
37.587005615234375, 47.911834716796875
37.587005615234375, 47.911834716796875
36.42691421508789, 51.27610397338867
43.50347900390625, 58.932716369628906
61.83294677734375, 83.0626449584961
63.921112060546875, 84.10672760009766
61.484920501708984, 81.43851470947266
60.20881652832031, 72.2737808227539
65.54524230957031, 72.2737808227539
65.54524230957031, 72.2737808227539
73.20185852050781, 64.38514709472656
75.17401123046875, 39.90719223022461
73.20185852050781, 30.626449584960938
73.20185852050781, 30.626449584960938
76.68213653564453, 35.49884033203125
80.62644958496094, 37.819026947021484
78.77030181884766, 41.18329620361328
59.62876892089844, 34.106727600097656
51.392112731933594, 31.786542892456055
48.491878509521484, 31.090486526489258
48.491878509521484, 31.090486526489258
48.14385223388672, 34.57076644897461
48.14385223388672, 34.57076644897461
41.2993049621582, 52.55220413208008
33.52668380737305, 47.331787109375
33.52668380737305, 47.331787109375
33.52668380737305, 47.331787109375
33.52668380737305, 47.331787109375
36.42691421508789, 51.27610397338867
43.50347900390625, 58.932716369628906
54.75638198852539, 75.29002380371094
63.109046936035156, 80.85846710205078
61.484920501708984, 81.43851470947266
60.20881652832031, 72.2737808227539
60.20881652832031, 72.2737808227539
60.20881652832031, 72.2737808227539
60.20881652832031, 72.2737808227539
64.15312957763672, 80.3944320678711
64.15312957763672, 80.3944320678711
70.53364562988281, 81.32250213623047
74.5939712524414, 50.46403884887695
69.25753784179688, 27.958236694335938
69.25753784179688, 27.958236694335938
69.25753784179688, 27.958236694335938
69.25753784179688, 27.958236694335938
