actor_1,actor_2
67.74942016601562, 81.90254974365234
72.15777587890625, 85.61485290527344
69.37355041503906, 82.5986099243164
68.21345520019531, 63.45707702636719
79.58236694335938, 66.47332000732422
84.10672760009766, 59.28074264526367
80.04640197753906, 57.656612396240234
59.04872512817383, 46.86774826049805
52.55220413208008, 44.895591735839844
47.331787109375, 47.21577835083008
40.02320098876953, 54.87239074707031
40.02320098876953, 54.87239074707031
38.16705322265625, 59.16473388671875
43.03944396972656, 63.80510330200195
61.600929260253906, 82.71461486816406
67.0533676147461, 86.658935546875
65.19721221923828, 83.64269256591797
61.71693801879883, 77.2621841430664
65.31322479248047, 75.87007141113281
65.31322479248047, 75.87007141113281
73.31786346435547, 69.7215805053711
75.52204132080078, 51.392112731933594
72.7378158569336, 43.155452728271484
72.7378158569336, 43.155452728271484
78.53828430175781, 47.79582214355469
81.43851470947266, 50.348026275634766
77.49420166015625, 49.767982482910156
58.35266876220703, 42.45939636230469
52.20417785644531, 40.71925735473633
48.839908599853516, 39.21113586425781
48.839908599853516, 39.21113586425781
49.18793487548828, 42.92343521118164
49.18793487548828, 42.92343521118164
43.155452728271484, 57.88862991333008
36.31090545654297, 55.45243453979492
36.31090545654297, 55.45243453979492
36.31090545654297, 55.45243453979492
36.31090545654297, 55.45243453979492
38.16705322265625, 59.16473388671875
43.03944396972656, 63.80510330200195
55.104408264160156, 76.45011901855469
65.89327239990234, 84.3387451171875
65.19721221923828, 83.64269256591797
61.71693801879883, 77.2621841430664
61.71693801879883, 77.2621841430664
61.71693801879883, 77.2621841430664
61.71693801879883, 77.2621841430664
65.6612548828125, 83.99072265625
65.6612548828125, 83.99072265625
70.41763305664062, 83.17865753173828
74.47795867919922, 60.09280776977539
69.95359802246094, 40.603248596191406
69.95359802246094, 40.603248596191406
69.95359802246094, 40.603248596191406
69.95359802246094, 40.603248596191406
