actor_1,actor_2
64.61717224121094, 87.0069580078125
67.0533676147461, 90.95127868652344
62.993038177490234, 88.51508331298828
63.45707702636719, 64.84918975830078
70.30162048339844, 55.68445587158203
70.53364562988281, 45.24361801147461
73.78190612792969, 51.508121490478516
74.01392364501953, 42.80742645263672
71.57772827148438, 44.66357421875
54.060325622558594, 35.846866607666016
48.25986099243164, 34.106727600097656
46.17169189453125, 36.42691421508789
46.17169189453125, 36.42691421508789
44.54756546020508, 41.18329620361328
35.730857849121094, 49.651973724365234
35.730857849121094, 49.651973724365234
32.48259735107422, 48.839908599853516
32.48259735107422, 48.839908599853516
35.266822814941406, 52.320186614990234
40.95127487182617, 58.81670379638672
57.07656478881836, 85.03480529785156
60.09280776977539, 88.74710083007812
57.30858612060547, 86.19489288330078
56.844547271728516, 78.88631439208984
56.844547271728516, 78.88631439208984
56.844547271728516, 78.88631439208984
56.844547271728516, 78.88631439208984
61.71693801879883, 80.3944320678711
68.79350280761719, 72.15777587890625
70.53364562988281, 45.24361801147461
65.54524230957031, 34.918792724609375
65.54524230957031, 34.918792724609375
61.94895553588867, 30.27842140197754
