actor_1,actor_2
65.89327239990234, 86.658935546875
67.28538513183594, 90.25521850585938
63.225059509277344, 88.16705322265625
63.80510330200195, 64.96519470214844
70.30162048339844, 56.0324821472168
70.53364562988281, 45.47563934326172
73.54988098144531, 51.85614776611328
73.31786346435547, 42.57540512084961
72.04176330566406, 44.66357421875
56.14849090576172, 35.61484909057617
50.232017517089844, 33.87471008300781
48.25986099243164, 36.078887939453125
48.25986099243164, 36.078887939453125
46.6357307434082, 40.83526611328125
37.935035705566406, 49.419952392578125
37.935035705566406, 49.419952392578125
34.45475769042969, 48.607887268066406
34.45475769042969, 48.607887268066406
37.47099685668945, 52.20417785644531
43.38747024536133, 58.584686279296875
58.46867752075195, 84.57076263427734
60.440834045410156, 87.9350357055664
57.54060363769531, 85.7308578491211
57.07656478881836, 78.53828430175781
57.07656478881836, 78.53828430175781
57.07656478881836, 78.53828430175781
57.07656478881836, 78.53828430175781
62.064964294433594, 80.16241455078125
69.02552032470703, 72.3897933959961
70.53364562988281, 45.47563934326172
65.08120727539062, 34.918792724609375
65.08120727539062, 34.918792724609375
61.71693801879883, 30.394432067871094
