actor_1,actor_2
73.78190612792969, 88.28306579589844
73.31786346435547, 91.29930114746094
69.48955535888672, 88.86310577392578
68.09745025634766, 65.42923736572266
79.0023193359375, 65.19721221923828
84.57076263427734, 56.26449966430664
85.84687042236328, 56.96055603027344
70.18561553955078, 43.85150909423828
62.2969856262207, 40.603248596191406
56.38051223754883, 42.69141387939453
46.98375701904297, 51.04408264160156
46.98375701904297, 51.04408264160156
44.77958297729492, 53.248260498046875
50.81206512451172, 60.440834045410156
65.77725982666016, 86.19489288330078
66.47332000732422, 88.97911834716797
63.57308578491211, 86.54292297363281
61.83294677734375, 78.53828430175781
66.9373550415039, 80.51044464111328
66.9373550415039, 80.51044464111328
73.78190612792969, 72.7378158569336
75.98607635498047, 48.0278434753418
71.57772827148438, 38.747100830078125
71.57772827148438, 38.747100830078125
74.5939712524414, 43.85150909423828
79.46635437011719, 46.51972198486328
80.97447967529297, 48.72389602661133
66.47332000732422, 39.09512710571289
60.324825286865234, 36.774940490722656
57.19257354736328, 35.15081024169922
57.19257354736328, 35.15081024169922
58.46867752075195, 38.28306198120117
58.46867752075195, 38.28306198120117
51.508121490478516, 54.75638198852539
41.87934875488281, 49.651973724365234
41.87934875488281, 49.651973724365234
41.87934875488281, 49.651973724365234
41.87934875488281, 49.651973724365234
44.77958297729492, 53.248260498046875
50.81206512451172, 60.440834045410156
61.13689041137695, 76.3341064453125
66.35730743408203, 85.84687042236328
63.57308578491211, 86.54292297363281
61.83294677734375, 78.53828430175781
61.83294677734375, 78.53828430175781
61.83294677734375, 78.53828430175781
61.83294677734375, 78.53828430175781
65.77725982666016, 87.81902313232422
65.77725982666016, 87.81902313232422
72.3897933959961, 89.90719604492188
75.4060287475586, 58.35266876220703
68.44547271728516, 34.57076644897461
68.44547271728516, 34.57076644897461
68.44547271728516, 34.57076644897461
68.44547271728516, 34.57076644897461
