actor_1,actor_2
71.57772827148438, 83.64269256591797
74.12992858886719, 86.89095306396484
71.69373321533203, 84.10672760009766
71.22969818115234, 62.64501190185547
81.55452728271484, 64.84918975830078
85.2668228149414, 57.772621154785156
83.41067504882812, 57.30858612060547
63.921112060546875, 47.911834716796875
55.68445587158203, 45.24361801147461
50.232017517089844, 47.21577835083008
42.80742645263672, 55.80046463012695
42.80742645263672, 55.80046463012695
41.2993049621582, 59.97679901123047
47.563804626464844, 65.77725982666016
64.7331771850586, 85.38282775878906
68.3294677734375, 88.3990707397461
67.0533676147461, 85.61485290527344
63.921112060546875, 78.30626678466797
67.74942016601562, 76.45011901855469
67.74942016601562, 76.45011901855469
76.21809387207031, 67.98143768310547
77.84222412109375, 49.18793487548828
74.5939712524414, 40.37123107910156
74.5939712524414, 40.37123107910156
79.35034942626953, 46.17169189453125
81.6705322265625, 48.607887268066406
79.35034942626953, 49.07192611694336
61.83294677734375, 42.57540512084961
54.29234313964844, 40.603248596191406
50.580047607421875, 39.44315719604492
50.580047607421875, 39.44315719604492
51.9721565246582, 43.85150909423828
51.9721565246582, 43.85150909423828
46.05568313598633, 58.004638671875
39.09512710571289, 56.844547271728516
39.09512710571289, 56.844547271728516
39.09512710571289, 56.844547271728516
39.09512710571289, 56.844547271728516
41.2993049621582, 59.97679901123047
47.563804626464844, 65.77725982666016
58.12065124511719, 78.88631439208984
68.09745025634766, 86.54292297363281
67.0533676147461, 85.61485290527344
63.921112060546875, 78.30626678466797
63.921112060546875, 78.30626678466797
63.921112060546875, 78.30626678466797
63.921112060546875, 78.30626678466797
67.51740264892578, 83.75869750976562
67.51740264892578, 83.75869750976562
72.7378158569336, 82.48259735107422
76.91415405273438, 57.656612396240234
71.46171569824219, 38.399070739746094
71.46171569824219, 38.399070739746094
71.46171569824219, 38.399070739746094
71.46171569824219, 38.399070739746094
