actor_1,actor_2
63.225059509277344, 83.0626449584961
64.15312957763672, 87.70301818847656
60.440834045410156, 84.22274017333984
61.484920501708984, 61.02088165283203
72.04176330566406, 60.440834045410156
77.84222412109375, 50.81206512451172
78.19025421142578, 49.53596115112305
58.23666000366211, 36.774940490722656
49.419952392578125, 34.22273635864258
43.38747024536133, 36.42691421508789
32.59860610961914, 44.54756546020508
32.59860610961914, 44.54756546020508
29.930395126342773, 46.51972198486328
36.774940490722656, 52.78422164916992
54.87239074707031, 81.20649719238281
57.30858612060547, 85.61485290527344
54.6403694152832, 82.25057983398438
54.060325622558594, 74.70997619628906
59.16473388671875, 76.21809387207031
59.16473388671875, 76.21809387207031
67.98143768310547, 67.74942016601562
69.6055679321289, 41.995361328125
65.54524230957031, 34.338748931884766
65.54524230957031, 34.338748931884766
67.98143768310547, 39.327144622802734
73.6658935546875, 41.87934875488281
74.01392364501953, 41.76333999633789
55.45243453979492, 32.3665885925293
48.491878509521484, 30.974477767944336
45.3596305847168, 29.0023193359375
45.3596305847168, 29.0023193359375
45.70765686035156, 31.670534133911133
45.70765686035156, 31.670534133911133
37.35498809814453, 47.911834716796875
27.958236694335938, 43.50347900390625
27.958236694335938, 43.50347900390625
27.958236694335938, 43.50347900390625
27.958236694335938, 43.50347900390625
29.930395126342773, 46.51972198486328
36.774940490722656, 52.78422164916992
48.95591735839844, 70.9976806640625
56.728538513183594, 82.01856231689453
54.6403694152832, 82.25057983398438
54.060325622558594, 74.70997619628906
54.060325622558594, 74.70997619628906
54.060325622558594, 74.70997619628906
54.060325622558594, 74.70997619628906
58.932716369628906, 83.0626449584961
58.932716369628906, 83.0626449584961
65.42923736572266, 84.80278778076172
69.14153289794922, 53.248260498046875
62.180973052978516, 30.742460250854492
62.180973052978516, 30.742460250854492
62.180973052978516, 30.742460250854492
62.180973052978516, 30.742460250854492
