actor_1,actor_2
63.57308578491211, 85.61485290527344
64.50115966796875, 90.13921356201172
61.252899169921875, 87.0069580078125
61.83294677734375, 63.921112060546875
68.79350280761719, 56.38051223754883
68.79350280761719, 44.895591735839844
71.57772827148438, 51.392112731933594
72.96984100341797, 43.85150909423828
73.31786346435547, 43.85150909423828
54.87239074707031, 33.29466247558594
47.679813385009766, 31.670534133911133
44.66357421875, 33.29466247558594
44.66357421875, 33.29466247558594
43.155452728271484, 38.05104446411133
32.48259735107422, 45.823665618896484
32.48259735107422, 45.823665618896484
27.958236694335938, 44.54756546020508
27.958236694335938, 44.54756546020508
29.930395126342773, 47.44779586791992
36.890953063964844, 53.3642692565918
55.33642578125, 83.29466247558594
57.772621154785156, 87.70301818847656
55.56844711303711, 84.68677520751953
54.75638198852539, 76.91415405273438
54.75638198852539, 76.91415405273438
54.75638198852539, 76.91415405273438
54.75638198852539, 76.91415405273438
59.86079025268555, 78.77030181884766
68.21345520019531, 70.76566314697266
68.79350280761719, 44.895591735839844
65.6612548828125, 36.658931732177734
65.6612548828125, 36.658931732177734
61.94895553588867, 32.83062744140625
