actor_1,actor_2
64.7331771850586, 81.32250213623047
66.24130249023438, 86.658935546875
63.68909454345703, 84.80278778076172
64.03712463378906, 61.83294677734375
75.17401123046875, 60.672855377197266
80.2784194946289, 50.81206512451172
79.46635437011719, 49.53596115112305
58.35266876220703, 35.96287536621094
49.651973724365234, 33.990718841552734
44.43155288696289, 36.890953063964844
32.3665885925293, 41.76333999633789
32.3665885925293, 41.76333999633789
30.046403884887695, 42.92343521118164
36.658931732177734, 48.72389602661133
55.68445587158203, 78.07424926757812
58.23666000366211, 83.41067504882812
56.96055603027344, 81.78654479980469
55.80046463012695, 74.5939712524414
61.600929260253906, 76.91415405273438
61.600929260253906, 76.91415405273438
70.53364562988281, 68.67749786376953
71.57772827148438, 42.11137008666992
67.63340759277344, 33.52668380737305
67.63340759277344, 33.52668380737305
70.30162048339844, 38.6310920715332
75.52204132080078, 40.95127487182617
74.5939712524414, 41.76333999633789
55.68445587158203, 31.206497192382812
48.72389602661133, 30.27842140197754
44.66357421875, 29.698375701904297
44.66357421875, 29.698375701904297
45.011600494384766, 33.062644958496094
45.011600494384766, 33.062644958496094
37.23897933959961, 46.05568313598633
27.378190994262695, 39.79118347167969
27.378190994262695, 39.79118347167969
27.378190994262695, 39.79118347167969
27.378190994262695, 39.79118347167969
30.046403884887695, 42.92343521118164
36.658931732177734, 48.72389602661133
49.3039436340332, 67.28538513183594
57.88862991333008, 80.3944320678711
56.96055603027344, 81.78654479980469
55.80046463012695, 74.5939712524414
55.80046463012695, 74.5939712524414
55.80046463012695, 74.5939712524414
55.80046463012695, 74.5939712524414
60.55684280395508, 82.71461486816406
60.55684280395508, 82.71461486816406
67.74942016601562, 85.15081024169922
71.46171569824219, 53.3642692565918
63.80510330200195, 30.974477767944336
63.80510330200195, 30.974477767944336
63.80510330200195, 30.974477767944336
63.80510330200195, 30.974477767944336
