actor_1,actor_2
68.79350280761719, 83.0626449584961
69.48955535888672, 87.9350357055664
66.70533752441406, 85.61485290527344
66.82134246826172, 62.76102066040039
77.6102066040039, 61.484920501708984
82.36659240722656, 51.85614776611328
82.25057983398438, 51.04408264160156
61.13689041137695, 37.935035705566406
52.320186614990234, 35.730857849121094
47.679813385009766, 38.28306198120117
36.42691421508789, 43.61948776245117
36.42691421508789, 43.61948776245117
34.22273635864258, 45.47563934326172
40.83526611328125, 51.160091400146484
59.86079025268555, 80.04640197753906
61.71693801879883, 84.91879272460938
60.09280776977539, 82.83062744140625
59.04872512817383, 75.75405883789062
64.96519470214844, 77.84222412109375
64.96519470214844, 77.84222412109375
72.96984100341797, 69.6055679321289
74.01392364501953, 42.57540512084961
70.18561553955078, 34.45475769042969
70.18561553955078, 34.45475769042969
72.50579833984375, 39.559165954589844
77.84222412109375, 42.11137008666992
77.49420166015625, 43.271461486816406
58.35266876220703, 32.94663619995117
51.27610397338867, 31.670534133911133
47.21577835083008, 30.742460250854492
47.21577835083008, 30.742460250854492
47.79582214355469, 34.338748931884766
47.79582214355469, 34.338748931884766
41.18329620361328, 47.79582214355469
31.670534133911133, 41.87934875488281
31.670534133911133, 41.87934875488281
31.670534133911133, 41.87934875488281
31.670534133911133, 41.87934875488281
34.22273635864258, 45.47563934326172
40.83526611328125, 51.160091400146484
53.13225173950195, 69.37355041503906
61.71693801879883, 82.01856231689453
60.09280776977539, 82.83062744140625
59.04872512817383, 75.75405883789062
59.04872512817383, 75.75405883789062
59.04872512817383, 75.75405883789062
59.04872512817383, 75.75405883789062
63.921112060546875, 83.87471008300781
63.921112060546875, 83.87471008300781
70.9976806640625, 86.07888793945312
74.12992858886719, 53.94431686401367
66.47332000732422, 31.670534133911133
66.47332000732422, 31.670534133911133
66.47332000732422, 31.670534133911133
66.47332000732422, 31.670534133911133
