actor_1,actor_2
64.38514709472656, 81.43851470947266
66.24130249023438, 85.38282775878906
62.87702941894531, 83.0626449584961
61.94895553588867, 60.09280776977539
72.3897933959961, 59.62876892089844
77.14617156982422, 49.767982482910156
76.91415405273438, 49.07192611694336
56.728538513183594, 36.774940490722656
48.95591735839844, 34.22273635864258
43.73550033569336, 36.19489669799805
33.062644958496094, 42.11137008666992
33.062644958496094, 42.11137008666992
31.322505950927734, 43.61948776245117
37.47099685668945, 50.0
56.26449966430664, 78.42227172851562
59.62876892089844, 82.36659240722656
57.54060363769531, 80.04640197753906
55.68445587158203, 72.04176330566406
60.440834045410156, 74.36194610595703
60.440834045410156, 74.36194610595703
67.4013900756836, 66.00927734375
68.21345520019531, 41.415313720703125
64.38514709472656, 33.52668380737305
64.38514709472656, 33.52668380737305
67.16937255859375, 38.28306198120117
72.15777587890625, 40.25522232055664
71.80974578857422, 41.2993049621582
53.248260498046875, 31.786542892456055
47.21577835083008, 30.162412643432617
43.61948776245117, 29.466358184814453
43.61948776245117, 29.466358184814453
45.011600494384766, 33.062644958496094
45.011600494384766, 33.062644958496094
37.7030143737793, 45.59164810180664
28.53828239440918, 40.71925735473633
28.53828239440918, 40.71925735473633
28.53828239440918, 40.71925735473633
28.53828239440918, 40.71925735473633
31.322505950927734, 43.61948776245117
37.47099685668945, 50.0
49.07192611694336, 67.51740264892578
58.584686279296875, 80.16241455078125
57.54060363769531, 80.04640197753906
55.68445587158203, 72.04176330566406
55.68445587158203, 72.04176330566406
55.68445587158203, 72.04176330566406
55.68445587158203, 72.04176330566406
59.62876892089844, 79.11833190917969
59.62876892089844, 79.11833190917969
65.54524230957031, 81.78654479980469
68.21345520019531, 52.20417785644531
61.13689041137695, 30.27842140197754
61.13689041137695, 30.27842140197754
61.13689041137695, 30.27842140197754
61.13689041137695, 30.27842140197754
