actor_1,actor_2
66.24130249023438, 80.2784194946289
67.28538513183594, 85.15081024169922
64.03712463378906, 82.5986099243164
64.96519470214844, 58.584686279296875
74.82598876953125, 57.88862991333008
79.81438446044922, 48.0278434753418
79.23433685302734, 47.679813385009766
61.600929260253906, 36.890953063964844
53.94431686401367, 33.75870132446289
50.0, 37.23897933959961
39.79118347167969, 43.61948776245117
39.79118347167969, 43.61948776245117
38.05104446411133, 45.3596305847168
43.85150909423828, 52.78422164916992
59.16473388671875, 77.6102066040039
61.71693801879883, 82.36659240722656
59.28074264526367, 79.81438446044922
58.12065124511719, 72.62181091308594
62.412994384765625, 74.70997619628906
62.412994384765625, 74.70997619628906
70.30162048339844, 64.61717224121094
70.53364562988281, 40.13920974731445
67.0533676147461, 32.94663619995117
67.0533676147461, 32.94663619995117
69.48955535888672, 37.35498809814453
75.0580062866211, 39.559165954589844
74.36194610595703, 40.25522232055664
58.004638671875, 32.13457107543945
51.85614776611328, 30.046403884887695
48.95591735839844, 29.81438446044922
48.95591735839844, 29.81438446044922
50.580047607421875, 33.178653717041016
50.580047607421875, 33.178653717041016
43.73550033569336, 47.331787109375
35.266822814941406, 42.343387603759766
35.266822814941406, 42.343387603759766
35.266822814941406, 42.343387603759766
35.266822814941406, 42.343387603759766
38.05104446411133, 45.3596305847168
43.85150909423828, 52.78422164916992
53.3642692565918, 68.21345520019531
61.3689079284668, 78.65428924560547
59.28074264526367, 79.81438446044922
58.12065124511719, 72.62181091308594
58.12065124511719, 72.62181091308594
58.12065124511719, 72.62181091308594
58.12065124511719, 72.62181091308594
62.52900314331055, 80.2784194946289
62.52900314331055, 80.2784194946289
67.86543273925781, 82.71461486816406
71.22969818115234, 50.92807388305664
64.03712463378906, 29.81438446044922
64.03712463378906, 29.81438446044922
64.03712463378906, 29.81438446044922
64.03712463378906, 29.81438446044922
