actor_1,actor_2
60.55684280395508, 80.51044464111328
60.55684280395508, 82.9466323852539
57.42459487915039, 79.81438446044922
59.04872512817383, 56.844547271728516
69.7215805053711, 56.49652099609375
74.01392364501953, 46.86774826049805
75.0580062866211, 47.679813385009766
56.96055603027344, 37.819026947021484
48.491878509521484, 34.68677520751953
45.70765686035156, 37.7030143737793
34.22273635864258, 44.77958297729492
34.22273635864258, 44.77958297729492
31.670534133911133, 47.563804626464844
37.23897933959961, 55.45243453979492
53.48027801513672, 79.11833190917969
54.6403694152832, 81.90254974365234
52.55220413208008, 78.88631439208984
51.9721565246582, 71.69373321533203
56.38051223754883, 72.04176330566406
56.38051223754883, 72.04176330566406
64.7331771850586, 61.71693801879883
65.19721221923828, 38.86310958862305
61.02088165283203, 31.902551651000977
61.02088165283203, 31.902551651000977
63.921112060546875, 36.890953063964844
69.02552032470703, 38.747100830078125
69.83758544921875, 40.603248596191406
53.3642692565918, 33.64269256591797
46.6357307434082, 31.322505950927734
44.19953536987305, 30.510440826416016
44.19953536987305, 30.510440826416016
45.939674377441406, 33.52668380737305
45.939674377441406, 33.52668380737305
38.6310920715332, 47.563804626464844
29.81438446044922, 44.083526611328125
29.81438446044922, 44.083526611328125
29.81438446044922, 44.083526611328125
29.81438446044922, 44.083526611328125
31.670534133911133, 47.563804626464844
37.23897933959961, 55.45243453979492
47.21577835083008, 70.41763305664062
53.82830810546875, 79.23433685302734
52.55220413208008, 78.88631439208984
51.9721565246582, 71.69373321533203
51.9721565246582, 71.69373321533203
51.9721565246582, 71.69373321533203
51.9721565246582, 71.69373321533203
56.38051223754883, 78.07424926757812
56.38051223754883, 78.07424926757812
61.71693801879883, 78.88631439208984
66.24130249023438, 48.95591735839844
57.656612396240234, 27.842227935791016
57.656612396240234, 27.842227935791016
57.656612396240234, 27.842227935791016
57.656612396240234, 27.842227935791016
