actor_1,actor_2
73.08584594726562, 81.09048461914062
73.89791107177734, 84.80278778076172
69.37355041503906, 82.36659240722656
71.46171569824219, 61.3689079284668
81.55452728271484, 61.3689079284668
88.05104064941406, 51.160091400146484
87.81902313232422, 52.088165283203125
67.63340759277344, 39.44315719604492
58.35266876220703, 35.96287536621094
53.13225173950195, 38.399070739746094
43.271461486816406, 43.9675178527832
43.271461486816406, 43.9675178527832
39.675174713134766, 46.17169189453125
45.823665618896484, 53.94431686401367
63.57308578491211, 79.23433685302734
66.35730743408203, 83.0626449584961
62.87702941894531, 80.97447967529297
62.2969856262207, 73.89791107177734
68.21345520019531, 74.9419937133789
68.21345520019531, 74.9419937133789
77.84222412109375, 69.02552032470703
79.69837951660156, 43.73550033569336
75.63805389404297, 36.31090545654297
75.63805389404297, 36.31090545654297
76.68213653564453, 40.487239837646484
83.29466247558594, 42.57540512084961
82.48259735107422, 44.43155288696289
64.03712463378906, 35.61484909057617
56.14849090576172, 33.29466247558594
52.55220413208008, 31.670534133911133
52.55220413208008, 31.670534133911133
54.40835189819336, 33.87471008300781
54.40835189819336, 33.87471008300781
46.98375701904297, 48.607887268066406
37.35498809814453, 42.69141387939453
37.35498809814453, 42.69141387939453
37.35498809814453, 42.69141387939453
37.35498809814453, 42.69141387939453
39.675174713134766, 46.17169189453125
45.823665618896484, 53.94431686401367
57.772621154785156, 68.90951538085938
65.31322479248047, 79.35034942626953
62.87702941894531, 80.97447967529297
62.2969856262207, 73.89791107177734
62.2969856262207, 73.89791107177734
62.2969856262207, 73.89791107177734
62.2969856262207, 73.89791107177734
67.28538513183594, 83.64269256591797
67.28538513183594, 83.64269256591797
74.24594116210938, 85.15081024169922
79.81438446044922, 54.87239074707031
71.46171569824219, 32.3665885925293
71.46171569824219, 32.3665885925293
71.46171569824219, 32.3665885925293
71.46171569824219, 32.3665885925293
