actor_1,actor_2
65.31322479248047, 86.54292297363281
68.09745025634766, 90.13921356201172
65.31322479248047, 86.31090545654297
68.21345520019531, 64.96519470214844
79.69837951660156, 64.61717224121094
83.87471008300781, 56.14849090576172
82.71461486816406, 56.61252975463867
62.76102066040039, 43.9675178527832
53.59628677368164, 40.95127487182617
47.44779586791992, 43.03944396972656
36.31090545654297, 49.88399124145508
36.31090545654297, 49.88399124145508
33.64269256591797, 52.20417785644531
39.21113586425781, 59.62876892089844
55.916473388671875, 84.91879272460938
59.62876892089844, 88.86310577392578
57.772621154785156, 84.91879272460938
57.656612396240234, 77.2621841430664
64.50115966796875, 78.42227172851562
64.50115966796875, 78.42227172851562
75.75405883789062, 72.04176330566406
77.37818908691406, 47.44779586791992
73.78190612792969, 38.97911834716797
73.78190612792969, 38.97911834716797
75.0580062866211, 43.155452728271484
79.69837951660156, 46.751739501953125
78.19025421142578, 48.607887268066406
59.74477767944336, 39.09512710571289
52.320186614990234, 36.890953063964844
47.44779586791992, 35.730857849121094
47.44779586791992, 35.730857849121094
48.37586975097656, 39.21113586425781
48.37586975097656, 39.21113586425781
40.37123107910156, 53.48027801513672
30.626449584960938, 48.25986099243164
30.626449584960938, 48.25986099243164
30.626449584960938, 48.25986099243164
30.626449584960938, 48.25986099243164
33.64269256591797, 52.20417785644531
39.21113586425781, 59.62876892089844
50.0, 75.17401123046875
58.35266876220703, 85.38282775878906
57.772621154785156, 84.91879272460938
57.656612396240234, 77.2621841430664
57.656612396240234, 77.2621841430664
57.656612396240234, 77.2621841430664
57.656612396240234, 77.2621841430664
63.109046936035156, 85.15081024169922
63.109046936035156, 85.15081024169922
71.69373321533203, 86.77494049072266
77.49420166015625, 58.12065124511719
70.30162048339844, 34.57076644897461
70.30162048339844, 34.57076644897461
70.30162048339844, 34.57076644897461
70.30162048339844, 34.57076644897461
