actor_1,actor_2
67.0533676147461, 85.61485290527344
69.02552032470703, 88.51508331298828
65.31322479248047, 85.49884033203125
68.56148529052734, 64.61717224121094
80.04640197753906, 65.77725982666016
85.49884033203125, 56.61252975463867
84.68677520751953, 58.004638671875
65.08120727539062, 44.66357421875
56.38051223754883, 42.11137008666992
50.92807388305664, 44.43155288696289
38.6310920715332, 50.0
38.6310920715332, 50.0
35.730857849121094, 51.508121490478516
40.95127487182617, 58.23666000366211
57.19257354736328, 82.71461486816406
60.55684280395508, 85.61485290527344
58.004638671875, 82.5986099243164
57.88862991333008, 74.82598876953125
64.50115966796875, 77.37818908691406
64.50115966796875, 77.37818908691406
74.70997619628906, 71.92575073242188
77.84222412109375, 48.0278434753418
73.89791107177734, 40.603248596191406
73.89791107177734, 40.603248596191406
75.75405883789062, 44.77958297729492
80.97447967529297, 47.911834716796875
79.81438446044922, 50.81206512451172
61.3689079284668, 40.02320098876953
54.060325622558594, 38.28306198120117
50.11600875854492, 36.890953063964844
50.11600875854492, 36.890953063964844
51.9721565246582, 40.13920974731445
51.9721565246582, 40.13920974731445
43.03944396972656, 54.060325622558594
32.94663619995117, 47.79582214355469
32.94663619995117, 47.79582214355469
32.94663619995117, 47.79582214355469
32.94663619995117, 47.79582214355469
35.730857849121094, 51.508121490478516
40.95127487182617, 58.23666000366211
51.160091400146484, 72.3897933959961
59.04872512817383, 81.78654479980469
58.004638671875, 82.5986099243164
57.88862991333008, 74.82598876953125
57.88862991333008, 74.82598876953125
57.88862991333008, 74.82598876953125
57.88862991333008, 74.82598876953125
62.2969856262207, 82.83062744140625
62.2969856262207, 82.83062744140625
70.41763305664062, 86.19489288330078
77.6102066040039, 58.932716369628906
70.18561553955078, 36.31090545654297
70.18561553955078, 36.31090545654297
70.18561553955078, 36.31090545654297
70.18561553955078, 36.31090545654297
