actor_1,actor_2
69.25753784179688, 85.03480529785156
70.88166809082031, 86.89095306396484
67.0533676147461, 83.52667999267578
68.79350280761719, 62.87702941894531
80.16241455078125, 63.80510330200195
86.31090545654297, 55.22041702270508
85.38282775878906, 57.19257354736328
65.54524230957031, 44.43155288696289
57.42459487915039, 41.53132247924805
52.088165283203125, 42.69141387939453
40.37123107910156, 48.491878509521484
40.37123107910156, 48.491878509521484
37.12297058105469, 50.348026275634766
42.11137008666992, 58.004638671875
59.28074264526367, 82.36659240722656
62.180973052978516, 84.22274017333984
59.16473388671875, 80.85846710205078
58.46867752075195, 73.6658935546875
65.54524230957031, 76.10208892822266
65.54524230957031, 76.10208892822266
74.5939712524414, 70.0696029663086
78.30626678466797, 46.751739501953125
73.54988098144531, 39.44315719604492
73.54988098144531, 39.44315719604492
75.4060287475586, 43.03944396972656
80.85846710205078, 46.51972198486328
79.35034942626953, 49.651973724365234
61.13689041137695, 39.559165954589844
54.52436065673828, 37.7030143737793
50.6960563659668, 35.730857849121094
50.6960563659668, 35.730857849121094
53.248260498046875, 38.86310958862305
53.248260498046875, 38.86310958862305
44.19953536987305, 52.900230407714844
34.338748931884766, 46.6357307434082
34.338748931884766, 46.6357307434082
34.338748931884766, 46.6357307434082
34.338748931884766, 46.6357307434082
37.12297058105469, 50.348026275634766
42.11137008666992, 58.004638671875
52.900230407714844, 72.04176330566406
60.672855377197266, 80.74246215820312
59.16473388671875, 80.85846710205078
58.46867752075195, 73.6658935546875
58.46867752075195, 73.6658935546875
58.46867752075195, 73.6658935546875
58.46867752075195, 73.6658935546875
63.109046936035156, 81.78654479980469
63.109046936035156, 81.78654479980469
70.9976806640625, 85.15081024169922
77.37818908691406, 57.54060363769531
69.48955535888672, 35.38283157348633
69.48955535888672, 35.38283157348633
69.48955535888672, 35.38283157348633
69.48955535888672, 35.38283157348633
