actor_1,actor_2
68.67749786376953, 88.05104064941406
70.64965057373047, 90.25521850585938
67.63340759277344, 87.12297058105469
69.14153289794922, 65.54524230957031
81.78654479980469, 66.82134246826172
87.35498809814453, 57.30858612060547
85.7308578491211, 58.81670379638672
66.12528991699219, 44.43155288696289
58.004638671875, 40.71925735473633
52.320186614990234, 42.69141387939453
40.83526611328125, 47.911834716796875
40.83526611328125, 47.911834716796875
38.05104446411133, 50.0
42.57540512084961, 58.35266876220703
58.584686279296875, 85.61485290527344
61.94895553588867, 87.81902313232422
59.396751403808594, 84.68677520751953
58.46867752075195, 77.2621841430664
65.6612548828125, 79.69837951660156
65.6612548828125, 79.69837951660156
75.0580062866211, 73.43387603759766
79.0023193359375, 48.839908599853516
73.43387603759766, 40.71925735473633
73.43387603759766, 40.71925735473633
75.75405883789062, 44.19953536987305
80.85846710205078, 47.21577835083008
78.77030181884766, 50.0
61.13689041137695, 39.559165954589844
54.75638198852539, 36.774940490722656
50.580047607421875, 35.49884033203125
50.580047607421875, 35.49884033203125
53.48027801513672, 38.86310958862305
53.48027801513672, 38.86310958862305
44.54756546020508, 52.668212890625
35.38283157348633, 46.751739501953125
35.38283157348633, 46.751739501953125
35.38283157348633, 46.751739501953125
35.38283157348633, 46.751739501953125
38.05104446411133, 50.0
42.57540512084961, 58.35266876220703
52.668212890625, 74.82598876953125
60.90487289428711, 83.64269256591797
59.396751403808594, 84.68677520751953
58.46867752075195, 77.2621841430664
58.46867752075195, 77.2621841430664
58.46867752075195, 77.2621841430664
58.46867752075195, 77.2621841430664
63.45707702636719, 85.96287536621094
63.45707702636719, 85.96287536621094
71.34571075439453, 89.44315338134766
78.42227172851562, 60.55684280395508
69.02552032470703, 36.31090545654297
69.02552032470703, 36.31090545654297
69.02552032470703, 36.31090545654297
69.02552032470703, 36.31090545654297
