actor_1,actor_2
72.15777587890625, 92.11136627197266
75.0580062866211, 94.54756164550781
71.46171569824219, 90.6032485961914
73.6658935546875, 66.47332000732422
88.28306579589844, 66.35730743408203
94.54756164550781, 59.16473388671875
91.41531372070312, 59.86079025268555
70.88166809082031, 44.31554412841797
61.600929260253906, 41.76333999633789
55.80046463012695, 42.343387603759766
43.61948776245117, 50.232017517089844
43.61948776245117, 50.232017517089844
39.44315719604492, 54.6403694152832
45.3596305847168, 62.180973052978516
62.87702941894531, 90.37123107910156
66.82134246826172, 92.80742645263672
64.15312957763672, 88.63108825683594
62.87702941894531, 80.51044464111328
69.83758544921875, 82.36659240722656
69.83758544921875, 82.36659240722656
81.09048461914062, 72.15777587890625
86.54292297363281, 49.88399124145508
81.55452728271484, 40.71925735473633
81.55452728271484, 40.71925735473633
83.87471008300781, 45.24361801147461
88.51508331298828, 48.72389602661133
85.38282775878906, 50.580047607421875
66.12528991699219, 39.09512710571289
58.35266876220703, 37.35498809814453
54.52436065673828, 35.61484909057617
54.52436065673828, 35.61484909057617
57.19257354736328, 38.86310958862305
57.19257354736328, 38.86310958862305
47.563804626464844, 52.900230407714844
37.35498809814453, 49.767982482910156
37.35498809814453, 49.767982482910156
37.35498809814453, 49.767982482910156
37.35498809814453, 49.767982482910156
39.44315719604492, 54.6403694152832
45.3596305847168, 62.180973052978516
56.61252975463867, 80.2784194946289
65.08120727539062, 89.3271484375
64.15312957763672, 88.63108825683594
62.87702941894531, 80.51044464111328
62.87702941894531, 80.51044464111328
62.87702941894531, 80.51044464111328
62.87702941894531, 80.51044464111328
69.02552032470703, 87.58700561523438
69.02552032470703, 87.58700561523438
77.03015899658203, 89.55916595458984
85.15081024169922, 59.74477767944336
77.6102066040039, 36.078887939453125
77.6102066040039, 36.078887939453125
77.6102066040039, 36.078887939453125
77.6102066040039, 36.078887939453125
