actor_1,actor_2
69.48955535888672, 89.79118347167969
72.50579833984375, 90.6032485961914
67.86543273925781, 86.89095306396484
67.0533676147461, 60.90487289428711
79.0023193359375, 62.064964294433594
85.84687042236328, 53.82830810546875
83.17865753173828, 53.94431686401367
63.109046936035156, 41.76333999633789
54.87239074707031, 38.16705322265625
49.651973724365234, 38.6310920715332
41.53132247924805, 45.3596305847168
41.53132247924805, 45.3596305847168
39.327144622802734, 48.95591735839844
45.011600494384766, 57.54060363769531
61.252899169921875, 87.58700561523438
65.08120727539062, 87.58700561523438
61.252899169921875, 84.3387451171875
59.62876892089844, 75.63805389404297
65.08120727539062, 77.2621841430664
65.08120727539062, 77.2621841430664
73.08584594726562, 65.42923736572266
76.56612396240234, 43.271461486816406
71.92575073242188, 34.80278396606445
71.92575073242188, 34.80278396606445
74.9419937133789, 40.71925735473633
81.32250213623047, 43.73550033569336
78.88631439208984, 45.3596305847168
60.20881652832031, 36.31090545654297
53.13225173950195, 33.52668380737305
49.18793487548828, 31.438514709472656
49.18793487548828, 31.438514709472656
50.580047607421875, 35.38283157348633
50.580047607421875, 35.38283157348633
44.31554412841797, 48.0278434753418
37.006961822509766, 44.54756546020508
37.006961822509766, 44.54756546020508
37.006961822509766, 44.54756546020508
37.006961822509766, 44.54756546020508
39.327144622802734, 48.95591735839844
45.011600494384766, 57.54060363769531
54.988399505615234, 76.79814147949219
63.57308578491211, 84.91879272460938
61.252899169921875, 84.3387451171875
59.62876892089844, 75.63805389404297
59.62876892089844, 75.63805389404297
59.62876892089844, 75.63805389404297
59.62876892089844, 75.63805389404297
63.80510330200195, 80.3944320678711
63.80510330200195, 80.3944320678711
70.76566314697266, 82.5986099243164
76.10208892822266, 53.94431686401367
67.98143768310547, 31.090486526489258
67.98143768310547, 31.090486526489258
67.98143768310547, 31.090486526489258
67.98143768310547, 31.090486526489258
