actor_1,actor_2
68.56148529052734, 81.09048461914062
71.69373321533203, 84.91879272460938
68.3294677734375, 79.9303970336914
68.44547271728516, 62.180973052978516
81.09048461914062, 63.341068267822266
87.81902313232422, 57.88862991333008
86.31090545654297, 56.49652099609375
65.54524230957031, 45.823665618896484
58.46867752075195, 42.80742645263672
51.392112731933594, 45.3596305847168
41.18329620361328, 51.9721565246582
41.18329620361328, 51.9721565246582
39.09512710571289, 56.49652099609375
44.19953536987305, 62.76102066040039
61.484920501708984, 83.75869750976562
65.77725982666016, 87.9350357055664
63.68909454345703, 82.71461486816406
61.13689041137695, 77.14617156982422
65.08120727539062, 73.78190612792969
65.08120727539062, 73.78190612792969
74.01392364501953, 67.63340759277344
79.0023193359375, 49.88399124145508
77.03015899658203, 41.76333999633789
77.03015899658203, 41.76333999633789
81.90254974365234, 45.59164810180664
85.84687042236328, 48.95591735839844
84.22274017333984, 48.607887268066406
64.38514709472656, 41.415313720703125
57.772621154785156, 39.327144622802734
53.94431686401367, 38.28306198120117
53.94431686401367, 38.28306198120117
54.29234313964844, 41.2993049621582
54.29234313964844, 41.2993049621582
45.823665618896484, 54.176334381103516
36.774940490722656, 53.48027801513672
36.774940490722656, 53.48027801513672
36.774940490722656, 53.48027801513672
36.774940490722656, 53.48027801513672
39.09512710571289, 56.49652099609375
44.19953536987305, 62.76102066040039
55.56844711303711, 77.7262191772461
65.31322479248047, 85.7308578491211
63.68909454345703, 82.71461486816406
61.13689041137695, 77.14617156982422
61.13689041137695, 77.14617156982422
61.13689041137695, 77.14617156982422
61.13689041137695, 77.14617156982422
65.31322479248047, 82.9466323852539
65.31322479248047, 82.9466323852539
70.76566314697266, 80.16241455078125
76.10208892822266, 58.12065124511719
74.12992858886719, 38.6310920715332
74.12992858886719, 38.6310920715332
74.12992858886719, 38.6310920715332
74.12992858886719, 38.6310920715332
