actor_1,actor_2
72.96984100341797, 82.48259735107422
74.70997619628906, 85.2668228149414
70.88166809082031, 80.04640197753906
70.9976806640625, 62.064964294433594
83.87471008300781, 63.921112060546875
90.7192611694336, 58.932716369628906
89.3271484375, 57.88862991333008
68.21345520019531, 46.51972198486328
60.90487289428711, 43.38747024536133
54.176334381103516, 46.17169189453125
44.31554412841797, 52.55220413208008
44.31554412841797, 52.55220413208008
41.53132247924805, 57.30858612060547
47.331787109375, 64.2691421508789
65.89327239990234, 85.61485290527344
68.79350280761719, 88.74710083007812
66.24130249023438, 83.41067504882812
63.921112060546875, 77.6102066040039
67.74942016601562, 73.89791107177734
67.74942016601562, 73.89791107177734
77.03015899658203, 68.09745025634766
81.55452728271484, 50.232017517089844
79.0023193359375, 42.57540512084961
79.0023193359375, 42.57540512084961
83.75869750976562, 46.86774826049805
88.16705322265625, 50.348026275634766
86.658935546875, 50.232017517089844
66.47332000732422, 41.87934875488281
59.62876892089844, 39.675174713134766
56.0324821472168, 38.747100830078125
56.0324821472168, 38.747100830078125
56.96055603027344, 42.11137008666992
56.96055603027344, 42.11137008666992
48.839908599853516, 54.87239074707031
39.559165954589844, 54.060325622558594
39.559165954589844, 54.060325622558594
39.559165954589844, 54.060325622558594
39.559165954589844, 54.060325622558594
41.53132247924805, 57.30858612060547
47.331787109375, 64.2691421508789
59.86079025268555, 79.0023193359375
68.79350280761719, 86.42691040039062
66.24130249023438, 83.41067504882812
63.921112060546875, 77.6102066040039
63.921112060546875, 77.6102066040039
63.921112060546875, 77.6102066040039
63.921112060546875, 77.6102066040039
68.67749786376953, 83.64269256591797
68.67749786376953, 83.64269256591797
74.01392364501953, 80.62644958496094
79.23433685302734, 58.23666000366211
76.68213653564453, 39.21113586425781
76.68213653564453, 39.21113586425781
76.68213653564453, 39.21113586425781
76.68213653564453, 39.21113586425781
