actor_1,actor_2
66.00927734375, 88.05104064941406
66.00927734375, 88.97911834716797
63.57308578491211, 86.07888793945312
62.412994384765625, 62.064964294433594
74.01392364501953, 61.71693801879883
78.19025421142578, 51.62413024902344
78.65428924560547, 51.85614776611328
60.20881652832031, 40.95127487182617
52.55220413208008, 37.587005615234375
47.44779586791992, 40.603248596191406
38.399070739746094, 47.44779586791992
38.399070739746094, 47.44779586791992
34.68677520751953, 50.46403884887695
40.37123107910156, 58.35266876220703
57.42459487915039, 85.49884033203125
59.396751403808594, 85.61485290527344
58.12065124511719, 82.9466323852539
54.87239074707031, 74.01392364501953
59.62876892089844, 76.10208892822266
59.62876892089844, 76.10208892822266
66.58932495117188, 66.70533752441406
69.14153289794922, 43.155452728271484
65.6612548828125, 35.49884033203125
65.6612548828125, 35.49884033203125
65.6612548828125, 35.49884033203125
61.3689079284668, 32.250579833984375
64.84918975830078, 36.54292297363281
64.84918975830078, 36.54292297363281
69.25753784179688, 41.18329620361328
62.180973052978516, 38.747100830078125
47.21577835083008, 31.670534133911133
47.21577835083008, 31.670534133911133
44.083526611328125, 29.930395126342773
46.17169189453125, 31.670534133911133
46.17169189453125, 31.670534133911133
46.17169189453125, 31.670534133911133
46.17169189453125, 31.670534133911133
48.14385223388672, 35.15081024169922
38.399070739746094, 47.44779586791992
32.83062744140625, 46.05568313598633
32.83062744140625, 46.05568313598633
33.64269256591797, 44.083526611328125
33.64269256591797, 44.083526611328125
