actor_1,actor_2
67.98143768310547, 86.54292297363281
68.56148529052734, 86.658935546875
66.24130249023438, 83.17865753173828
63.45707702636719, 57.42459487915039
74.36194610595703, 56.49652099609375
77.03015899658203, 47.44779586791992
77.2621841430664, 48.95591735839844
60.672855377197266, 38.86310958862305
53.248260498046875, 35.96287536621094
48.95591735839844, 38.515079498291016
42.227378845214844, 46.40371322631836
42.227378845214844, 46.40371322631836
37.587005615234375, 49.3039436340332
43.9675178527832, 58.004638671875
59.04872512817383, 85.61485290527344
61.252899169921875, 85.49884033203125
59.97679901123047, 81.90254974365234
56.49652099609375, 72.7378158569336
61.71693801879883, 73.43387603759766
61.71693801879883, 73.43387603759766
67.4013900756836, 62.064964294433594
67.86543273925781, 38.16705322265625
63.225059509277344, 32.13457107543945
63.225059509277344, 32.13457107543945
68.3294677734375, 38.05104446411133
71.57772827148438, 40.13920974731445
71.69373321533203, 42.343387603759766
56.728538513183594, 35.49884033203125
50.348026275634766, 32.83062744140625
47.331787109375, 31.438514709472656
47.331787109375, 31.438514709472656
49.3039436340332, 34.22273635864258
49.3039436340332, 34.22273635864258
46.05568313598633, 48.95591735839844
35.730857849121094, 45.47563934326172
35.730857849121094, 45.47563934326172
35.730857849121094, 45.47563934326172
35.730857849121094, 45.47563934326172
37.587005615234375, 49.3039436340332
43.9675178527832, 58.004638671875
53.59628677368164, 74.9419937133789
60.324825286865234, 81.55452728271484
59.97679901123047, 81.90254974365234
56.49652099609375, 72.7378158569336
56.49652099609375, 72.7378158569336
56.49652099609375, 72.7378158569336
56.49652099609375, 72.7378158569336
59.396751403808594, 78.65428924560547
59.396751403808594, 78.65428924560547
65.6612548828125, 79.81438446044922
68.56148529052734, 48.95591735839844
58.46867752075195, 28.886310577392578
58.46867752075195, 28.886310577392578
58.46867752075195, 28.886310577392578
58.46867752075195, 28.886310577392578
