actor_1,actor_2
70.88166809082031, 87.12297058105469
72.50579833984375, 91.29930114746094
70.9976806640625, 88.3990707397461
69.02552032470703, 61.13689041137695
80.04640197753906, 63.45707702636719
83.64269256591797, 55.45243453979492
83.41067504882812, 55.22041702270508
64.2691421508789, 41.2993049621582
57.42459487915039, 38.28306198120117
52.55220413208008, 40.71925735473633
43.38747024536133, 47.099769592285156
43.38747024536133, 47.099769592285156
39.21113586425781, 50.0
45.12760925292969, 57.88862991333008
62.412994384765625, 85.84687042236328
65.19721221923828, 89.55916595458984
64.38514709472656, 86.658935546875
61.02088165283203, 75.75405883789062
66.47332000732422, 77.14617156982422
66.47332000732422, 77.14617156982422
72.50579833984375, 66.00927734375
74.70997619628906, 44.895591735839844
70.53364562988281, 37.819026947021484
70.53364562988281, 37.819026947021484
75.75405883789062, 44.43155288696289
78.77030181884766, 46.6357307434082
78.65428924560547, 46.98375701904297
61.252899169921875, 37.12297058105469
55.45243453979492, 34.57076644897461
51.392112731933594, 32.83062744140625
51.392112731933594, 32.83062744140625
53.3642692565918, 36.31090545654297
53.3642692565918, 36.31090545654297
46.17169189453125, 50.11600875854492
36.774940490722656, 46.51972198486328
36.774940490722656, 46.51972198486328
36.774940490722656, 46.51972198486328
36.774940490722656, 46.51972198486328
39.21113586425781, 50.0
45.12760925292969, 57.88862991333008
56.14849090576172, 75.29002380371094
63.45707702636719, 84.91879272460938
64.38514709472656, 86.658935546875
61.02088165283203, 75.75405883789062
61.02088165283203, 75.75405883789062
61.02088165283203, 75.75405883789062
61.02088165283203, 75.75405883789062
63.57308578491211, 81.90254974365234
63.57308578491211, 81.90254974365234
69.7215805053711, 83.52667999267578
74.24594116210938, 54.75638198852539
65.89327239990234, 33.64269256591797
65.89327239990234, 33.64269256591797
65.89327239990234, 33.64269256591797
65.89327239990234, 33.64269256591797
