actor_1,actor_2
71.46171569824219, 90.37123107910156
74.01392364501953, 91.29930114746094
71.11368560791016, 87.58700561523438
70.41763305664062, 59.97679901123047
79.58236694335938, 59.97679901123047
83.52667999267578, 53.13225173950195
82.01856231689453, 54.6403694152832
62.76102066040039, 42.11137008666992
54.87239074707031, 38.97911834716797
49.3039436340332, 40.95127487182617
43.271461486816406, 48.95591735839844
43.271461486816406, 48.95591735839844
40.603248596191406, 51.160091400146484
46.51972198486328, 59.74477767944336
63.225059509277344, 87.81902313232422
66.58932495117188, 88.51508331298828
64.38514709472656, 84.91879272460938
61.94895553588867, 74.82598876953125
67.98143768310547, 76.91415405273438
67.98143768310547, 76.91415405273438
73.43387603759766, 63.57308578491211
76.21809387207031, 43.38747024536133
71.11368560791016, 36.19489669799805
71.11368560791016, 36.19489669799805
74.9419937133789, 41.87934875488281
78.42227172851562, 44.31554412841797
76.21809387207031, 46.51972198486328
59.86079025268555, 37.47099685668945
53.13225173950195, 35.0348014831543
48.839908599853516, 33.87471008300781
48.839908599853516, 33.87471008300781
50.232017517089844, 37.35498809814453
50.232017517089844, 37.35498809814453
45.70765686035156, 51.62413024902344
37.47099685668945, 47.21577835083008
37.47099685668945, 47.21577835083008
37.47099685668945, 47.21577835083008
37.47099685668945, 47.21577835083008
40.603248596191406, 51.160091400146484
46.51972198486328, 59.74477767944336
58.35266876220703, 78.65428924560547
64.61717224121094, 84.57076263427734
64.38514709472656, 84.91879272460938
61.94895553588867, 74.82598876953125
61.94895553588867, 74.82598876953125
61.94895553588867, 74.82598876953125
61.94895553588867, 74.82598876953125
64.03712463378906, 79.58236694335938
64.03712463378906, 79.58236694335938
70.76566314697266, 82.13456726074219
75.29002380371094, 51.508121490478516
67.51740264892578, 32.48259735107422
67.51740264892578, 32.48259735107422
67.51740264892578, 32.48259735107422
67.51740264892578, 32.48259735107422
