actor_1,actor_2
68.90951538085938, 88.97911834716797
72.04176330566406, 89.90719604492188
68.56148529052734, 87.23897552490234
68.67749786376953, 60.55684280395508
78.88631439208984, 60.55684280395508
83.64269256591797, 54.176334381103516
80.85846710205078, 55.916473388671875
59.74477767944336, 43.271461486816406
50.580047607421875, 40.02320098876953
44.895591735839844, 40.37123107910156
36.54292297363281, 48.607887268066406
36.54292297363281, 48.607887268066406
33.75870132446289, 49.651973724365234
40.37123107910156, 58.35266876220703
58.932716369628906, 86.07888793945312
62.52900314331055, 86.658935546875
59.97679901123047, 83.87471008300781
57.30858612060547, 74.82598876953125
65.08120727539062, 77.49420166015625
65.08120727539062, 77.49420166015625
72.3897933959961, 64.03712463378906
75.17401123046875, 46.28770446777344
70.9976806640625, 39.675174713134766
70.9976806640625, 39.675174713134766
74.70997619628906, 44.19953536987305
78.77030181884766, 46.05568313598633
75.98607635498047, 48.607887268066406
57.30858612060547, 39.09512710571289
49.651973724365234, 36.658931732177734
44.43155288696289, 35.266822814941406
44.43155288696289, 35.266822814941406
45.47563934326172, 38.399070739746094
45.47563934326172, 38.399070739746094
39.675174713134766, 51.508121490478516
30.742460250854492, 46.28770446777344
30.742460250854492, 46.28770446777344
30.742460250854492, 46.28770446777344
30.742460250854492, 46.28770446777344
33.75870132446289, 49.651973724365234
40.37123107910156, 58.35266876220703
53.13225173950195, 76.45011901855469
61.02088165283203, 83.0626449584961
59.97679901123047, 83.87471008300781
57.30858612060547, 74.82598876953125
57.30858612060547, 74.82598876953125
57.30858612060547, 74.82598876953125
57.30858612060547, 74.82598876953125
60.440834045410156, 79.23433685302734
60.440834045410156, 79.23433685302734
68.67749786376953, 82.25057983398438
74.01392364501953, 53.94431686401367
67.63340759277344, 35.846866607666016
67.63340759277344, 35.846866607666016
67.63340759277344, 35.846866607666016
67.63340759277344, 35.846866607666016
