actor_1,actor_2
69.7215805053711, 87.35498809814453
72.7378158569336, 87.47100067138672
68.90951538085938, 84.22274017333984
68.44547271728516, 57.54060363769531
79.23433685302734, 57.07656478881836
84.10672760009766, 50.92807388305664
81.43851470947266, 53.71229553222656
61.02088165283203, 41.87934875488281
51.9721565246582, 38.97911834716797
47.44779586791992, 39.79118347167969
38.747100830078125, 48.607887268066406
38.747100830078125, 48.607887268066406
35.38283157348633, 49.88399124145508
42.343387603759766, 58.004638671875
60.09280776977539, 84.91879272460938
63.80510330200195, 85.03480529785156
60.90487289428711, 81.6705322265625
58.004638671875, 71.92575073242188
65.08120727539062, 73.89791107177734
65.08120727539062, 73.89791107177734
72.04176330566406, 60.55684280395508
75.17401123046875, 42.343387603759766
71.34571075439453, 35.846866607666016
71.34571075439453, 35.846866607666016
75.4060287475586, 40.487239837646484
79.58236694335938, 42.69141387939453
76.91415405273438, 46.40371322631836
58.7006950378418, 37.7030143737793
51.160091400146484, 35.61484909057617
47.099769592285156, 34.338748931884766
47.099769592285156, 34.338748931884766
47.911834716796875, 37.47099685668945
47.911834716796875, 37.47099685668945
42.11137008666992, 50.92807388305664
32.71461868286133, 46.6357307434082
32.71461868286133, 46.6357307434082
32.71461868286133, 46.6357307434082
32.71461868286133, 46.6357307434082
35.38283157348633, 49.88399124145508
42.343387603759766, 58.004638671875
54.75638198852539, 75.4060287475586
61.71693801879883, 81.78654479980469
60.90487289428711, 81.6705322265625
58.004638671875, 71.92575073242188
58.004638671875, 71.92575073242188
58.004638671875, 71.92575073242188
58.004638671875, 71.92575073242188
60.90487289428711, 75.87007141113281
60.90487289428711, 75.87007141113281
68.56148529052734, 78.30626678466797
74.12992858886719, 50.232017517089844
67.63340759277344, 32.250579833984375
67.63340759277344, 32.250579833984375
67.63340759277344, 32.250579833984375
67.63340759277344, 32.250579833984375
