actor_1,actor_2
67.63340759277344, 87.58700561523438
70.18561553955078, 88.28306579589844
66.58932495117188, 84.80278778076172
66.24130249023438, 57.42459487915039
76.79814147949219, 56.0324821472168
80.74246215820312, 49.53596115112305
78.30626678466797, 52.20417785644531
58.23666000366211, 41.415313720703125
49.651973724365234, 38.515079498291016
45.24361801147461, 39.559165954589844
37.47099685668945, 48.25986099243164
37.47099685668945, 48.25986099243164
34.22273635864258, 50.0
40.95127487182617, 57.656612396240234
58.46867752075195, 84.91879272460938
61.252899169921875, 85.96287536621094
58.584686279296875, 82.36659240722656
55.68445587158203, 72.2737808227539
62.87702941894531, 74.36194610595703
62.87702941894531, 74.36194610595703
69.95359802246094, 60.440834045410156
72.3897933959961, 41.067283630371094
68.56148529052734, 34.80278396606445
68.56148529052734, 34.80278396606445
72.50579833984375, 39.327144622802734
76.10208892822266, 41.76333999633789
73.78190612792969, 45.3596305847168
55.916473388671875, 37.35498809814453
48.607887268066406, 35.15081024169922
44.43155288696289, 33.75870132446289
44.43155288696289, 33.75870132446289
45.47563934326172, 36.890953063964844
45.47563934326172, 36.890953063964844
40.487239837646484, 50.580047607421875
31.438514709472656, 46.40371322631836
31.438514709472656, 46.40371322631836
31.438514709472656, 46.40371322631836
31.438514709472656, 46.40371322631836
34.22273635864258, 50.0
40.95127487182617, 57.656612396240234
53.48027801513672, 74.9419937133789
59.74477767944336, 82.25057983398438
58.584686279296875, 82.36659240722656
55.68445587158203, 72.2737808227539
55.68445587158203, 72.2737808227539
55.68445587158203, 72.2737808227539
55.68445587158203, 72.2737808227539
58.7006950378418, 75.87007141113281
58.7006950378418, 75.87007141113281
66.47332000732422, 78.30626678466797
71.69373321533203, 49.651973724365234
65.31322479248047, 31.206497192382812
65.31322479248047, 31.206497192382812
65.31322479248047, 31.206497192382812
65.31322479248047, 31.206497192382812
