actor_1,actor_2
66.12528991699219, 90.83526611328125
67.74942016601562, 92.57540893554688
64.84918975830078, 90.25521850585938
63.80510330200195, 61.600929260253906
73.20185852050781, 60.672855377197266
76.45011901855469, 50.6960563659668
75.52204132080078, 51.508121490478516
54.060325622558594, 40.13920974731445
46.98375701904297, 37.006961822509766
42.69141387939453, 39.09512710571289
37.23897933959961, 49.07192611694336
37.23897933959961, 49.07192611694336
34.45475769042969, 51.04408264160156
40.83526611328125, 60.09280776977539
58.46867752075195, 87.58700561523438
60.90487289428711, 89.3271484375
58.932716369628906, 87.12297058105469
57.30858612060547, 76.3341064453125
62.52900314331055, 78.65428924560547
62.52900314331055, 78.65428924560547
67.98143768310547, 66.00927734375
68.79350280761719, 41.067283630371094
63.45707702636719, 33.178653717041016
63.45707702636719, 33.178653717041016
67.28538513183594, 38.97911834716797
70.64965057373047, 41.18329620361328
70.0696029663086, 42.57540512084961
50.81206512451172, 35.15081024169922
45.59164810180664, 32.3665885925293
42.343387603759766, 31.438514709472656
42.343387603759766, 31.438514709472656
43.50347900390625, 35.15081024169922
43.50347900390625, 35.15081024169922
38.747100830078125, 51.04408264160156
32.83062744140625, 46.98375701904297
32.83062744140625, 46.98375701904297
32.83062744140625, 46.98375701904297
32.83062744140625, 46.98375701904297
34.45475769042969, 51.04408264160156
40.83526611328125, 60.09280776977539
52.78422164916992, 77.37818908691406
59.28074264526367, 86.07888793945312
58.932716369628906, 87.12297058105469
57.30858612060547, 76.3341064453125
57.30858612060547, 76.3341064453125
57.30858612060547, 76.3341064453125
57.30858612060547, 76.3341064453125
59.86079025268555, 81.55452728271484
59.86079025268555, 81.55452728271484
66.35730743408203, 83.64269256591797
69.02552032470703, 52.088165283203125
58.46867752075195, 28.07424545288086
58.46867752075195, 28.07424545288086
58.46867752075195, 28.07424545288086
58.46867752075195, 28.07424545288086
