actor_1,actor_2
74.01392364501953, 92.45939636230469
74.36194610595703, 94.31554412841797
71.80974578857422, 91.29930114746094
69.95359802246094, 61.83294677734375
78.30626678466797, 61.71693801879883
80.3944320678711, 51.392112731933594
80.97447967529297, 53.59628677368164
61.600929260253906, 40.487239837646484
54.29234313964844, 36.890953063964844
49.651973724365234, 39.327144622802734
44.43155288696289, 48.839908599853516
44.43155288696289, 48.839908599853516
42.69141387939453, 50.6960563659668
48.491878509521484, 59.28074264526367
65.19721221923828, 88.63108825683594
66.70533752441406, 90.6032485961914
65.08120727539062, 88.05104064941406
62.87702941894531, 76.68213653564453
69.14153289794922, 79.35034942626953
69.14153289794922, 79.35034942626953
74.36194610595703, 67.16937255859375
73.6658935546875, 42.11137008666992
67.74942016601562, 34.106727600097656
67.74942016601562, 34.106727600097656
70.64965057373047, 39.79118347167969
73.54988098144531, 41.76333999633789
74.12992858886719, 44.77958297729492
57.07656478881836, 35.15081024169922
51.62413024902344, 32.13457107543945
47.911834716796875, 30.858469009399414
47.911834716796875, 30.858469009399414
50.232017517089844, 34.80278396606445
50.232017517089844, 34.80278396606445
47.79582214355469, 51.27610397338867
40.37123107910156, 46.86774826049805
40.37123107910156, 46.86774826049805
40.37123107910156, 46.86774826049805
40.37123107910156, 46.86774826049805
42.69141387939453, 50.6960563659668
48.491878509521484, 59.28074264526367
58.7006950378418, 77.37818908691406
65.77725982666016, 87.81902313232422
65.08120727539062, 88.05104064941406
62.87702941894531, 76.68213653564453
62.87702941894531, 76.68213653564453
62.87702941894531, 76.68213653564453
62.87702941894531, 76.68213653564453
66.00927734375, 83.17865753173828
66.00927734375, 83.17865753173828
73.43387603759766, 85.7308578491211
74.47795867919922, 52.900230407714844
62.993038177490234, 29.466358184814453
62.993038177490234, 29.466358184814453
62.993038177490234, 29.466358184814453
62.993038177490234, 29.466358184814453
