actor_1,actor_2
73.78190612792969, 93.96751403808594
75.4060287475586, 94.08352661132812
72.3897933959961, 90.95127868652344
71.34571075439453, 61.02088165283203
80.2784194946289, 58.004638671875
82.48259735107422, 48.839908599853516
81.32250213623047, 52.55220413208008
59.28074264526367, 41.067283630371094
51.04408264160156, 38.05104446411133
46.17169189453125, 40.37123107910156
40.71925735473633, 48.72389602661133
40.71925735473633, 48.72389602661133
39.675174713134766, 51.04408264160156
46.05568313598633, 60.55684280395508
64.84918975830078, 91.41531372070312
67.98143768310547, 91.53132629394531
65.6612548828125, 88.28306579589844
63.80510330200195, 78.07424926757812
70.18561553955078, 79.46635437011719
70.18561553955078, 79.46635437011719
76.3341064453125, 64.7331771850586
76.3341064453125, 37.935035705566406
70.88166809082031, 30.510440826416016
70.88166809082031, 30.510440826416016
73.6658935546875, 36.54292297363281
77.14617156982422, 39.21113586425781
76.3341064453125, 43.61948776245117
56.38051223754883, 35.38283157348633
48.95591735839844, 32.94663619995117
45.011600494384766, 31.902551651000977
45.011600494384766, 31.902551651000977
46.40371322631836, 36.42691421508789
46.40371322631836, 36.42691421508789
43.85150909423828, 50.6960563659668
36.658931732177734, 46.51972198486328
36.658931732177734, 46.51972198486328
36.658931732177734, 46.51972198486328
36.658931732177734, 46.51972198486328
39.675174713134766, 51.04408264160156
46.05568313598633, 60.55684280395508
58.12065124511719, 80.85846710205078
66.82134246826172, 89.09513092041016
65.6612548828125, 88.28306579589844
63.80510330200195, 78.07424926757812
63.80510330200195, 78.07424926757812
63.80510330200195, 78.07424926757812
63.80510330200195, 78.07424926757812
67.0533676147461, 83.17865753173828
67.0533676147461, 83.17865753173828
74.70997619628906, 84.68677520751953
77.49420166015625, 49.88399124145508
67.51740264892578, 27.26218032836914
67.51740264892578, 27.26218032836914
67.51740264892578, 27.26218032836914
67.51740264892578, 27.26218032836914
