actor_1,actor_2
74.12992858886719, 95.9396743774414
78.30626678466797, 97.09976959228516
75.29002380371094, 94.77957916259766
74.70997619628906, 67.0533676147461
81.09048461914062, 65.77725982666016
82.13456726074219, 54.060325622558594
79.0023193359375, 54.87239074707031
57.54060363769531, 41.995361328125
50.11600875854492, 37.7030143737793
46.05568313598633, 40.25522232055664
41.995361328125, 48.95591735839844
41.995361328125, 48.95591735839844
40.37123107910156, 52.088165283203125
46.6357307434082, 62.52900314331055
66.00927734375, 93.15544891357422
70.30162048339844, 94.19953918457031
67.98143768310547, 92.22737884521484
66.24130249023438, 82.5986099243164
72.96984100341797, 84.10672760009766
72.96984100341797, 84.10672760009766
79.0023193359375, 73.08584594726562
77.03015899658203, 45.3596305847168
72.3897933959961, 37.935035705566406
72.3897933959961, 37.935035705566406
74.82598876953125, 43.73550033569336
77.03015899658203, 45.47563934326172
74.24594116210938, 46.51972198486328
55.104408264160156, 36.890953063964844
48.72389602661133, 33.062644958496094
44.083526611328125, 32.01856231689453
44.083526611328125, 32.01856231689453
45.12760925292969, 35.61484909057617
45.12760925292969, 35.61484909057617
44.19953536987305, 51.9721565246582
36.890953063964844, 47.331787109375
36.890953063964844, 47.331787109375
36.890953063964844, 47.331787109375
36.890953063964844, 47.331787109375
40.37123107910156, 52.088165283203125
46.6357307434082, 62.52900314331055
59.396751403808594, 82.25057983398438
69.25753784179688, 92.57540893554688
67.98143768310547, 92.22737884521484
66.24130249023438, 82.5986099243164
66.24130249023438, 82.5986099243164
66.24130249023438, 82.5986099243164
66.24130249023438, 82.5986099243164
69.25753784179688, 89.79118347167969
69.25753784179688, 89.79118347167969
76.91415405273438, 92.11136627197266
78.42227172851562, 57.88862991333008
69.14153289794922, 33.990718841552734
69.14153289794922, 33.990718841552734
69.14153289794922, 33.990718841552734
69.14153289794922, 33.990718841552734
