actor_1,actor_2
72.7378158569336, 95.82366943359375
76.3341064453125, 94.77957916259766
74.24594116210938, 91.53132629394531
74.82598876953125, 66.24130249023438
82.83062744140625, 66.58932495117188
84.10672760009766, 56.26449966430664
81.20649719238281, 57.88862991333008
61.13689041137695, 44.895591735839844
52.20417785644531, 39.675174713134766
47.563804626464844, 43.03944396972656
41.067283630371094, 52.088165283203125
41.067283630371094, 52.088165283203125
40.13920974731445, 55.104408264160156
47.679813385009766, 66.00927734375
66.70533752441406, 93.61949157714844
69.83758544921875, 92.80742645263672
67.86543273925781, 90.02320098876953
66.70533752441406, 81.09048461914062
72.62181091308594, 81.43851470947266
72.62181091308594, 81.43851470947266
80.3944320678711, 70.9976806640625
80.16241455078125, 46.05568313598633
76.45011901855469, 37.7030143737793
76.45011901855469, 37.7030143737793
77.7262191772461, 44.43155288696289
79.9303970336914, 46.751739501953125
76.91415405273438, 48.839908599853516
58.584686279296875, 39.327144622802734
50.81206512451172, 34.80278396606445
46.28770446777344, 33.41067123413086
46.28770446777344, 33.41067123413086
47.331787109375, 37.23897933959961
47.331787109375, 37.23897933959961
44.43155288696289, 55.56844711303711
37.23897933959961, 51.160091400146484
37.23897933959961, 51.160091400146484
37.23897933959961, 51.160091400146484
37.23897933959961, 51.160091400146484
40.13920974731445, 55.104408264160156
47.679813385009766, 66.00927734375
60.55684280395508, 83.99072265625
68.67749786376953, 91.76334381103516
67.86543273925781, 90.02320098876953
66.70533752441406, 81.09048461914062
66.70533752441406, 81.09048461914062
66.70533752441406, 81.09048461914062
66.70533752441406, 81.09048461914062
70.88166809082031, 86.89095306396484
70.88166809082031, 86.89095306396484
77.84222412109375, 87.81902313232422
80.97447967529297, 57.54060363769531
74.36194610595703, 34.57076644897461
74.36194610595703, 34.57076644897461
74.36194610595703, 34.57076644897461
74.36194610595703, 34.57076644897461
