actor_1,actor_2
73.31786346435547, 95.12760925292969
76.79814147949219, 93.96751403808594
74.47795867919922, 91.18329620361328
74.70997619628906, 65.31322479248047
82.71461486816406, 65.89327239990234
84.22274017333984, 54.988399505615234
81.55452728271484, 56.728538513183594
61.600929260253906, 44.54756546020508
52.900230407714844, 39.79118347167969
48.607887268066406, 43.38747024536133
42.11137008666992, 52.900230407714844
42.11137008666992, 52.900230407714844
41.067283630371094, 56.0324821472168
48.491878509521484, 66.58932495117188
67.28538513183594, 93.2714614868164
70.41763305664062, 92.3433837890625
68.21345520019531, 90.02320098876953
66.82134246826172, 80.97447967529297
72.62181091308594, 80.97447967529297
72.62181091308594, 80.97447967529297
80.16241455078125, 70.18561553955078
79.9303970336914, 44.895591735839844
76.3341064453125, 36.31090545654297
76.3341064453125, 36.31090545654297
77.7262191772461, 43.155452728271484
80.04640197753906, 45.3596305847168
77.2621841430664, 47.79582214355469
58.932716369628906, 39.21113586425781
51.392112731933594, 35.0348014831543
46.98375701904297, 33.52668380737305
46.98375701904297, 33.52668380737305
48.25986099243164, 37.23897933959961
48.25986099243164, 37.23897933959961
45.47563934326172, 56.14849090576172
38.28306198120117, 51.9721565246582
38.28306198120117, 51.9721565246582
38.28306198120117, 51.9721565246582
38.28306198120117, 51.9721565246582
41.067283630371094, 56.0324821472168
48.491878509521484, 66.58932495117188
61.13689041137695, 84.10672760009766
69.37355041503906, 91.29930114746094
68.21345520019531, 90.02320098876953
66.82134246826172, 80.97447967529297
66.82134246826172, 80.97447967529297
66.82134246826172, 80.97447967529297
66.82134246826172, 80.97447967529297
70.9976806640625, 87.12297058105469
70.9976806640625, 87.12297058105469
77.7262191772461, 87.58700561523438
80.74246215820312, 56.728538513183594
73.89791107177734, 32.94663619995117
73.89791107177734, 32.94663619995117
73.89791107177734, 32.94663619995117
73.89791107177734, 32.94663619995117
