actor_1,actor_2
70.64965057373047, 92.80742645263672
74.82598876953125, 92.57540893554688
72.62181091308594, 90.02320098876953
72.85382843017578, 64.50115966796875
81.20649719238281, 65.08120727539062
82.71461486816406, 54.176334381103516
79.46635437011719, 55.33642578125
58.12065124511719, 42.45939636230469
48.95591735839844, 37.819026947021484
44.43155288696289, 41.415313720703125
37.7030143737793, 50.232017517089844
37.7030143737793, 50.232017517089844
36.658931732177734, 52.320186614990234
44.43155288696289, 62.87702941894531
64.38514709472656, 90.37123107910156
68.21345520019531, 90.25521850585938
66.12528991699219, 88.16705322265625
64.84918975830078, 79.46635437011719
70.76566314697266, 80.04640197753906
70.76566314697266, 80.04640197753906
78.42227172851562, 69.48955535888672
78.53828430175781, 44.31554412841797
75.0580062866211, 35.730857849121094
75.0580062866211, 35.730857849121094
76.45011901855469, 42.45939636230469
78.65428924560547, 44.54756546020508
75.4060287475586, 46.51972198486328
55.80046463012695, 37.35498809814453
47.911834716796875, 33.29466247558594
43.50347900390625, 32.13457107543945
43.50347900390625, 32.13457107543945
44.31554412841797, 35.61484909057617
44.31554412841797, 35.61484909057617
40.95127487182617, 53.71229553222656
33.990718841552734, 48.72389602661133
33.990718841552734, 48.72389602661133
33.990718841552734, 48.72389602661133
33.990718841552734, 48.72389602661133
36.658931732177734, 52.320186614990234
44.43155288696289, 62.87702941894531
57.656612396240234, 80.74246215820312
66.9373550415039, 88.86310577392578
66.12528991699219, 88.16705322265625
64.84918975830078, 79.46635437011719
64.84918975830078, 79.46635437011719
64.84918975830078, 79.46635437011719
64.84918975830078, 79.46635437011719
69.14153289794922, 85.61485290527344
69.14153289794922, 85.61485290527344
75.98607635498047, 86.77494049072266
79.23433685302734, 56.0324821472168
72.85382843017578, 32.3665885925293
72.85382843017578, 32.3665885925293
72.85382843017578, 32.3665885925293
72.85382843017578, 32.3665885925293
