actor_1,actor_2
72.7378158569336, 92.45939636230469
75.0580062866211, 92.11136627197266
73.89791107177734, 88.97911834716797
72.96984100341797, 63.341068267822266
79.9303970336914, 61.600929260253906
82.01856231689453, 50.580047607421875
79.9303970336914, 53.01624298095703
60.55684280395508, 42.92343521118164
52.436195373535156, 38.6310920715332
48.0278434753418, 43.03944396972656
42.92343521118164, 51.74013900756836
42.92343521118164, 51.74013900756836
41.87934875488281, 53.59628677368164
49.07192611694336, 63.921112060546875
67.0533676147461, 90.95127868652344
69.6055679321289, 90.7192611694336
68.79350280761719, 87.70301818847656
67.0533676147461, 79.0023193359375
71.69373321533203, 79.46635437011719
71.69373321533203, 79.46635437011719
78.30626678466797, 68.09745025634766
77.03015899658203, 41.53132247924805
73.43387603759766, 33.178653717041016
73.43387603759766, 33.178653717041016
75.52204132080078, 38.515079498291016
78.30626678466797, 41.18329620361328
75.98607635498047, 43.85150909423828
58.23666000366211, 36.890953063964844
50.580047607421875, 33.178653717041016
46.28770446777344, 32.94663619995117
46.28770446777344, 32.94663619995117
47.79582214355469, 37.587005615234375
47.79582214355469, 37.587005615234375
46.751739501953125, 55.104408264160156
39.559165954589844, 50.46403884887695
39.559165954589844, 50.46403884887695
39.559165954589844, 50.46403884887695
39.559165954589844, 50.46403884887695
41.87934875488281, 53.59628677368164
49.07192611694336, 63.921112060546875
60.440834045410156, 80.85846710205078
68.90951538085938, 88.86310577392578
68.79350280761719, 87.70301818847656
67.0533676147461, 79.0023193359375
67.0533676147461, 79.0023193359375
67.0533676147461, 79.0023193359375
67.0533676147461, 79.0023193359375
70.76566314697266, 84.22274017333984
70.76566314697266, 84.22274017333984
77.14617156982422, 85.49884033203125
77.7262191772461, 54.176334381103516
70.76566314697266, 30.162412643432617
70.76566314697266, 30.162412643432617
70.76566314697266, 30.162412643432617
70.76566314697266, 30.162412643432617
