actor_1,actor_2
71.80974578857422, 95.82366943359375
75.87007141113281, 97.09976959228516
73.89791107177734, 93.7354965209961
73.78190612792969, 68.21345520019531
81.32250213623047, 68.09745025634766
83.0626449584961, 58.004638671875
79.46635437011719, 59.62876892089844
61.71693801879883, 47.21577835083008
53.71229553222656, 41.995361328125
48.491878509521484, 45.011600494384766
44.31554412841797, 53.94431686401367
44.31554412841797, 53.94431686401367
43.50347900390625, 57.30858612060547
50.11600875854492, 66.58932495117188
66.12528991699219, 94.08352661132812
69.83758544921875, 95.24362182617188
67.98143768310547, 91.87934875488281
65.89327239990234, 82.5986099243164
71.22969818115234, 83.41067504882812
71.22969818115234, 83.41067504882812
78.53828430175781, 74.01392364501953
77.14617156982422, 47.44779586791992
72.62181091308594, 38.28306198120117
72.62181091308594, 38.28306198120117
74.9419937133789, 44.895591735839844
77.95823669433594, 47.679813385009766
74.47795867919922, 50.0
59.16473388671875, 40.95127487182617
51.62413024902344, 36.774940490722656
46.40371322631836, 35.61484909057617
46.40371322631836, 35.61484909057617
47.911834716796875, 39.90719223022461
47.911834716796875, 39.90719223022461
46.86774826049805, 57.772621154785156
41.18329620361328, 52.668212890625
41.18329620361328, 52.668212890625
41.18329620361328, 52.668212890625
41.18329620361328, 52.668212890625
43.50347900390625, 57.30858612060547
50.11600875854492, 66.58932495117188
61.02088165283203, 83.41067504882812
68.67749786376953, 92.92343139648438
67.98143768310547, 91.87934875488281
65.89327239990234, 82.5986099243164
65.89327239990234, 82.5986099243164
65.89327239990234, 82.5986099243164
65.89327239990234, 82.5986099243164
69.48955535888672, 89.21113586425781
69.48955535888672, 89.21113586425781
75.98607635498047, 90.48723602294922
78.65428924560547, 59.396751403808594
69.83758544921875, 35.266822814941406
69.83758544921875, 35.266822814941406
69.83758544921875, 35.266822814941406
69.83758544921875, 35.266822814941406
