actor_1,actor_2
72.96984100341797, 94.54756164550781
76.91415405273438, 91.995361328125
74.47795867919922, 89.09513092041016
74.01392364501953, 62.87702941894531
82.13456726074219, 66.35730743408203
84.91879272460938, 55.33642578125
81.78654479980469, 58.23666000366211
63.57308578491211, 43.73550033569336
54.52436065673828, 38.86310958862305
48.14385223388672, 41.415313720703125
42.343387603759766, 51.160091400146484
42.343387603759766, 51.160091400146484
39.79118347167969, 53.71229553222656
47.331787109375, 63.68909454345703
64.7331771850586, 92.57540893554688
69.02552032470703, 89.55916595458984
66.9373550415039, 86.42691040039062
65.31322479248047, 76.10208892822266
72.15777587890625, 77.84222412109375
72.15777587890625, 77.84222412109375
78.42227172851562, 68.90951538085938
78.65428924560547, 44.66357421875
75.0580062866211, 36.078887939453125
75.0580062866211, 36.078887939453125
77.7262191772461, 43.50347900390625
81.20649719238281, 45.3596305847168
77.84222412109375, 49.53596115112305
61.13689041137695, 38.97911834716797
53.01624298095703, 35.15081024169922
47.911834716796875, 33.52668380737305
47.911834716796875, 33.52668380737305
48.95591735839844, 36.54292297363281
48.95591735839844, 36.54292297363281
45.12760925292969, 54.176334381103516
36.890953063964844, 49.651973724365234
36.890953063964844, 49.651973724365234
36.890953063964844, 49.651973724365234
36.890953063964844, 49.651973724365234
39.79118347167969, 53.71229553222656
47.331787109375, 63.68909454345703
58.23666000366211, 82.13456726074219
67.86543273925781, 88.74710083007812
66.9373550415039, 86.42691040039062
65.31322479248047, 76.10208892822266
65.31322479248047, 76.10208892822266
65.31322479248047, 76.10208892822266
65.31322479248047, 76.10208892822266
69.48955535888672, 82.9466323852539
69.48955535888672, 82.9466323852539
76.68213653564453, 85.03480529785156
79.58236694335938, 56.61252975463867
72.15777587890625, 33.062644958496094
72.15777587890625, 33.062644958496094
72.15777587890625, 33.062644958496094
72.15777587890625, 33.062644958496094
