actor_1,actor_2
71.80974578857422, 93.96751403808594
75.75405883789062, 91.29930114746094
73.20185852050781, 88.28306579589844
72.7378158569336, 61.94895553588867
80.62644958496094, 65.42923736572266
83.41067504882812, 54.52436065673828
80.2784194946289, 57.42459487915039
62.180973052978516, 42.92343521118164
53.13225173950195, 38.16705322265625
46.751739501953125, 40.83526611328125
41.18329620361328, 50.580047607421875
41.18329620361328, 50.580047607421875
38.747100830078125, 53.3642692565918
46.28770446777344, 63.341068267822266
63.68909454345703, 92.22737884521484
67.86543273925781, 89.09513092041016
65.77725982666016, 85.84687042236328
64.15312957763672, 75.52204132080078
70.88166809082031, 77.03015899658203
70.88166809082031, 77.03015899658203
77.03015899658203, 67.86543273925781
77.03015899658203, 43.73550033569336
73.20185852050781, 35.266822814941406
73.20185852050781, 35.266822814941406
75.87007141113281, 42.69141387939453
79.46635437011719, 44.66357421875
76.10208892822266, 48.839908599853516
59.74477767944336, 38.28306198120117
51.62413024902344, 34.57076644897461
46.51972198486328, 32.94663619995117
46.51972198486328, 32.94663619995117
47.563804626464844, 35.846866607666016
47.563804626464844, 35.846866607666016
43.85150909423828, 53.59628677368164
35.846866607666016, 49.3039436340332
35.846866607666016, 49.3039436340332
35.846866607666016, 49.3039436340332
35.846866607666016, 49.3039436340332
38.747100830078125, 53.3642692565918
46.28770446777344, 63.341068267822266
57.07656478881836, 81.78654479980469
66.82134246826172, 88.3990707397461
65.77725982666016, 85.84687042236328
64.15312957763672, 75.52204132080078
64.15312957763672, 75.52204132080078
64.15312957763672, 75.52204132080078
64.15312957763672, 75.52204132080078
68.3294677734375, 82.36659240722656
68.3294677734375, 82.36659240722656
75.29002380371094, 84.22274017333984
78.07424926757812, 55.68445587158203
70.41763305664062, 32.13457107543945
70.41763305664062, 32.13457107543945
70.41763305664062, 32.13457107543945
70.41763305664062, 32.13457107543945
