actor_1,actor_2
75.17401123046875, 93.50347900390625
76.79814147949219, 92.57540893554688
73.31786346435547, 89.6751708984375
72.62181091308594, 62.064964294433594
80.16241455078125, 62.993038177490234
82.9466323852539, 52.668212890625
82.13456726074219, 56.0324821472168
64.03712463378906, 42.227378845214844
56.0324821472168, 37.819026947021484
51.27610397338867, 40.25522232055664
46.05568313598633, 50.348026275634766
46.05568313598633, 50.348026275634766
43.38747024536133, 54.29234313964844
50.11600875854492, 62.76102066040039
67.16937255859375, 92.80742645263672
69.25753784179688, 91.29930114746094
66.47332000732422, 88.3990707397461
64.38514709472656, 77.2621841430664
70.53364562988281, 78.07424926757812
70.53364562988281, 78.07424926757812
76.91415405273438, 67.0533676147461
75.98607635498047, 41.995361328125
72.85382843017578, 33.29466247558594
72.85382843017578, 33.29466247558594
75.52204132080078, 40.25522232055664
79.35034942626953, 42.45939636230469
77.95823669433594, 46.51972198486328
61.71693801879883, 36.890953063964844
54.52436065673828, 33.75870132446289
50.11600875854492, 32.3665885925293
50.11600875854492, 32.3665885925293
51.04408264160156, 35.846866607666016
51.04408264160156, 35.846866607666016
48.491878509521484, 53.94431686401367
40.487239837646484, 50.0
40.487239837646484, 50.0
40.487239837646484, 50.0
40.487239837646484, 50.0
43.38747024536133, 54.29234313964844
50.11600875854492, 62.76102066040039
61.02088165283203, 81.78654479980469
68.21345520019531, 90.7192611694336
66.47332000732422, 88.3990707397461
64.38514709472656, 77.2621841430664
64.38514709472656, 77.2621841430664
64.38514709472656, 77.2621841430664
64.38514709472656, 77.2621841430664
67.74942016601562, 83.64269256591797
67.74942016601562, 83.64269256591797
74.9419937133789, 84.57076263427734
77.14617156982422, 54.176334381103516
70.30162048339844, 30.626449584960938
70.30162048339844, 30.626449584960938
70.30162048339844, 30.626449584960938
70.30162048339844, 30.626449584960938
