actor_1,actor_2
74.47795867919922, 93.96751403808594
77.7262191772461, 94.54756164550781
74.47795867919922, 91.41531372070312
73.6658935546875, 63.57308578491211
82.01856231689453, 64.7331771850586
84.3387451171875, 54.52436065673828
81.90254974365234, 56.96055603027344
63.341068267822266, 42.80742645263672
54.988399505615234, 38.16705322265625
50.11600875854492, 39.79118347167969
45.12760925292969, 49.3039436340332
45.12760925292969, 49.3039436340332
42.80742645263672, 53.59628677368164
49.651973724365234, 61.71693801879883
66.9373550415039, 93.03944396972656
70.41763305664062, 93.03944396972656
67.86543273925781, 89.90719604492188
66.12528991699219, 78.30626678466797
71.92575073242188, 79.35034942626953
71.92575073242188, 79.35034942626953
77.95823669433594, 68.90951538085938
77.7262191772461, 43.50347900390625
74.5939712524414, 34.68677520751953
74.5939712524414, 34.68677520751953
77.37818908691406, 41.76333999633789
80.85846710205078, 44.083526611328125
78.07424926757812, 47.331787109375
61.252899169921875, 37.35498809814453
53.59628677368164, 33.75870132446289
48.839908599853516, 32.3665885925293
48.839908599853516, 32.3665885925293
49.651973724365234, 35.96287536621094
49.651973724365234, 35.96287536621094
47.44779586791992, 52.668212890625
39.79118347167969, 48.95591735839844
39.79118347167969, 48.95591735839844
39.79118347167969, 48.95591735839844
39.79118347167969, 48.95591735839844
42.80742645263672, 53.59628677368164
49.651973724365234, 61.71693801879883
60.78886413574219, 81.78654479980469
69.02552032470703, 92.11136627197266
67.86543273925781, 89.90719604492188
66.12528991699219, 78.30626678466797
66.12528991699219, 78.30626678466797
66.12528991699219, 78.30626678466797
66.12528991699219, 78.30626678466797
69.6055679321289, 84.80278778076172
69.6055679321289, 84.80278778076172
76.3341064453125, 86.19489288330078
78.88631439208984, 55.80046463012695
71.92575073242188, 32.48259735107422
71.92575073242188, 32.48259735107422
71.92575073242188, 32.48259735107422
71.92575073242188, 32.48259735107422
