actor_1,actor_2
71.34571075439453, 97.331787109375
74.82598876953125, 96.28770446777344
72.15777587890625, 92.22737884521484
71.22969818115234, 65.31322479248047
80.51044464111328, 61.94895553588867
85.03480529785156, 52.900230407714844
82.01856231689453, 56.0324821472168
65.31322479248047, 44.19953536987305
56.0324821472168, 39.79118347167969
50.6960563659668, 43.271461486816406
44.895591735839844, 54.988399505615234
44.895591735839844, 54.988399505615234
43.03944396972656, 58.932716369628906
50.46403884887695, 68.3294677734375
65.19721221923828, 96.17169189453125
68.79350280761719, 95.12760925292969
66.47332000732422, 91.18329620361328
65.42923736572266, 82.13456726074219
70.18561553955078, 82.71461486816406
70.18561553955078, 82.71461486816406
75.98607635498047, 69.83758544921875
79.35034942626953, 42.343387603759766
78.07424926757812, 33.41067123413086
78.07424926757812, 33.41067123413086
80.2784194946289, 39.79118347167969
83.52667999267578, 43.155452728271484
79.9303970336914, 46.86774826049805
63.921112060546875, 38.6310920715332
55.45243453979492, 35.266822814941406
51.62413024902344, 34.338748931884766
51.62413024902344, 34.338748931884766
51.392112731933594, 38.28306198120117
51.392112731933594, 38.28306198120117
46.98375701904297, 57.42459487915039
40.71925735473633, 54.29234313964844
40.71925735473633, 54.29234313964844
40.71925735473633, 54.29234313964844
40.71925735473633, 54.29234313964844
43.03944396972656, 58.932716369628906
50.46403884887695, 68.3294677734375
59.04872512817383, 85.61485290527344
67.16937255859375, 94.31554412841797
66.47332000732422, 91.18329620361328
65.42923736572266, 82.13456726074219
65.42923736572266, 82.13456726074219
65.42923736572266, 82.13456726074219
65.42923736572266, 82.13456726074219
69.14153289794922, 86.89095306396484
69.14153289794922, 86.89095306396484
74.5939712524414, 88.05104064941406
78.07424926757812, 54.29234313964844
74.82598876953125, 30.27842140197754
74.82598876953125, 30.27842140197754
74.82598876953125, 30.27842140197754
74.82598876953125, 30.27842140197754
