{"score": 113.6, "_timestamp": 1709014737.0181959, "_runtime": 174.57100892066956, "_step": 0, "_wandb": {"runtime": 173}}