{"score": 9.32, "_timestamp": 1709127762.0354264, "_runtime": 181.55291748046875, "_step": 0, "_wandb": {"runtime": 180}}