{"score": 9.31, "_timestamp": 1707329703.0907114, "_runtime": 501.40330028533936, "_step": 0, "_wandb": {"runtime": 500}}