{"score": 72.42149999999998, "_timestamp": 1709094119.4322143, "_runtime": 1316.645916223526, "_step": 0, "_wandb": {"runtime": 1315}}