{"score": 500.0, "_timestamp": 1709003594.413759, "_runtime": 643.1967420578003, "_step": 0, "_wandb": {"runtime": 642}}