{"score": 301.0, "_timestamp": 1709006729.7310617, "_runtime": 199.46032977104187, "_step": 0, "_wandb": {"runtime": 198}}