{"score": 9.31, "_timestamp": 1709131569.9215658, "_runtime": 61.151259660720825, "_step": 0, "_wandb": {"runtime": 60}}