{"score": 9.31, "_timestamp": 1709092790.47564, "_runtime": 19.202306032180786, "_step": 0, "_wandb": {"runtime": 18}}