{"score": 9.31909090909091, "_timestamp": 1709078695.7737052, "_runtime": 68.78782534599304, "_step": 0, "_wandb": {"runtime": 68}}