{"score": 389.15, "_timestamp": 1709026545.7631552, "_runtime": 283.69054412841797, "_step": 0, "_wandb": {"runtime": 283}}