{"score": 9.31, "_timestamp": 1707327540.7071297, "_runtime": 575.6899936199188, "_step": 0, "_wandb": {"runtime": 574}}