{"score": 249.75, "_timestamp": 1709000764.5859246, "_runtime": 226.29494166374207, "_step": 0, "_wandb": {"runtime": 225}}