actor_1,actor_2
53.050140380859375, 53.16156005859375
52.604454040527344, 52.27019500732422
53.050140380859375, 53.16156005859375
52.604454040527344, 52.27019500732422
53.050140380859375, 53.16156005859375
52.604454040527344, 52.27019500732422
53.050140380859375, 52.381614685058594
52.49303436279297, 53.607242584228516
53.050140380859375, 53.16156005859375
52.604454040527344, 52.27019500732422
53.050140380859375, 53.16156005859375
52.604454040527344, 52.27019500732422
53.272979736328125, 50.487464904785156
53.3843994140625, 53.050140380859375
52.27019500732422, 52.715877532958984
52.27019500732422, 53.83008575439453
53.272979736328125, 50.487464904785156
52.27019500732422, 53.83008575439453
51.49024963378906, 48.25905227661133
49.48468017578125, 49.930362701416016
51.49024963378906, 48.25905227661133
49.48468017578125, 49.930362701416016
51.49024963378906, 48.25905227661133
49.48468017578125, 49.930362701416016
50.153202056884766, 46.92200469970703
49.48468017578125, 49.930362701416016
50.153202056884766, 46.92200469970703
49.48468017578125, 49.930362701416016
50.153202056884766, 46.92200469970703
49.48468017578125, 49.930362701416016
50.153202056884766, 46.92200469970703
49.48468017578125, 49.930362701416016
49.48468017578125, 49.930362701416016
50.153202056884766, 46.92200469970703
