actor_1,actor_2
53.83008575439453, 52.938720703125
58.73258972167969, 55.835655212402344
61.072425842285156, 58.62117004394531
57.395545959472656, 54.387184143066406
59.06685256958008, 58.50975036621094
59.06685256958008, 58.50975036621094
59.06685256958008, 58.50975036621094
48.92757797241211, 49.70751953125
