actor_1,actor_2
53.16156005859375, 51.71309280395508
49.70751953125, 51.15599060058594
53.16156005859375, 51.71309280395508
49.70751953125, 51.15599060058594
53.16156005859375, 51.71309280395508
49.70751953125, 51.15599060058594
51.60166931152344, 48.81615447998047
49.70751953125, 51.15599060058594
49.15041732788086, 46.92200469970703
48.14763259887695, 47.92478942871094
45.250694274902344, 48.481895446777344
48.14763259887695, 47.92478942871094
45.250694274902344, 48.481895446777344
48.14763259887695, 47.92478942871094
45.250694274902344, 48.481895446777344
48.14763259887695, 47.92478942871094
45.250694274902344, 48.481895446777344
48.14763259887695, 47.92478942871094
45.250694274902344, 48.481895446777344
