actor_1,actor_2
51.26741027832031, 51.37882995605469
51.04457092285156, 50.04178237915039
51.26741027832031, 51.37882995605469
51.04457092285156, 50.04178237915039
51.26741027832031, 51.37882995605469
51.04457092285156, 50.04178237915039
50.487464904785156, 49.818939208984375
49.70751953125, 50.264625549316406
51.26741027832031, 51.37882995605469
51.04457092285156, 50.04178237915039
51.26741027832031, 51.37882995605469
51.04457092285156, 50.04178237915039
51.04457092285156, 48.59331512451172
50.710304260253906, 52.49303436279297
51.04457092285156, 48.59331512451172
50.487464904785156, 51.49024963378906
51.04457092285156, 48.59331512451172
50.487464904785156, 51.49024963378906
51.04457092285156, 48.59331512451172
50.487464904785156, 51.49024963378906
48.704734802246094, 46.36490249633789
48.37047576904297, 47.59053039550781
45.80780029296875, 48.03621292114258
48.37047576904297, 47.59053039550781
45.80780029296875, 48.03621292114258
48.37047576904297, 47.59053039550781
45.80780029296875, 48.03621292114258
48.37047576904297, 47.59053039550781
45.80780029296875, 48.03621292114258
48.37047576904297, 47.59053039550781
45.80780029296875, 48.03621292114258
