actor_1,actor_2
52.381614685058594, 51.82451248168945
50.93314743041992, 50.82172775268555
48.59331512451172, 50.710304260253906
50.93314743041992, 50.82172775268555
48.59331512451172, 50.710304260253906
48.92757797241211, 47.59053039550781
46.92200469970703, 47.81336975097656
48.92757797241211, 47.59053039550781
46.92200469970703, 47.81336975097656
48.92757797241211, 47.59053039550781
46.92200469970703, 47.81336975097656
48.92757797241211, 47.59053039550781
46.92200469970703, 47.81336975097656
48.92757797241211, 47.59053039550781
46.92200469970703, 47.81336975097656
48.92757797241211, 47.59053039550781
