actor_1,actor_2
51.15599060058594, 50.82172775268555
49.48468017578125, 51.15599060058594
51.15599060058594, 50.82172775268555
49.48468017578125, 51.15599060058594
51.15599060058594, 50.82172775268555
49.48468017578125, 51.15599060058594
50.710304260253906, 48.37047576904297
49.48468017578125, 51.15599060058594
47.25626754760742, 46.810585021972656
47.70195007324219, 46.92200469970703
43.57938766479492, 46.810585021972656
47.70195007324219, 46.92200469970703
43.57938766479492, 46.810585021972656
47.70195007324219, 46.92200469970703
43.57938766479492, 46.810585021972656
47.70195007324219, 46.92200469970703
43.57938766479492, 46.810585021972656
47.70195007324219, 46.92200469970703
43.57938766479492, 46.810585021972656
