actor_1,actor_2
52.27019500732422, 51.935935974121094
50.93314743041992, 51.15599060058594
52.27019500732422, 51.935935974121094
50.93314743041992, 51.15599060058594
52.27019500732422, 51.935935974121094
50.93314743041992, 51.15599060058594
50.487464904785156, 49.818939208984375
50.93314743041992, 51.15599060058594
48.704734802246094, 46.810585021972656
49.038997650146484, 47.59053039550781
45.919219970703125, 47.92478942871094
49.038997650146484, 47.59053039550781
45.919219970703125, 47.92478942871094
49.038997650146484, 47.59053039550781
45.919219970703125, 47.92478942871094
49.038997650146484, 47.59053039550781
45.919219970703125, 47.92478942871094
49.038997650146484, 47.59053039550781
45.919219970703125, 47.92478942871094
