actor_1,actor_2
50.37604522705078, 50.82172775268555
50.264625549316406, 49.930362701416016
50.37604522705078, 50.82172775268555
50.264625549316406, 49.930362701416016
50.37604522705078, 50.82172775268555
50.264625549316406, 49.930362701416016
49.2618408203125, 49.15041732788086
48.14763259887695, 50.264625549316406
50.37604522705078, 50.82172775268555
50.264625549316406, 49.930362701416016
50.37604522705078, 50.82172775268555
50.264625549316406, 49.930362701416016
49.930362701416016, 50.04178237915039
50.487464904785156, 49.48468017578125
48.03621292114258, 47.92478942871094
49.818939208984375, 49.818939208984375
47.59053039550781, 48.25905227661133
49.373260498046875, 50.264625549316406
49.930362701416016, 50.04178237915039
50.264625549316406, 49.930362701416016
49.930362701416016, 50.04178237915039
50.264625549316406, 49.930362701416016
49.596099853515625, 49.2618408203125
49.818939208984375, 49.818939208984375
45.362117767333984, 46.587745666503906
47.033424377441406, 47.81336975097656
47.47911071777344, 47.70195007324219
45.80780029296875, 45.919219970703125
46.36490249633789, 45.362117767333984
44.6935920715332, 46.0306396484375
46.810585021972656, 45.696380615234375
46.253482818603516, 47.59053039550781
46.810585021972656, 45.696380615234375
46.810585021972656, 47.3676872253418
46.810585021972656, 45.696380615234375
46.810585021972656, 47.3676872253418
46.36490249633789, 46.0306396484375
46.810585021972656, 47.3676872253418
46.36490249633789, 46.0306396484375
47.033424377441406, 45.47353744506836
46.69916534423828, 47.3676872253418
47.033424377441406, 45.47353744506836
46.69916534423828, 47.3676872253418
47.033424377441406, 45.47353744506836
46.69916534423828, 47.3676872253418
47.033424377441406, 45.47353744506836
46.69916534423828, 47.3676872253418
47.033424377441406, 45.47353744506836
46.69916534423828, 47.3676872253418
