actor_1,actor_2
52.381614685058594, 49.930362701416016
50.264625549316406, 51.15599060058594
52.381614685058594, 49.930362701416016
50.264625549316406, 51.15599060058594
52.381614685058594, 49.930362701416016
50.264625549316406, 51.15599060058594
51.49024963378906, 49.373260498046875
50.264625549316406, 51.15599060058594
49.48468017578125, 47.033424377441406
48.481895446777344, 47.81336975097656
46.92200469970703, 47.92478942871094
48.481895446777344, 47.81336975097656
46.92200469970703, 47.92478942871094
48.481895446777344, 47.81336975097656
46.92200469970703, 47.92478942871094
48.481895446777344, 47.81336975097656
46.92200469970703, 47.92478942871094
48.481895446777344, 47.81336975097656
46.92200469970703, 47.92478942871094
