actor_1,actor_2
50.82172775268555, 49.818939208984375
48.03621292114258, 50.59888458251953
50.82172775268555, 49.818939208984375
48.03621292114258, 50.59888458251953
50.82172775268555, 49.818939208984375
48.03621292114258, 50.59888458251953
49.818939208984375, 46.810585021972656
48.03621292114258, 50.59888458251953
47.14484786987305, 44.805015563964844
45.696380615234375, 47.3676872253418
47.14484786987305, 44.805015563964844
45.696380615234375, 47.3676872253418
47.14484786987305, 44.805015563964844
45.696380615234375, 47.3676872253418
47.14484786987305, 44.805015563964844
45.696380615234375, 47.3676872253418
46.476322174072266, 44.58217239379883
45.696380615234375, 47.3676872253418
46.476322174072266, 44.58217239379883
45.696380615234375, 47.3676872253418
46.476322174072266, 44.58217239379883
45.696380615234375, 47.3676872253418
45.696380615234375, 47.3676872253418
46.476322174072266, 44.58217239379883
45.696380615234375, 47.3676872253418
