actor_1,actor_2
54.72145080566406, 52.49303436279297
52.04735565185547, 53.607242584228516
54.72145080566406, 52.49303436279297
52.04735565185547, 53.607242584228516
54.72145080566406, 52.49303436279297
52.04735565185547, 53.607242584228516
53.71866226196289, 50.37604522705078
52.04735565185547, 53.607242584228516
51.82451248168945, 47.59053039550781
49.818939208984375, 49.596099853515625
48.481895446777344, 48.81615447998047
49.818939208984375, 49.596099853515625
48.481895446777344, 48.81615447998047
49.818939208984375, 49.596099853515625
48.481895446777344, 48.81615447998047
49.818939208984375, 49.596099853515625
48.481895446777344, 48.81615447998047
49.818939208984375, 49.596099853515625
48.481895446777344, 48.81615447998047
