actor_1,actor_2
51.60166931152344, 50.93314743041992
48.14763259887695, 50.153202056884766
51.60166931152344, 50.93314743041992
48.14763259887695, 50.153202056884766
51.60166931152344, 50.93314743041992
48.14763259887695, 50.153202056884766
49.15041732788086, 49.373260498046875
50.710304260253906, 49.038997650146484
49.15041732788086, 49.373260498046875
50.710304260253906, 49.038997650146484
49.15041732788086, 49.373260498046875
50.710304260253906, 49.038997650146484
49.15041732788086, 49.373260498046875
48.59331512451172, 48.92757797241211
51.935935974121094, 47.033424377441406
48.59331512451172, 48.92757797241211
50.59888458251953, 47.033424377441406
47.81336975097656, 48.25905227661133
50.59888458251953, 47.033424377441406
47.81336975097656, 48.25905227661133
50.59888458251953, 47.033424377441406
47.81336975097656, 48.25905227661133
50.59888458251953, 47.033424377441406
47.14484786987305, 47.3676872253418
51.37882995605469, 47.3676872253418
46.253482818603516, 46.587745666503906
50.710304260253906, 47.14484786987305
46.253482818603516, 46.587745666503906
50.710304260253906, 47.14484786987305
44.35932922363281, 45.584957122802734
48.92757797241211, 46.69916534423828
44.35932922363281, 45.584957122802734
48.92757797241211, 46.69916534423828
44.35932922363281, 45.584957122802734
48.92757797241211, 46.69916534423828
44.35932922363281, 45.584957122802734
48.92757797241211, 46.69916534423828
40.34819030761719, 42.019500732421875
41.685237884521484, 42.242340087890625
39.79108428955078, 40.0139274597168
39.79108428955078, 40.0139274597168
39.79108428955078, 40.0139274597168
39.79108428955078, 40.0139274597168
39.79108428955078, 40.0139274597168
