actor_1,actor_2
49.930362701416016, 49.930362701416016
48.14763259887695, 50.82172775268555
49.930362701416016, 49.930362701416016
48.14763259887695, 50.82172775268555
49.930362701416016, 49.930362701416016
48.14763259887695, 50.82172775268555
48.37047576904297, 48.37047576904297
48.14763259887695, 50.82172775268555
45.250694274902344, 45.250694274902344
45.919219970703125, 45.80780029296875
44.58217239379883, 46.253482818603516
45.919219970703125, 45.80780029296875
44.58217239379883, 46.253482818603516
45.919219970703125, 45.80780029296875
44.58217239379883, 46.253482818603516
45.919219970703125, 45.80780029296875
44.58217239379883, 46.253482818603516
45.919219970703125, 45.80780029296875
44.58217239379883, 46.253482818603516
