actor_1,actor_2
49.596099853515625, 49.15041732788086
48.14763259887695, 49.373260498046875
49.596099853515625, 49.15041732788086
48.14763259887695, 49.373260498046875
49.596099853515625, 49.15041732788086
48.14763259887695, 49.373260498046875
48.481895446777344, 47.81336975097656
48.14763259887695, 49.373260498046875
46.253482818603516, 44.47075271606445
45.80780029296875, 44.02507019042969
44.35932922363281, 45.027854919433594
45.80780029296875, 44.02507019042969
44.35932922363281, 45.027854919433594
45.80780029296875, 44.02507019042969
44.35932922363281, 45.027854919433594
45.80780029296875, 44.02507019042969
44.35932922363281, 45.027854919433594
45.80780029296875, 44.02507019042969
44.35932922363281, 45.027854919433594
