actor_1,actor_2
49.373260498046875, 50.710304260253906
49.038997650146484, 48.481895446777344
49.373260498046875, 50.710304260253906
49.038997650146484, 48.481895446777344
49.373260498046875, 50.710304260253906
49.038997650146484, 48.481895446777344
48.25905227661133, 49.373260498046875
48.03621292114258, 48.59331512451172
50.710304260253906, 47.59053039550781
48.03621292114258, 48.03621292114258
50.37604522705078, 48.481895446777344
50.153202056884766, 49.70751953125
48.59331512451172, 49.48468017578125
49.596099853515625, 49.373260498046875
48.481895446777344, 50.59888458251953
49.930362701416016, 50.487464904785156
49.373260498046875, 50.710304260253906
49.038997650146484, 48.481895446777344
49.038997650146484, 49.373260498046875
49.038997650146484, 48.481895446777344
49.038997650146484, 49.373260498046875
49.038997650146484, 48.481895446777344
49.038997650146484, 48.14763259887695
49.596099853515625, 49.373260498046875
48.481895446777344, 50.59888458251953
47.033424377441406, 45.362117767333984
46.253482818603516, 46.253482818603516
43.46796798706055, 42.353759765625
43.46796798706055, 42.353759765625
43.46796798706055, 42.353759765625
