actor_1,actor_2
50.487464904785156, 50.04178237915039
48.14763259887695, 49.70751953125
50.487464904785156, 50.04178237915039
48.14763259887695, 49.70751953125
50.487464904785156, 50.04178237915039
48.14763259887695, 49.70751953125
49.15041732788086, 49.2618408203125
49.373260498046875, 49.373260498046875
49.15041732788086, 49.2618408203125
49.373260498046875, 49.373260498046875
49.15041732788086, 49.2618408203125
49.373260498046875, 49.373260498046875
49.15041732788086, 49.2618408203125
48.59331512451172, 47.47911071777344
49.15041732788086, 49.2618408203125
48.59331512451172, 47.47911071777344
49.15041732788086, 49.2618408203125
48.59331512451172, 47.47911071777344
47.92478942871094, 45.584957122802734
45.696380615234375, 45.696380615234375
44.58217239379883, 45.919219970703125
45.696380615234375, 45.696380615234375
44.58217239379883, 45.919219970703125
45.696380615234375, 45.696380615234375
44.58217239379883, 45.919219970703125
45.696380615234375, 45.696380615234375
44.58217239379883, 45.919219970703125
45.696380615234375, 45.696380615234375
