actor_1,actor_2
50.264625549316406, 51.15599060058594
50.487464904785156, 49.2618408203125
50.264625549316406, 51.15599060058594
50.487464904785156, 49.2618408203125
50.264625549316406, 51.15599060058594
50.487464904785156, 49.2618408203125
49.596099853515625, 51.26741027832031
49.70751953125, 48.25905227661133
49.596099853515625, 51.26741027832031
49.70751953125, 48.25905227661133
51.82451248168945, 51.82451248168945
49.2618408203125, 51.60166931152344
50.264625549316406, 51.15599060058594
51.60166931152344, 49.70751953125
51.82451248168945, 51.82451248168945
48.59331512451172, 50.82172775268555
50.82172775268555, 49.70751953125
48.59331512451172, 50.82172775268555
49.038997650146484, 48.704734802246094
47.25626754760742, 50.710304260253906
49.038997650146484, 48.704734802246094
47.25626754760742, 50.710304260253906
49.038997650146484, 48.704734802246094
45.250694274902344, 44.805015563964844
43.91365051269531, 44.6935920715332
45.250694274902344, 44.805015563964844
43.91365051269531, 44.6935920715332
45.250694274902344, 44.805015563964844
43.91365051269531, 44.6935920715332
45.250694274902344, 44.805015563964844
43.91365051269531, 44.6935920715332
45.250694274902344, 44.805015563964844
43.91365051269531, 44.6935920715332
