actor_1,actor_2
50.264625549316406, 50.93314743041992
51.37882995605469, 48.59331512451172
50.264625549316406, 50.93314743041992
51.37882995605469, 48.59331512451172
50.264625549316406, 50.93314743041992
51.37882995605469, 48.59331512451172
50.59888458251953, 51.49024963378906
50.153202056884766, 47.81336975097656
50.59888458251953, 51.49024963378906
50.153202056884766, 47.81336975097656
52.938720703125, 52.715877532958984
49.15041732788086, 51.37882995605469
50.264625549316406, 50.93314743041992
52.49303436279297, 48.92757797241211
52.938720703125, 52.715877532958984
48.92757797241211, 51.15599060058594
50.37604522705078, 49.15041732788086
48.92757797241211, 51.15599060058594
48.81615447998047, 47.92478942871094
48.03621292114258, 50.264625549316406
48.81615447998047, 47.92478942871094
48.03621292114258, 50.264625549316406
48.81615447998047, 47.92478942871094
45.362117767333984, 45.027854919433594
43.356544494628906, 45.027854919433594
45.362117767333984, 45.027854919433594
43.356544494628906, 45.027854919433594
45.362117767333984, 45.027854919433594
43.356544494628906, 45.027854919433594
45.362117767333984, 45.027854919433594
43.356544494628906, 45.027854919433594
45.362117767333984, 45.027854919433594
43.356544494628906, 45.027854919433594
