actor_1,actor_2
50.487464904785156, 50.264625549316406
47.59053039550781, 49.596099853515625
50.487464904785156, 50.264625549316406
47.59053039550781, 49.596099853515625
50.487464904785156, 50.264625549316406
47.59053039550781, 49.596099853515625
49.596099853515625, 49.038997650146484
47.59053039550781, 49.596099853515625
45.13927459716797, 44.24790954589844
44.13648986816406, 45.250694274902344
45.13927459716797, 44.24790954589844
44.13648986816406, 45.250694274902344
45.13927459716797, 44.24790954589844
44.13648986816406, 45.250694274902344
45.13927459716797, 44.24790954589844
44.13648986816406, 45.250694274902344
44.47075271606445, 42.68802261352539
44.13648986816406, 45.250694274902344
44.47075271606445, 42.68802261352539
44.13648986816406, 45.250694274902344
44.47075271606445, 42.68802261352539
44.13648986816406, 45.250694274902344
44.13648986816406, 45.250694274902344
44.47075271606445, 42.68802261352539
44.13648986816406, 45.250694274902344
