actor_1,actor_2
47.59053039550781, 47.59053039550781
47.14484786987305, 47.3676872253418
47.59053039550781, 47.59053039550781
47.14484786987305, 47.3676872253418
47.59053039550781, 47.59053039550781
47.14484786987305, 47.3676872253418
47.25626754760742, 47.25626754760742
47.14484786987305, 47.3676872253418
43.80222702026367, 43.02228546142578
44.24790954589844, 44.02507019042969
44.35932922363281, 44.24790954589844
43.6908073425293, 42.242340087890625
43.6908073425293, 42.242340087890625
43.6908073425293, 42.242340087890625
43.6908073425293, 42.242340087890625
