actor_1,actor_2
47.47911071777344, 47.70195007324219
47.92478942871094, 46.69916534423828
47.47911071777344, 47.70195007324219
47.92478942871094, 46.69916534423828
47.47911071777344, 47.70195007324219
47.92478942871094, 46.69916534423828
48.03621292114258, 47.59053039550781
47.25626754760742, 47.70195007324219
47.47911071777344, 47.70195007324219
47.92478942871094, 46.69916534423828
47.47911071777344, 47.70195007324219
47.92478942871094, 46.69916534423828
47.14484786987305, 46.92200469970703
48.14763259887695, 48.92757797241211
47.14484786987305, 46.92200469970703
47.033424377441406, 47.25626754760742
47.14484786987305, 46.92200469970703
47.033424377441406, 47.25626754760742
47.14484786987305, 46.92200469970703
47.033424377441406, 47.25626754760742
44.35932922363281, 42.68802261352539
45.027854919433594, 44.13648986816406
44.805015563964844, 44.58217239379883
43.46796798706055, 42.353759765625
43.46796798706055, 42.353759765625
43.46796798706055, 42.353759765625
43.46796798706055, 42.353759765625
