actor_1,actor_2
55.05570983886719, 52.49303436279297
55.835655212402344, 52.27019500732422
55.72423553466797, 52.82729721069336
52.49303436279297, 51.935935974121094
52.82729721069336, 50.710304260253906
52.82729721069336, 50.710304260253906
52.82729721069336, 50.710304260253906
44.47075271606445, 44.13648986816406
