actor_1,actor_2
47.25626754760742, 48.03621292114258
48.37047576904297, 47.92478942871094
47.25626754760742, 48.03621292114258
48.37047576904297, 47.92478942871094
47.25626754760742, 48.03621292114258
48.37047576904297, 47.92478942871094
48.59331512451172, 48.03621292114258
47.25626754760742, 48.92757797241211
47.25626754760742, 48.03621292114258
48.37047576904297, 47.92478942871094
47.25626754760742, 48.03621292114258
48.37047576904297, 47.92478942871094
47.033424377441406, 47.70195007324219
48.14763259887695, 47.25626754760742
48.37047576904297, 47.70195007324219
48.704734802246094, 48.92757797241211
48.03621292114258, 47.70195007324219
48.704734802246094, 48.92757797241211
47.033424377441406, 47.70195007324219
48.37047576904297, 47.92478942871094
48.03621292114258, 47.70195007324219
48.704734802246094, 48.92757797241211
48.03621292114258, 47.70195007324219
48.704734802246094, 48.92757797241211
44.805015563964844, 44.6935920715332
44.91643524169922, 45.362117767333984
44.805015563964844, 44.6935920715332
44.91643524169922, 45.362117767333984
45.027854919433594, 43.80222702026367
44.91643524169922, 45.362117767333984
45.027854919433594, 43.80222702026367
44.91643524169922, 45.362117767333984
45.027854919433594, 43.80222702026367
44.91643524169922, 45.362117767333984
45.027854919433594, 43.80222702026367
44.91643524169922, 45.362117767333984
44.91643524169922, 45.362117767333984
45.027854919433594, 43.80222702026367
44.91643524169922, 45.362117767333984
45.027854919433594, 43.80222702026367
