actor_1,actor_2
48.481895446777344, 49.596099853515625
49.038997650146484, 49.15041732788086
49.48468017578125, 48.81615447998047
49.15041732788086, 48.25905227661133
48.37047576904297, 48.704734802246094
49.15041732788086, 48.25905227661133
49.818939208984375, 48.81615447998047
48.481895446777344, 49.70751953125
48.37047576904297, 49.373260498046875
49.15041732788086, 48.25905227661133
49.373260498046875, 48.92757797241211
48.14763259887695, 48.704734802246094
48.37047576904297, 49.373260498046875
50.264625549316406, 49.15041732788086
49.373260498046875, 48.92757797241211
48.14763259887695, 48.704734802246094
49.596099853515625, 49.2618408203125
48.81615447998047, 48.481895446777344
45.250694274902344, 48.03621292114258
46.476322174072266, 48.704734802246094
47.81336975097656, 49.2618408203125
49.038997650146484, 49.15041732788086
49.48468017578125, 48.81615447998047
50.264625549316406, 49.15041732788086
49.48468017578125, 49.2618408203125
48.81615447998047, 48.481895446777344
47.033424377441406, 48.37047576904297
44.805015563964844, 46.587745666503906
45.919219970703125, 46.0306396484375
46.142059326171875, 45.250694274902344
45.919219970703125, 46.0306396484375
46.142059326171875, 45.250694274902344
47.70195007324219, 45.584957122802734
46.92200469970703, 47.14484786987305
45.696380615234375, 44.805015563964844
44.805015563964844, 46.587745666503906
45.696380615234375, 44.805015563964844
44.805015563964844, 46.587745666503906
45.696380615234375, 44.805015563964844
44.805015563964844, 46.587745666503906
44.805015563964844, 46.587745666503906
45.696380615234375, 44.805015563964844
44.805015563964844, 46.587745666503906
45.696380615234375, 44.805015563964844
