actor_1,actor_2
50.710304260253906, 53.272979736328125
52.27019500732422, 48.03621292114258
50.710304260253906, 53.272979736328125
52.27019500732422, 48.03621292114258
50.710304260253906, 53.272979736328125
52.27019500732422, 48.03621292114258
51.49024963378906, 53.71866226196289
52.381614685058594, 48.481895446777344
51.49024963378906, 53.71866226196289
52.381614685058594, 48.481895446777344
52.82729721069336, 53.050140380859375
53.83008575439453, 47.25626754760742
53.3843994140625, 51.71309280395508
51.935935974121094, 53.3843994140625
52.82729721069336, 53.050140380859375
53.71866226196289, 46.0306396484375
52.82729721069336, 53.050140380859375
53.83008575439453, 47.25626754760742
52.82729721069336, 53.050140380859375
53.83008575439453, 47.25626754760742
50.93314743041992, 50.264625549316406
51.935935974121094, 53.3843994140625
51.26741027832031, 50.82172775268555
51.82451248168945, 52.158775329589844
51.26741027832031, 50.82172775268555
51.82451248168945, 52.158775329589844
51.26741027832031, 50.82172775268555
51.82451248168945, 52.158775329589844
51.26741027832031, 50.82172775268555
51.82451248168945, 52.158775329589844
48.03621292114258, 46.587745666503906
48.704734802246094, 47.70195007324219
46.810585021972656, 48.704734802246094
48.14763259887695, 46.36490249633789
46.810585021972656, 47.81336975097656
48.14763259887695, 46.36490249633789
46.810585021972656, 47.81336975097656
48.14763259887695, 46.36490249633789
46.810585021972656, 47.81336975097656
48.14763259887695, 46.36490249633789
46.810585021972656, 47.81336975097656
