actor_1,actor_2
52.04735565185547, 53.16156005859375
52.715877532958984, 50.93314743041992
52.04735565185547, 53.16156005859375
52.715877532958984, 50.93314743041992
52.04735565185547, 53.16156005859375
52.715877532958984, 50.93314743041992
53.050140380859375, 54.05292510986328
50.487464904785156, 50.93314743041992
54.164344787597656, 50.487464904785156
50.153202056884766, 50.487464904785156
52.49303436279297, 49.596099853515625
47.59053039550781, 49.818939208984375
50.04178237915039, 49.373260498046875
47.59053039550781, 49.818939208984375
50.04178237915039, 49.373260498046875
47.59053039550781, 49.818939208984375
50.04178237915039, 49.373260498046875
46.69916534423828, 47.47911071777344
46.69916534423828, 47.47911071777344
44.24790954589844, 45.47353744506836
44.24790954589844, 45.47353744506836
44.24790954589844, 45.47353744506836
44.24790954589844, 45.47353744506836
