actor_1,actor_2
49.818939208984375, 51.26741027832031
50.82172775268555, 46.142059326171875
49.818939208984375, 51.26741027832031
50.82172775268555, 46.142059326171875
49.818939208984375, 51.26741027832031
50.82172775268555, 46.142059326171875
50.37604522705078, 50.37604522705078
47.59053039550781, 53.3843994140625
49.818939208984375, 51.26741027832031
50.82172775268555, 46.142059326171875
49.818939208984375, 51.26741027832031
50.82172775268555, 46.142059326171875
49.038997650146484, 49.596099853515625
50.04178237915039, 46.142059326171875
48.25905227661133, 46.92200469970703
46.810585021972656, 50.82172775268555
48.704734802246094, 49.70751953125
50.04178237915039, 46.142059326171875
48.704734802246094, 49.70751953125
50.04178237915039, 46.142059326171875
48.704734802246094, 49.70751953125
50.04178237915039, 46.142059326171875
48.704734802246094, 49.70751953125
50.04178237915039, 46.142059326171875
48.704734802246094, 49.70751953125
50.04178237915039, 46.142059326171875
48.704734802246094, 49.70751953125
50.04178237915039, 46.142059326171875
48.704734802246094, 49.70751953125
47.81336975097656, 47.14484786987305
48.704734802246094, 49.70751953125
47.81336975097656, 47.14484786987305
48.704734802246094, 49.70751953125
47.81336975097656, 47.14484786987305
48.704734802246094, 49.70751953125
47.81336975097656, 47.14484786987305
48.704734802246094, 49.70751953125
47.81336975097656, 47.14484786987305
46.69916534423828, 47.033424377441406
47.81336975097656, 47.14484786987305
46.69916534423828, 47.033424377441406
46.36490249633789, 46.142059326171875
46.69916534423828, 47.033424377441406
46.36490249633789, 46.142059326171875
46.69916534423828, 47.033424377441406
43.46796798706055, 43.80222702026367
45.362117767333984, 42.91086196899414
44.02507019042969, 45.80780029296875
45.362117767333984, 42.91086196899414
44.02507019042969, 45.80780029296875
45.362117767333984, 42.91086196899414
44.02507019042969, 45.80780029296875
44.47075271606445, 43.57938766479492
44.02507019042969, 45.80780029296875
44.47075271606445, 43.57938766479492
44.02507019042969, 45.80780029296875
40.68244934082031, 41.79665756225586
39.56824493408203, 40.90529251098633
39.56824493408203, 40.90529251098633
40.79387283325195, 41.573814392089844
40.79387283325195, 41.573814392089844
40.34819030761719, 41.128135681152344
41.0167121887207, 41.685237884521484
40.23677062988281, 41.23955535888672
40.23677062988281, 41.23955535888672
39.01114273071289, 39.90250778198242
