actor_1,actor_2
48.03621292114258, 48.37047576904297
49.818939208984375, 46.92200469970703
48.03621292114258, 48.37047576904297
49.818939208984375, 46.92200469970703
48.03621292114258, 48.37047576904297
49.818939208984375, 46.92200469970703
47.70195007324219, 48.92757797241211
49.2618408203125, 47.14484786987305
47.70195007324219, 48.92757797241211
49.2618408203125, 47.14484786987305
48.25905227661133, 49.15041732788086
49.373260498046875, 46.810585021972656
49.038997650146484, 47.70195007324219
47.59053039550781, 49.930362701416016
48.25905227661133, 49.15041732788086
49.48468017578125, 47.033424377441406
48.25905227661133, 49.15041732788086
49.373260498046875, 46.810585021972656
48.25905227661133, 49.15041732788086
49.373260498046875, 46.810585021972656
47.3676872253418, 47.033424377441406
47.59053039550781, 49.930362701416016
48.03621292114258, 47.47911071777344
47.25626754760742, 49.48468017578125
48.03621292114258, 47.47911071777344
47.25626754760742, 49.48468017578125
48.03621292114258, 47.47911071777344
47.25626754760742, 49.48468017578125
48.03621292114258, 47.47911071777344
47.25626754760742, 49.48468017578125
45.13927459716797, 44.58217239379883
44.58217239379883, 45.250694274902344
45.13927459716797, 44.58217239379883
44.58217239379883, 45.250694274902344
44.58217239379883, 44.35932922363281
44.35932922363281, 45.80780029296875
43.80222702026367, 43.91365051269531
43.133705139160156, 43.24512481689453
45.584957122802734, 44.805015563964844
45.13927459716797, 44.58217239379883
44.24790954589844, 43.91365051269531
44.58217239379883, 45.250694274902344
44.24790954589844, 43.91365051269531
44.58217239379883, 45.250694274902344
44.58217239379883, 45.250694274902344
44.24790954589844, 43.91365051269531
44.58217239379883, 45.250694274902344
44.24790954589844, 43.91365051269531
44.58217239379883, 45.250694274902344
