actor_1,actor_2
49.15041732788086, 48.704734802246094
47.47911071777344, 48.81615447998047
49.15041732788086, 48.704734802246094
47.47911071777344, 48.81615447998047
49.15041732788086, 48.704734802246094
47.47911071777344, 48.81615447998047
48.92757797241211, 46.92200469970703
47.47911071777344, 48.81615447998047
46.476322174072266, 42.799442291259766
45.919219970703125, 44.47075271606445
44.6935920715332, 45.027854919433594
45.919219970703125, 44.47075271606445
44.6935920715332, 45.027854919433594
45.919219970703125, 44.47075271606445
44.6935920715332, 45.027854919433594
45.919219970703125, 44.47075271606445
44.6935920715332, 45.027854919433594
45.919219970703125, 44.47075271606445
44.6935920715332, 45.027854919433594
