actor_1,actor_2
53.607242584228516, 52.381614685058594
52.04735565185547, 53.050140380859375
53.607242584228516, 52.381614685058594
52.04735565185547, 53.050140380859375
53.607242584228516, 52.381614685058594
52.04735565185547, 53.050140380859375
51.82451248168945, 49.48468017578125
52.04735565185547, 53.050140380859375
51.82451248168945, 47.3676872253418
52.158775329589844, 51.82451248168945
48.704734802246094, 52.49303436279297
52.158775329589844, 51.82451248168945
48.704734802246094, 52.49303436279297
52.158775329589844, 51.82451248168945
48.704734802246094, 52.49303436279297
52.158775329589844, 51.82451248168945
48.704734802246094, 52.49303436279297
52.158775329589844, 51.82451248168945
48.704734802246094, 52.49303436279297
