actor_1,actor_2
51.15599060058594, 47.3676872253418
48.14763259887695, 48.81615447998047
51.15599060058594, 47.3676872253418
48.14763259887695, 48.81615447998047
51.15599060058594, 47.3676872253418
48.14763259887695, 48.81615447998047
49.373260498046875, 46.92200469970703
48.14763259887695, 48.81615447998047
46.476322174072266, 44.58217239379883
45.80780029296875, 45.696380615234375
44.805015563964844, 46.587745666503906
45.80780029296875, 45.696380615234375
44.805015563964844, 46.587745666503906
45.80780029296875, 45.696380615234375
44.805015563964844, 46.587745666503906
45.80780029296875, 45.696380615234375
44.805015563964844, 46.587745666503906
45.80780029296875, 45.696380615234375
44.805015563964844, 46.587745666503906
