actor_1,actor_2
51.49024963378906, 52.158775329589844
52.27019500732422, 50.710304260253906
51.49024963378906, 52.158775329589844
52.27019500732422, 50.710304260253906
51.49024963378906, 52.158775329589844
52.27019500732422, 50.710304260253906
49.930362701416016, 50.82172775268555
51.26741027832031, 50.93314743041992
49.930362701416016, 50.82172775268555
51.26741027832031, 50.93314743041992
48.81615447998047, 50.37604522705078
50.264625549316406, 50.153202056884766
48.37047576904297, 51.60166931152344
50.264625549316406, 50.153202056884766
48.37047576904297, 51.60166931152344
49.038997650146484, 51.15599060058594
53.3843994140625, 52.604454040527344
48.81615447998047, 49.15041732788086
56.28133773803711, 52.381614685058594
48.81615447998047, 49.15041732788086
56.28133773803711, 52.381614685058594
48.81615447998047, 49.15041732788086
56.28133773803711, 52.381614685058594
53.3843994140625, 51.04457092285156
48.59331512451172, 49.373260498046875
53.3843994140625, 51.04457092285156
48.59331512451172, 49.373260498046875
53.3843994140625, 51.04457092285156
48.59331512451172, 49.373260498046875
53.3843994140625, 51.04457092285156
49.596099853515625, 50.710304260253906
53.3843994140625, 51.04457092285156
49.596099853515625, 50.710304260253906
53.3843994140625, 51.04457092285156
51.935935974121094, 51.82451248168945
49.48468017578125, 51.37882995605469
51.935935974121094, 51.82451248168945
49.48468017578125, 51.37882995605469
51.935935974121094, 51.82451248168945
48.25905227661133, 50.37604522705078
51.935935974121094, 51.82451248168945
47.14484786987305, 48.25905227661133
51.935935974121094, 51.82451248168945
47.14484786987305, 48.25905227661133
51.935935974121094, 51.82451248168945
47.14484786987305, 48.25905227661133
