actor_1,actor_2
53.495819091796875, 51.60166931152344
51.82451248168945, 52.49303436279297
53.495819091796875, 51.60166931152344
51.82451248168945, 52.49303436279297
53.495819091796875, 51.60166931152344
51.82451248168945, 52.49303436279297
50.04178237915039, 50.153202056884766
53.607242584228516, 49.038997650146484
50.04178237915039, 50.153202056884766
53.607242584228516, 49.038997650146484
50.04178237915039, 50.153202056884766
53.607242584228516, 49.038997650146484
50.04178237915039, 50.153202056884766
50.710304260253906, 47.25626754760742
50.04178237915039, 50.153202056884766
50.710304260253906, 47.25626754760742
50.04178237915039, 50.153202056884766
50.710304260253906, 47.25626754760742
47.25626754760742, 46.36490249633789
52.04735565185547, 49.70751953125
51.04457092285156, 50.487464904785156
46.587745666503906, 50.04178237915039
51.04457092285156, 50.487464904785156
46.587745666503906, 50.04178237915039
51.04457092285156, 50.487464904785156
46.587745666503906, 50.04178237915039
