actor_1,actor_2
47.92478942871094, 48.704734802246094
49.70751953125, 44.805015563964844
47.92478942871094, 48.704734802246094
49.70751953125, 44.805015563964844
47.92478942871094, 48.704734802246094
49.70751953125, 44.805015563964844
48.37047576904297, 48.92757797241211
48.37047576904297, 45.584957122802734
48.37047576904297, 48.92757797241211
48.37047576904297, 45.584957122802734
50.710304260253906, 50.04178237915039
47.3676872253418, 51.49024963378906
47.92478942871094, 48.704734802246094
52.158775329589844, 44.58217239379883
50.710304260253906, 50.04178237915039
46.92200469970703, 51.15599060058594
48.81615447998047, 51.71309280395508
52.158775329589844, 44.58217239379883
48.81615447998047, 51.71309280395508
52.158775329589844, 44.58217239379883
48.81615447998047, 51.71309280395508
52.158775329589844, 44.58217239379883
48.81615447998047, 51.71309280395508
52.158775329589844, 44.58217239379883
48.81615447998047, 51.71309280395508
52.158775329589844, 44.58217239379883
48.81615447998047, 51.71309280395508
52.158775329589844, 44.58217239379883
48.81615447998047, 51.71309280395508
52.158775329589844, 44.58217239379883
48.81615447998047, 51.71309280395508
52.158775329589844, 44.58217239379883
48.81615447998047, 51.71309280395508
52.158775329589844, 44.58217239379883
48.81615447998047, 51.71309280395508
50.59888458251953, 42.91086196899414
48.81615447998047, 51.71309280395508
50.59888458251953, 42.91086196899414
48.81615447998047, 51.71309280395508
50.59888458251953, 42.91086196899414
48.81615447998047, 51.71309280395508
50.59888458251953, 42.91086196899414
48.81615447998047, 51.71309280395508
50.59888458251953, 42.91086196899414
48.81615447998047, 51.71309280395508
50.59888458251953, 42.91086196899414
46.69916534423828, 46.587745666503906
46.92200469970703, 51.15599060058594
46.69916534423828, 46.587745666503906
45.13927459716797, 45.584957122802734
44.91643524169922, 42.68802261352539
45.13927459716797, 45.584957122802734
44.91643524169922, 42.68802261352539
45.13927459716797, 45.584957122802734
44.91643524169922, 42.68802261352539
45.13927459716797, 45.584957122802734
44.91643524169922, 42.68802261352539
45.13927459716797, 45.584957122802734
45.13927459716797, 45.584957122802734
44.91643524169922, 42.68802261352539
45.13927459716797, 45.584957122802734
44.91643524169922, 42.68802261352539
45.13927459716797, 45.584957122802734
