actor_1,actor_2
49.15041732788086, 48.92757797241211
47.25626754760742, 48.81615447998047
49.15041732788086, 48.92757797241211
47.25626754760742, 48.81615447998047
49.15041732788086, 48.92757797241211
47.25626754760742, 48.81615447998047
48.481895446777344, 47.70195007324219
47.25626754760742, 48.81615447998047
45.696380615234375, 43.24512481689453
45.362117767333984, 44.35932922363281
43.6908073425293, 45.250694274902344
45.362117767333984, 44.35932922363281
43.6908073425293, 45.250694274902344
45.362117767333984, 44.35932922363281
43.6908073425293, 45.250694274902344
45.362117767333984, 44.35932922363281
43.6908073425293, 45.250694274902344
45.362117767333984, 44.35932922363281
43.6908073425293, 45.250694274902344
