actor_1,actor_2
51.15599060058594, 51.60166931152344
52.27019500732422, 49.48468017578125
51.15599060058594, 51.60166931152344
52.27019500732422, 49.48468017578125
51.15599060058594, 51.60166931152344
52.27019500732422, 49.48468017578125
51.26741027832031, 52.158775329589844
52.49303436279297, 48.92757797241211
51.26741027832031, 52.158775329589844
52.49303436279297, 48.92757797241211
51.49024963378906, 51.49024963378906
48.25905227661133, 51.60166931152344
51.15599060058594, 51.60166931152344
51.04457092285156, 47.47911071777344
51.49024963378906, 51.49024963378906
47.59053039550781, 51.26741027832031
50.487464904785156, 50.93314743041992
51.04457092285156, 47.47911071777344
50.487464904785156, 50.93314743041992
51.04457092285156, 47.47911071777344
50.487464904785156, 50.93314743041992
51.04457092285156, 47.47911071777344
50.487464904785156, 50.93314743041992
51.04457092285156, 47.47911071777344
50.487464904785156, 50.93314743041992
51.04457092285156, 47.47911071777344
50.487464904785156, 50.93314743041992
51.04457092285156, 47.47911071777344
50.487464904785156, 50.93314743041992
51.04457092285156, 47.47911071777344
50.487464904785156, 50.93314743041992
51.04457092285156, 47.47911071777344
50.487464904785156, 50.93314743041992
51.04457092285156, 47.47911071777344
50.487464904785156, 50.93314743041992
50.82172775268555, 47.81336975097656
50.487464904785156, 50.93314743041992
50.82172775268555, 47.81336975097656
50.487464904785156, 50.93314743041992
50.82172775268555, 47.81336975097656
50.487464904785156, 50.93314743041992
50.82172775268555, 47.81336975097656
50.487464904785156, 50.93314743041992
50.82172775268555, 47.81336975097656
50.487464904785156, 50.93314743041992
50.82172775268555, 47.81336975097656
48.704734802246094, 49.2618408203125
50.82172775268555, 47.81336975097656
48.704734802246094, 49.2618408203125
48.704734802246094, 46.476322174072266
48.704734802246094, 49.2618408203125
48.704734802246094, 46.476322174072266
48.704734802246094, 49.2618408203125
44.805015563964844, 43.02228546142578
45.027854919433594, 44.805015563964844
45.027854919433594, 45.13927459716797
45.027854919433594, 44.805015563964844
45.027854919433594, 45.13927459716797
45.027854919433594, 44.805015563964844
45.027854919433594, 45.13927459716797
45.027854919433594, 44.805015563964844
45.027854919433594, 45.13927459716797
45.027854919433594, 45.13927459716797
45.027854919433594, 44.805015563964844
45.027854919433594, 45.13927459716797
45.027854919433594, 44.805015563964844
