actor_1,actor_2
46.587745666503906, 45.027854919433594
44.805015563964844, 46.142059326171875
46.587745666503906, 45.027854919433594
44.805015563964844, 46.142059326171875
46.587745666503906, 45.027854919433594
44.805015563964844, 46.142059326171875
45.919219970703125, 45.584957122802734
44.805015563964844, 46.142059326171875
43.6908073425293, 42.465179443359375
43.356544494628906, 42.353759765625
42.68802261352539, 42.68802261352539
42.242340087890625, 43.133705139160156
42.68802261352539, 42.68802261352539
42.242340087890625, 43.133705139160156
42.68802261352539, 42.68802261352539
42.242340087890625, 43.133705139160156
42.68802261352539, 42.68802261352539
