actor_1,actor_2
46.36490249633789, 45.696380615234375
45.250694274902344, 45.80780029296875
46.36490249633789, 45.696380615234375
45.250694274902344, 45.80780029296875
46.36490249633789, 45.696380615234375
45.250694274902344, 45.80780029296875
46.142059326171875, 45.696380615234375
45.250694274902344, 45.80780029296875
43.24512481689453, 42.576602935791016
42.91086196899414, 41.350975036621094
42.465179443359375, 42.13092041015625
42.242340087890625, 42.353759765625
42.465179443359375, 42.13092041015625
42.242340087890625, 42.353759765625
42.465179443359375, 42.13092041015625
42.242340087890625, 42.353759765625
42.465179443359375, 42.13092041015625
