actor_1,actor_2
47.70195007324219, 48.03621292114258
49.48468017578125, 46.587745666503906
47.70195007324219, 48.03621292114258
49.48468017578125, 46.587745666503906
47.70195007324219, 48.03621292114258
49.48468017578125, 46.587745666503906
48.14763259887695, 48.81615447998047
49.15041732788086, 47.033424377441406
48.14763259887695, 48.81615447998047
49.15041732788086, 47.033424377441406
49.818939208984375, 49.038997650146484
47.70195007324219, 48.81615447998047
47.70195007324219, 48.03621292114258
49.818939208984375, 46.36490249633789
49.818939208984375, 49.038997650146484
48.03621292114258, 48.37047576904297
48.481895446777344, 49.48468017578125
49.818939208984375, 46.36490249633789
48.481895446777344, 49.48468017578125
49.818939208984375, 46.36490249633789
48.481895446777344, 49.48468017578125
49.818939208984375, 46.36490249633789
48.481895446777344, 49.48468017578125
49.818939208984375, 46.36490249633789
48.481895446777344, 49.48468017578125
49.818939208984375, 46.36490249633789
48.481895446777344, 49.48468017578125
49.818939208984375, 46.36490249633789
48.481895446777344, 49.48468017578125
49.818939208984375, 46.36490249633789
48.481895446777344, 49.48468017578125
49.818939208984375, 46.36490249633789
48.481895446777344, 49.48468017578125
49.818939208984375, 46.36490249633789
48.481895446777344, 49.48468017578125
49.15041732788086, 45.250694274902344
48.481895446777344, 49.48468017578125
49.15041732788086, 45.250694274902344
48.481895446777344, 49.48468017578125
49.15041732788086, 45.250694274902344
48.481895446777344, 49.48468017578125
49.15041732788086, 45.250694274902344
48.481895446777344, 49.48468017578125
49.15041732788086, 45.250694274902344
48.481895446777344, 49.48468017578125
49.15041732788086, 45.250694274902344
47.70195007324219, 45.80780029296875
48.03621292114258, 48.37047576904297
47.70195007324219, 45.80780029296875
46.476322174072266, 44.24790954589844
44.58217239379883, 44.47075271606445
43.24512481689453, 42.13092041015625
43.24512481689453, 42.13092041015625
43.24512481689453, 42.13092041015625
