actor_1,actor_2
51.49024963378906, 52.381614685058594
50.59888458251953, 51.82451248168945
51.37882995605469, 51.26741027832031
48.481895446777344, 52.27019500732422
50.487464904785156, 51.82451248168945
47.25626754760742, 51.26741027832031
48.481895446777344, 51.04457092285156
48.481895446777344, 51.04457092285156
49.70751953125, 50.487464904785156
49.70751953125, 50.487464904785156
49.70751953125, 50.487464904785156
