actor_1,actor_2
50.59888458251953, 52.82729721069336
50.487464904785156, 51.935935974121094
51.60166931152344, 51.15599060058594
48.03621292114258, 52.158775329589844
51.60166931152344, 51.60166931152344
46.69916534423828, 51.37882995605469
53.050140380859375, 53.050140380859375
46.0306396484375, 50.153202056884766
53.050140380859375, 53.050140380859375
46.0306396484375, 50.153202056884766
53.050140380859375, 53.050140380859375
52.27019500732422, 51.71309280395508
47.81336975097656, 50.37604522705078
52.27019500732422, 51.71309280395508
47.81336975097656, 50.37604522705078
52.27019500732422, 51.71309280395508
47.81336975097656, 50.37604522705078
52.27019500732422, 51.71309280395508
49.038997650146484, 51.82451248168945
52.27019500732422, 51.71309280395508
49.038997650146484, 51.82451248168945
52.27019500732422, 51.71309280395508
51.26741027832031, 53.050140380859375
52.27019500732422, 51.71309280395508
51.26741027832031, 53.050140380859375
52.27019500732422, 51.71309280395508
51.26741027832031, 53.050140380859375
52.27019500732422, 51.71309280395508
51.26741027832031, 53.050140380859375
52.27019500732422, 51.71309280395508
