actor_1,actor_2
52.27019500732422, 52.381614685058594
51.935935974121094, 52.381614685058594
52.381614685058594, 52.04735565185547
50.264625549316406, 53.83008575439453
51.26741027832031, 53.607242584228516
48.481895446777344, 51.71309280395508
51.37882995605469, 53.83008575439453
51.37882995605469, 53.83008575439453
51.935935974121094, 51.82451248168945
51.935935974121094, 51.82451248168945
51.935935974121094, 51.82451248168945
51.935935974121094, 51.82451248168945
54.72145080566406, 52.27019500732422
