actor_1,actor_2
51.60166931152344, 52.938720703125
51.49024963378906, 52.715877532958984
52.604454040527344, 52.27019500732422
49.818939208984375, 53.16156005859375
50.82172775268555, 52.82729721069336
47.70195007324219, 51.15599060058594
51.26741027832031, 52.604454040527344
51.26741027832031, 52.604454040527344
51.935935974121094, 51.49024963378906
51.935935974121094, 51.49024963378906
51.935935974121094, 51.49024963378906
51.935935974121094, 51.49024963378906
54.49860763549805, 52.49303436279297
