actor_1,actor_2
52.27019500732422, 53.050140380859375
53.83008575439453, 52.381614685058594
52.27019500732422, 53.050140380859375
53.83008575439453, 52.381614685058594
52.27019500732422, 53.050140380859375
53.83008575439453, 52.381614685058594
51.37882995605469, 53.83008575439453
51.82451248168945, 53.3843994140625
52.381614685058594, 53.83008575439453
47.3676872253418, 53.050140380859375
50.59888458251953, 52.27019500732422
50.59888458251953, 52.27019500732422
50.93314743041992, 52.49303436279297
50.93314743041992, 52.49303436279297
50.93314743041992, 52.49303436279297
