actor_1,actor_2
46.253482818603516, 44.24790954589844
39.01114273071289, 46.69916534423828
46.253482818603516, 44.24790954589844
39.01114273071289, 46.69916534423828
46.253482818603516, 44.24790954589844
39.01114273071289, 46.69916534423828
41.908077239990234, 42.799442291259766
45.250694274902344, 38.565460205078125
41.908077239990234, 42.799442291259766
45.250694274902344, 38.565460205078125
41.908077239990234, 42.799442291259766
45.250694274902344, 38.565460205078125
41.908077239990234, 42.799442291259766
43.46796798706055, 40.79387283325195
41.908077239990234, 42.799442291259766
43.46796798706055, 40.79387283325195
41.908077239990234, 42.799442291259766
43.46796798706055, 40.79387283325195
40.12534713745117, 41.46239471435547
40.12534713745117, 38.565460205078125
38.6768798828125, 39.34540557861328
40.34819030761719, 37.896934509277344
38.6768798828125, 39.34540557861328
40.34819030761719, 37.896934509277344
38.6768798828125, 39.34540557861328
40.12534713745117, 39.34540557861328
38.6768798828125, 39.34540557861328
40.12534713745117, 39.34540557861328
38.6768798828125, 39.34540557861328
40.12534713745117, 39.34540557861328
38.6768798828125, 39.34540557861328
40.12534713745117, 39.34540557861328
38.231197357177734, 43.133705139160156
38.6768798828125, 39.34540557861328
40.34819030761719, 37.896934509277344
38.6768798828125, 39.34540557861328
39.122562408447266, 37.674095153808594
38.6768798828125, 39.34540557861328
39.122562408447266, 37.674095153808594
38.6768798828125, 39.34540557861328
38.008358001708984, 37.896934509277344
38.6768798828125, 39.34540557861328
38.008358001708984, 37.896934509277344
