actor_1,actor_2
47.3676872253418, 46.69916534423828
43.46796798706055, 47.70195007324219
47.3676872253418, 46.69916534423828
43.46796798706055, 47.70195007324219
47.3676872253418, 46.69916534423828
43.46796798706055, 47.70195007324219
45.696380615234375, 46.92200469970703
47.14484786987305, 43.91365051269531
45.696380615234375, 46.92200469970703
47.14484786987305, 43.91365051269531
45.696380615234375, 46.92200469970703
47.14484786987305, 43.91365051269531
45.696380615234375, 46.92200469970703
46.36490249633789, 44.13648986816406
45.696380615234375, 46.92200469970703
46.36490249633789, 44.13648986816406
45.696380615234375, 46.92200469970703
46.36490249633789, 44.13648986816406
44.13648986816406, 45.13927459716797
43.80222702026367, 43.6908073425293
43.57938766479492, 43.133705139160156
42.799442291259766, 45.250694274902344
43.6908073425293, 43.46796798706055
43.133705139160156, 45.362117767333984
43.6908073425293, 43.46796798706055
43.133705139160156, 45.362117767333984
43.6908073425293, 43.46796798706055
43.133705139160156, 45.362117767333984
43.6908073425293, 43.46796798706055
43.133705139160156, 45.362117767333984
43.133705139160156, 45.362117767333984
43.6908073425293, 43.46796798706055
43.133705139160156, 45.362117767333984
43.6908073425293, 43.46796798706055
