actor_1,actor_2
52.158775329589844, 51.49024963378906
52.604454040527344, 51.935935974121094
51.04457092285156, 52.49303436279297
52.604454040527344, 51.935935974121094
51.04457092285156, 52.49303436279297
51.37882995605469, 47.92478942871094
50.04178237915039, 49.038997650146484
46.587745666503906, 49.373260498046875
50.04178237915039, 49.038997650146484
46.587745666503906, 49.373260498046875
50.04178237915039, 49.038997650146484
46.587745666503906, 49.373260498046875
43.57938766479492, 44.13648986816406
43.91365051269531, 43.356544494628906
