actor_1,actor_2
52.715877532958984, 51.71309280395508
52.938720703125, 49.818939208984375
52.04735565185547, 49.373260498046875
48.03621292114258, 46.92200469970703
48.03621292114258, 44.805015563964844
48.03621292114258, 44.805015563964844
48.03621292114258, 44.805015563964844
44.24790954589844, 41.128135681152344
