actor_1,actor_2
46.0306396484375, 50.710304260253906
48.704734802246094, 45.027854919433594
46.0306396484375, 50.710304260253906
48.704734802246094, 45.027854919433594
46.0306396484375, 50.710304260253906
48.704734802246094, 45.027854919433594
47.70195007324219, 50.37604522705078
49.2618408203125, 45.027854919433594
47.70195007324219, 50.37604522705078
49.2618408203125, 45.027854919433594
48.37047576904297, 50.93314743041992
50.37604522705078, 44.91643524169922
48.59331512451172, 48.704734802246094
50.37604522705078, 44.91643524169922
48.59331512451172, 48.704734802246094
49.70751953125, 44.35932922363281
48.59331512451172, 48.704734802246094
49.70751953125, 44.35932922363281
48.59331512451172, 48.704734802246094
49.70751953125, 44.35932922363281
48.59331512451172, 48.704734802246094
49.70751953125, 44.35932922363281
43.80222702026367, 45.919219970703125
49.70751953125, 44.35932922363281
43.80222702026367, 45.919219970703125
44.91643524169922, 44.58217239379883
43.80222702026367, 45.919219970703125
44.91643524169922, 44.58217239379883
43.80222702026367, 45.919219970703125
44.91643524169922, 43.91365051269531
43.80222702026367, 45.919219970703125
44.91643524169922, 43.91365051269531
43.80222702026367, 45.47353744506836
44.91643524169922, 43.91365051269531
43.80222702026367, 45.47353744506836
44.91643524169922, 43.91365051269531
43.80222702026367, 45.47353744506836
44.91643524169922, 43.91365051269531
41.79665756225586, 44.805015563964844
43.46796798706055, 43.80222702026367
43.46796798706055, 43.80222702026367
43.133705139160156, 43.80222702026367
43.133705139160156, 43.80222702026367
43.133705139160156, 43.80222702026367
44.02507019042969, 44.24790954589844
