actor_1,actor_2
50.710304260253906, 51.60166931152344
51.37882995605469, 50.487464904785156
50.710304260253906, 51.60166931152344
51.37882995605469, 50.487464904785156
50.710304260253906, 51.60166931152344
51.37882995605469, 50.487464904785156
48.25905227661133, 51.71309280395508
48.25905227661133, 50.59888458251953
51.60166931152344, 52.04735565185547
48.81615447998047, 52.381614685058594
53.83008575439453, 52.938720703125
53.83008575439453, 52.938720703125
55.27854919433594, 52.938720703125
46.142059326171875, 50.59888458251953
55.27854919433594, 52.938720703125
55.27854919433594, 52.938720703125
48.704734802246094, 51.60166931152344
55.27854919433594, 52.938720703125
48.704734802246094, 51.60166931152344
55.27854919433594, 52.938720703125
50.37604522705078, 53.3843994140625
55.27854919433594, 52.938720703125
50.37604522705078, 53.3843994140625
55.27854919433594, 52.938720703125
54.05292510986328, 53.495819091796875
46.587745666503906, 52.27019500732422
54.05292510986328, 53.495819091796875
46.142059326171875, 52.381614685058594
54.05292510986328, 53.495819091796875
46.142059326171875, 52.381614685058594
54.05292510986328, 53.495819091796875
44.805015563964844, 51.15599060058594
54.05292510986328, 53.495819091796875
