actor_1,actor_2
51.04457092285156, 52.604454040527344
50.82172775268555, 50.82172775268555
51.04457092285156, 52.604454040527344
50.82172775268555, 50.82172775268555
51.04457092285156, 52.604454040527344
50.82172775268555, 50.82172775268555
48.704734802246094, 52.49303436279297
48.25905227661133, 51.71309280395508
51.935935974121094, 52.158775329589844
49.48468017578125, 51.49024963378906
53.607242584228516, 52.27019500732422
53.607242584228516, 52.27019500732422
53.3843994140625, 52.49303436279297
44.47075271606445, 50.37604522705078
53.3843994140625, 52.49303436279297
53.3843994140625, 52.49303436279297
48.03621292114258, 53.3843994140625
53.3843994140625, 52.49303436279297
48.03621292114258, 53.3843994140625
53.3843994140625, 52.49303436279297
49.2618408203125, 54.94429016113281
53.3843994140625, 52.49303436279297
49.2618408203125, 54.94429016113281
53.3843994140625, 52.49303436279297
52.49303436279297, 54.164344787597656
53.3843994140625, 52.49303436279297
52.49303436279297, 54.164344787597656
53.3843994140625, 52.49303436279297
52.49303436279297, 54.164344787597656
53.3843994140625, 52.49303436279297
