actor_1,actor_2
53.272979736328125, 51.60166931152344
50.93314743041992, 51.935935974121094
53.272979736328125, 51.60166931152344
50.93314743041992, 51.935935974121094
53.272979736328125, 51.60166931152344
50.93314743041992, 51.935935974121094
48.25905227661133, 49.70751953125
52.158775329589844, 49.930362701416016
48.25905227661133, 49.70751953125
52.158775329589844, 49.930362701416016
48.25905227661133, 49.70751953125
52.158775329589844, 49.930362701416016
48.25905227661133, 49.70751953125
48.92757797241211, 48.25905227661133
48.25905227661133, 49.70751953125
48.92757797241211, 48.25905227661133
48.25905227661133, 49.70751953125
48.92757797241211, 48.25905227661133
46.142059326171875, 47.033424377441406
46.253482818603516, 45.13927459716797
44.6935920715332, 45.47353744506836
44.58217239379883, 45.80780029296875
47.81336975097656, 46.587745666503906
44.58217239379883, 45.80780029296875
47.81336975097656, 46.587745666503906
50.82172775268555, 51.37882995605469
47.81336975097656, 46.587745666503906
46.587745666503906, 50.37604522705078
47.81336975097656, 46.587745666503906
46.587745666503906, 50.37604522705078
47.81336975097656, 46.587745666503906
46.587745666503906, 50.37604522705078
44.91643524169922, 46.253482818603516
49.15041732788086, 46.92200469970703
47.47911071777344, 49.373260498046875
49.15041732788086, 46.92200469970703
47.47911071777344, 49.373260498046875
49.15041732788086, 46.92200469970703
47.47911071777344, 49.373260498046875
41.573814392089844, 42.465179443359375
41.573814392089844, 42.465179443359375
41.573814392089844, 42.465179443359375
42.91086196899414, 42.576602935791016
42.576602935791016, 42.019500732421875
42.576602935791016, 42.019500732421875
41.128135681152344, 41.573814392089844
41.128135681152344, 41.573814392089844
41.128135681152344, 41.573814392089844
41.128135681152344, 41.573814392089844
41.128135681152344, 41.573814392089844
41.128135681152344, 41.573814392089844
