actor_1,actor_2
51.49024963378906, 52.49303436279297
50.59888458251953, 51.37882995605469
52.04735565185547, 51.15599060058594
49.70751953125, 50.93314743041992
51.15599060058594, 52.04735565185547
48.37047576904297, 50.487464904785156
49.70751953125, 52.82729721069336
49.70751953125, 52.82729721069336
48.37047576904297, 52.27019500732422
48.37047576904297, 52.27019500732422
48.37047576904297, 52.27019500732422
