actor_1,actor_2
40.57102966308594, 40.90529251098633
41.23955535888672, 41.350975036621094
40.90529251098633, 41.128135681152344
40.12534713745117, 40.90529251098633
40.57102966308594, 40.45960998535156
40.45960998535156, 40.68244934082031
40.45960998535156, 40.68244934082031
40.79387283325195, 40.57102966308594
40.79387283325195, 40.57102966308594
40.79387283325195, 40.57102966308594
40.12534713745117, 40.23677062988281
40.79387283325195, 40.57102966308594
40.12534713745117, 40.23677062988281
