actor_1,actor_2
46.476322174072266, 48.92757797241211
47.70195007324219, 48.704734802246094
46.810585021972656, 47.81336975097656
44.13648986816406, 46.92200469970703
44.35932922363281, 46.92200469970703
46.142059326171875, 46.92200469970703
45.696380615234375, 46.810585021972656
45.696380615234375, 46.810585021972656
45.696380615234375, 46.810585021972656
