actor_1,actor_2
41.350975036621094, 41.350975036621094
41.908077239990234, 40.79387283325195
41.908077239990234, 40.68244934082031
42.353759765625, 41.128135681152344
42.019500732421875, 41.573814392089844
42.019500732421875, 41.573814392089844
42.019500732421875, 41.573814392089844
43.02228546142578, 42.465179443359375
