actor_1,actor_2
48.704734802246094, 49.930362701416016
49.15041732788086, 48.92757797241211
48.704734802246094, 49.930362701416016
49.15041732788086, 48.92757797241211
48.704734802246094, 49.930362701416016
49.15041732788086, 48.92757797241211
48.59331512451172, 49.48468017578125
48.37047576904297, 48.704734802246094
50.153202056884766, 48.481895446777344
46.0306396484375, 48.03621292114258
48.481895446777344, 47.47911071777344
45.13927459716797, 46.92200469970703
48.03621292114258, 47.033424377441406
45.13927459716797, 46.92200469970703
48.03621292114258, 47.033424377441406
45.13927459716797, 46.92200469970703
48.03621292114258, 47.033424377441406
46.142059326171875, 45.919219970703125
46.0306396484375, 46.587745666503906
46.142059326171875, 45.919219970703125
46.0306396484375, 46.587745666503906
46.142059326171875, 45.919219970703125
46.36490249633789, 46.69916534423828
46.142059326171875, 45.919219970703125
46.36490249633789, 46.69916534423828
46.142059326171875, 45.919219970703125
46.36490249633789, 46.69916534423828
46.142059326171875, 45.919219970703125
45.80780029296875, 46.476322174072266
46.142059326171875, 45.919219970703125
45.80780029296875, 46.476322174072266
46.142059326171875, 45.919219970703125
45.80780029296875, 46.476322174072266
46.142059326171875, 45.919219970703125
45.80780029296875, 46.476322174072266
