actor_1,actor_2
49.2618408203125, 50.710304260253906
49.15041732788086, 50.153202056884766
50.264625549316406, 49.48468017578125
48.704734802246094, 49.596099853515625
49.038997650146484, 48.704734802246094
46.253482818603516, 48.03621292114258
47.14484786987305, 47.3676872253418
46.36490249633789, 47.59053039550781
46.36490249633789, 47.59053039550781
45.80780029296875, 46.142059326171875
45.80780029296875, 46.142059326171875
45.80780029296875, 46.142059326171875
