actor_1,actor_2
54.27576446533203, 52.604454040527344
51.60166931152344, 51.49024963378906
46.92200469970703, 52.715877532958984
51.60166931152344, 51.49024963378906
46.92200469970703, 52.715877532958984
50.59888458251953, 49.373260498046875
45.027854919433594, 50.04178237915039
50.59888458251953, 49.373260498046875
45.027854919433594, 50.04178237915039
50.59888458251953, 49.373260498046875
45.027854919433594, 50.04178237915039
50.59888458251953, 49.373260498046875
45.027854919433594, 50.04178237915039
50.59888458251953, 49.373260498046875
45.027854919433594, 50.04178237915039
50.59888458251953, 49.373260498046875
