actor_1,actor_2
42.68802261352539, 42.13092041015625
40.23677062988281, 42.576602935791016
42.68802261352539, 42.13092041015625
40.23677062988281, 42.576602935791016
42.68802261352539, 42.13092041015625
40.23677062988281, 42.576602935791016
41.0167121887207, 40.90529251098633
40.23677062988281, 42.576602935791016
39.90250778198242, 39.23398208618164
39.456825256347656, 40.57102966308594
39.90250778198242, 39.23398208618164
39.456825256347656, 40.57102966308594
39.90250778198242, 39.23398208618164
39.456825256347656, 40.57102966308594
39.90250778198242, 39.23398208618164
39.456825256347656, 40.57102966308594
38.788299560546875, 39.56824493408203
39.79108428955078, 38.565460205078125
38.788299560546875, 39.56824493408203
39.90250778198242, 39.23398208618164
38.788299560546875, 39.56824493408203
39.90250778198242, 39.23398208618164
39.456825256347656, 40.57102966308594
38.788299560546875, 39.56824493408203
39.79108428955078, 38.565460205078125
38.788299560546875, 39.56824493408203
38.788299560546875, 38.788299560546875
38.788299560546875, 39.56824493408203
38.788299560546875, 38.788299560546875
39.01114273071289, 39.79108428955078
37.78551483154297, 38.788299560546875
38.008358001708984, 39.01114273071289
40.12534713745117, 38.34261703491211
38.008358001708984, 39.01114273071289
38.899723052978516, 39.456825256347656
40.23677062988281, 37.896934509277344
38.008358001708984, 39.01114273071289
40.12534713745117, 38.34261703491211
37.45125198364258, 38.45404052734375
40.0139274597168, 41.573814392089844
41.685237884521484, 38.34261703491211
38.565460205078125, 41.350975036621094
41.685237884521484, 38.788299560546875
