actor_1,actor_2
51.37882995605469, 52.04735565185547
51.82451248168945, 51.26741027832031
51.37882995605469, 52.04735565185547
51.82451248168945, 51.26741027832031
51.37882995605469, 52.04735565185547
51.82451248168945, 51.26741027832031
51.49024963378906, 50.264625549316406
48.59331512451172, 51.04457092285156
51.37882995605469, 52.04735565185547
51.82451248168945, 51.26741027832031
51.37882995605469, 52.04735565185547
51.82451248168945, 51.26741027832031
49.2618408203125, 48.81615447998047
49.48468017578125, 50.487464904785156
49.2618408203125, 48.81615447998047
49.596099853515625, 51.49024963378906
49.2618408203125, 48.81615447998047
49.596099853515625, 51.49024963378906
49.2618408203125, 48.81615447998047
49.596099853515625, 51.49024963378906
48.704734802246094, 48.25905227661133
48.704734802246094, 49.038997650146484
48.704734802246094, 48.25905227661133
48.704734802246094, 49.038997650146484
48.704734802246094, 48.25905227661133
48.704734802246094, 49.038997650146484
47.3676872253418, 45.80780029296875
48.704734802246094, 49.038997650146484
47.3676872253418, 45.80780029296875
48.704734802246094, 49.038997650146484
47.3676872253418, 45.80780029296875
48.704734802246094, 49.038997650146484
47.3676872253418, 45.80780029296875
48.704734802246094, 49.038997650146484
48.704734802246094, 49.038997650146484
47.3676872253418, 45.80780029296875
