actor_1,actor_2
51.26741027832031, 50.37604522705078
49.818939208984375, 50.93314743041992
51.26741027832031, 50.37604522705078
49.818939208984375, 50.93314743041992
51.26741027832031, 50.37604522705078
49.818939208984375, 50.93314743041992
49.48468017578125, 48.25905227661133
49.818939208984375, 50.93314743041992
49.15041732788086, 47.92478942871094
48.704734802246094, 48.03621292114258
46.253482818603516, 48.81615447998047
48.704734802246094, 48.03621292114258
46.253482818603516, 48.81615447998047
48.704734802246094, 48.03621292114258
46.253482818603516, 48.81615447998047
48.704734802246094, 48.03621292114258
46.253482818603516, 48.81615447998047
48.704734802246094, 48.03621292114258
46.253482818603516, 48.81615447998047
