actor_1,actor_2
51.04457092285156, 50.264625549316406
49.70751953125, 50.93314743041992
51.04457092285156, 50.264625549316406
49.70751953125, 50.93314743041992
51.04457092285156, 50.264625549316406
49.70751953125, 50.93314743041992
50.153202056884766, 48.14763259887695
49.70751953125, 50.93314743041992
49.373260498046875, 47.70195007324219
48.704734802246094, 48.14763259887695
45.696380615234375, 48.704734802246094
48.704734802246094, 48.14763259887695
45.696380615234375, 48.704734802246094
48.704734802246094, 48.14763259887695
45.696380615234375, 48.704734802246094
48.704734802246094, 48.14763259887695
45.696380615234375, 48.704734802246094
48.704734802246094, 48.14763259887695
45.696380615234375, 48.704734802246094
