{"score": 41.5974, "_timestamp": 1709125682.8935509, "_runtime": 929.389396905899, "_step": 0, "_wandb": {"runtime": 928}}