{"score": 269.4168, "_timestamp": 1709050017.6589124, "_runtime": 1528.012585401535, "_step": 0, "_wandb": {"runtime": 1527}}