{"score": 9.31, "_timestamp": 1709092759.5392342, "_runtime": 30.730202198028564, "_step": 0, "_wandb": {"runtime": 30}}