{"score": 91.98495999999999, "_timestamp": 1707313101.811771, "_runtime": 3949.3243248462677, "_step": 0, "_wandb": {"runtime": 3948}}