{"score": 9.81366, "_timestamp": 1707309143.8957458, "_runtime": 563.0390117168427, "_step": 0, "_wandb": {"runtime": 562}}