{"score": 447.37, "_timestamp": 1708994536.9808216, "_runtime": 459.56569957733154, "_step": 0, "_wandb": {"runtime": 458}}