{"score": 110.2579, "_timestamp": 1709076741.8729973, "_runtime": 2429.5360612869263, "_step": 0, "_wandb": {"runtime": 2428}}