actor_1,actor_2
42.26485061645508, 32.35148620605469
