actor_1,actor_2
30.123762130737305, 29.344058990478516
