actor_1,actor_2
44.381187438964844, 45.60643768310547
