actor_1,actor_2
41.596534729003906, 40.594058990478516
