actor_1,actor_2
37.141090393066406, 40.25990295410156
