actor_1,actor_2
32.797027587890625, 44.047027587890625
