actor_1,actor_2
45.27227783203125, 43.0445556640625
