actor_1,actor_2
30.235149383544922, 35.136138916015625
