actor_1,actor_2
39.257423400878906, 31.905941009521484
