actor_1,actor_2
34.57920837402344, 39.257423400878906
