actor_1,actor_2
28.341583251953125, 28.341583251953125
