actor_1,actor_2
30.346534729003906, 27.784652709960938
