actor_1,actor_2
45.71781921386719, 44.158416748046875
