actor_1,actor_2
43.155941009521484, 43.935646057128906
