actor_1,actor_2
38.81188201904297, 44.158416748046875
