actor_1,actor_2
30.346534729003906, 28.452970504760742
