actor_1,actor_2
46.720298767089844, 36.02722930908203
