actor_1,actor_2
41.819305419921875, 35.02475357055664
