actor_1,actor_2
47.0544548034668, 31.349010467529297
