actor_1,actor_2
42.37623596191406, 29.344058990478516
