actor_1,actor_2
39.03465270996094, 31.571781158447266
