actor_1,actor_2
44.71534729003906, 33.57673263549805
