actor_1,actor_2
47.9455451965332, 30.79207992553711
