actor_1,actor_2
43.935646057128906, 28.452970504760742
