actor_1,actor_2
27.00495147705078, 43.37871551513672
