actor_1,actor_2
27.00495147705078, 43.26732635498047
