actor_1,actor_2
27.339109420776367, 43.37871551513672
