actor_1,actor_2
43.0445556640625, 28.341583251953125
