actor_1,actor_2
31.014850616455078, 31.014850616455078
