actor_1,actor_2
26.113861083984375, 38.14356231689453
