actor_1,actor_2
41.819305419921875, 27.00495147705078
