actor_1,actor_2
41.48514938354492, 26.670791625976562
