actor_1,actor_2
42.48762512207031, 26.336633682250977
