actor_1,actor_2
26.44801902770996, 26.00247573852539
