actor_1,actor_2
48.279701232910156, 45.04950714111328
