actor_1,actor_2
26.44801902770996, 40.7054443359375
