actor_1,actor_2
26.225248336791992, 31.794553756713867
