actor_1,actor_2
47.611385345458984, 26.113861083984375
