actor_1,actor_2
47.388614654541016, 26.113861083984375
