actor_1,actor_2
27.896039962768555, 27.56188201904297
