actor_1,actor_2
32.908416748046875, 38.03217697143555
