actor_1,actor_2
45.49504852294922, 26.893564224243164
