actor_1,actor_2
43.71287155151367, 26.00247573852539
