actor_1,actor_2
43.0445556640625, 25.556930541992188
