actor_1,actor_2
38.81188201904297, 25.445545196533203
