actor_1,actor_2
25.334157943725586, 36.02722930908203
