actor_1,actor_2
37.698020935058594, 25.668315887451172
