actor_1,actor_2
25.334157943725586, 44.492576599121094
