actor_1,actor_2
26.225248336791992, 55.408416748046875
