actor_1,actor_2
42.48762512207031, 26.00247573852539
