actor_1,actor_2
44.93811798095703, 25.891088485717773
