actor_1,actor_2
26.336633682250977, 35.358909606933594
