actor_1,actor_2
25.334157943725586, 31.683168411254883
