actor_1,actor_2
25.445545196533203, 31.794553756713867
