actor_1,actor_2
26.113861083984375, 33.46534729003906
