actor_1,actor_2
26.00247573852539, 33.68811798095703
