actor_1,actor_2
25.334157943725586, 44.26980209350586
