actor_1,actor_2
37.586631774902344, 40.81683349609375
