actor_1,actor_2
25.556930541992188, 25.445545196533203
