actor_1,actor_2
35.02475357055664, 25.2227725982666
