actor_1,actor_2
27.22772216796875, 43.935646057128906
