actor_1,actor_2
26.00247573852539, 44.047027587890625
