actor_1,actor_2
39.81435775756836, 26.113861083984375
