actor_1,actor_2
33.242576599121094, 40.81683349609375
