actor_1,actor_2
25.111385345458984, 41.930694580078125
