actor_1,actor_2
35.58168411254883, 42.93316650390625
