actor_1,actor_2
25.111385345458984, 31.23762321472168
