actor_1,actor_2
25.111385345458984, 29.455446243286133
