actor_1,actor_2
32.908416748046875, 39.702972412109375
