actor_1,actor_2
37.029701232910156, 43.155941009521484
