actor_1,actor_2
36.80693054199219, 43.935646057128906
