actor_1,actor_2
33.131187438964844, 25.111385345458984
