actor_1,actor_2
25.111385345458984, 45.383663177490234
