actor_1,actor_2
33.910892486572266, 41.596534729003906
