actor_1,actor_2
32.12871170043945, 40.81683349609375
