actor_1,actor_2
43.824256896972656, 26.893564224243164
