actor_1,actor_2
35.69306945800781, 34.35643768310547
