actor_1,actor_2
25.111385345458984, 36.80693054199219
