actor_1,actor_2
29.78960418701172, 36.6955451965332
