actor_1,actor_2
26.559406280517578, 33.35395812988281
