actor_1,actor_2
26.44801902770996, 37.141090393066406
