actor_1,actor_2
40.37128829956055, 25.556930541992188
