actor_1,actor_2
29.455446243286133, 28.675743103027344
