actor_1,actor_2
25.77970314025879, 30.79207992553711
