actor_1,actor_2
38.70049285888672, 25.334157943725586
