actor_1,actor_2
31.905941009521484, 38.366336822509766
