actor_1,actor_2
37.92079162597656, 25.111385345458984
