actor_1,actor_2
27.339109420776367, 28.564355850219727
