actor_1,actor_2
26.44801902770996, 38.81188201904297
