actor_1,actor_2
25.334157943725586, 45.60643768310547
