actor_1,actor_2
25.668315887451172, 45.04950714111328
