actor_1,actor_2
35.91584014892578, 39.14604187011719
