actor_1,actor_2
41.930694580078125, 42.82178497314453
