actor_1,actor_2
40.37128829956055, 34.69059371948242
