actor_1,actor_2
33.68811798095703, 34.02227783203125
