actor_1,actor_2
25.77970314025879, 40.928218841552734
