actor_1,actor_2
1.1066666841506958, 2.0
1.1911110877990723, 1.1911110877990723
1.1911110877990723, 1.9733333587646484
1.2133333683013916, 1.551111102104187
0.9911110997200012, 1.0044444799423218
0.9599999785423279, 0.6088888645172119
0.9733333587646484, 0.41333332657814026
1.2266666889190674, 0.5777778029441833
1.2222222089767456, 0.8088889122009277
1.391111135482788, 0.4933333396911621
1.391111135482788, 0.4933333396911621
0.8488888740539551, 0.3777777850627899
0.6933333277702332, 0.6399999856948853
0.6933333277702332, 0.6399999856948853
0.42222222685813904, 0.5911111235618591
0.30666667222976685, 0.3422222137451172
0.30666667222976685, 0.3422222137451172
0.30666667222976685, 0.3422222137451172
0.4933333396911621, 0.48444443941116333
