actor_1,actor_2
1.4088889360427856, 1.9466667175292969
1.4755555391311646, 1.608888864517212
1.288888931274414, 1.4711110591888428
1.3644444942474365, 1.1688889265060425
1.3111110925674438, 0.9555555582046509
1.6044445037841797, 1.102222204208374
1.4711110591888428, 1.0977777242660522
1.346666693687439, 0.6177777647972107
1.346666693687439, 0.6177777647972107
0.9155555367469788, 0.5244444608688354
0.8266666531562805, 0.7155555486679077
0.8266666531562805, 0.7155555486679077
0.6222222447395325, 0.7066666483879089
0.5377777814865112, 0.4933333396911621
0.5377777814865112, 0.4933333396911621
