actor_1,actor_2
0.8799999952316284, 2.0
1.09333336353302, 2.0
1.0888888835906982, 1.8222222328186035
1.159999966621399, 1.4133332967758179
1.151111125946045, 0.9200000166893005
1.151111125946045, 0.9200000166893005
1.0844444036483765, 0.6044444441795349
1.0800000429153442, 0.6399999856948853
0.902222216129303, 0.8133333325386047
0.7644444704055786, 0.4444444477558136
0.7644444704055786, 0.4444444477558136
0.5377777814865112, 0.35555556416511536
0.6266666650772095, 0.46222221851348877
0.6266666650772095, 0.46222221851348877
0.5688889026641846, 0.8355555534362793
0.47999998927116394, 0.9333333373069763
0.36888888478279114, 0.6044444441795349
0.36888888478279114, 0.6044444441795349
0.41777777671813965, 0.897777795791626
0.41777777671813965, 0.897777795791626
0.5155555605888367, 1.6799999475479126
0.7111111283302307, 1.5288889408111572
0.7111111283302307, 1.1333333253860474
0.7111111283302307, 1.1333333253860474
0.7111111283302307, 1.1333333253860474
0.9422222375869751, 1.942222237586975
0.9422222375869751, 1.942222237586975
1.0888888835906982, 1.8222222328186035
1.159999966621399, 1.4133332967758179
1.151111125946045, 0.9200000166893005
2.0, 0.6311110854148865
2.0, 0.6311110854148865
2.0, 0.6311110854148865
