actor_1,actor_2
0.8133333325386047, 2.0
1.048888921737671, 2.0
1.0666667222976685, 1.7333333492279053
1.1422221660614014, 1.3822221755981445
1.1377778053283691, 1.0044444799423218
1.1377778053283691, 1.0044444799423218
0.8799999952316284, 0.6888889074325562
0.8799999952316284, 0.8711110949516296
0.8533333539962769, 1.3111110925674438
0.8799999952316284, 0.8711110949516296
0.8533333539962769, 1.3111110925674438
0.8799999952316284, 0.8711110949516296
0.8355555534362793, 1.2311111688613892
0.8799999952316284, 0.8711110949516296
1.2133333683013916, 1.0977777242660522
1.1333333253860474, 1.0800000429153442
0.8533333539962769, 0.6888889074325562
0.4266666769981384, 0.6266666650772095
0.5111111402511597, 0.8355555534362793
0.8533333539962769, 1.3111110925674438
0.6755555272102356, 0.902222216129303
0.8799999952316284, 0.8711110949516296
0.6755555272102356, 0.902222216129303
0.8799999952316284, 0.8711110949516296
0.6755555272102356, 0.902222216129303
0.8799999952316284, 0.8711110949516296
0.6755555272102356, 0.902222216129303
0.8799999952316284, 0.8711110949516296
0.6755555272102356, 0.902222216129303
0.8799999952316284, 0.8711110949516296
1.0044444799423218, 0.8222222328186035
1.0044444799423218, 0.8222222328186035
0.6888889074325562, 0.9866666793823242
0.6755555272102356, 0.902222216129303
