actor_1,actor_2
0.9422222375869751, 1.7511111497879028
1.2088888883590698, 1.9199999570846558
1.0622222423553467, 1.7244443893432617
1.253333330154419, 1.2000000476837158
1.5288889408111572, 0.8133333325386047
1.6133333444595337, 0.8666666746139526
1.0711110830307007, 0.8888888955116272
0.8755555748939514, 0.8222222328186035
0.8755555748939514, 0.8222222328186035
0.804444432258606, 0.7200000286102295
0.5955555438995361, 0.9822221994400024
0.5955555438995361, 0.9822221994400024
0.5155555605888367, 1.4133332967758179
0.5155555605888367, 1.4133332967758179
0.5822222232818604, 1.7911111116409302
0.8844444155693054, 1.991111159324646
0.8755555748939514, 1.804444432258606
0.8755555748939514, 1.804444432258606
0.8755555748939514, 1.804444432258606
1.0622222423553467, 1.7244443893432617
1.253333330154419, 1.2000000476837158
1.5288889408111572, 0.8133333325386047
1.6799999475479126, 0.43111109733581543
1.6799999475479126, 0.43111109733581543
1.6799999475479126, 0.43111109733581543
1.7244443893432617, 0.4933333396911621
1.1111111640930176, 0.5688889026641846
0.9111111164093018, 0.5422222018241882
0.9111111164093018, 0.5422222018241882
0.8577777743339539, 0.4933333396911621
0.8577777743339539, 0.4933333396911621
0.8577777743339539, 0.4933333396911621
0.804444432258606, 0.7200000286102295
0.5955555438995361, 0.9822221994400024
0.4399999976158142, 1.1288888454437256
0.4399999976158142, 1.1288888454437256
0.4399999976158142, 1.1288888454437256
0.448888897895813, 1.2000000476837158
0.4977777898311615, 1.4444444179534912
0.4977777898311615, 1.4444444179534912
0.5688889026641846, 1.7777777910232544
0.8311111330986023, 1.90666663646698
0.8266666531562805, 1.711111068725586
0.8266666531562805, 1.711111068725586
0.8266666531562805, 1.711111068725586
0.8755555748939514, 1.804444432258606
0.8755555748939514, 1.804444432258606
0.8755555748939514, 1.804444432258606
0.8755555748939514, 1.804444432258606
1.0622222423553467, 1.1733332872390747
1.5688889026641846, 0.6311110854148865
1.6799999475479126, 0.43111109733581543
1.6799999475479126, 0.43111109733581543
1.6799999475479126, 0.43111109733581543
1.6799999475479126, 0.43111109733581543
