actor_1,actor_2
1.0355556011199951, 1.7066667079925537
1.0044444799423218, 1.6666666269302368
0.742222249507904, 1.0622222423553467
0.8711110949516296, 0.8488888740539551
0.8488888740539551, 0.7377777695655823
1.346666693687439, 1.1333333253860474
1.0755555629730225, 1.1688889265060425
1.1866666078567505, 1.0399999618530273
1.1200000047683716, 1.2266666889190674
1.1866666078567505, 1.0399999618530273
1.1200000047683716, 1.2266666889190674
1.1866666078567505, 1.0399999618530273
1.1200000047683716, 1.2266666889190674
1.1866666078567505, 1.0399999618530273
0.9555555582046509, 1.0177778005599976
0.902222216129303, 0.8311111330986023
0.9288889169692993, 1.0044444799423218
0.902222216129303, 0.8311111330986023
0.9288889169692993, 1.0044444799423218
0.902222216129303, 0.8311111330986023
0.9288889169692993, 1.0044444799423218
0.902222216129303, 0.8311111330986023
0.9288889169692993, 1.0044444799423218
1.4088889360427856, 0.8088889122009277
1.2133333683013916, 0.8533333539962769
1.4711110591888428, 1.0
1.0666667222976685, 0.9244444370269775
0.5600000023841858, 0.902222216129303
0.8533333539962769, 1.0044444799423218
0.9288889169692993, 1.0044444799423218
0.746666669845581, 0.8799999952316284
0.902222216129303, 0.8311111330986023
0.746666669845581, 0.8799999952316284
0.902222216129303, 0.8311111330986023
0.746666669845581, 0.8799999952316284
0.902222216129303, 0.8311111330986023
0.746666669845581, 0.8799999952316284
0.902222216129303, 0.8311111330986023
