actor_1,actor_2
1.711111068725586, 2.0
2.0, 1.653333306312561
1.6177778244018555, 2.0
2.0, 1.9155555963516235
1.6177778244018555, 2.0
2.0, 1.9155555963516235
1.6177778244018555, 2.0
2.0, 1.9155555963516235
1.5822222232818604, 1.559999942779541
1.09333336353302, 1.2755556106567383
1.6177778244018555, 2.0
2.0, 1.9155555963516235
1.6177778244018555, 2.0
2.0, 1.9155555963516235
1.6177778244018555, 2.0
2.0, 1.9155555963516235
1.6177778244018555, 2.0
2.0, 1.9155555963516235
1.6177778244018555, 2.0
2.0, 1.9155555963516235
1.5822222232818604, 1.559999942779541
1.09333336353302, 1.2755556106567383
1.6177778244018555, 2.0
2.0, 1.9155555963516235
1.6177778244018555, 2.0
2.0, 1.9155555963516235
1.6177778244018555, 2.0
2.0, 1.9155555963516235
1.6177778244018555, 2.0
2.0, 1.9155555963516235
1.6177778244018555, 2.0
2.0, 1.9155555963516235
1.6177778244018555, 2.0
2.0, 1.9155555963516235
1.6177778244018555, 2.0
2.0, 1.9155555963516235
1.6177778244018555, 2.0
2.0, 1.9155555963516235
1.6177778244018555, 2.0
2.0, 1.9155555963516235
1.6311111450195312, 1.6399999856948853
2.0, 1.3688888549804688
1.6311111450195312, 1.6399999856948853
2.0, 1.3688888549804688
1.6311111450195312, 1.6399999856948853
2.0, 1.3688888549804688
1.355555534362793, 1.3022222518920898
1.0755555629730225, 0.9555555582046509
1.0755555629730225, 0.9555555582046509
0.6711111068725586, 0.6711111068725586
0.6711111068725586, 0.9377777576446533
0.6711111068725586, 0.9377777576446533
0.8488888740539551, 1.355555534362793
0.8488888740539551, 1.355555534362793
0.995555579662323, 1.9288889169692993
1.1911110877990723, 2.0
1.3244444131851196, 2.0
1.1733332872390747, 1.102222204208374
1.1911110877990723, 2.0
1.204444408416748, 1.2711111307144165
1.1733332872390747, 1.102222204208374
1.2355555295944214, 0.9333333373069763
1.0222222805023193, 0.9422222375869751
1.0222222805023193, 0.9422222375869751
1.0, 1.3288888931274414
1.0222222805023193, 0.9422222375869751
