actor_1,actor_2
1.2577778100967407, 2.0
1.840000033378601, 1.3244444131851196
1.1422221660614014, 1.7422221899032593
1.8222222328186035, 1.5466666221618652
1.1422221660614014, 1.7422221899032593
1.8222222328186035, 1.5466666221618652
1.1422221660614014, 1.7422221899032593
1.8222222328186035, 1.5466666221618652
1.195555567741394, 1.2355555295944214
1.8222222328186035, 1.5466666221618652
1.195555567741394, 1.2355555295944214
1.9155555963516235, 1.1466666460037231
1.195555567741394, 1.2355555295944214
1.9155555963516235, 1.1466666460037231
1.195555567741394, 1.2355555295944214
1.9155555963516235, 1.1466666460037231
1.195555567741394, 1.2355555295944214
1.9155555963516235, 1.1466666460037231
1.253333330154419, 0.8888888955116272
0.9644444584846497, 0.4355555474758148
0.9111111164093018, 0.5422222018241882
0.746666669845581, 0.5111111402511597
0.746666669845581, 0.5111111402511597
0.5111111402511597, 0.5422222018241882
0.5111111402511597, 0.5422222018241882
0.5111111402511597, 0.5422222018241882
0.5555555820465088, 0.5866666436195374
0.5555555820465088, 0.5866666436195374
0.6177777647972107, 0.7733333110809326
1.09333336353302, 1.1555556058883667
1.3377777338027954, 0.9866666793823242
0.9333333373069763, 0.995555579662323
1.3377777338027954, 0.9866666793823242
0.8266666531562805, 0.8444444537162781
1.1822222471237183, 1.9866666793823242
1.4666666984558105, 0.9688888788223267
1.0133333206176758, 1.6311111450195312
1.4222222566604614, 1.0622222423553467
1.0133333206176758, 1.6311111450195312
1.1688889265060425, 1.2177777290344238
1.4666666984558105, 0.9688888788223267
1.0044444799423218, 0.995555579662323
0.8266666531562805, 0.8444444537162781
1.0044444799423218, 0.995555579662323
0.8355555534362793, 0.5777778029441833
0.8355555534362793, 0.5777778029441833
