actor_1,actor_2
1.711111068725586, 2.0
2.0, 1.288888931274414
1.5022221803665161, 2.0
2.0, 1.448888897895813
1.5022221803665161, 2.0
2.0, 1.448888897895813
1.5022221803665161, 2.0
2.0, 1.448888897895813
1.4888888597488403, 1.288888931274414
1.1333333253860474, 0.742222249507904
1.1333333253860474, 0.742222249507904
0.8355555534362793, 0.5111111402511597
0.5822222232818604, 0.5955555438995361
0.5822222232818604, 0.5955555438995361
0.7333333492279053, 0.9511111378669739
0.6000000238418579, 0.5911111235618591
0.6000000238418579, 0.5911111235618591
0.5155555605888367, 0.4533333480358124
0.5155555605888367, 0.4533333480358124
