actor_1,actor_2
0.9466666579246521, 2.0
0.9644444584846497, 2.0
0.7866666913032532, 1.542222261428833
0.9333333373069763, 1.3600000143051147
1.1066666841506958, 1.1377778053283691
1.1066666841506958, 1.1377778053283691
1.262222170829773, 1.0044444799423218
1.2400000095367432, 0.8711110949516296
1.2400000095367432, 0.8711110949516296
1.2400000095367432, 0.8711110949516296
1.2400000095367432, 0.8711110949516296
1.6711111068725586, 1.3422222137451172
1.8222222328186035, 1.6222221851348877
1.848888874053955, 1.653333306312561
1.6888889074325562, 1.391111135482788
1.6622222661972046, 1.2266666889190674
1.6622222661972046, 1.2266666889190674
1.6622222661972046, 1.2266666889190674
1.6622222661972046, 1.2266666889190674
2.0, 1.4177777767181396
2.0, 1.4177777767181396
2.0, 1.4177777767181396
1.4266666173934937, 1.4622222185134888
0.6311110854148865, 1.515555500984192
0.48444443941116333, 1.4355555772781372
0.48444443941116333, 1.4355555772781372
0.48444443941116333, 1.4355555772781372
0.48444443941116333, 1.4355555772781372
0.48444443941116333, 1.4355555772781372
0.48444443941116333, 1.4355555772781372
0.5555555820465088, 1.8888888359069824
0.5911111235618591, 1.8799999952316284
0.6000000238418579, 1.804444432258606
0.5955555438995361, 1.711111068725586
0.5288888812065125, 1.2400000095367432
0.5288888812065125, 1.2400000095367432
0.5288888812065125, 1.2400000095367432
0.5288888812065125, 1.2400000095367432
0.5288888812065125, 1.2400000095367432
0.6222222447395325, 1.3111110925674438
0.8622221946716309, 0.9511111378669739
0.8133333325386047, 0.648888885974884
0.8133333325386047, 0.648888885974884
