actor_1,actor_2
0.7688888907432556, 1.8755555152893066
0.6666666865348816, 1.3288888931274414
0.5288888812065125, 0.9288889169692993
0.7288888692855835, 0.7377777695655823
0.9155555367469788, 0.6355555653572083
0.9155555367469788, 0.6355555653572083
1.0, 0.5199999809265137
1.5955555438995361, 0.995555579662323
2.0, 1.4444444179534912
1.9111111164093018, 1.306666612625122
1.9111111164093018, 1.306666612625122
1.9288889169692993, 1.1333333253860474
1.4088889360427856, 1.2000000476837158
1.4088889360427856, 1.2000000476837158
0.7511110901832581, 1.4133332967758179
0.6000000238418579, 1.3644444942474365
0.6044444441795349, 1.288888931274414
0.6044444441795349, 1.288888931274414
0.5644444227218628, 1.4888888597488403
0.5644444227218628, 1.4888888597488403
0.551111102104187, 1.6311111450195312
0.4888888895511627, 1.102222204208374
0.4000000059604645, 0.6933333277702332
0.4000000059604645, 0.6933333277702332
0.4000000059604645, 0.6933333277702332
0.4355555474758148, 0.8711110949516296
0.4355555474758148, 0.8711110949516296
0.5288888812065125, 0.9288889169692993
0.7288888692855835, 0.7377777695655823
0.9155555367469788, 0.6355555653572083
0.9377777576446533, 0.43111109733581543
0.9377777576446533, 0.43111109733581543
0.9377777576446533, 0.43111109733581543
