actor_1,actor_2
0.8533333539962769, 2.0
1.0311111211776733, 1.6044445037841797
1.195555567741394, 0.9599999785423279
0.8488888740539551, 1.1688889265060425
0.9555555582046509, 0.5155555605888367
0.6355555653572083, 0.644444465637207
0.7555555701255798, 0.23555555939674377
0.5733333230018616, 0.4933333396911621
0.4533333480358124, 0.8355555534362793
0.5733333230018616, 0.4933333396911621
0.4533333480358124, 0.8355555534362793
0.5733333230018616, 0.4933333396911621
0.4533333480358124, 0.8355555534362793
0.5733333230018616, 0.4933333396911621
0.2933333218097687, 0.4977777898311615
0.40444445610046387, 0.25777778029441833
0.2933333218097687, 0.4977777898311615
0.40444445610046387, 0.25777778029441833
0.3333333432674408, 0.40888887643814087
0.40444445610046387, 0.25777778029441833
0.3333333432674408, 0.40888887643814087
0.40444445610046387, 0.25777778029441833
0.3333333432674408, 0.40888887643814087
0.29777777194976807, 0.15555556118488312
0.25777778029441833, 0.2755555510520935
0.29777777194976807, 0.15555556118488312
0.2133333384990692, 0.1733333319425583
0.2177777737379074, 0.3466666638851166
0.2133333384990692, 0.1733333319425583
0.25777778029441833, 0.2755555510520935
0.2133333384990692, 0.1733333319425583
0.25777778029441833, 0.2755555510520935
0.2133333384990692, 0.1733333319425583
0.2133333384990692, 0.1733333319425583
0.2266666740179062, 0.31111112236976624
0.2933333218097687, 0.2888889014720917
0.3199999928474426, 0.3199999928474426
0.2711111009120941, 0.2666666805744171
0.2755555510520935, 0.20444443821907043
0.2755555510520935, 0.20444443821907043
0.2755555510520935, 0.20444443821907043
0.2755555510520935, 0.20444443821907043
0.2755555510520935, 0.20444443821907043
0.24888889491558075, 0.17777778208255768
0.24888889491558075, 0.17777778208255768
0.2800000011920929, 0.25333333015441895
0.47111111879348755, 0.4577777683734894
0.4533333480358124, 0.5733333230018616
0.4533333480358124, 0.5733333230018616
