actor_1,actor_2
1.2311111688613892, 2.0
1.6488889455795288, 2.0
1.4888888597488403, 1.6666666269302368
1.7244443893432617, 1.0177778005599976
1.9022222757339478, 0.6977777481079102
1.9688888788223267, 1.0800000429153442
1.4977778196334839, 1.151111125946045
1.1155555248260498, 0.551111102104187
1.1155555248260498, 0.551111102104187
0.9911110997200012, 0.36444443464279175
0.7333333492279053, 0.8222222328186035
0.7333333492279053, 0.8222222328186035
0.6800000071525574, 1.506666660308838
0.6800000071525574, 1.506666660308838
0.897777795791626, 2.0
1.244444489479065, 2.0
1.244444489479065, 1.848888874053955
1.244444489479065, 1.848888874053955
1.244444489479065, 1.848888874053955
1.4888888597488403, 1.6666666269302368
1.7244443893432617, 1.0177778005599976
1.9022222757339478, 0.6977777481079102
1.8133333921432495, 0.40888887643814087
1.8133333921432495, 0.40888887643814087
1.8133333921432495, 0.40888887643814087
1.8444443941116333, 0.6177777647972107
1.297777771949768, 0.6355555653572083
0.9422222375869751, 0.324444442987442
0.9422222375869751, 0.324444442987442
0.8799999952316284, 0.2222222238779068
0.8799999952316284, 0.2222222238779068
0.8799999952316284, 0.2222222238779068
0.9911110997200012, 0.36444443464279175
0.7333333492279053, 0.8222222328186035
0.5777778029441833, 0.902222216129303
0.5777778029441833, 0.902222216129303
0.5777778029441833, 0.902222216129303
0.4933333396911621, 0.4533333480358124
0.4933333396911621, 0.4533333480358124
0.4933333396911621, 0.4533333480358124
