actor_1,actor_2
1.057777762413025, 2.0
1.2755556106567383, 2.0
1.1111111640930176, 1.804444432258606
1.2711111307144165, 1.4444444179534912
1.4311110973358154, 1.1466666460037231
1.4311110973358154, 1.1466666460037231
1.4622222185134888, 0.902222216129303
1.8088889122009277, 1.1377778053283691
1.4222222566604614, 1.3200000524520874
1.542222261428833, 0.897777795791626
1.542222261428833, 0.897777795791626
1.6266666650772095, 0.6977777481079102
1.600000023841858, 0.8399999737739563
1.600000023841858, 0.8399999737739563
1.3111110925674438, 1.4444444179534912
1.1066666841506958, 1.5822222232818604
1.1155555248260498, 1.5644444227218628
1.1155555248260498, 1.5644444227218628
1.0266666412353516, 1.8577778339385986
1.0266666412353516, 1.8577778339385986
0.9466666579246521, 2.0
0.9422222375869751, 2.0
0.8799999952316284, 1.6399999856948853
0.8799999952316284, 1.6399999856948853
0.8799999952316284, 1.6399999856948853
1.0, 1.9555555582046509
1.0, 1.9555555582046509
1.1111111640930176, 1.804444432258606
1.2711111307144165, 1.4444444179534912
1.4311110973358154, 1.1466666460037231
1.4888888597488403, 0.7022222280502319
1.4888888597488403, 0.7022222280502319
1.4888888597488403, 0.7022222280502319
