actor_1,actor_2
1.102222204208374, 2.0
0.9555555582046509, 1.804444432258606
0.7911111116409302, 1.1822222471237183
0.9155555367469788, 0.902222216129303
1.0, 0.6755555272102356
1.4088889360427856, 1.2177777290344238
1.6266666650772095, 1.6844444274902344
1.2799999713897705, 1.0622222423553467
1.6355555057525635, 1.6666666269302368
1.2799999713897705, 1.0622222423553467
1.6355555057525635, 1.6666666269302368
1.2799999713897705, 1.0622222423553467
1.6355555057525635, 1.6666666269302368
1.2799999713897705, 1.0622222423553467
1.7333333492279053, 1.4222222566604614
1.7333333492279053, 1.151111125946045
1.7333333492279053, 1.151111125946045
1.448888897895813, 1.1377778053283691
1.448888897895813, 1.1377778053283691
1.288888931274414, 1.2355555295944214
1.0844444036483765, 1.346666693687439
0.9377777576446533, 1.4533333778381348
0.9466666579246521, 1.2933332920074463
0.9466666579246521, 1.2933332920074463
0.9733333587646484, 1.5199999809265137
0.9733333587646484, 1.5199999809265137
0.897777795791626, 1.951111078262329
0.8088889122009277, 1.355555534362793
0.6844444274902344, 0.8933333158493042
0.6844444274902344, 0.8933333158493042
0.6844444274902344, 0.8933333158493042
0.6844444274902344, 0.8933333158493042
0.6800000071525574, 1.1777777671813965
0.6800000071525574, 1.1777777671813965
0.7911111116409302, 1.1822222471237183
1.0, 0.6755555272102356
1.1333333253860474, 0.4933333396911621
1.1333333253860474, 0.4933333396911621
1.1333333253860474, 0.4933333396911621
1.1333333253860474, 0.4933333396911621
1.1333333253860474, 0.4933333396911621
