actor_1,actor_2
0.7066666483879089, 2.0
0.9111111164093018, 2.0
0.7333333492279053, 1.702222228050232
0.9733333587646484, 1.3511110544204712
1.2000000476837158, 1.008888840675354
1.2000000476837158, 1.008888840675354
1.1155555248260498, 0.6888889074325562
1.7244443893432617, 0.9599999785423279
1.102222204208374, 1.2755556106567383
1.7244443893432617, 0.9599999785423279
1.102222204208374, 1.2755556106567383
1.7244443893432617, 0.9599999785423279
1.195555567741394, 1.1866666078567505
0.7777777910232544, 1.0533332824707031
1.195555567741394, 1.1866666078567505
0.7777777910232544, 1.0533332824707031
1.195555567741394, 1.1866666078567505
0.9733333587646484, 1.1644444465637207
1.195555567741394, 1.1866666078567505
1.102222204208374, 1.2755556106567383
1.3200000524520874, 1.09333336353302
1.102222204208374, 1.2755556106567383
1.3200000524520874, 1.09333336353302
1.195555567741394, 1.1866666078567505
0.7777777910232544, 1.0533332824707031
1.195555567741394, 1.1866666078567505
0.7777777910232544, 1.0533332824707031
1.195555567741394, 1.1866666078567505
0.7777777910232544, 1.0533332824707031
1.3200000524520874, 1.09333336353302
0.8133333325386047, 1.1066666841506958
1.3200000524520874, 1.09333336353302
0.804444432258606, 1.0044444799423218
1.3200000524520874, 1.09333336353302
0.804444432258606, 1.0044444799423218
1.3200000524520874, 1.09333336353302
0.804444432258606, 1.0044444799423218
1.3200000524520874, 1.09333336353302
0.8755555748939514, 0.8844444155693054
1.3200000524520874, 1.09333336353302
0.8755555748939514, 0.8844444155693054
1.3200000524520874, 1.09333336353302
0.8755555748939514, 0.8844444155693054
