actor_1,actor_2
1.4177777767181396, 2.0
1.755555510520935, 1.9111111164093018
1.6311111450195312, 1.5777777433395386
1.5911110639572144, 1.1822222471237183
1.3111110925674438, 1.0266666412353516
0.8622221946716309, 0.5822222232818604
0.8622221946716309, 0.9244444370269775
0.8622221946716309, 0.9244444370269775
1.3777778148651123, 1.8088889122009277
1.644444465637207, 1.991111159324646
1.6311111450195312, 1.5777777433395386
1.644444465637207, 1.991111159324646
1.6311111450195312, 1.5777777433395386
1.5911110639572144, 1.1822222471237183
1.3111110925674438, 1.0266666412353516
0.8622221946716309, 0.5822222232818604
0.8622221946716309, 0.9244444370269775
0.8622221946716309, 0.9244444370269775
1.3777778148651123, 1.8088889122009277
1.644444465637207, 1.991111159324646
1.6311111450195312, 1.5777777433395386
1.644444465637207, 1.991111159324646
1.6311111450195312, 1.5777777433395386
1.644444465637207, 1.991111159324646
1.5955555438995361, 1.0533332824707031
1.5911110639572144, 1.1822222471237183
1.3422222137451172, 0.7333333492279053
0.8622221946716309, 0.5822222232818604
0.8622221946716309, 0.5822222232818604
0.742222249507904, 0.5644444227218628
0.742222249507904, 0.5644444227218628
0.6577777862548828, 0.644444465637207
0.6577777862548828, 0.644444465637207
0.6577777862548828, 0.644444465637207
