actor_1,actor_2
1.9733333587646484, 2.0
2.0, 1.9333332777023315
1.755555510520935, 1.897777795791626
2.0, 1.9466667175292969
1.755555510520935, 1.897777795791626
2.0, 1.9466667175292969
1.755555510520935, 1.897777795791626
2.0, 1.9466667175292969
1.7777777910232544, 1.440000057220459
1.0844444036483765, 1.0533332824707031
1.0844444036483765, 1.0533332824707031
0.8355555534362793, 0.7955555319786072
0.7511110901832581, 0.8799999952316284
0.7511110901832581, 0.8799999952316284
0.9422222375869751, 1.1822222471237183
0.7511110901832581, 0.7955555319786072
1.1866666078567505, 1.346666693687439
1.7333333492279053, 1.3155555725097656
0.902222216129303, 1.008888840675354
1.5333333015441895, 1.4622222185134888
0.902222216129303, 1.008888840675354
1.3422222137451172, 1.2666666507720947
1.195555567741394, 1.5244444608688354
1.7999999523162842, 2.0
2.0, 2.0
1.3244444131851196, 1.4044444561004639
2.0, 2.0
1.3244444131851196, 1.4044444561004639
1.7999999523162842, 2.0
1.8622221946716309, 1.4977778196334839
1.7999999523162842, 2.0
1.6311111450195312, 1.5866667032241821
1.3244444131851196, 1.4044444561004639
1.399999976158142, 1.2844444513320923
1.3244444131851196, 1.4044444561004639
1.399999976158142, 1.2844444513320923
1.3244444131851196, 1.4044444561004639
1.048888921737671, 0.6577777862548828
1.3511110544204712, 1.09333336353302
