actor_1,actor_2
1.644444465637207, 1.9333332777023315
1.484444499015808, 1.5777777433395386
1.3288888931274414, 1.2755556106567383
1.8444443941116333, 0.9822221994400024
1.6666666269302368, 0.8844444155693054
1.3244444131851196, 0.43111109733581543
1.1822222471237183, 0.6711111068725586
0.8799999952316284, 0.448888897895813
0.8799999952316284, 0.448888897895813
0.5644444227218628, 0.5199999809265137
0.4444444477558136, 0.36000001430511475
0.4444444477558136, 0.36000001430511475
