actor_1,actor_2
1.559999942779541, 1.7911111116409302
1.5466666221618652, 1.7155555486679077
1.4177777767181396, 1.4177777767181396
1.8222222328186035, 1.0844444036483765
1.5333333015441895, 0.8844444155693054
1.09333336353302, 0.40444445610046387
0.897777795791626, 0.648888885974884
0.5822222232818604, 0.40444445610046387
0.5822222232818604, 0.40444445610046387
0.40888887643814087, 0.47111111879348755
0.3466666638851166, 0.30666667222976685
0.3466666638851166, 0.30666667222976685
0.3466666638851166, 0.30666667222976685
