actor_1,actor_2
1.484444499015808, 1.3866666555404663
1.0355556011199951, 0.6577777862548828
1.0355556011199951, 0.6577777862548828
0.746666669845581, 0.4577777683734894
0.6755555272102356, 0.6088888645172119
0.5822222232818604, 0.4000000059604645
0.5822222232818604, 0.4000000059604645
0.5822222232818604, 0.4000000059604645
