actor_1,actor_2
1.6844444274902344, 1.262222170829773
1.2177777290344238, 0.448888897895813
1.2177777290344238, 0.448888897895813
0.9200000166893005, 0.2800000011920929
0.7511110901832581, 0.3911111056804657
0.6844444274902344, 0.2133333384990692
0.6844444274902344, 0.2133333384990692
0.6844444274902344, 0.2133333384990692
