actor_1,actor_2
1.008888840675354, 1.3600000143051147
0.5155555605888367, 0.9688888788223267
0.35555556416511536, 0.551111102104187
0.43111109733581543, 0.5155555605888367
0.448888897895813, 0.41333332657814026
0.448888897895813, 0.41333332657814026
0.36444443464279175, 0.23999999463558197
0.6933333277702332, 0.47111111879348755
1.3333333730697632, 0.9555555582046509
1.288888931274414, 1.3155555725097656
1.3333333730697632, 0.9555555582046509
1.288888931274414, 1.3155555725097656
0.9777777791023254, 0.7688888907432556
1.306666612625122, 1.3155555725097656
0.9777777791023254, 0.7688888907432556
1.306666612625122, 1.3155555725097656
0.9777777791023254, 0.7688888907432556
1.3866666555404663, 1.1644444465637207
1.288888931274414, 1.3155555725097656
1.3866666555404663, 1.1644444465637207
1.288888931274414, 1.3155555725097656
1.5022221803665161, 1.5199999809265137
0.7333333492279053, 0.8799999952316284
0.7955555319786072, 0.746666669845581
0.6355555653572083, 0.5733333230018616
1.3333333730697632, 0.9555555582046509
1.288888931274414, 1.3155555725097656
1.3333333730697632, 0.9555555582046509
1.288888931274414, 1.3155555725097656
1.3333333730697632, 0.9555555582046509
1.306666612625122, 1.3155555725097656
1.057777762413025, 1.0888888835906982
0.7333333492279053, 0.8799999952316284
0.6933333277702332, 0.47111111879348755
0.6355555653572083, 0.5733333230018616
0.9777777791023254, 0.7688888907432556
1.306666612625122, 1.3155555725097656
0.9777777791023254, 0.7688888907432556
1.306666612625122, 1.3155555725097656
0.6355555653572083, 0.5733333230018616
1.1733332872390747, 1.0622222423553467
1.0888888835906982, 1.2488888502120972
1.1733332872390747, 1.0622222423553467
0.8133333325386047, 1.102222204208374
0.5600000023841858, 0.7511110901832581
0.3777777850627899, 0.4977777898311615
0.3777777850627899, 0.4977777898311615
0.3911111056804657, 0.4000000059604645
0.2222222238779068, 0.23111110925674438
0.2222222238779068, 0.23111110925674438
