actor_1,actor_2
0.8755555748939514, 1.4311110973358154
1.2266666889190674, 1.4222222566604614
1.3644444942474365, 1.515555500984192
1.4711110591888428, 0.8266666531562805
1.5911110639572144, 0.5822222232818604
1.4800000190734863, 0.7644444704055786
0.9155555367469788, 0.7244444489479065
0.6222222447395325, 0.5644444227218628
0.6222222447395325, 0.5644444227218628
0.5333333611488342, 0.40444445610046387
0.5377777814865112, 0.6311110854148865
0.5377777814865112, 0.6311110854148865
0.43111109733581543, 1.0800000429153442
0.43111109733581543, 1.0800000429153442
0.5688889026641846, 1.711111068725586
0.9333333373069763, 2.0
0.995555579662323, 2.0
0.995555579662323, 2.0
0.995555579662323, 2.0
1.3644444942474365, 1.515555500984192
1.4711110591888428, 0.8266666531562805
1.5911110639572144, 0.5822222232818604
2.0, 0.4533333480358124
2.0, 0.4533333480358124
2.0, 0.4533333480358124
1.8355555534362793, 0.5733333230018616
1.1066666841506958, 0.5333333611488342
0.7955555319786072, 0.41333332657814026
0.7955555319786072, 0.41333332657814026
0.6577777862548828, 0.31111112236976624
0.6577777862548828, 0.31111112236976624
0.6577777862548828, 0.31111112236976624
0.5333333611488342, 0.40444445610046387
0.5377777814865112, 0.6311110854148865
0.3733333349227905, 0.742222249507904
0.3733333349227905, 0.742222249507904
0.3733333349227905, 0.742222249507904
0.30666667222976685, 0.5288888812065125
0.3288888931274414, 0.7200000286102295
0.3288888931274414, 0.7200000286102295
0.42222222685813904, 1.1111111640930176
0.648888885974884, 1.3244444131851196
0.6800000071525574, 1.195555567741394
0.6800000071525574, 1.195555567741394
0.6800000071525574, 1.195555567741394
0.995555579662323, 2.0
0.995555579662323, 2.0
0.995555579662323, 2.0
0.995555579662323, 2.0
1.8755555152893066, 1.7333333492279053
2.0, 0.6577777862548828
2.0, 0.4533333480358124
2.0, 0.4533333480358124
2.0, 0.4533333480358124
2.0, 0.4533333480358124
2.0, 0.4533333480358124
1.8355555534362793, 0.5733333230018616
1.448888897895813, 0.5688889026641846
0.9288889169692993, 0.47111111879348755
0.7955555319786072, 0.41333332657814026
0.7955555319786072, 0.41333332657814026
0.6577777862548828, 0.31111112236976624
0.6577777862548828, 0.31111112236976624
0.6577777862548828, 0.31111112236976624
0.6222222447395325, 0.3866666555404663
0.6133333444595337, 0.4577777683734894
0.41777777671813965, 0.6888889074325562
0.41777777671813965, 0.6888889074325562
0.41777777671813965, 0.6888889074325562
0.3733333349227905, 0.742222249507904
