actor_1,actor_2
1.2799999713897705, 1.5866667032241821
1.391111135482788, 1.6711111068725586
1.399999976158142, 1.1288888454437256
1.3377777338027954, 1.3511110544204712
1.3111110925674438, 0.6355555653572083
1.3422222137451172, 0.8222222328186035
1.0533332824707031, 0.5333333611488342
0.5600000023841858, 0.23111110925674438
0.5600000023841858, 0.23111110925674438
0.448888897895813, 0.20444443821907043
0.46666666865348816, 0.23111110925674438
0.3199999928474426, 0.2755555510520935
0.3199999928474426, 0.2755555510520935
0.29777777194976807, 0.19111111760139465
0.29777777194976807, 0.19111111760139465
