actor_1,actor_2
1.2000000476837158, 1.9155555963516235
1.3288888931274414, 1.5733333826065063
1.3111110925674438, 0.9911110997200012
1.2933332920074463, 1.1422221660614014
0.9066666960716248, 1.3200000524520874
1.2933332920074463, 1.1422221660614014
0.9066666960716248, 1.3200000524520874
1.2933332920074463, 1.1422221660614014
0.8088889122009277, 1.0666667222976685
1.2355555295944214, 0.8799999952316284
0.8088889122009277, 1.0666667222976685
1.1777777671813965, 0.7555555701255798
0.9555555582046509, 1.008888840675354
1.1777777671813965, 0.7555555701255798
0.9555555582046509, 1.008888840675354
1.1777777671813965, 0.7555555701255798
0.9555555582046509, 1.008888840675354
1.1777777671813965, 0.7555555701255798
0.9555555582046509, 1.008888840675354
1.1777777671813965, 0.7555555701255798
0.9555555582046509, 1.008888840675354
1.1777777671813965, 0.7555555701255798
0.9555555582046509, 1.008888840675354
1.1777777671813965, 0.7555555701255798
0.9688888788223267, 0.6888889074325562
0.5866666436195374, 0.6266666650772095
0.9688888788223267, 0.6888889074325562
0.5866666436195374, 0.6266666650772095
1.0266666412353516, 0.9466666579246521
0.5866666436195374, 0.6266666650772095
1.0266666412353516, 0.9466666579246521
0.5866666436195374, 0.6266666650772095
1.0266666412353516, 0.9466666579246521
0.7511110901832581, 0.7511110901832581
0.551111102104187, 0.5777778029441833
0.8088889122009277, 1.0666667222976685
1.0266666412353516, 0.9466666579246521
0.8088889122009277, 1.0666667222976685
0.9733333587646484, 0.7511110901832581
0.9555555582046509, 1.008888840675354
0.9733333587646484, 0.7511110901832581
0.8933333158493042, 0.7200000286102295
0.551111102104187, 0.46222221851348877
0.47555556893348694, 0.4533333480358124
0.47555556893348694, 0.4533333480358124
0.47555556893348694, 0.4533333480358124
0.5911111235618591, 0.5422222018241882
0.5866666436195374, 0.4399999976158142
0.5022222399711609, 0.41333332657814026
0.5022222399711609, 0.41333332657814026
