actor_1,actor_2
1.3822221755981445, 1.897777795791626
1.6399999856948853, 1.6977777481079102
1.6222221851348877, 1.1377778053283691
1.6177778244018555, 1.204444408416748
1.1422221660614014, 1.1333333253860474
0.7688888907432556, 0.5955555438995361
0.800000011920929, 0.6844444274902344
0.7111111283302307, 0.5377777814865112
0.7111111283302307, 0.5377777814865112
0.6399999856948853, 0.551111102104187
0.5955555438995361, 0.46222221851348877
0.5955555438995361, 0.46222221851348877
