actor_1,actor_2
1.9155555963516235, 1.3244444131851196
1.0666667222976685, 0.8177777528762817
1.0666667222976685, 0.8177777528762817
0.7599999904632568, 0.5777778029441833
0.551111102104187, 0.6711111068725586
0.46222221851348877, 0.4933333396911621
0.5600000023841858, 0.6755555272102356
0.5600000023841858, 0.6755555272102356
1.0222222805023193, 1.2088888883590698
1.3777778148651123, 0.9511111378669739
0.6666666865348816, 0.800000011920929
1.3288888931274414, 1.0311111211776733
0.6666666865348816, 0.800000011920929
1.1244444847106934, 1.1822222471237183
1.3777778148651123, 0.9511111378669739
1.1244444847106934, 1.1822222471237183
1.3288888931274414, 1.0311111211776733
0.9822221994400024, 1.2400000095367432
1.8355555534362793, 2.0
1.5244444608688354, 1.4355555772781372
1.5466666221618652, 2.0
1.5244444608688354, 1.4355555772781372
1.5466666221618652, 2.0
1.440000057220459, 1.355555534362793
0.9822221994400024, 1.2400000095367432
1.1422221660614014, 1.4266666173934937
1.5244444608688354, 1.4355555772781372
1.1422221660614014, 1.4266666173934937
1.559999942779541, 1.3155555725097656
0.8577777743339539, 0.7155555486679077
1.0533332824707031, 1.048888921737671
1.0533332824707031, 1.048888921737671
