actor_1,actor_2
1.440000057220459, 2.0
0.8711110949516296, 1.5466666221618652
0.7022222280502319, 1.0
0.804444432258606, 0.7733333110809326
0.9511111378669739, 0.551111102104187
1.515555500984192, 0.8933333158493042
2.0, 0.9511111378669739
1.737777829170227, 0.7022222280502319
1.737777829170227, 0.7022222280502319
1.5199999809265137, 0.5333333611488342
1.0399999618530273, 0.7644444704055786
1.0399999618530273, 0.7644444704055786
0.7200000286102295, 0.7066666483879089
0.742222249507904, 0.5777778029441833
0.742222249507904, 0.5777778029441833
