actor_1,actor_2
1.1244444847106934, 2.0
0.6977777481079102, 1.5377777814865112
0.5555555820465088, 0.9911110997200012
0.6755555272102356, 0.7644444704055786
0.8444444537162781, 0.5422222018241882
0.8444444537162781, 0.5422222018241882
0.8533333539962769, 0.4533333480358124
1.1422221660614014, 0.5688889026641846
1.693333387374878, 0.804444432258606
1.3377777338027954, 0.5644444227218628
1.3377777338027954, 0.5644444227218628
1.1866666078567505, 0.4533333480358124
1.1333333253860474, 0.5155555605888367
1.1333333253860474, 0.5155555605888367
0.54666668176651, 0.742222249507904
0.24888889491558075, 0.6844444274902344
0.31111112236976624, 0.551111102104187
0.31111112236976624, 0.551111102104187
0.36000001430511475, 0.7866666913032532
0.36000001430511475, 0.7866666913032532
0.6266666650772095, 1.3200000524520874
0.5600000023841858, 1.2355555295944214
0.46222221851348877, 0.7511110901832581
0.46222221851348877, 0.7511110901832581
0.46222221851348877, 0.7511110901832581
0.41333332657814026, 0.9777777791023254
0.41333332657814026, 0.9777777791023254
0.5555555820465088, 0.9911110997200012
0.6755555272102356, 0.7644444704055786
0.8444444537162781, 0.5422222018241882
0.7955555319786072, 0.36888888478279114
0.7955555319786072, 0.36888888478279114
0.7955555319786072, 0.36888888478279114
