actor_1,actor_2
1.0755555629730225, 2.0
1.102222204208374, 2.0
0.9244444370269775, 1.6311111450195312
1.0622222423553467, 1.4800000190734863
1.3422222137451172, 1.195555567741394
1.3422222137451172, 1.195555567741394
1.448888897895813, 0.9466666579246521
1.9377777576446533, 1.1866666078567505
2.0, 1.3600000143051147
2.0, 1.0266666412353516
2.0, 1.0266666412353516
1.8844444751739502, 0.8755555748939514
1.391111135482788, 0.9866666793823242
1.391111135482788, 0.9866666793823242
0.6622222065925598, 1.2933332920074463
0.4933333396911621, 1.3600000143051147
0.46666666865348816, 1.2355555295944214
0.46666666865348816, 1.2355555295944214
0.5644444227218628, 1.5288889408111572
0.5644444227218628, 1.5288889408111572
0.7022222280502319, 1.9822221994400024
0.8622221946716309, 1.8311110734939575
0.7377777695655823, 1.391111135482788
0.7377777695655823, 1.391111135482788
0.7377777695655823, 1.391111135482788
0.7911111116409302, 1.6355555057525635
0.7911111116409302, 1.6355555057525635
0.9244444370269775, 1.6311111450195312
1.0622222423553467, 1.4800000190734863
1.3422222137451172, 1.195555567741394
1.5777777433395386, 0.8266666531562805
1.5777777433395386, 0.8266666531562805
1.5777777433395386, 0.8266666531562805
