actor_1,actor_2
1.0622222423553467, 1.4444444179534912
0.9555555582046509, 1.6888889074325562
0.6977777481079102, 1.2266666889190674
0.7599999904632568, 0.8266666531562805
0.7955555319786072, 0.6800000071525574
0.7955555319786072, 0.6800000071525574
0.800000011920929, 0.5955555438995361
1.1377778053283691, 0.8133333325386047
1.493333339691162, 0.9911110997200012
1.9244444370269775, 1.0666667222976685
1.9244444370269775, 1.0666667222976685
1.5955555438995361, 1.1066666841506958
1.3422222137451172, 1.1466666460037231
1.3422222137451172, 1.1466666460037231
0.7866666913032532, 1.2711111307144165
0.41777777671813965, 1.2666666507720947
0.3422222137451172, 1.1333333253860474
0.3422222137451172, 1.1333333253860474
0.5199999809265137, 1.1466666460037231
0.5199999809265137, 1.1466666460037231
0.6044444441795349, 1.195555567741394
0.6577777862548828, 1.2488888502120972
0.4977777898311615, 0.9200000166893005
0.4977777898311615, 0.9200000166893005
0.4977777898311615, 0.9200000166893005
0.5600000023841858, 1.151111125946045
0.5600000023841858, 1.151111125946045
0.6977777481079102, 1.2266666889190674
0.7599999904632568, 0.8266666531562805
0.7955555319786072, 0.6800000071525574
0.7911111116409302, 0.5555555820465088
0.7911111116409302, 0.5555555820465088
0.7911111116409302, 0.5555555820465088
