actor_1,actor_2
1.7599999904632568, 1.515555500984192
0.9155555367469788, 0.5955555438995361
0.9155555367469788, 0.5955555438995361
0.7733333110809326, 0.40888887643814087
0.644444465637207, 0.5155555605888367
0.5911111235618591, 0.35555556416511536
0.5911111235618591, 0.35555556416511536
0.5911111235618591, 0.35555556416511536
