actor_1,actor_2
1.09333336353302, 2.0
1.2355555295944214, 1.951111078262329
1.2000000476837158, 1.2844444513320923
1.0622222423553467, 0.8533333539962769
1.008888840675354, 0.7111111283302307
1.0266666412353516, 1.09333336353302
1.008888840675354, 0.7111111283302307
1.0222222805023193, 0.9911110997200012
0.7688888907432556, 0.9377777576446533
1.0222222805023193, 0.9911110997200012
0.7688888907432556, 0.9377777576446533
0.8933333158493042, 0.7377777695655823
0.7688888907432556, 0.9377777576446533
0.8933333158493042, 0.7377777695655823
0.7644444704055786, 0.7955555319786072
0.8933333158493042, 0.7377777695655823
0.7644444704055786, 0.7955555319786072
0.8933333158493042, 0.7377777695655823
0.7644444704055786, 0.7955555319786072
0.8933333158493042, 0.7377777695655823
0.8622221946716309, 0.7955555319786072
0.9244444370269775, 0.804444432258606
0.746666669845581, 0.551111102104187
0.54666668176651, 0.47999998927116394
0.54666668176651, 0.47999998927116394
0.54666668176651, 0.47999998927116394
0.5822222232818604, 0.54666668176651
0.5822222232818604, 0.54666668176651
0.6000000238418579, 0.644444465637207
0.4444444477558136, 0.5600000023841858
0.4444444477558136, 0.5600000023841858
0.4444444477558136, 0.5600000023841858
0.4444444477558136, 0.5600000023841858
0.4444444477558136, 0.5600000023841858
0.5911111235618591, 0.7200000286102295
0.7111111283302307, 0.9555555582046509
0.8533333539962769, 1.4177777767181396
1.0355556011199951, 1.3422222137451172
1.0355556011199951, 1.048888921737671
1.0355556011199951, 1.048888921737671
1.0355556011199951, 1.048888921737671
1.0355556011199951, 1.048888921737671
1.0355556011199951, 1.048888921737671
1.0355556011199951, 1.048888921737671
1.0355556011199951, 1.048888921737671
1.0622222423553467, 0.8533333539962769
1.008888840675354, 0.7111111283302307
0.8844444155693054, 0.5777778029441833
0.9377777576446533, 0.6044444441795349
0.9377777576446533, 0.6044444441795349
0.9377777576446533, 0.6044444441795349
0.9377777576446533, 0.6044444441795349
