actor_1,actor_2
1.5555555820465088, 2.0
1.542222261428833, 1.9955555200576782
1.5777777433395386, 1.4222222566604614
1.5111111402511597, 1.4755555391311646
1.5733333826065063, 1.5111111402511597
1.440000057220459, 0.9466666579246521
1.4444444179534912, 1.1733332872390747
1.151111125946045, 0.897777795791626
1.151111125946045, 0.897777795791626
1.0755555629730225, 1.0622222423553467
1.0444444417953491, 0.8133333325386047
1.0444444417953491, 0.8133333325386047
