actor_1,actor_2
1.9022222757339478, 2.0
1.693333387374878, 1.6311111450195312
1.9466667175292969, 2.0
1.737777829170227, 1.8622221946716309
1.8577778339385986, 1.195555567741394
1.5644444227218628, 1.253333330154419
1.7244443893432617, 1.5288889408111572
1.515555500984192, 0.9422222375869751
1.515555500984192, 0.9422222375869751
1.2844444513320923, 0.8311111330986023
1.2844444513320923, 0.8311111330986023
1.253333330154419, 0.9866666793823242
1.1422221660614014, 0.7288888692855835
1.1422221660614014, 0.7288888692855835
