actor_1,actor_2
1.1644444465637207, 1.7822222709655762
1.288888931274414, 1.2844444513320923
1.0044444799423218, 1.951111078262329
1.399999976158142, 1.4044444561004639
1.0666667222976685, 0.897777795791626
1.551111102104187, 0.8355555534362793
1.159999966621399, 0.9511111378669739
0.8222222328186035, 0.3199999928474426
0.8222222328186035, 0.3199999928474426
0.47999998927116394, 0.3377777636051178
0.47999998927116394, 0.3377777636051178
0.20888888835906982, 0.4000000059604645
0.18222221732139587, 0.25777778029441833
0.18222221732139587, 0.25777778029441833
0.20444443821907043, 0.35111111402511597
0.20444443821907043, 0.35111111402511597
0.2622222304344177, 0.5777778029441833
0.746666669845581, 1.1288888454437256
0.9066666960716248, 1.0977777242660522
0.7866666913032532, 0.7511110901832581
0.9066666960716248, 1.0977777242660522
0.7866666913032532, 0.7511110901832581
0.9733333587646484, 2.0
0.9200000166893005, 1.2577778100967407
0.9200000166893005, 1.2577778100967407
0.9200000166893005, 1.2577778100967407
0.9200000166893005, 1.2577778100967407
0.9200000166893005, 1.2577778100967407
0.9200000166893005, 1.2577778100967407
0.897777795791626, 0.8933333158493042
1.0444444417953491, 0.6755555272102356
1.2355555295944214, 0.36000001430511475
1.2355555295944214, 0.36000001430511475
1.0622222423553467, 0.25777778029441833
1.0622222423553467, 0.25777778029441833
0.9555555582046509, 0.19555555284023285
0.9866666793823242, 0.2755555510520935
0.8311111330986023, 0.20444443821907043
0.7777777910232544, 0.23555555939674377
0.7244444489479065, 0.17777778208255768
0.8311111330986023, 0.2133333384990692
0.5377777814865112, 0.1733333319425583
0.36888888478279114, 0.23555555939674377
0.17777778208255768, 0.24888889491558075
0.17777778208255768, 0.24888889491558075
0.17777778208255768, 0.24888889491558075
0.2222222238779068, 0.3822222352027893
