actor_1,actor_2
1.7999999523162842, 2.0
1.9244444370269775, 2.0
1.6399999856948853, 1.6177778244018555
2.0, 1.7333333492279053
1.7599999904632568, 1.9644443988800049
2.0, 1.7333333492279053
1.7599999904632568, 1.9644443988800049
2.0, 1.7333333492279053
1.9600000381469727, 1.4177777767181396
1.8844444751739502, 0.8355555534362793
1.653333306312561, 1.09333336353302
1.5377777814865112, 1.0266666412353516
1.5377777814865112, 1.0266666412353516
1.1155555248260498, 1.1066666841506958
1.1155555248260498, 1.1066666841506958
1.0311111211776733, 0.8177777528762817
