actor_1,actor_2
1.9733333587646484, 1.897777795791626
1.0, 1.0666667222976685
1.7777777910232544, 1.693333387374878
1.0, 1.0666667222976685
1.7777777910232544, 1.693333387374878
1.0, 1.0666667222976685
1.2755556106567383, 2.0
1.6133333444595337, 2.0
1.1733332872390747, 1.6355555057525635
1.4711110591888428, 1.6177778244018555
1.4711110591888428, 1.6177778244018555
1.6622222661972046, 1.262222170829773
1.7155555486679077, 0.9244444370269775
1.5777777433395386, 0.6933333277702332
1.5866667032241821, 0.6311110854148865
2.0, 0.7911111116409302
1.8711111545562744, 0.746666669845581
1.3822221755981445, 0.6266666650772095
1.3822221755981445, 0.6266666650772095
1.244444489479065, 0.5955555438995361
1.1422221660614014, 0.7200000286102295
1.1422221660614014, 0.7200000286102295
0.7777777910232544, 0.9244444370269775
0.5866666436195374, 1.0133333206176758
0.5866666436195374, 1.0133333206176758
0.5866666436195374, 1.0133333206176758
0.6044444441795349, 0.995555579662323
0.6044444441795349, 0.995555579662323
1.0044444799423218, 1.4444444179534912
1.3244444131851196, 1.6399999856948853
1.0177778005599976, 1.2400000095367432
1.1733332872390747, 1.6355555057525635
1.1733332872390747, 1.6355555057525635
1.1733332872390747, 1.6355555057525635
1.1733332872390747, 1.6355555057525635
1.1733332872390747, 1.6355555057525635
1.4711110591888428, 1.6177778244018555
1.7155555486679077, 0.800000011920929
1.5866667032241821, 0.6311110854148865
1.5866667032241821, 0.6311110854148865
1.5866667032241821, 0.6311110854148865
1.5866667032241821, 0.6311110854148865
1.5866667032241821, 0.6311110854148865
