actor_1,actor_2
1.8755555152893066, 1.6133333444595337
1.1688889265060425, 0.8444444537162781
1.1688889265060425, 0.8444444537162781
0.897777795791626, 0.6755555272102356
0.6399999856948853, 0.6311110854148865
0.6000000238418579, 0.551111102104187
0.6000000238418579, 0.551111102104187
0.6000000238418579, 0.551111102104187
