actor_1,actor_2
1.6488889455795288, 2.0
2.0, 1.9288889169692993
1.3600000143051147, 2.0
2.0, 2.0
1.3600000143051147, 2.0
2.0, 2.0
1.3600000143051147, 2.0
2.0, 2.0
1.3422222137451172, 1.4355555772781372
2.0, 2.0
1.3422222137451172, 1.4355555772781372
2.0, 1.3244444131851196
1.3422222137451172, 1.4355555772781372
2.0, 1.3244444131851196
1.3422222137451172, 1.4355555772781372
2.0, 1.3244444131851196
1.3422222137451172, 1.4355555772781372
2.0, 1.3244444131851196
1.2933332920074463, 0.9466666579246521
1.0044444799423218, 0.5644444227218628
0.995555579662323, 0.7777777910232544
0.7777777910232544, 0.7644444704055786
0.7777777910232544, 0.7644444704055786
0.6266666650772095, 0.8266666531562805
0.6266666650772095, 0.8266666531562805
0.6266666650772095, 0.8266666531562805
0.6622222065925598, 0.8222222328186035
0.6622222065925598, 0.8222222328186035
0.7511110901832581, 1.0444444417953491
1.457777738571167, 1.5333333015441895
1.6399999856948853, 1.440000057220459
1.1733332872390747, 1.493333339691162
1.6399999856948853, 1.440000057220459
1.1155555248260498, 1.5333333015441895
1.8577778339385986, 2.0
1.8355555534362793, 1.5199999809265137
1.4888888597488403, 2.0
1.848888874053955, 1.5911110639572144
1.4888888597488403, 2.0
1.6399999856948853, 1.6666666269302368
1.8355555534362793, 1.5199999809265137
1.297777771949768, 1.5333333015441895
1.848888874053955, 1.5911110639572144
1.297777771949768, 1.5333333015441895
2.0, 1.3111110925674438
1.1333333253860474, 0.8399999737739563
1.2711111307144165, 1.306666612625122
1.1333333253860474, 0.8399999737739563
1.2711111307144165, 1.306666612625122
1.1333333253860474, 0.8399999737739563
