actor_1,actor_2
1.5288889408111572, 2.0
1.5688889026641846, 1.9822221994400024
1.4177777767181396, 1.8177777528762817
1.4977778196334839, 1.2666666507720947
1.4888888597488403, 0.8533333539962769
1.644444465637207, 0.8888888955116272
1.515555500984192, 0.8222222328186035
1.0711110830307007, 0.3911111056804657
1.0711110830307007, 0.3911111056804657
0.6622222065925598, 0.2755555510520935
0.6177777647972107, 0.43111109733581543
0.6177777647972107, 0.43111109733581543
0.4933333396911621, 0.4977777898311615
0.4444444477558136, 0.36888888478279114
0.4444444477558136, 0.36888888478279114
