actor_1,actor_2
1.6844444274902344, 2.0
1.7644444704055786, 1.6488889455795288
1.6311111450195312, 2.0
1.8355555534362793, 2.0
1.5333333015441895, 1.306666612625122
1.9866666793823242, 1.4266666173934937
1.8799999952316284, 1.711111068725586
1.4755555391311646, 0.9733333587646484
1.4755555391311646, 0.9733333587646484
0.902222216129303, 0.8133333325386047
0.902222216129303, 0.8133333325386047
0.7377777695655823, 1.0
0.648888885974884, 0.7599999904632568
0.648888885974884, 0.7599999904632568
0.8266666531562805, 1.0444444417953491
0.8266666531562805, 1.0444444417953491
0.897777795791626, 1.2844444513320923
1.2400000095367432, 1.6666666269302368
1.2844444513320923, 1.484444499015808
1.1377778053283691, 1.0844444036483765
1.2844444513320923, 1.484444499015808
1.1377778053283691, 1.0844444036483765
1.4222222566604614, 2.0
1.2933332920074463, 1.506666660308838
1.2933332920074463, 1.506666660308838
1.2933332920074463, 1.506666660308838
1.2933332920074463, 1.506666660308838
1.2933332920074463, 1.506666660308838
1.2933332920074463, 1.506666660308838
1.253333330154419, 1.253333330154419
1.5288889408111572, 1.102222204208374
1.8444443941116333, 0.6577777862548828
1.8444443941116333, 0.6577777862548828
1.6799999475479126, 0.5422222018241882
1.6799999475479126, 0.5422222018241882
1.6177778244018555, 0.5688889026641846
1.8266667127609253, 0.7066666483879089
1.5866667032241821, 0.5022222399711609
1.644444465637207, 0.5733333230018616
1.506666660308838, 0.47555556893348694
1.7911111116409302, 0.5911111235618591
1.151111125946045, 0.5600000023841858
0.9155555367469788, 0.6844444274902344
0.7200000286102295, 0.7866666913032532
0.7200000286102295, 0.7866666913032532
0.7200000286102295, 0.7866666913032532
1.0133333206176758, 1.1644444465637207
