actor_1,actor_2
1.5688889026641846, 2.0
1.6399999856948853, 1.9822221994400024
1.559999942779541, 1.6044445037841797
1.4977778196334839, 0.9555555582046509
1.3866666555404663, 0.6133333444595337
1.440000057220459, 0.8088889122009277
1.3600000143051147, 0.8755555748939514
1.2088888883590698, 0.47555556893348694
1.2088888883590698, 0.47555556893348694
1.0044444799423218, 0.3822222352027893
1.1111111640930176, 0.7244444489479065
1.1111111640930176, 0.7244444489479065
0.9866666793823242, 0.8266666531562805
0.9244444370269775, 0.5422222018241882
0.9244444370269775, 0.5422222018241882
