actor_1,actor_2
1.515555500984192, 2.0
1.3333333730697632, 1.4800000190734863
0.8399999737739563, 0.9733333587646484
1.0800000429153442, 0.8177777528762817
1.1111111640930176, 0.7511110901832581
1.9244444370269775, 1.1377778053283691
1.8799999952316284, 1.7155555486679077
1.6355555057525635, 1.2400000095367432
1.6355555057525635, 1.2400000095367432
1.159999966621399, 0.9866666793823242
0.746666669845581, 1.0888888835906982
0.746666669845581, 1.0888888835906982
0.7822222113609314, 1.3688888549804688
0.7822222113609314, 1.3688888549804688
0.9333333373069763, 2.0
1.0266666412353516, 1.7688888311386108
0.5955555438995361, 0.9466666579246521
0.5955555438995361, 0.9466666579246521
0.5955555438995361, 0.9466666579246521
0.8399999737739563, 0.9733333587646484
1.0800000429153442, 0.8177777528762817
1.1111111640930176, 0.7511110901832581
0.9644444584846497, 0.5688889026641846
0.9644444584846497, 0.5688889026641846
0.9644444584846497, 0.5688889026641846
1.600000023841858, 0.8266666531562805
1.559999942779541, 1.1377778053283691
1.3822221755981445, 0.9111111164093018
1.3822221755981445, 0.9111111164093018
1.0311111211776733, 0.7688888907432556
1.0311111211776733, 0.7688888907432556
1.0311111211776733, 0.7688888907432556
1.159999966621399, 0.9866666793823242
0.746666669845581, 1.0888888835906982
0.4977777898311615, 0.9777777791023254
0.4977777898311615, 0.9777777791023254
0.4977777898311615, 0.9777777791023254
0.43111109733581543, 0.8399999737739563
0.6044444441795349, 1.1155555248260498
0.6044444441795349, 1.1155555248260498
0.7244444489479065, 1.7822222709655762
0.7911111116409302, 1.2266666889190674
0.5199999809265137, 0.742222249507904
0.5199999809265137, 0.742222249507904
0.5199999809265137, 0.742222249507904
0.5955555438995361, 0.9466666579246521
0.5955555438995361, 0.9466666579246521
0.5955555438995361, 0.9466666579246521
0.5955555438995361, 0.9466666579246521
0.7733333110809326, 0.7866666913032532
1.0977777242660522, 0.648888885974884
0.9644444584846497, 0.5688889026641846
0.9644444584846497, 0.5688889026641846
0.9644444584846497, 0.5688889026641846
0.9644444584846497, 0.5688889026641846
