actor_1,actor_2
1.7911111116409302, 2.0
1.9822221994400024, 1.8177777528762817
1.6799999475479126, 2.0
2.0, 2.0
1.6799999475479126, 2.0
2.0, 2.0
1.6799999475479126, 2.0
2.0, 2.0
1.6266666650772095, 1.4977778196334839
1.3022222518920898, 1.0844444036483765
1.3022222518920898, 1.0844444036483765
0.9244444370269775, 0.7911111116409302
0.6800000071525574, 0.902222216129303
0.6800000071525574, 0.902222216129303
0.9733333587646484, 1.288888931274414
0.8133333325386047, 0.8222222328186035
1.0533332824707031, 1.6044445037841797
1.3244444131851196, 1.2355555295944214
0.8799999952316284, 1.0533332824707031
1.244444489479065, 1.4311110973358154
1.297777771949768, 1.0977777242660522
1.3200000524520874, 2.0
1.5377777814865112, 2.0
1.297777771949768, 1.644444465637207
1.297777771949768, 1.644444465637207
1.297777771949768, 1.644444465637207
1.297777771949768, 1.644444465637207
1.297777771949768, 1.644444465637207
1.746666669845581, 0.9200000166893005
1.848888874053955, 0.47111111879348755
1.848888874053955, 0.47111111879348755
1.7999999523162842, 0.3466666638851166
1.7999999523162842, 0.3466666638851166
1.7999999523162842, 0.3466666638851166
2.0, 0.46666666865348816
1.7688888311386108, 0.5155555605888367
1.3644444942474365, 0.4444444477558136
1.262222170829773, 0.36444443464279175
1.262222170829773, 0.36444443464279175
0.9200000166893005, 0.3288888931274414
0.8933333158493042, 0.3733333349227905
0.8488888740539551, 0.5866666436195374
0.5822222232818604, 0.648888885974884
0.5822222232818604, 0.648888885974884
0.5822222232818604, 0.648888885974884
0.5822222232818604, 0.648888885974884
0.8711110949516296, 0.8266666531562805
