actor_1,actor_2
2.0, 2.0
1.4622222185134888, 1.1733332872390747
1.4622222185134888, 1.1733332872390747
1.1377778053283691, 0.8711110949516296
0.7866666913032532, 0.9599999785423279
0.644444465637207, 0.6355555653572083
0.644444465637207, 0.6355555653572083
0.644444465637207, 0.6355555653572083
0.644444465637207, 0.6355555653572083
