actor_1,actor_2
1.7688888311386108, 1.9377777576446533
2.0, 1.457777738571167
1.7244443893432617, 2.0
2.0, 1.7777777910232544
1.7244443893432617, 2.0
2.0, 1.7777777910232544
1.7244443893432617, 2.0
2.0, 1.7777777910232544
1.8133333921432495, 1.3244444131851196
1.2577778100967407, 1.159999966621399
1.2577778100967407, 1.159999966621399
0.9422222375869751, 0.6755555272102356
0.6844444274902344, 0.8488888740539551
0.6844444274902344, 0.8488888740539551
0.9111111164093018, 1.5288889408111572
0.6844444274902344, 0.6888889074325562
1.0177778005599976, 1.346666693687439
1.3733333349227905, 1.195555567741394
0.8444444537162781, 0.9911110997200012
1.288888931274414, 1.3377777338027954
1.457777738571167, 1.008888840675354
1.4711110591888428, 2.0
1.6977777481079102, 2.0
1.7288888692855835, 1.3022222518920898
1.6977777481079102, 2.0
1.7288888692855835, 1.3022222518920898
1.6177778244018555, 2.0
1.7288888692855835, 1.3022222518920898
1.6177778244018555, 2.0
1.6311111450195312, 1.559999942779541
1.4711110591888428, 2.0
1.6311111450195312, 1.559999942779541
1.6399999856948853, 2.0
1.804444432258606, 1.4355555772781372
1.6399999856948853, 2.0
1.6799999475479126, 1.5333333015441895
1.3111110925674438, 1.5955555438995361
1.6799999475479126, 1.5333333015441895
1.3111110925674438, 1.5955555438995361
1.506666660308838, 1.5644444227218628
1.804444432258606, 1.4355555772781372
1.506666660308838, 1.5644444227218628
1.804444432258606, 1.4355555772781372
1.506666660308838, 1.5644444227218628
1.6799999475479126, 1.5333333015441895
1.1777777671813965, 1.0622222423553467
1.3111110925674438, 1.5955555438995361
1.1777777671813965, 1.0622222423553467
1.3111110925674438, 1.5955555438995361
1.1777777671813965, 1.0622222423553467
1.3111110925674438, 1.5955555438995361
1.1777777671813965, 1.0622222423553467
1.3111110925674438, 1.5955555438995361
