actor_1,actor_2
1.195555567741394, 1.9555555582046509
1.6977777481079102, 1.4800000190734863
1.253333330154419, 1.7200000286102295
1.542222261428833, 1.7244443893432617
1.6711111068725586, 1.2177777290344238
1.448888897895813, 0.9111111164093018
1.0755555629730225, 1.0266666412353516
0.7644444704055786, 0.4399999976158142
0.7644444704055786, 0.4399999976158142
0.5955555438995361, 0.41777777671813965
0.5955555438995361, 0.41777777671813965
0.47111111879348755, 0.5066666603088379
0.448888897895813, 0.31555554270744324
0.448888897895813, 0.31555554270744324
0.448888897895813, 0.31555554270744324
