actor_1,actor_2
0.804444432258606, 1.5022221803665161
0.8488888740539551, 1.1155555248260498
1.0444444417953491, 0.9066666960716248
0.7244444489479065, 0.7200000286102295
0.5333333611488342, 0.8844444155693054
0.7244444489479065, 0.7200000286102295
0.5333333611488342, 0.8844444155693054
0.7244444489479065, 0.7200000286102295
0.47555556893348694, 0.5733333230018616
0.6355555653572083, 0.4888888895511627
0.47555556893348694, 0.5733333230018616
0.6088888645172119, 0.4444444477558136
0.5644444227218628, 0.5733333230018616
0.6088888645172119, 0.4444444477558136
0.5644444227218628, 0.5733333230018616
0.6088888645172119, 0.4444444477558136
0.5644444227218628, 0.5733333230018616
0.6088888645172119, 0.4444444477558136
0.5644444227218628, 0.5733333230018616
0.6088888645172119, 0.4444444477558136
0.5644444227218628, 0.5733333230018616
0.6088888645172119, 0.4444444477558136
0.5644444227218628, 0.5733333230018616
0.6088888645172119, 0.4444444477558136
0.2844444513320923, 0.43111109733581543
0.31111112236976624, 0.36000001430511475
0.47555556893348694, 0.29777777194976807
0.29777777194976807, 0.36444443464279175
0.47555556893348694, 0.31555554270744324
0.29777777194976807, 0.36444443464279175
0.47555556893348694, 0.31555554270744324
0.29777777194976807, 0.36444443464279175
0.47555556893348694, 0.31555554270744324
0.29777777194976807, 0.36444443464279175
0.47555556893348694, 0.31555554270744324
0.29777777194976807, 0.36444443464279175
0.47555556893348694, 0.31555554270744324
