actor_1,actor_2
1.1866666078567505, 2.0
1.4800000190734863, 1.608888864517212
1.4800000190734863, 1.4533333778381348
1.4666666984558105, 1.2666666507720947
1.1555556058883667, 1.4666666984558105
1.4666666984558105, 1.2666666507720947
1.1555556058883667, 1.4666666984558105
1.4666666984558105, 1.2666666507720947
1.3288888931274414, 1.0844444036483765
1.1200000047683716, 0.7244444489479065
1.0222222805023193, 1.0177778005599976
0.8799999952316284, 0.8666666746139526
0.8799999952316284, 0.8666666746139526
0.7511110901832581, 1.0711110830307007
0.7511110901832581, 1.0711110830307007
0.6844444274902344, 0.6044444441795349
0.6844444274902344, 0.6044444441795349
0.6844444274902344, 0.6044444441795349
