actor_1,actor_2
1.8622221946716309, 2.0
1.711111068725586, 2.0
1.448888897895813, 1.6666666269302368
1.3688888549804688, 1.0977777242660522
1.2933332920074463, 0.7777777910232544
1.7688888311386108, 1.151111125946045
1.9111111164093018, 1.0888888835906982
1.391111135482788, 0.644444465637207
1.391111135482788, 0.644444465637207
0.9866666793823242, 0.4933333396911621
0.9866666793823242, 0.7733333110809326
0.9866666793823242, 0.7733333110809326
0.7377777695655823, 0.7333333492279053
0.6266666650772095, 0.5422222018241882
0.6266666650772095, 0.5422222018241882
