actor_1,actor_2
1.4044444561004639, 2.0
2.0, 1.5644444227218628
1.2711111307144165, 1.8355555534362793
1.9555555582046509, 1.8088889122009277
1.2711111307144165, 1.8355555534362793
1.9555555582046509, 1.8088889122009277
1.2711111307144165, 1.8355555534362793
1.9555555582046509, 1.8088889122009277
1.2355555295944214, 1.1422221660614014
1.0399999618530273, 0.8088889122009277
1.0399999618530273, 0.8088889122009277
0.8666666746139526, 0.46666666865348816
0.8133333325386047, 0.5333333611488342
0.8133333325386047, 0.5333333611488342
0.7555555701255798, 0.324444442987442
0.7555555701255798, 0.324444442987442
