actor_1,actor_2
1.6399999856948853, 2.0
1.653333306312561, 2.0
1.5111111402511597, 1.755555510520935
1.6222221851348877, 1.102222204208374
1.7511111497879028, 0.7599999904632568
2.0, 1.0133333206176758
1.8222222328186035, 1.2266666889190674
1.5111111402511597, 0.7644444704055786
1.5111111402511597, 0.7644444704055786
1.3288888931274414, 0.5333333611488342
0.9688888788223267, 0.8666666746139526
0.9688888788223267, 0.8666666746139526
0.8577777743339539, 1.048888921737671
0.6800000071525574, 0.7555555701255798
0.6800000071525574, 0.7555555701255798
0.6800000071525574, 0.7555555701255798
0.8577777743339539, 1.0311111211776733
0.8577777743339539, 1.0311111211776733
0.9422222375869751, 1.3511110544204712
1.1288888454437256, 1.644444465637207
1.2844444513320923, 1.5911110639572144
1.2000000476837158, 1.346666693687439
1.2000000476837158, 1.346666693687439
1.2000000476837158, 1.346666693687439
1.2000000476837158, 1.346666693687439
1.391111135482788, 2.0
1.391111135482788, 2.0
1.391111135482788, 2.0
1.391111135482788, 2.0
1.4711110591888428, 1.608888864517212
1.457777738571167, 0.6000000238418579
1.8444443941116333, 0.653333306312561
1.8444443941116333, 0.653333306312561
1.8444443941116333, 0.653333306312561
