actor_1,actor_2
1.0533332824707031, 2.0
1.0800000429153442, 2.0
0.8888888955116272, 1.8533333539962769
1.008888840675354, 1.4044444561004639
1.1822222471237183, 1.048888921737671
1.1822222471237183, 1.048888921737671
1.4222222566604614, 0.8355555534362793
1.9555555582046509, 1.0800000429153442
1.8266667127609253, 1.4355555772781372
1.5199999809265137, 0.8444444537162781
1.5199999809265137, 0.8444444537162781
1.5777777433395386, 0.7111111283302307
1.0844444036483765, 0.7911111116409302
1.0844444036483765, 0.7911111116409302
0.7822222113609314, 1.0222222805023193
0.6711111068725586, 1.1066666841506958
0.653333306312561, 0.9066666960716248
0.653333306312561, 0.9066666960716248
0.644444465637207, 1.1288888454437256
0.644444465637207, 1.1288888454437256
0.7377777695655823, 1.9644443988800049
0.8266666531562805, 1.6977777481079102
0.7200000286102295, 1.3333333730697632
0.7200000286102295, 1.3333333730697632
0.7200000286102295, 1.3333333730697632
0.7555555701255798, 1.8933333158493042
0.7555555701255798, 1.8933333158493042
0.8888888955116272, 1.8533333539962769
1.008888840675354, 1.4044444561004639
1.1822222471237183, 1.048888921737671
1.5822222232818604, 0.7688888907432556
1.5822222232818604, 0.7688888907432556
1.5822222232818604, 0.7688888907432556
