actor_1,actor_2
1.1111111640930176, 2.0
1.2222222089767456, 1.9866666793823242
1.3333333730697632, 1.6311111450195312
1.2177777290344238, 1.0
1.0800000429153442, 0.5244444608688354
0.9688888788223267, 0.7066666483879089
0.8088889122009277, 0.6577777862548828
0.6177777647972107, 0.29777777194976807
0.6177777647972107, 0.29777777194976807
0.5022222399711609, 0.18666666746139526
0.6177777647972107, 0.3466666638851166
0.6177777647972107, 0.3466666638851166
0.4933333396911621, 0.4000000059604645
0.4533333480358124, 0.3199999928474426
0.4533333480358124, 0.3199999928474426
