actor_1,actor_2
0.5555555820465088, 2.0
0.9066666960716248, 1.7200000286102295
0.9733333587646484, 1.3422222137451172
1.0, 0.8799999952316284
0.995555579662323, 0.5333333611488342
0.8311111330986023, 0.7555555701255798
0.4000000059604645, 0.8799999952316284
0.9066666960716248, 0.7066666483879089
0.4533333480358124, 0.9111111164093018
0.9066666960716248, 0.7066666483879089
0.4533333480358124, 0.9111111164093018
0.9066666960716248, 0.7066666483879089
0.4533333480358124, 0.9111111164093018
0.9066666960716248, 0.7066666483879089
0.31555554270744324, 0.5911111235618591
0.7155555486679077, 0.4444444477558136
0.3333333432674408, 0.5244444608688354
0.7155555486679077, 0.4444444477558136
0.3333333432674408, 0.5244444608688354
0.7155555486679077, 0.4444444477558136
0.3333333432674408, 0.5244444608688354
0.7155555486679077, 0.4444444477558136
0.3333333432674408, 0.5244444608688354
0.742222249507904, 0.31111112236976624
0.3733333349227905, 0.324444442987442
0.2622222304344177, 0.4399999976158142
0.3733333349227905, 0.324444442987442
0.30666667222976685, 0.3866666555404663
0.3733333349227905, 0.324444442987442
0.30666667222976685, 0.3866666555404663
0.4000000059604645, 0.4533333480358124
0.7155555486679077, 0.4444444477558136
0.3733333349227905, 0.324444442987442
0.3733333349227905, 0.324444442987442
0.2266666740179062, 0.2800000011920929
0.4000000059604645, 0.4533333480358124
0.4000000059604645, 0.4533333480358124
