actor_1,actor_2
1.2177777290344238, 1.840000033378601
1.4800000190734863, 1.9600000381469727
1.244444489479065, 1.6044445037841797
1.5288889408111572, 1.2400000095367432
1.711111068725586, 0.9733333587646484
2.0, 1.2488888502120972
1.5244444608688354, 1.0355556011199951
1.1911110877990723, 0.6800000071525574
1.1911110877990723, 0.6800000071525574
0.995555579662323, 0.5777778029441833
0.6577777862548828, 0.7644444704055786
0.6577777862548828, 0.7644444704055786
0.5911111235618591, 0.9333333373069763
0.5911111235618591, 0.9333333373069763
0.8399999737739563, 1.7911111116409302
1.1644444465637207, 2.0
1.0, 1.5333333015441895
1.0, 1.5333333015441895
1.0, 1.5333333015441895
1.244444489479065, 1.6044445037841797
1.5288889408111572, 1.2400000095367432
1.711111068725586, 0.9733333587646484
1.5688889026641846, 0.7155555486679077
1.5688889026641846, 0.7155555486679077
1.5688889026641846, 0.7155555486679077
1.8844444751739502, 0.8311111330986023
1.355555534362793, 0.7200000286102295
1.0800000429153442, 0.5555555820465088
1.0800000429153442, 0.5555555820465088
0.8888888955116272, 0.5022222399711609
0.8888888955116272, 0.5022222399711609
0.8888888955116272, 0.5022222399711609
0.995555579662323, 0.5777778029441833
0.6577777862548828, 0.7644444704055786
0.5111111402511597, 0.6666666865348816
0.5111111402511597, 0.6666666865348816
0.5111111402511597, 0.6666666865348816
0.46222221851348877, 0.5600000023841858
0.5155555605888367, 0.6977777481079102
0.5155555605888367, 0.6977777481079102
0.6888889074325562, 1.0977777242660522
0.9599999785423279, 1.355555534362793
0.8577777743339539, 1.057777762413025
0.8577777743339539, 1.057777762413025
0.8577777743339539, 1.057777762413025
1.0, 1.5333333015441895
1.0, 1.5333333015441895
1.0, 1.5333333015441895
1.0, 1.5333333015441895
1.288888931274414, 1.3111110925674438
1.8444443941116333, 0.9111111164093018
1.5688889026641846, 0.7155555486679077
1.5688889026641846, 0.7155555486679077
1.5688889026641846, 0.7155555486679077
1.5688889026641846, 0.7155555486679077
