actor_1,actor_2
2.0, 2.0
1.5688889026641846, 1.2400000095367432
1.5688889026641846, 1.2400000095367432
1.0177778005599976, 0.9200000166893005
0.6711111068725586, 0.8888888955116272
0.6177777647972107, 0.7911111116409302
0.9377777576446533, 1.048888921737671
0.9377777576446533, 1.048888921737671
1.3200000524520874, 2.0
1.2400000095367432, 1.9244444370269775
1.1111111640930176, 1.7822222709655762
0.8577777743339539, 1.1377778053283691
0.8577777743339539, 1.1377778053283691
0.9200000166893005, 1.399999976158142
0.9200000166893005, 1.399999976158142
0.9200000166893005, 1.399999976158142
1.204444408416748, 1.448888897895813
1.2266666889190674, 0.4533333480358124
1.2666666507720947, 0.3377777636051178
1.2666666507720947, 0.3377777636051178
1.2666666507720947, 0.3377777636051178
1.2666666507720947, 0.3377777636051178
1.2666666507720947, 0.3377777636051178
