actor_1,actor_2
1.7599999904632568, 2.0
2.0, 2.0
1.5688889026641846, 2.0
2.0, 2.0
1.5688889026641846, 2.0
2.0, 2.0
1.5688889026641846, 2.0
2.0, 2.0
1.804444432258606, 1.9244444370269775
2.0, 2.0
1.804444432258606, 1.9244444370269775
2.0, 1.506666660308838
1.804444432258606, 1.9244444370269775
2.0, 1.506666660308838
1.804444432258606, 1.9244444370269775
2.0, 1.506666660308838
1.804444432258606, 1.9244444370269775
2.0, 1.506666660308838
1.9777777194976807, 1.4977778196334839
1.559999942779541, 0.8133333325386047
1.4266666173934937, 1.0
0.902222216129303, 0.8444444537162781
0.902222216129303, 0.8444444537162781
0.5288888812065125, 0.7599999904632568
0.5288888812065125, 0.7599999904632568
0.5288888812065125, 0.7599999904632568
0.6177777647972107, 0.7022222280502319
0.6177777647972107, 0.7022222280502319
0.6399999856948853, 0.8133333325386047
1.0177778005599976, 1.2133333683013916
1.1911110877990723, 1.1244444847106934
0.8533333539962769, 0.9777777791023254
1.1911110877990723, 1.1244444847106934
0.742222249507904, 0.9377777576446533
1.151111125946045, 2.0
1.2088888883590698, 1.3866666555404663
1.2088888883590698, 1.3866666555404663
1.2088888883590698, 1.3866666555404663
1.2088888883590698, 1.3866666555404663
1.2088888883590698, 1.3866666555404663
1.1466666460037231, 0.8577777743339539
1.1466666460037231, 0.8577777743339539
1.1466666460037231, 0.8577777743339539
1.6488889455795288, 0.9688888788223267
1.5111111402511597, 0.9111111164093018
1.1333333253860474, 0.7288888692855835
1.1422221660614014, 0.7111111283302307
1.1422221660614014, 0.7111111283302307
1.1377778053283691, 0.9911110997200012
0.5955555438995361, 0.7511110901832581
0.6222222447395325, 0.8577777743339539
0.6711111068725586, 0.5822222232818604
0.6222222447395325, 0.8577777743339539
0.6711111068725586, 0.5822222232818604
0.6222222447395325, 0.8577777743339539
0.6711111068725586, 0.5822222232818604
