actor_1,actor_2
1.493333339691162, 2.0
1.6311111450195312, 1.515555500984192
1.3733333349227905, 2.0
1.608888864517212, 1.6888889074325562
1.2222222089767456, 0.9777777791023254
1.7866666316986084, 0.9288889169692993
1.551111102104187, 1.1911110877990723
1.2000000476837158, 0.5111111402511597
1.2000000476837158, 0.5111111402511597
0.8266666531562805, 0.4888888895511627
0.8266666531562805, 0.4888888895511627
0.5866666436195374, 0.5644444227218628
0.5422222018241882, 0.41333332657814026
0.5422222018241882, 0.41333332657814026
