actor_1,actor_2
1.5111111402511597, 1.8088889122009277
1.8711111545562744, 1.3377777338027954
1.3600000143051147, 1.9644443988800049
1.8844444751739502, 1.551111102104187
1.3600000143051147, 1.9644443988800049
1.8844444751739502, 1.551111102104187
1.3600000143051147, 1.9644443988800049
1.8844444751739502, 1.551111102104187
1.5688889026641846, 1.1288888454437256
1.0266666412353516, 0.8933333158493042
1.0266666412353516, 0.8933333158493042
0.8888888955116272, 0.551111102104187
0.742222249507904, 0.7155555486679077
0.742222249507904, 0.7155555486679077
0.6977777481079102, 0.5022222399711609
0.6977777481079102, 0.5022222399711609
