actor_1,actor_2
1.9733333587646484, 1.6666666269302368
1.048888921737671, 1.0177778005599976
1.048888921737671, 1.0177778005599976
0.9066666960716248, 0.6666666865348816
0.7955555319786072, 0.7955555319786072
0.7333333492279053, 0.5422222018241882
0.7333333492279053, 0.5422222018241882
0.7333333492279053, 0.5422222018241882
