actor_1,actor_2
1.9955555200576782, 1.6177778244018555
1.159999966621399, 0.9244444370269775
1.159999966621399, 0.9244444370269775
0.9066666960716248, 0.648888885974884
0.8088889122009277, 0.8088889122009277
0.7111111283302307, 0.653333306312561
0.7111111283302307, 0.653333306312561
0.7111111283302307, 0.653333306312561
