actor_1,actor_2
1.0622222423553467, 2.0
0.8622221946716309, 2.0
0.7022222280502319, 1.8444443941116333
0.8266666531562805, 1.3955554962158203
1.0133333206176758, 0.9777777791023254
1.0133333206176758, 0.9777777791023254
1.0666667222976685, 0.7866666913032532
1.493333339691162, 0.9288889169692993
1.8755555152893066, 0.9599999785423279
1.399999976158142, 0.7022222280502319
1.399999976158142, 0.7022222280502319
1.057777762413025, 0.5377777814865112
0.9511111378669739, 0.6399999856948853
0.9511111378669739, 0.6399999856948853
0.6577777862548828, 1.1288888454437256
0.5288888812065125, 1.346666693687439
0.4577777683734894, 1.1333333253860474
0.4577777683734894, 1.1333333253860474
0.5644444227218628, 1.6622222661972046
0.5644444227218628, 1.6622222661972046
0.6222222447395325, 2.0
0.6266666650772095, 1.991111159324646
0.5066666603088379, 1.6311111450195312
0.5066666603088379, 1.6311111450195312
0.5066666603088379, 1.6311111450195312
0.6311110854148865, 1.90666663646698
0.6311110854148865, 1.90666663646698
0.7022222280502319, 1.8444443941116333
0.8266666531562805, 1.3955554962158203
1.0133333206176758, 0.9777777791023254
1.4666666984558105, 0.6844444274902344
1.4666666984558105, 0.6844444274902344
1.4666666984558105, 0.6844444274902344
