actor_1,actor_2
1.1866666078567505, 2.0
1.3155555725097656, 1.8222222328186035
1.3333333730697632, 1.559999942779541
1.2844444513320923, 1.008888840675354
1.262222170829773, 0.6977777481079102
1.2355555295944214, 0.804444432258606
1.0311111211776733, 0.8711110949516296
0.8266666531562805, 0.40888887643814087
0.8266666531562805, 0.40888887643814087
0.742222249507904, 0.29777777194976807
0.6800000071525574, 0.5288888812065125
0.6800000071525574, 0.5288888812065125
0.6622222065925598, 0.6222222447395325
0.6355555653572083, 0.47111111879348755
0.6355555653572083, 0.47111111879348755
