actor_1,actor_2
1.1733332872390747, 2.0
1.4666666984558105, 1.951111078262329
1.4222222566604614, 1.5911110639572144
1.448888897895813, 1.151111125946045
1.5111111402511597, 0.7822222113609314
1.4266666173934937, 1.0533332824707031
1.0444444417953491, 1.244444489479065
1.5466666221618652, 0.9333333373069763
1.2088888883590698, 1.2133333683013916
1.5466666221618652, 0.9333333373069763
1.2088888883590698, 1.2133333683013916
1.5466666221618652, 0.9333333373069763
1.2088888883590698, 1.2133333683013916
1.5466666221618652, 0.9333333373069763
1.746666669845581, 0.8933333158493042
1.306666612625122, 0.46666666865348816
1.306666612625122, 0.46666666865348816
0.8133333325386047, 0.41777777671813965
0.8133333325386047, 0.41777777671813965
0.7155555486679077, 0.4933333396911621
0.7066666483879089, 0.653333306312561
0.653333306312561, 0.7644444704055786
0.5733333230018616, 0.54666668176651
0.5733333230018616, 0.54666668176651
