actor_1,actor_2
1.7644444704055786, 1.559999942779541
1.151111125946045, 0.7822222113609314
1.151111125946045, 0.7822222113609314
0.7200000286102295, 0.5955555438995361
0.4977777898311615, 0.6977777481079102
0.6977777481079102, 0.7111111283302307
0.9377777576446533, 0.9422222375869751
0.9377777576446533, 0.9422222375869751
1.3422222137451172, 1.5644444227218628
1.5377777814865112, 2.0
1.4133332967758179, 2.0
1.1377778053283691, 1.4355555772781372
1.1377778053283691, 1.4355555772781372
1.0, 1.8711111545562744
1.0, 1.8711111545562744
1.0, 1.8711111545562744
1.262222170829773, 1.6133333444595337
1.0399999618530273, 0.3866666555404663
0.9866666793823242, 0.2844444513320923
0.9866666793823242, 0.2844444513320923
0.9866666793823242, 0.2844444513320923
0.9866666793823242, 0.2844444513320923
0.9866666793823242, 0.2844444513320923
