actor_1,actor_2
0.7644444704055786, 1.8177777528762817
1.1644444465637207, 2.0
0.9688888788223267, 1.8844444751739502
1.0222222805023193, 1.4177777767181396
1.159999966621399, 1.0133333206176758
1.159999966621399, 1.0133333206176758
1.0755555629730225, 0.7022222280502319
1.399999976158142, 0.7599999904632568
0.6977777481079102, 0.746666669845581
1.399999976158142, 0.7599999904632568
0.6977777481079102, 0.746666669845581
1.399999976158142, 0.7599999904632568
0.6800000071525574, 0.7333333492279053
1.399999976158142, 0.7599999904632568
0.7911111116409302, 0.6577777862548828
0.800000011920929, 0.6577777862548828
0.7911111116409302, 0.46666666865348816
0.7333333492279053, 0.41333332657814026
0.7333333492279053, 0.41333332657814026
0.7333333492279053, 0.41333332657814026
0.7333333492279053, 0.47111111879348755
0.6977777481079102, 0.5822222232818604
0.644444465637207, 0.6933333277702332
0.5733333230018616, 0.7111111283302307
0.5733333230018616, 0.7111111283302307
0.5733333230018616, 0.7111111283302307
0.5733333230018616, 0.7111111283302307
0.5733333230018616, 0.7111111283302307
