actor_1,actor_2
1.2400000095367432, 2.0
1.2844444513320923, 2.0
1.3644444942474365, 1.693333387374878
1.355555534362793, 1.057777762413025
1.2755556106567383, 0.644444465637207
1.2000000476837158, 0.9911110997200012
1.204444408416748, 1.2177777290344238
1.1911110877990723, 0.8711110949516296
1.1911110877990723, 1.195555567741394
1.1911110877990723, 0.8711110949516296
1.1911110877990723, 1.195555567741394
1.1911110877990723, 0.8711110949516296
1.1911110877990723, 1.195555567741394
1.1911110877990723, 0.8711110949516296
0.9511111378669739, 0.8177777528762817
0.9066666960716248, 0.5644444227218628
0.9066666960716248, 0.5644444227218628
0.804444432258606, 0.43111109733581543
0.804444432258606, 0.43111109733581543
0.7866666913032532, 0.5555555820465088
0.7155555486679077, 0.7866666913032532
0.6888889074325562, 0.9111111164093018
0.6177777647972107, 0.7155555486679077
0.6177777647972107, 0.7155555486679077
0.7155555486679077, 1.1822222471237183
0.7155555486679077, 1.1822222471237183
0.8711110949516296, 1.9466667175292969
0.9688888788223267, 1.755555510520935
1.1155555248260498, 1.2844444513320923
1.1155555248260498, 1.2844444513320923
1.1155555248260498, 1.2844444513320923
1.1155555248260498, 1.2844444513320923
1.2400000095367432, 1.8533333539962769
1.2400000095367432, 1.8533333539962769
1.3644444942474365, 1.693333387374878
1.2755556106567383, 0.644444465637207
0.995555579662323, 0.2888889014720917
0.995555579662323, 0.2888889014720917
0.995555579662323, 0.2888889014720917
0.995555579662323, 0.2888889014720917
0.995555579662323, 0.2888889014720917
