actor_1,actor_2
1.2311111688613892, 2.0
1.2666666507720947, 1.9377777576446533
1.3377777338027954, 1.4711110591888428
1.3200000524520874, 0.8444444537162781
1.262222170829773, 0.5333333611488342
1.1644444465637207, 0.897777795791626
1.1911110877990723, 1.1244444847106934
1.0044444799423218, 0.7066666483879089
1.0044444799423218, 0.7066666483879089
0.7688888907432556, 0.3777777850627899
0.7111111283302307, 0.7111111283302307
0.7111111283302307, 0.7111111283302307
0.6755555272102356, 0.8488888740539551
0.6044444441795349, 0.6399999856948853
0.6044444441795349, 0.6399999856948853
0.6044444441795349, 0.6399999856948853
0.7066666483879089, 1.1244444847106934
0.7066666483879089, 1.1244444847106934
0.7911111116409302, 1.440000057220459
0.897777795791626, 1.755555510520935
0.9511111378669739, 1.6222221851348877
1.1155555248260498, 1.1200000047683716
1.1155555248260498, 1.1200000047683716
1.1155555248260498, 1.1200000047683716
1.1155555248260498, 1.1200000047683716
1.2355555295944214, 1.6755555868148804
1.2355555295944214, 1.6755555868148804
1.2355555295944214, 1.6755555868148804
1.2355555295944214, 1.6755555868148804
1.2844444513320923, 1.0044444799423218
1.2311111688613892, 0.3377777636051178
0.9777777791023254, 0.24444444477558136
0.9777777791023254, 0.24444444477558136
0.9777777791023254, 0.24444444477558136
0.9777777791023254, 0.24444444477558136
0.9777777791023254, 0.24444444477558136
0.9777777791023254, 0.24444444477558136
0.9377777576446533, 0.2844444513320923
0.8799999952316284, 0.46666666865348816
0.8355555534362793, 0.36888888478279114
0.897777795791626, 0.4355555474758148
0.8533333539962769, 0.36444443464279175
0.8533333539962769, 0.36444443464279175
0.6888889074325562, 0.23555555939674377
0.6888889074325562, 0.23555555939674377
0.6888889074325562, 0.23555555939674377
0.6888889074325562, 0.23555555939674377
0.742222249507904, 0.2888889014720917
0.6355555653572083, 0.5333333611488342
0.6000000238418579, 0.6755555272102356
0.6000000238418579, 0.6755555272102356
