actor_1,actor_2
0.7688888907432556, 2.0
1.048888921737671, 1.7155555486679077
1.0133333206176758, 1.3688888549804688
1.0, 0.9288889169692993
1.0222222805023193, 0.7111111283302307
1.0399999618530273, 1.204444408416748
1.0222222805023193, 0.7111111283302307
1.0711110830307007, 0.9111111164093018
0.5822222232818604, 1.0044444799423218
1.0711110830307007, 0.9111111164093018
0.5822222232818604, 1.0044444799423218
0.8622221946716309, 0.6399999856948853
0.5822222232818604, 1.0044444799423218
0.8622221946716309, 0.6399999856948853
0.5733333230018616, 0.8933333158493042
0.8622221946716309, 0.6399999856948853
0.5733333230018616, 0.8933333158493042
0.8622221946716309, 0.6399999856948853
0.5733333230018616, 0.8933333158493042
0.8622221946716309, 0.6399999856948853
0.7111111283302307, 0.9066666960716248
0.9777777791023254, 0.648888885974884
0.6888889074325562, 0.6266666650772095
0.7866666913032532, 1.008888840675354
0.6888889074325562, 0.6266666650772095
0.7111111283302307, 0.9066666960716248
0.6888889074325562, 0.6266666650772095
0.7111111283302307, 0.9066666960716248
0.6888889074325562, 0.6266666650772095
0.6888889074325562, 0.6266666650772095
0.4355555474758148, 0.8399999737739563
0.5866666436195374, 0.6133333444595337
0.5866666436195374, 0.6133333444595337
0.8622221946716309, 0.6399999856948853
0.5866666436195374, 0.6133333444595337
