actor_1,actor_2
0.902222216129303, 1.942222237586975
0.5377777814865112, 1.9866666793823242
0.3733333349227905, 1.151111125946045
0.40444445610046387, 0.7377777695655823
0.4266666769981384, 0.48444443941116333
0.4266666769981384, 0.48444443941116333
0.3955555558204651, 0.3288888931274414
0.4577777683734894, 0.1599999964237213
0.4577777683734894, 0.1599999964237213
0.4577777683734894, 0.1599999964237213
0.4577777683734894, 0.1599999964237213
0.8888888955116272, 0.6133333444595337
1.4711110591888428, 0.8622221946716309
1.702222228050232, 0.8844444155693054
1.746666669845581, 0.6933333277702332
1.6133333444595337, 0.644444465637207
1.6133333444595337, 0.644444465637207
1.6133333444595337, 0.644444465637207
1.6133333444595337, 0.644444465637207
1.6355555057525635, 0.7111111283302307
1.6355555057525635, 0.7111111283302307
1.6355555057525635, 0.7111111283302307
1.3200000524520874, 0.8177777528762817
0.9200000166893005, 0.9911110997200012
0.7688888907432556, 1.1155555248260498
0.7688888907432556, 1.1155555248260498
0.7688888907432556, 1.1155555248260498
0.7688888907432556, 1.1155555248260498
