actor_1,actor_2
0.9288889169692993, 1.7511111497879028
0.6266666650772095, 1.746666669845581
0.47111111879348755, 1.1777777671813965
0.48444443941116333, 0.8088889122009277
0.551111102104187, 0.5555555820465088
0.551111102104187, 0.5555555820465088
0.5111111402511597, 0.41333332657814026
0.5377777814865112, 0.2888889014720917
0.5377777814865112, 0.2888889014720917
0.5377777814865112, 0.2888889014720917
0.5377777814865112, 0.2888889014720917
0.897777795791626, 0.5155555605888367
1.1733332872390747, 0.8622221946716309
1.5244444608688354, 0.9066666960716248
1.5244444608688354, 0.800000011920929
1.2844444513320923, 0.7733333110809326
1.2844444513320923, 0.7733333110809326
1.2844444513320923, 0.7733333110809326
1.2844444513320923, 0.7733333110809326
1.2488888502120972, 0.8444444537162781
1.2488888502120972, 0.8444444537162781
1.2488888502120972, 0.8444444537162781
1.0399999618530273, 0.902222216129303
0.6844444274902344, 1.1111111640930176
0.5733333230018616, 1.2222222089767456
0.5733333230018616, 1.2222222089767456
0.5733333230018616, 1.2222222089767456
0.5733333230018616, 1.2222222089767456
