actor_1,actor_2
0.8444444537162781, 1.5111111402511597
0.5866666436195374, 1.6577777862548828
0.4444444477558136, 1.1288888454437256
0.46222221851348877, 0.7688888907432556
0.5288888812065125, 0.5199999809265137
0.5288888812065125, 0.5199999809265137
0.4888888895511627, 0.3777777850627899
0.7599999904632568, 0.6311110854148865
1.3244444131851196, 0.8888888955116272
1.346666693687439, 0.7822222113609314
1.346666693687439, 0.7822222113609314
1.1733332872390747, 0.7511110901832581
0.9555555582046509, 0.7955555319786072
0.9555555582046509, 0.7955555319786072
0.5644444227218628, 0.9466666579246521
0.43111109733581543, 1.0266666412353516
0.4577777683734894, 1.057777762413025
0.4577777683734894, 1.057777762413025
0.5022222399711609, 1.102222204208374
0.5022222399711609, 1.102222204208374
0.5644444227218628, 1.4177777767181396
0.4399999976158142, 1.6222221851348877
0.3822222352027893, 1.0844444036483765
0.3822222352027893, 1.0844444036483765
0.3822222352027893, 1.0844444036483765
0.36444443464279175, 1.1822222471237183
0.36444443464279175, 1.1822222471237183
0.4444444477558136, 1.1288888454437256
0.46222221851348877, 0.7688888907432556
0.5288888812065125, 0.5199999809265137
0.5244444608688354, 0.2622222304344177
0.5244444608688354, 0.2622222304344177
0.5244444608688354, 0.2622222304344177
