actor_1,actor_2
0.9155555367469788, 1.4044444561004639
0.6044444441795349, 1.1866666078567505
0.46222221851348877, 0.644444465637207
0.47999998927116394, 0.4933333396911621
0.551111102104187, 0.3866666555404663
0.551111102104187, 0.3866666555404663
0.5111111402511597, 0.2844444513320923
0.7955555319786072, 0.4533333480358124
1.3688888549804688, 0.8133333325386047
1.4266666173934937, 0.7733333110809326
1.4266666173934937, 0.7733333110809326
1.2488888502120972, 0.7511110901832581
1.0711110830307007, 0.800000011920929
1.0711110830307007, 0.800000011920929
0.6888889074325562, 0.9555555582046509
0.5555555820465088, 1.0311111211776733
0.551111102104187, 1.057777762413025
0.551111102104187, 1.057777762413025
0.6088888645172119, 1.1288888454437256
0.6088888645172119, 1.1288888454437256
0.6355555653572083, 1.4044444561004639
0.4444444477558136, 1.195555567741394
0.3866666555404663, 0.5688889026641846
0.3866666555404663, 0.5688889026641846
0.3866666555404663, 0.5688889026641846
0.3955555558204651, 0.5644444227218628
0.3955555558204651, 0.5644444227218628
0.46222221851348877, 0.644444465637207
0.47999998927116394, 0.4933333396911621
0.551111102104187, 0.3866666555404663
0.5377777814865112, 0.18666666746139526
0.5377777814865112, 0.18666666746139526
0.5377777814865112, 0.18666666746139526
