actor_1,actor_2
1.1244444847106934, 2.0
0.9733333587646484, 2.0
0.7555555701255798, 1.7066667079925537
0.897777795791626, 1.3155555725097656
1.0755555629730225, 1.1333333253860474
1.0755555629730225, 1.1333333253860474
1.1155555248260498, 0.8666666746139526
1.244444489479065, 0.7155555486679077
1.244444489479065, 0.7155555486679077
1.244444489479065, 0.7155555486679077
1.244444489479065, 0.7155555486679077
1.9244444370269775, 0.8933333158493042
2.0, 1.0444444417953491
2.0, 1.1288888454437256
1.9600000381469727, 1.0622222423553467
1.848888874053955, 1.0622222423553467
1.848888874053955, 1.0622222423553467
1.848888874053955, 1.0622222423553467
1.848888874053955, 1.0622222423553467
1.9955555200576782, 1.204444408416748
1.9955555200576782, 1.204444408416748
1.9955555200576782, 1.204444408416748
1.6488889455795288, 1.3377777338027954
0.8577777743339539, 1.653333306312561
0.6622222065925598, 1.7422221899032593
0.6622222065925598, 1.7422221899032593
0.6622222065925598, 1.7422221899032593
0.6622222065925598, 1.7422221899032593
