actor_1,actor_2
1.09333336353302, 1.9199999570846558
0.9377777576446533, 1.8577778339385986
0.6177777647972107, 1.3111110925674438
0.8444444537162781, 1.0711110830307007
1.0755555629730225, 0.8933333158493042
1.0755555629730225, 0.8933333158493042
1.102222204208374, 0.7511110901832581
1.746666669845581, 1.008888840675354
2.0, 1.2488888502120972
1.90666663646698, 1.440000057220459
1.90666663646698, 1.440000057220459
1.804444432258606, 1.3955554962158203
1.5822222232818604, 1.515555500984192
1.5822222232818604, 1.515555500984192
0.8311111330986023, 1.8888888359069824
0.6266666650772095, 1.9022222757339478
0.6222222447395325, 1.848888874053955
0.6222222447395325, 1.848888874053955
0.6399999856948853, 1.8755555152893066
0.6399999856948853, 1.8755555152893066
0.6755555272102356, 1.7422221899032593
0.6000000238418579, 1.4533333778381348
0.4266666769981384, 1.0844444036483765
0.4266666769981384, 1.0844444036483765
0.4266666769981384, 1.0844444036483765
0.47111111879348755, 1.1777777671813965
0.47111111879348755, 1.1777777671813965
0.6177777647972107, 1.3111110925674438
0.8444444537162781, 1.0711110830307007
1.0755555629730225, 0.8933333158493042
1.2000000476837158, 0.6399999856948853
1.2000000476837158, 0.6399999856948853
1.2000000476837158, 0.6399999856948853
