actor_1,actor_2
1.0755555629730225, 1.506666660308838
0.902222216129303, 1.2711111307144165
0.46666666865348816, 0.7333333492279053
0.6088888645172119, 0.5555555820465088
0.7511110901832581, 0.4000000059604645
1.6577777862548828, 0.9599999785423279
1.7288888692855835, 1.2488888502120972
1.7066667079925537, 1.4222222566604614
1.7066667079925537, 1.4222222566604614
1.515555500984192, 1.391111135482788
0.9200000166893005, 1.644444465637207
0.9200000166893005, 1.644444465637207
0.7555555701255798, 1.711111068725586
0.7555555701255798, 1.711111068725586
0.7288888692855835, 1.5777777433395386
0.6888889074325562, 1.4044444561004639
0.3422222137451172, 0.7866666913032532
0.3422222137451172, 0.7866666913032532
0.3422222137451172, 0.7866666913032532
0.46666666865348816, 0.7333333492279053
0.6088888645172119, 0.5555555820465088
0.7511110901832581, 0.4000000059604645
0.7155555486679077, 0.2888889014720917
0.7155555486679077, 0.2888889014720917
0.7155555486679077, 0.2888889014720917
1.7866666316986084, 0.7333333492279053
1.8711111545562744, 1.0266666412353516
1.804444432258606, 1.1644444465637207
1.804444432258606, 1.1644444465637207
1.6177778244018555, 1.1644444465637207
1.6177778244018555, 1.1644444465637207
1.6177778244018555, 1.1644444465637207
1.515555500984192, 1.391111135482788
0.9200000166893005, 1.644444465637207
0.6933333277702332, 1.6266666650772095
0.6933333277702332, 1.6266666650772095
0.6933333277702332, 1.6266666650772095
0.6088888645172119, 1.551111102104187
0.648888885974884, 1.608888864517212
0.648888885974884, 1.608888864517212
0.5911111235618591, 1.3955554962158203
0.5333333611488342, 1.1777777671813965
0.2844444513320923, 0.6844444274902344
0.2844444513320923, 0.6844444274902344
0.2844444513320923, 0.6844444274902344
0.3422222137451172, 0.7866666913032532
0.3422222137451172, 0.7866666913032532
0.3422222137451172, 0.7866666913032532
0.3422222137451172, 0.7866666913032532
0.4399999976158142, 0.5555555820465088
0.8133333325386047, 0.35111111402511597
0.7155555486679077, 0.2888889014720917
0.7155555486679077, 0.2888889014720917
0.7155555486679077, 0.2888889014720917
0.7155555486679077, 0.2888889014720917
