actor_1,actor_2
1.5199999809265137, 1.5199999809265137
0.800000011920929, 0.54666668176651
0.800000011920929, 0.54666668176651
0.5911111235618591, 0.36888888478279114
0.3911111056804657, 0.43111109733581543
0.36000001430511475, 0.324444442987442
0.36000001430511475, 0.324444442987442
0.36000001430511475, 0.324444442987442
0.36000001430511475, 0.324444442987442
