actor_1,actor_2
1.2133333683013916, 1.7777777910232544
1.9466667175292969, 1.288888931274414
0.902222216129303, 1.8666666746139526
1.7511111497879028, 1.3022222518920898
0.902222216129303, 1.8666666746139526
1.7511111497879028, 1.3022222518920898
0.902222216129303, 1.8666666746139526
1.7511111497879028, 1.3022222518920898
0.9155555367469788, 1.204444408416748
1.7511111497879028, 1.3022222518920898
0.9155555367469788, 1.204444408416748
1.7422221899032593, 0.8799999952316284
0.9155555367469788, 1.204444408416748
1.7422221899032593, 0.8799999952316284
0.9155555367469788, 1.204444408416748
1.7422221899032593, 0.8799999952316284
0.9155555367469788, 1.204444408416748
1.7422221899032593, 0.8799999952316284
0.9777777791023254, 0.8666666746139526
0.7333333492279053, 0.40444445610046387
0.6755555272102356, 0.5111111402511597
0.54666668176651, 0.4933333396911621
0.54666668176651, 0.4933333396911621
0.4933333396911621, 0.5822222232818604
0.4933333396911621, 0.5822222232818604
0.4933333396911621, 0.5822222232818604
0.5688889026641846, 0.5955555438995361
0.5688889026641846, 0.5955555438995361
0.6133333444595337, 0.7911111116409302
1.0977777242660522, 1.1688889265060425
1.3733333349227905, 1.008888840675354
0.8622221946716309, 1.0888888835906982
1.3733333349227905, 1.008888840675354
0.7377777695655823, 0.8266666531562805
1.2266666889190674, 2.0
1.5733333826065063, 1.4711110591888428
0.9377777576446533, 1.8844444751739502
1.3733333349227905, 1.4266666173934937
1.5733333826065063, 1.4711110591888428
1.09333336353302, 1.4800000190734863
1.5733333826065063, 1.4711110591888428
0.8355555534362793, 1.2755556106567383
1.3733333349227905, 1.4266666173934937
1.6577777862548828, 0.9377777576446533
1.448888897895813, 0.8666666746139526
0.6977777481079102, 0.36000001430511475
0.7333333492279053, 0.5244444608688354
0.7333333492279053, 0.5244444608688354
0.6133333444595337, 0.8088889122009277
