actor_1,actor_2
1.2933332920074463, 2.0
1.1866666078567505, 2.0
1.0533332824707031, 1.8577778339385986
1.0977777242660522, 1.2711111307144165
1.1333333253860474, 0.9111111164093018
1.1333333253860474, 0.9111111164093018
1.204444408416748, 0.6888889074325562
1.4355555772781372, 0.8488888740539551
1.746666669845581, 1.204444408416748
1.7155555486679077, 0.9599999785423279
1.7155555486679077, 0.9599999785423279
1.9555555582046509, 0.8311111330986023
1.5644444227218628, 0.9422222375869751
1.5644444227218628, 0.9422222375869751
1.0622222423553467, 1.2844444513320923
0.7911111116409302, 1.3333333730697632
0.8577777743339539, 1.2177777290344238
0.8577777743339539, 1.2177777290344238
0.800000011920929, 1.484444499015808
0.800000011920929, 1.484444499015808
0.9333333373069763, 2.0
1.0133333206176758, 1.8933333158493042
0.8755555748939514, 1.6311111450195312
0.8755555748939514, 1.6311111450195312
0.8755555748939514, 1.6311111450195312
0.902222216129303, 2.0
0.902222216129303, 2.0
1.0533332824707031, 1.8577778339385986
1.0977777242660522, 1.2711111307144165
1.1333333253860474, 0.9111111164093018
1.1733332872390747, 0.6177777647972107
1.1733332872390747, 0.6177777647972107
1.1733332872390747, 0.6177777647972107
