actor_1,actor_2
0.9466666579246521, 1.7688888311386108
0.5199999809265137, 0.551111102104187
0.3777777850627899, 0.42222222685813904
0.4399999976158142, 0.3866666555404663
0.5199999809265137, 0.3955555558204651
0.9733333587646484, 0.6933333277702332
1.4888888597488403, 1.5377777814865112
0.7377777695655823, 0.5155555605888367
1.506666660308838, 1.3733333349227905
1.542222261428833, 1.0355556011199951
1.542222261428833, 1.0355556011199951
1.3733333349227905, 0.9777777791023254
0.995555579662323, 1.0133333206176758
0.7155555486679077, 1.0711110830307007
0.6355555653572083, 1.204444408416748
0.6355555653572083, 1.204444408416748
0.6577777862548828, 1.848888874053955
0.48444443941116333, 0.9466666579246521
0.30666667222976685, 0.4444444477558136
0.30666667222976685, 0.4444444477558136
0.3777777850627899, 0.42222222685813904
0.3777777850627899, 0.42222222685813904
0.5199999809265137, 0.3955555558204651
0.5733333230018616, 0.3866666555404663
0.5644444227218628, 0.4000000059604645
0.5644444227218628, 0.4000000059604645
0.5644444227218628, 0.4000000059604645
0.8088889122009277, 0.4933333396911621
1.8266667127609253, 1.09333336353302
1.9466667175292969, 0.8799999952316284
1.9466667175292969, 0.8799999952316284
1.755555510520935, 0.8666666746139526
1.755555510520935, 0.8666666746139526
1.755555510520935, 0.8666666746139526
1.8177777528762817, 0.9377777576446533
1.3733333349227905, 0.9777777791023254
0.7155555486679077, 1.0711110830307007
0.4888888895511627, 1.0666667222976685
0.46666666865348816, 0.9822221994400024
0.46666666865348816, 0.9822221994400024
0.46666666865348816, 0.9822221994400024
0.46666666865348816, 0.9822221994400024
0.5866666436195374, 1.1111111640930176
0.5866666436195374, 1.1111111640930176
0.54666668176651, 1.7244443893432617
0.43111109733581543, 0.800000011920929
0.2800000011920929, 0.4399999976158142
0.2800000011920929, 0.4399999976158142
0.2800000011920929, 0.4399999976158142
0.2800000011920929, 0.4399999976158142
0.2800000011920929, 0.4399999976158142
0.30666667222976685, 0.4444444477558136
0.30666667222976685, 0.4444444477558136
0.30666667222976685, 0.4444444477558136
0.3777777850627899, 0.42222222685813904
0.4444444477558136, 0.3866666555404663
0.5644444227218628, 0.4000000059604645
0.5644444227218628, 0.4000000059604645
0.5644444227218628, 0.4000000059604645
