actor_1,actor_2
1.306666612625122, 2.0
0.7288888692855835, 1.457777738571167
0.4977777898311615, 1.0355556011199951
0.5688889026641846, 0.8844444155693054
0.6622222065925598, 0.800000011920929
0.6622222065925598, 0.800000011920929
0.6800000071525574, 0.644444465637207
0.6844444274902344, 0.6266666650772095
0.6844444274902344, 0.6266666650772095
0.6844444274902344, 0.6266666650772095
0.6844444274902344, 0.6266666650772095
1.0888888835906982, 0.8311111330986023
2.0, 1.3244444131851196
2.0, 1.5022221803665161
2.0, 1.2933332920074463
1.737777829170227, 1.1422221660614014
1.737777829170227, 1.1422221660614014
1.737777829170227, 1.1422221660614014
1.737777829170227, 1.1422221660614014
1.7688888311386108, 1.2222222089767456
1.7688888311386108, 1.2222222089767456
1.7688888311386108, 1.2222222089767456
1.6177778244018555, 1.355555534362793
0.8888888955116272, 1.4444444179534912
0.6622222065925598, 1.5466666221618652
0.6622222065925598, 1.5466666221618652
0.6622222065925598, 1.5466666221618652
0.6622222065925598, 1.5466666221618652
