actor_1,actor_2
1.1111111640930176, 2.0
0.6133333444595337, 2.0
0.40888887643814087, 1.440000057220459
0.5377777814865112, 1.2177777290344238
0.7288888692855835, 1.057777762413025
0.7288888692855835, 1.057777762413025
0.7955555319786072, 0.8755555748939514
0.8355555534362793, 0.746666669845581
0.8355555534362793, 0.746666669845581
0.8355555534362793, 0.746666669845581
