actor_1,actor_2
2.0, 1.840000033378601
0.9200000166893005, 0.7066666483879089
0.9200000166893005, 0.7066666483879089
0.6977777481079102, 0.4399999976158142
0.5955555438995361, 0.5155555605888367
0.46222221851348877, 0.29777777194976807
0.46222221851348877, 0.29777777194976807
0.46222221851348877, 0.29777777194976807
