actor_1,actor_2
1.3644444942474365, 2.0
1.4666666984558105, 2.0
1.244444489479065, 2.0
1.4044444561004639, 1.7200000286102295
1.6044445037841797, 1.391111135482788
1.6044445037841797, 1.391111135482788
1.702222228050232, 1.0533332824707031
2.0, 1.2577778100967407
2.0, 1.2933332920074463
1.8133333921432495, 0.5911111235618591
1.8133333921432495, 0.5911111235618591
1.644444465637207, 0.4399999976158142
1.2577778100967407, 0.5644444227218628
1.2577778100967407, 0.5644444227218628
0.6800000071525574, 0.7511110901832581
0.3733333349227905, 0.7688888907432556
0.25333333015441895, 0.54666668176651
0.25333333015441895, 0.54666668176651
0.4266666769981384, 0.8222222328186035
0.4266666769981384, 0.8222222328186035
0.644444465637207, 1.8177777528762817
0.9066666960716248, 1.9600000381469727
0.8133333325386047, 1.542222261428833
0.8133333325386047, 1.542222261428833
0.8133333325386047, 1.542222261428833
0.9688888788223267, 2.0
0.9688888788223267, 2.0
1.244444489479065, 2.0
1.4044444561004639, 1.7200000286102295
1.6044445037841797, 1.391111135482788
1.7155555486679077, 0.8666666746139526
1.7155555486679077, 0.8666666746139526
1.7155555486679077, 0.8666666746139526
