actor_1,actor_2
0.8577777743339539, 2.0
0.6755555272102356, 2.0
0.54666668176651, 1.5466666221618652
0.6711111068725586, 0.8488888740539551
0.7955555319786072, 0.5155555605888367
0.7955555319786072, 0.5155555605888367
0.8133333325386047, 0.3333333432674408
1.1333333253860474, 0.5911111235618591
1.6044445037841797, 1.0
2.0, 0.8711110949516296
2.0, 0.8711110949516296
1.951111078262329, 0.7200000286102295
1.746666669845581, 0.9377777576446533
1.746666669845581, 0.9377777576446533
0.8177777528762817, 1.7155555486679077
0.5600000023841858, 1.8444443941116333
0.4266666769981384, 1.5688889026641846
0.4266666769981384, 1.5688889026641846
0.5422222018241882, 1.9777777194976807
0.5422222018241882, 1.9777777194976807
0.4977777898311615, 2.0
0.47999998927116394, 2.0
0.35555556416511536, 1.3955554962158203
0.35555556416511536, 1.3955554962158203
0.35555556416511536, 1.3955554962158203
0.46666666865348816, 1.7333333492279053
0.46666666865348816, 1.7333333492279053
0.54666668176651, 1.5466666221618652
0.6711111068725586, 0.8488888740539551
0.7955555319786072, 0.5155555605888367
1.0622222423553467, 0.31111112236976624
1.0622222423553467, 0.31111112236976624
1.0622222423553467, 0.31111112236976624
