actor_1,actor_2
0.8177777528762817, 1.6711111068725586
0.46222221851348877, 1.09333336353302
0.31111112236976624, 0.7866666913032532
0.3955555558204651, 0.5555555820465088
0.5822222232818604, 0.31555554270744324
0.5822222232818604, 0.31555554270744324
0.6044444441795349, 0.20000000298023224
1.2666666507720947, 0.40444445610046387
2.0, 1.0222222805023193
1.942222237586975, 1.297777771949768
1.942222237586975, 1.297777771949768
1.6266666650772095, 1.1644444465637207
1.4533333778381348, 1.355555534362793
1.4533333778381348, 1.355555534362793
0.6711111068725586, 1.6799999475479126
0.47555556893348694, 1.5244444608688354
0.3955555558204651, 1.440000057220459
0.3955555558204651, 1.440000057220459
0.42222222685813904, 1.5688889026641846
0.42222222685813904, 1.5688889026641846
0.3822222352027893, 1.448888897895813
0.2933333218097687, 0.8888888955116272
0.18666666746139526, 0.5866666436195374
0.18666666746139526, 0.5866666436195374
0.18666666746139526, 0.5866666436195374
0.25333333015441895, 0.7244444489479065
0.25333333015441895, 0.7244444489479065
0.31111112236976624, 0.7866666913032532
0.3955555558204651, 0.5555555820465088
0.5822222232818604, 0.31555554270744324
0.644444465637207, 0.1644444465637207
0.644444465637207, 0.1644444465637207
0.644444465637207, 0.1644444465637207
