actor_1,actor_2
0.8533333539962769, 2.0
0.6933333277702332, 1.6799999475479126
0.5333333611488342, 1.1244444847106934
0.6133333444595337, 0.7822222113609314
0.6933333277702332, 0.5911111235618591
0.6933333277702332, 0.5911111235618591
0.648888885974884, 0.3822222352027893
0.9599999785423279, 0.5688889026641846
1.3155555725097656, 1.0533332824707031
2.0, 1.0888888835906982
2.0, 1.0888888835906982
2.0, 0.9822221994400024
2.0, 1.2577778100967407
2.0, 1.2577778100967407
1.0311111211776733, 1.7599999904632568
0.6399999856948853, 1.6577777862548828
0.6311110854148865, 1.5777777433395386
0.6311110854148865, 1.5777777433395386
0.5822222232818604, 1.7333333492279053
0.5822222232818604, 1.7333333492279053
0.5866666436195374, 1.9688888788223267
0.5377777814865112, 1.4755555391311646
0.3866666555404663, 0.8311111330986023
0.3866666555404663, 0.8311111330986023
0.3866666555404663, 0.8311111330986023
0.40888887643814087, 1.0222222805023193
0.40888887643814087, 1.0222222805023193
0.5333333611488342, 1.1244444847106934
0.6133333444595337, 0.7822222113609314
0.6933333277702332, 0.5911111235618591
0.6755555272102356, 0.2888889014720917
0.6755555272102356, 0.2888889014720917
0.6755555272102356, 0.2888889014720917
