actor_1,actor_2
1.0222222805023193, 2.0
0.8355555534362793, 1.9022222757339478
0.5600000023841858, 1.506666660308838
0.6755555272102356, 1.0666667222976685
0.7688888907432556, 0.6711111068725586
0.7688888907432556, 0.6711111068725586
0.8666666746139526, 0.46666666865348816
1.506666660308838, 0.7155555486679077
1.9155555963516235, 1.048888921737671
1.6622222661972046, 0.9200000166893005
1.6622222661972046, 0.9200000166893005
1.4088889360427856, 0.9066666960716248
1.0755555629730225, 1.048888921737671
1.0755555629730225, 1.048888921737671
0.5733333230018616, 1.5911110639572144
0.3911111056804657, 1.6044445037841797
0.3288888931274414, 1.4088889360427856
0.3288888931274414, 1.4088889360427856
0.40444445610046387, 1.4888888597488403
0.40444445610046387, 1.4888888597488403
0.5644444227218628, 1.8222222328186035
0.551111102104187, 1.5777777433395386
0.36000001430511475, 1.1111111640930176
0.36000001430511475, 1.1111111640930176
0.36000001430511475, 1.1111111640930176
0.4266666769981384, 1.5377777814865112
0.4266666769981384, 1.5377777814865112
0.5600000023841858, 1.506666660308838
0.6755555272102356, 1.0666667222976685
0.7688888907432556, 0.6711111068725586
1.1066666841506958, 0.4444444477558136
1.1066666841506958, 0.4444444477558136
1.1066666841506958, 0.4444444477558136
