actor_1,actor_2
0.5822222232818604, 2.0
1.0533332824707031, 1.5555555820465088
1.008888840675354, 1.1422221660614014
1.0222222805023193, 0.7955555319786072
1.0444444417953491, 0.4888888895511627
1.1466666460037231, 1.0
0.6933333277702332, 1.159999966621399
1.1733332872390747, 0.742222249507904
0.8755555748939514, 1.1866666078567505
1.1733332872390747, 0.742222249507904
0.8755555748939514, 1.1866666078567505
1.1733332872390747, 0.742222249507904
0.8755555748939514, 1.1866666078567505
1.1733332872390747, 0.742222249507904
0.6755555272102356, 0.8577777743339539
0.9200000166893005, 0.5377777814865112
0.7555555701255798, 0.7822222113609314
0.9200000166893005, 0.5377777814865112
0.7555555701255798, 0.7822222113609314
0.9200000166893005, 0.5377777814865112
0.7555555701255798, 0.7822222113609314
0.9200000166893005, 0.5377777814865112
0.7555555701255798, 0.7822222113609314
1.0755555629730225, 0.47999998927116394
0.8533333539962769, 0.5244444608688354
0.7822222113609314, 0.7111111283302307
0.7333333492279053, 0.47999998927116394
0.47111111879348755, 0.4399999976158142
0.47111111879348755, 0.4399999976158142
0.47111111879348755, 0.4399999976158142
0.47111111879348755, 0.4399999976158142
0.5911111235618591, 0.5600000023841858
0.47111111879348755, 0.7511110901832581
0.1644444465637207, 0.800000011920929
0.1644444465637207, 0.800000011920929
0.1644444465637207, 0.800000011920929
0.1644444465637207, 0.800000011920929
0.1644444465637207, 0.800000011920929
0.18666666746139526, 1.3111110925674438
0.3911111056804657, 2.0
0.48444443941116333, 1.9777777194976807
0.7022222280502319, 1.5244444608688354
0.6888889074325562, 1.159999966621399
0.6888889074325562, 1.159999966621399
0.6888889074325562, 1.159999966621399
0.6888889074325562, 1.159999966621399
0.6888889074325562, 1.159999966621399
0.7644444704055786, 0.8622221946716309
0.7955555319786072, 0.3866666555404663
0.8444444537162781, 0.3422222137451172
0.8444444537162781, 0.3422222137451172
0.8444444537162781, 0.3422222137451172
0.8444444537162781, 0.3422222137451172
