actor_1,actor_2
0.9866666793823242, 1.9555555582046509
0.6977777481079102, 1.746666669845581
0.6000000238418579, 1.1111111640930176
0.6399999856948853, 0.7733333110809326
0.6888889074325562, 0.6355555653572083
0.6888889074325562, 0.6355555653572083
0.653333306312561, 0.54666668176651
0.800000011920929, 0.7688888907432556
1.3822221755981445, 1.1644444465637207
1.4444444179534912, 1.1155555248260498
1.4444444179534912, 1.1155555248260498
1.2577778100967407, 1.0444444417953491
1.0800000429153442, 1.1288888454437256
1.0800000429153442, 1.1288888454437256
1.0266666412353516, 1.4044444561004639
1.0, 1.7599999904632568
0.8533333539962769, 1.8799999952316284
0.6977777481079102, 1.746666669845581
0.6000000238418579, 1.1111111640930176
0.6399999856948853, 0.7733333110809326
0.6888889074325562, 0.6355555653572083
0.653333306312561, 0.54666668176651
0.653333306312561, 0.54666668176651
0.800000011920929, 0.7688888907432556
1.0844444036483765, 1.0266666412353516
1.4444444179534912, 1.1777777671813965
1.4444444179534912, 1.1155555248260498
1.2577778100967407, 1.0444444417953491
1.2577778100967407, 1.0444444417953491
1.2577778100967407, 1.0444444417953491
1.0800000429153442, 1.1288888454437256
0.8755555748939514, 1.2844444513320923
0.7688888907432556, 1.448888897895813
0.6622222065925598, 1.4711110591888428
0.7333333492279053, 1.6488889455795288
0.7066666483879089, 1.8355555534362793
0.5644444227218628, 1.457777738571167
0.5733333230018616, 1.4355555772781372
0.5377777814865112, 1.0266666412353516
0.5733333230018616, 0.8266666531562805
0.5733333230018616, 0.8266666531562805
0.6888889074325562, 0.6355555653572083
0.653333306312561, 0.54666668176651
0.653333306312561, 0.54666668176651
0.653333306312561, 0.54666668176651
0.800000011920929, 0.7688888907432556
0.7911111116409302, 0.8533333539962769
0.800000011920929, 0.7688888907432556
0.7911111116409302, 0.8533333539962769
0.800000011920929, 0.7688888907432556
0.7911111116409302, 0.8533333539962769
0.800000011920929, 0.7688888907432556
0.7911111116409302, 0.8533333539962769
