actor_1,actor_2
1.09333336353302, 1.399999976158142
1.2799999713897705, 2.0
1.1733332872390747, 2.0
1.399999976158142, 1.3422222137451172
1.5911110639572144, 0.7644444704055786
1.9466667175292969, 0.8355555534362793
1.3733333349227905, 0.7288888692855835
1.0177778005599976, 0.5422222018241882
1.0177778005599976, 0.5422222018241882
0.7200000286102295, 0.41777777671813965
0.5333333611488342, 0.6044444441795349
0.5333333611488342, 0.6044444441795349
0.5955555438995361, 0.8444444537162781
0.5955555438995361, 0.8444444537162781
0.8177777528762817, 1.2577778100967407
1.0666667222976685, 2.0
0.902222216129303, 2.0
0.902222216129303, 2.0
0.902222216129303, 2.0
1.1733332872390747, 2.0
1.399999976158142, 1.3422222137451172
1.5911110639572144, 0.7644444704055786
2.0, 0.5911111235618591
2.0, 0.5911111235618591
2.0, 0.5911111235618591
2.0, 0.644444465637207
1.9111111164093018, 0.6222222447395325
1.4711110591888428, 0.4933333396911621
1.4711110591888428, 0.4933333396911621
1.0399999618530273, 0.3866666555404663
1.0399999618530273, 0.3866666555404663
1.0399999618530273, 0.3866666555404663
0.7200000286102295, 0.41777777671813965
0.5333333611488342, 0.6044444441795349
0.43111109733581543, 0.5866666436195374
0.43111109733581543, 0.5866666436195374
0.43111109733581543, 0.5866666436195374
0.35111111402511597, 0.4933333396911621
0.47555556893348694, 0.6711111068725586
0.47555556893348694, 0.6711111068725586
0.644444465637207, 0.9466666579246521
0.7866666913032532, 1.2933332920074463
0.6755555272102356, 1.288888931274414
0.6755555272102356, 1.288888931274414
0.6755555272102356, 1.288888931274414
0.902222216129303, 2.0
0.902222216129303, 2.0
0.902222216129303, 2.0
0.902222216129303, 2.0
1.693333387374878, 2.0
2.0, 0.9155555367469788
2.0, 0.5911111235618591
2.0, 0.5911111235618591
2.0, 0.5911111235618591
2.0, 0.5911111235618591
