actor_1,actor_2
1.0533332824707031, 1.2222222089767456
1.1466666460037231, 2.0
1.151111125946045, 2.0
1.3111110925674438, 1.2755556106567383
1.3600000143051147, 0.7155555486679077
1.5822222232818604, 0.653333306312561
1.1111111640930176, 0.54666668176651
0.8577777743339539, 0.3733333349227905
0.8577777743339539, 0.3733333349227905
0.5777778029441833, 0.31555554270744324
0.4533333480358124, 0.4577777683734894
0.4533333480358124, 0.4577777683734894
0.5244444608688354, 0.6888889074325562
0.5244444608688354, 0.6888889074325562
0.7066666483879089, 1.2666666507720947
1.048888921737671, 2.0
0.8888888955116272, 2.0
0.8888888955116272, 2.0
0.8888888955116272, 2.0
1.151111125946045, 2.0
1.3111110925674438, 1.2755556106567383
1.3600000143051147, 0.7155555486679077
1.693333387374878, 0.6044444441795349
1.693333387374878, 0.6044444441795349
1.693333387374878, 0.6044444441795349
2.0, 0.551111102104187
1.5288889408111572, 0.551111102104187
1.2488888502120972, 0.4266666769981384
1.2488888502120972, 0.4266666769981384
0.8266666531562805, 0.35555556416511536
0.8266666531562805, 0.35555556416511536
0.8266666531562805, 0.35555556416511536
0.5777778029441833, 0.31555554270744324
0.4533333480358124, 0.4577777683734894
0.35111111402511597, 0.5022222399711609
0.35111111402511597, 0.5022222399711609
0.35111111402511597, 0.5022222399711609
0.30222222208976746, 0.43111109733581543
0.41333332657814026, 0.5688889026641846
0.41333332657814026, 0.5688889026641846
0.5422222018241882, 0.897777795791626
0.7599999904632568, 1.2266666889190674
0.6577777862548828, 1.3288888931274414
0.6577777862548828, 1.3288888931274414
0.6577777862548828, 1.3288888931274414
0.8888888955116272, 2.0
0.8888888955116272, 2.0
0.8888888955116272, 2.0
0.8888888955116272, 2.0
1.4755555391311646, 2.0
1.8666666746139526, 0.8622221946716309
1.693333387374878, 0.6044444441795349
1.693333387374878, 0.6044444441795349
1.693333387374878, 0.6044444441795349
1.693333387374878, 0.6044444441795349
