actor_1,actor_2
0.8311111330986023, 2.0
1.0444444417953491, 2.0
1.1466666460037231, 1.840000033378601
1.1288888454437256, 1.1066666841506958
1.008888840675354, 0.6888889074325562
0.8488888740539551, 0.9200000166893005
1.008888840675354, 0.6888889074325562
0.9066666960716248, 0.8622221946716309
0.6622222065925598, 0.5377777814865112
0.5377777814865112, 0.2800000011920929
0.5377777814865112, 0.2800000011920929
0.54666668176651, 0.20000000298023224
0.54666668176651, 0.20000000298023224
0.5911111235618591, 0.40888887643814087
0.5244444608688354, 0.5555555820465088
0.5244444608688354, 0.5555555820465088
0.5111111402511597, 0.3955555558204651
0.5111111402511597, 0.3955555558204651
0.5111111402511597, 0.3955555558204651
