actor_1,actor_2
1.644444465637207, 1.7599999904632568
2.0, 1.195555567741394
1.5022221803665161, 1.8177777528762817
2.0, 1.5688889026641846
1.5022221803665161, 1.8177777528762817
2.0, 1.5688889026641846
1.5022221803665161, 1.8177777528762817
2.0, 1.5688889026641846
1.506666660308838, 1.2933332920074463
1.195555567741394, 0.995555579662323
1.195555567741394, 0.995555579662323
1.048888921737671, 0.7066666483879089
0.9911110997200012, 0.8622221946716309
0.9911110997200012, 0.8622221946716309
0.902222216129303, 0.6177777647972107
0.902222216129303, 0.6177777647972107
