actor_1,actor_2
1.7155555486679077, 1.7422221899032593
2.0, 1.5244444608688354
1.6711111068725586, 1.8311110734939575
2.0, 1.7822222709655762
1.6711111068725586, 1.8311110734939575
2.0, 1.7822222709655762
1.6711111068725586, 1.8311110734939575
2.0, 1.7822222709655762
1.4222222566604614, 1.3200000524520874
0.9777777791023254, 0.8488888740539551
0.9777777791023254, 0.8488888740539551
0.7822222113609314, 0.6577777862548828
0.644444465637207, 0.746666669845581
0.644444465637207, 0.746666669845581
0.8133333325386047, 1.008888840675354
0.7155555486679077, 0.7244444489479065
1.151111125946045, 1.484444499015808
1.6488889455795288, 1.457777738571167
0.8444444537162781, 0.9288889169692993
1.391111135482788, 1.4711110591888428
1.5955555438995361, 1.306666612625122
1.4800000190734863, 2.0
1.8844444751739502, 2.0
1.702222228050232, 1.7511111497879028
1.702222228050232, 1.7511111497879028
1.702222228050232, 1.7511111497879028
1.702222228050232, 1.7511111497879028
1.702222228050232, 1.7511111497879028
1.9555555582046509, 1.1422221660614014
1.8533333539962769, 0.6844444274902344
1.8533333539962769, 0.6844444274902344
1.8266667127609253, 0.5866666436195374
1.8266667127609253, 0.5866666436195374
1.8266667127609253, 0.5866666436195374
1.942222237586975, 0.644444465637207
1.5199999809265137, 0.5866666436195374
1.0311111211776733, 0.41777777671813965
0.8444444537162781, 0.4000000059604645
0.8444444537162781, 0.4000000059604645
0.7599999904632568, 0.35111111402511597
0.7244444489479065, 0.35555556416511536
0.746666669845581, 0.5155555605888367
0.5911111235618591, 0.5733333230018616
0.5911111235618591, 0.5733333230018616
0.5911111235618591, 0.5733333230018616
