actor_1,actor_2
1.5733333826065063, 2.0
1.737777829170227, 1.9155555963516235
1.5022221803665161, 1.506666660308838
1.6399999856948853, 0.9733333587646484
1.7644444704055786, 0.7288888692855835
2.0, 1.057777762413025
1.737777829170227, 1.1866666078567505
1.288888931274414, 0.6266666650772095
1.288888931274414, 0.6266666650772095
0.8399999737739563, 0.43111109733581543
0.644444465637207, 0.8088889122009277
0.644444465637207, 0.8088889122009277
0.8222222328186035, 1.4622222185134888
0.8222222328186035, 1.4622222185134888
1.1555556058883667, 2.0
1.4355555772781372, 2.0
1.2577778100967407, 1.559999942779541
1.2577778100967407, 1.559999942779541
1.2577778100967407, 1.559999942779541
1.5022221803665161, 1.506666660308838
1.6399999856948853, 0.9733333587646484
1.7644444704055786, 0.7288888692855835
1.8799999952316284, 0.3466666638851166
1.8799999952316284, 0.3466666638851166
1.8799999952316284, 0.3466666638851166
2.0, 0.46666666865348816
1.8533333539962769, 0.47999998927116394
1.3866666555404663, 0.2933333218097687
1.3866666555404663, 0.2933333218097687
0.9288889169692993, 0.2177777737379074
0.9288889169692993, 0.2177777737379074
0.9288889169692993, 0.2177777737379074
0.8399999737739563, 0.43111109733581543
0.644444465637207, 0.8088889122009277
0.5199999809265137, 0.897777795791626
0.5199999809265137, 0.897777795791626
0.5199999809265137, 0.897777795791626
0.40888887643814087, 0.5333333611488342
0.5866666436195374, 0.8622221946716309
0.5866666436195374, 0.8622221946716309
0.8311111330986023, 1.644444465637207
1.102222204208374, 1.288888931274414
1.0177778005599976, 0.897777795791626
1.0044444799423218, 1.4222222566604614
1.102222204208374, 1.288888931274414
1.0177778005599976, 0.897777795791626
1.4355555772781372, 2.0
1.2577778100967407, 1.559999942779541
1.2577778100967407, 1.559999942779541
1.2577778100967407, 1.559999942779541
1.2577778100967407, 1.559999942779541
1.2577778100967407, 1.559999942779541
1.3511110544204712, 1.1244444847106934
1.6488889455795288, 1.0800000429153442
1.6488889455795288, 1.0800000429153442
2.0, 0.5288888812065125
2.0, 0.5288888812065125
2.0, 0.5777778029441833
2.0, 0.7555555701255798
1.8666666746139526, 0.46222221851348877
1.90666663646698, 0.551111102104187
1.7244443893432617, 0.4266666769981384
1.2666666507720947, 0.8399999737739563
0.7822222113609314, 0.5288888812065125
0.6222222447395325, 0.5911111235618591
0.6222222447395325, 0.5911111235618591
0.6222222447395325, 0.5911111235618591
