actor_1,actor_2
1.6977777481079102, 2.0
1.7866666316986084, 2.0
1.4444444179534912, 1.6844444274902344
1.6577777862548828, 1.2400000095367432
1.8177777528762817, 0.8755555748939514
2.0, 1.3111110925674438
2.0, 1.644444465637207
1.8622221946716309, 0.8622221946716309
1.8622221946716309, 0.8622221946716309
1.4711110591888428, 0.6044444441795349
0.9377777576446533, 0.9288889169692993
0.9377777576446533, 0.9288889169692993
0.5822222232818604, 0.9688888788223267
0.46222221851348877, 0.644444465637207
0.46222221851348877, 0.644444465637207
0.46222221851348877, 0.644444465637207
0.6355555653572083, 0.9644444584846497
0.6355555653572083, 0.9644444584846497
0.6977777481079102, 1.2177777290344238
0.8577777743339539, 1.542222261428833
1.0844444036483765, 1.448888897895813
0.9200000166893005, 0.9733333587646484
0.9200000166893005, 0.9733333587646484
0.9200000166893005, 0.9733333587646484
0.9200000166893005, 0.9733333587646484
1.1377778053283691, 1.5911110639572144
1.1377778053283691, 1.5911110639572144
1.1377778053283691, 1.5911110639572144
1.1377778053283691, 1.5911110639572144
1.457777738571167, 1.2844444513320923
1.840000033378601, 0.6666666865348816
1.6355555057525635, 0.46666666865348816
1.6355555057525635, 0.46666666865348816
1.6355555057525635, 0.46666666865348816
1.6355555057525635, 0.46666666865348816
1.6355555057525635, 0.46666666865348816
1.6355555057525635, 0.46666666865348816
1.6399999856948853, 0.4977777898311615
2.0, 0.7911111116409302
1.5688889026641846, 0.5777778029441833
1.6622222661972046, 0.6844444274902344
1.693333387374878, 0.5111111402511597
1.693333387374878, 0.5111111402511597
1.3777778148651123, 0.36444443464279175
1.3777778148651123, 0.36444443464279175
1.3777778148651123, 0.36444443464279175
1.3777778148651123, 0.36444443464279175
1.5199999809265137, 0.4355555474758148
0.9466666579246521, 0.6844444274902344
0.5644444227218628, 0.6977777481079102
0.5644444227218628, 0.6977777481079102
