actor_1,actor_2
1.7999999523162842, 2.0
1.840000033378601, 2.0
1.4533333778381348, 1.7644444704055786
1.6044445037841797, 1.3022222518920898
1.8355555534362793, 0.9422222375869751
2.0, 1.3200000524520874
2.0, 1.600000023841858
1.9377777576446533, 0.8488888740539551
1.9377777576446533, 0.8488888740539551
1.5777777433395386, 0.5866666436195374
1.0844444036483765, 1.0
1.0844444036483765, 1.0
0.7022222280502319, 1.0444444417953491
0.5199999809265137, 0.6311110854148865
0.5199999809265137, 0.6311110854148865
0.5199999809265137, 0.6311110854148865
0.6577777862548828, 1.0355556011199951
0.6577777862548828, 1.0355556011199951
0.7288888692855835, 1.2755556106567383
0.8755555748939514, 1.6177778244018555
1.09333336353302, 1.448888897895813
0.9466666579246521, 0.9244444370269775
1.0133333206176758, 1.6133333444595337
0.897777795791626, 1.0222222805023193
0.9466666579246521, 0.9244444370269775
0.897777795791626, 1.0222222805023193
1.151111125946045, 1.7066667079925537
1.151111125946045, 1.7066667079925537
1.151111125946045, 1.7066667079925537
1.151111125946045, 1.7066667079925537
1.151111125946045, 1.7066667079925537
1.102222204208374, 1.3155555725097656
1.102222204208374, 1.3155555725097656
1.440000057220459, 1.3777778148651123
1.5911110639572144, 1.0133333206176758
1.8355555534362793, 0.746666669845581
1.7066667079925537, 0.54666668176651
1.7066667079925537, 0.54666668176651
1.7066667079925537, 0.54666668176651
1.7066667079925537, 0.54666668176651
1.6711111068725586, 0.5688889026641846
1.3288888931274414, 0.5777778029441833
1.5466666221618652, 0.5288888812065125
1.5466666221618652, 0.5288888812065125
1.7066667079925537, 0.6266666650772095
1.7822222709655762, 0.4888888895511627
1.7822222709655762, 0.4888888895511627
1.5688889026641846, 0.47999998927116394
1.297777771949768, 0.5911111235618591
1.0222222805023193, 0.7644444704055786
0.6399999856948853, 0.7777777910232544
0.6399999856948853, 0.7777777910232544
