actor_1,actor_2
1.262222170829773, 2.0
1.4533333778381348, 2.0
1.1155555248260498, 1.5288889408111572
1.2488888502120972, 1.2799999713897705
1.4044444561004639, 1.0977777242660522
1.4044444561004639, 1.0977777242660522
1.2177777290344238, 0.8355555534362793
1.6311111450195312, 1.1333333253860474
1.4044444561004639, 1.4088889360427856
1.6311111450195312, 1.1333333253860474
1.4044444561004639, 1.4088889360427856
1.6311111450195312, 1.1333333253860474
1.4044444561004639, 1.2844444513320923
1.3644444942474365, 1.4088889360427856
1.4044444561004639, 1.2844444513320923
1.3644444942474365, 1.4088889360427856
1.4044444561004639, 1.2844444513320923
1.4133332967758179, 1.4444444179534912
1.4044444561004639, 1.2844444513320923
1.4044444561004639, 1.4088889360427856
1.3288888931274414, 1.1200000047683716
1.4044444561004639, 1.4088889360427856
1.3288888931274414, 1.1200000047683716
1.4044444561004639, 1.2844444513320923
1.3644444942474365, 1.4088889360427856
1.4044444561004639, 1.2844444513320923
1.3644444942474365, 1.4088889360427856
1.4044444561004639, 1.2844444513320923
1.3644444942474365, 1.4088889360427856
1.3288888931274414, 1.1200000047683716
1.2577778100967407, 1.3333333730697632
1.3288888931274414, 1.1200000047683716
1.1866666078567505, 1.2000000476837158
1.3288888931274414, 1.1200000047683716
1.1866666078567505, 1.2000000476837158
1.3288888931274414, 1.1200000047683716
1.1866666078567505, 1.2000000476837158
1.3288888931274414, 1.1200000047683716
1.0622222423553467, 1.0311111211776733
0.9422222375869751, 1.1911110877990723
1.0622222423553467, 1.0311111211776733
0.8888888955116272, 1.0666667222976685
0.8088889122009277, 0.8355555534362793
0.9777777791023254, 0.902222216129303
0.8088889122009277, 0.8355555534362793
