actor_1,actor_2
0.6622222065925598, 2.0
0.9155555367469788, 1.8888888359069824
0.9288889169692993, 1.3022222518920898
1.0800000429153442, 1.1644444465637207
1.1288888454437256, 0.897777795791626
1.1288888454437256, 0.897777795791626
0.8488888740539551, 0.5199999809265137
0.8711110949516296, 0.7777777910232544
0.6222222447395325, 1.3688888549804688
0.8711110949516296, 0.7777777910232544
0.6222222447395325, 1.3688888549804688
0.8711110949516296, 0.7777777910232544
0.4888888895511627, 1.1911110877990723
0.8711110949516296, 0.7777777910232544
0.7911111116409302, 1.048888921737671
1.2577778100967407, 0.7377777695655823
0.7911111116409302, 1.048888921737671
1.2577778100967407, 0.7377777695655823
0.6933333277702332, 0.7200000286102295
1.2577778100967407, 0.7377777695655823
0.6933333277702332, 0.7200000286102295
1.2577778100967407, 0.7377777695655823
0.6933333277702332, 0.7200000286102295
1.2577778100967407, 0.7377777695655823
0.6933333277702332, 0.7200000286102295
1.2577778100967407, 0.7377777695655823
