actor_1,actor_2
0.7955555319786072, 2.0
1.3511110544204712, 2.0
1.3155555725097656, 2.0
1.5377777814865112, 1.559999942779541
1.7599999904632568, 1.1777777671813965
1.7599999904632568, 1.1777777671813965
1.6577777862548828, 0.9333333373069763
1.7688888311386108, 1.0266666412353516
1.3111110925674438, 1.0044444799423218
0.9688888788223267, 0.5377777814865112
0.9688888788223267, 0.5377777814865112
0.7644444704055786, 0.448888897895813
0.6666666865348816, 0.5333333611488342
0.6666666865348816, 0.5333333611488342
0.24444444477558136, 0.6666666865348816
0.1733333319425583, 0.7022222280502319
0.13333334028720856, 0.5866666436195374
0.13333334028720856, 0.5866666436195374
0.18666666746139526, 0.7866666913032532
0.18666666746139526, 0.7866666913032532
0.3822222352027893, 1.399999976158142
0.8266666531562805, 1.9822221994400024
0.9200000166893005, 1.6355555057525635
0.9200000166893005, 1.6355555057525635
0.9200000166893005, 1.6355555057525635
1.1244444847106934, 2.0
1.1244444847106934, 2.0
1.3155555725097656, 2.0
1.5377777814865112, 1.559999942779541
1.7599999904632568, 1.1777777671813965
2.0, 0.897777795791626
2.0, 0.897777795791626
2.0, 0.897777795791626
