actor_1,actor_2
1.1333333253860474, 2.0
1.0888888835906982, 1.8799999952316284
0.9155555367469788, 1.5022221803665161
1.0, 1.0844444036483765
1.1333333253860474, 0.804444432258606
1.1333333253860474, 0.804444432258606
1.1066666841506958, 0.5866666436195374
1.4177777767181396, 0.7377777695655823
1.6755555868148804, 0.9200000166893005
1.515555500984192, 0.742222249507904
1.515555500984192, 0.742222249507904
1.2933332920074463, 0.6622222065925598
1.1555556058883667, 0.804444432258606
1.1555556058883667, 0.804444432258606
0.804444432258606, 1.1422221660614014
0.6888889074325562, 1.1733332872390747
0.653333306312561, 0.9200000166893005
0.653333306312561, 0.9200000166893005
0.6800000071525574, 1.1333333253860474
0.6800000071525574, 1.1333333253860474
0.8844444155693054, 1.5333333015441895
0.9377777576446533, 1.4444444179534912
0.7777777910232544, 1.0177778005599976
0.7777777910232544, 1.0177778005599976
0.7777777910232544, 1.0177778005599976
0.8355555534362793, 1.6133333444595337
0.8355555534362793, 1.6133333444595337
0.9155555367469788, 1.5022221803665161
1.0, 1.0844444036483765
1.1333333253860474, 0.804444432258606
1.4044444561004639, 0.6044444441795349
1.4044444561004639, 0.6044444441795349
1.4044444561004639, 0.6044444441795349
