actor_1,actor_2
0.8577777743339539, 2.0
1.0755555629730225, 1.9022222757339478
1.1688889265060425, 1.5555555820465088
1.4666666984558105, 0.9466666579246521
1.737777829170227, 0.6355555653572083
1.608888864517212, 0.9511111378669739
1.3200000524520874, 1.1555556058883667
1.2266666889190674, 0.7911111116409302
1.2266666889190674, 0.7911111116409302
1.0, 0.6222222447395325
0.6355555653572083, 1.1111111640930176
0.6355555653572083, 1.1111111640930176
0.6977777481079102, 1.6133333444595337
0.6977777481079102, 1.6133333444595337
0.6844444274902344, 2.0
0.8755555748939514, 2.0
1.0355556011199951, 2.0
1.0355556011199951, 2.0
1.0355556011199951, 2.0
1.1688889265060425, 1.5555555820465088
1.4666666984558105, 0.9466666579246521
1.737777829170227, 0.6355555653572083
2.0, 0.4266666769981384
2.0, 0.4266666769981384
2.0, 0.4266666769981384
2.0, 0.6577777862548828
1.7244443893432617, 0.7822222113609314
1.559999942779541, 0.5199999809265137
1.559999942779541, 0.5199999809265137
1.244444489479065, 0.4000000059604645
1.244444489479065, 0.4000000059604645
1.244444489479065, 0.4000000059604645
1.0, 0.6222222447395325
0.6355555653572083, 1.1111111640930176
0.6044444441795349, 1.2311111688613892
0.6044444441795349, 1.2311111688613892
0.6044444441795349, 1.2311111688613892
0.5600000023841858, 1.0622222423553467
0.6355555653572083, 1.3733333349227905
0.6355555653572083, 1.3733333349227905
0.6311110854148865, 2.0
0.7822222113609314, 1.9822221994400024
0.9333333373069763, 1.653333306312561
0.9333333373069763, 1.653333306312561
0.9333333373069763, 1.653333306312561
1.0355556011199951, 2.0
1.0355556011199951, 2.0
1.0355556011199951, 2.0
1.0355556011199951, 2.0
1.3511110544204712, 1.2799999713897705
2.0, 0.5244444608688354
2.0, 0.4266666769981384
2.0, 0.4266666769981384
2.0, 0.4266666769981384
2.0, 0.4266666769981384
2.0, 0.4266666769981384
2.0, 0.6577777862548828
1.8666666746139526, 0.653333306312561
1.6577777862548828, 0.6044444441795349
1.559999942779541, 0.5199999809265137
1.559999942779541, 0.5199999809265137
1.244444489479065, 0.4000000059604645
1.244444489479065, 0.4000000059604645
1.244444489479065, 0.4000000059604645
1.1644444465637207, 0.48444443941116333
0.8755555748939514, 0.5822222232818604
0.6177777647972107, 0.9422222375869751
0.6177777647972107, 0.9422222375869751
0.6177777647972107, 0.9422222375869751
0.6044444441795349, 1.2311111688613892
