actor_1,actor_2
1.9600000381469727, 1.8444443941116333
1.0977777242660522, 0.6844444274902344
1.0977777242660522, 0.6844444274902344
0.8133333325386047, 0.4444444477558136
0.7111111283302307, 0.5733333230018616
0.6711111068725586, 0.4266666769981384
0.6711111068725586, 0.4266666769981384
0.6711111068725586, 0.4266666769981384
