actor_1,actor_2
1.5111111402511597, 2.0
1.6355555057525635, 1.4088889360427856
1.4800000190734863, 2.0
1.7822222709655762, 1.6666666269302368
1.4800000190734863, 2.0
1.7822222709655762, 1.6666666269302368
1.4800000190734863, 2.0
1.7822222709655762, 1.6666666269302368
1.4666666984558105, 1.3022222518920898
1.0133333206176758, 0.7244444489479065
1.0133333206176758, 0.7244444489479065
0.6888889074325562, 0.5066666603088379
0.6266666650772095, 0.5555555820465088
0.6266666650772095, 0.5555555820465088
0.6000000238418579, 0.4266666769981384
0.6000000238418579, 0.4266666769981384
