actor_1,actor_2
1.7333333492279053, 2.0
2.0, 2.0
1.4888888597488403, 2.0
2.0, 2.0
1.4888888597488403, 2.0
2.0, 2.0
1.4888888597488403, 2.0
2.0, 2.0
1.6044445037841797, 1.5466666221618652
1.1244444847106934, 1.3200000524520874
1.4888888597488403, 2.0
2.0, 2.0
1.4888888597488403, 2.0
2.0, 2.0
1.4888888597488403, 2.0
2.0, 2.0
1.4888888597488403, 2.0
2.0, 2.0
1.4888888597488403, 2.0
2.0, 2.0
1.6044445037841797, 1.5466666221618652
1.1244444847106934, 1.3200000524520874
1.4888888597488403, 2.0
2.0, 2.0
1.4888888597488403, 2.0
2.0, 2.0
1.4888888597488403, 2.0
2.0, 2.0
1.4888888597488403, 2.0
2.0, 2.0
1.4888888597488403, 2.0
2.0, 2.0
1.4888888597488403, 2.0
2.0, 2.0
1.4888888597488403, 2.0
2.0, 2.0
1.4888888597488403, 2.0
2.0, 2.0
1.4888888597488403, 2.0
2.0, 2.0
1.5466666221618652, 1.6266666650772095
2.0, 1.5644444227218628
1.5466666221618652, 1.6266666650772095
2.0, 1.5644444227218628
1.5466666221618652, 1.6266666650772095
2.0, 1.5644444227218628
1.288888931274414, 1.2000000476837158
1.1733332872390747, 1.008888840675354
1.1733332872390747, 1.008888840675354
0.8666666746139526, 0.7244444489479065
0.8266666531562805, 0.9155555367469788
0.8266666531562805, 0.9155555367469788
1.0133333206176758, 1.4666666984558105
1.0133333206176758, 1.4666666984558105
1.1244444847106934, 1.7777777910232544
1.4355555772781372, 2.0
1.7200000286102295, 2.0
1.897777795791626, 1.755555510520935
1.4355555772781372, 2.0
1.9333332777023315, 1.7200000286102295
1.4355555772781372, 2.0
1.9822221994400024, 1.3600000143051147
1.2400000095367432, 1.0
1.2400000095367432, 1.0
1.1555556058883667, 1.2711111307144165
