actor_1,actor_2
0.8755555748939514, 1.795555591583252
0.7333333492279053, 1.391111135482788
0.6399999856948853, 1.0622222423553467
0.800000011920929, 0.6666666865348816
0.9822221994400024, 0.5155555605888367
1.457777738571167, 0.8844444155693054
1.7733333110809326, 0.9111111164093018
1.5244444608688354, 0.6266666650772095
1.5244444608688354, 0.6266666650772095
1.1866666078567505, 0.5022222399711609
0.644444465637207, 0.7377777695655823
0.644444465637207, 0.7377777695655823
0.5022222399711609, 1.1733332872390747
0.5022222399711609, 1.1733332872390747
0.5822222232818604, 2.0
0.54666668176651, 2.0
0.48444443941116333, 1.2755556106567383
0.48444443941116333, 1.2755556106567383
0.48444443941116333, 1.2755556106567383
0.6399999856948853, 1.0622222423553467
0.800000011920929, 0.6666666865348816
0.9822221994400024, 0.5155555605888367
1.0622222423553467, 0.3422222137451172
1.0622222423553467, 0.3422222137451172
1.0622222423553467, 0.3422222137451172
1.755555510520935, 0.5955555438995361
2.0, 0.6177777647972107
1.8533333539962769, 0.46222221851348877
1.8533333539962769, 0.46222221851348877
1.4355555772781372, 0.3955555558204651
1.4355555772781372, 0.3955555558204651
1.4355555772781372, 0.3955555558204651
1.1866666078567505, 0.5022222399711609
0.644444465637207, 0.7377777695655823
0.3822222352027893, 0.8311111330986023
0.3822222352027893, 0.8311111330986023
0.3822222352027893, 0.8311111330986023
0.31555554270744324, 0.7155555486679077
0.41777777671813965, 0.9688888788223267
0.41777777671813965, 0.9688888788223267
0.47999998927116394, 1.6222221851348877
0.47111111879348755, 1.6266666650772095
0.41777777671813965, 1.0
0.41777777671813965, 1.0
0.41777777671813965, 1.0
0.48444443941116333, 1.2755556106567383
0.48444443941116333, 1.2755556106567383
0.48444443941116333, 1.2755556106567383
0.48444443941116333, 1.2755556106567383
0.7511110901832581, 0.804444432258606
1.2933332920074463, 0.4355555474758148
1.0622222423553467, 0.3422222137451172
1.0622222423553467, 0.3422222137451172
1.0622222423553467, 0.3422222137451172
1.0622222423553467, 0.3422222137451172
