actor_1,actor_2
1.151111125946045, 1.951111078262329
1.1911110877990723, 1.6222221851348877
1.2000000476837158, 1.4711110591888428
1.3422222137451172, 0.7688888907432556
1.6577777862548828, 0.47555556893348694
1.8622221946716309, 0.742222249507904
1.6577777862548828, 0.8355555534362793
1.1555556058883667, 0.6622222065925598
1.1555556058883667, 0.6622222065925598
0.9288889169692993, 0.4888888895511627
0.6399999856948853, 0.897777795791626
0.6399999856948853, 0.897777795791626
0.644444465637207, 1.5555555820465088
0.644444465637207, 1.5555555820465088
0.8888888955116272, 2.0
1.048888921737671, 2.0
1.0, 2.0
1.0, 2.0
1.0, 2.0
1.2000000476837158, 1.4711110591888428
1.3422222137451172, 0.7688888907432556
1.6577777862548828, 0.47555556893348694
1.9288889169692993, 0.2666666805744171
1.9288889169692993, 0.2666666805744171
1.9288889169692993, 0.2666666805744171
2.0, 0.40888887643814087
1.9333332777023315, 0.47555556893348694
1.3644444942474365, 0.3733333349227905
1.3644444942474365, 0.3733333349227905
1.1200000047683716, 0.2844444513320923
1.1200000047683716, 0.2844444513320923
1.1200000047683716, 0.2844444513320923
0.9288889169692993, 0.4888888895511627
0.6399999856948853, 0.897777795791626
0.5199999809265137, 1.1066666841506958
0.5199999809265137, 1.1066666841506958
0.5199999809265137, 1.1066666841506958
0.448888897895813, 0.8666666746139526
0.5555555820465088, 1.1644444465637207
0.5555555820465088, 1.1644444465637207
0.7333333492279053, 1.7155555486679077
0.8399999737739563, 1.755555510520935
0.7911111116409302, 1.4133332967758179
0.7911111116409302, 1.4133332967758179
0.7911111116409302, 1.4133332967758179
1.0, 2.0
1.0, 2.0
1.0, 2.0
1.0, 2.0
1.448888897895813, 1.3688888549804688
2.0, 0.42222222685813904
1.9288889169692993, 0.2666666805744171
1.9288889169692993, 0.2666666805744171
1.9288889169692993, 0.2666666805744171
1.9288889169692993, 0.2666666805744171
1.9288889169692993, 0.2666666805744171
2.0, 0.40888887643814087
2.0, 0.46222221851348877
1.6355555057525635, 0.41777777671813965
1.3644444942474365, 0.3733333349227905
1.3644444942474365, 0.3733333349227905
1.1200000047683716, 0.2844444513320923
1.1200000047683716, 0.2844444513320923
1.1200000047683716, 0.2844444513320923
1.0800000429153442, 0.3955555558204651
0.8488888740539551, 0.5155555605888367
0.5688889026641846, 0.8533333539962769
0.5688889026641846, 0.8533333539962769
0.5688889026641846, 0.8533333539962769
0.5199999809265137, 1.1066666841506958
