actor_1,actor_2
1.399999976158142, 1.6577777862548828
1.3200000524520874, 0.9066666960716248
1.2933332920074463, 1.8799999952316284
1.5866667032241821, 1.1377778053283691
1.2933332920074463, 1.8799999952316284
1.5866667032241821, 1.1377778053283691
1.2933332920074463, 1.8799999952316284
1.5866667032241821, 1.1377778053283691
1.4977778196334839, 1.3200000524520874
1.0888888835906982, 0.9200000166893005
1.0888888835906982, 0.9200000166893005
0.8622221946716309, 0.5333333611488342
0.7022222280502319, 0.6133333444595337
0.7022222280502319, 0.6133333444595337
0.6711111068725586, 0.46666666865348816
0.6711111068725586, 0.46666666865348816
