actor_1,actor_2
0.8533333539962769, 1.8088889122009277
0.8311111330986023, 1.7688888311386108
0.6000000238418579, 0.995555579662323
0.6844444274902344, 0.6933333277702332
0.7822222113609314, 0.4888888895511627
0.7822222113609314, 0.4888888895511627
0.7644444704055786, 0.2800000011920929
1.09333336353302, 0.6088888645172119
1.3422222137451172, 0.7244444489479065
1.4266666173934937, 0.5866666436195374
1.4266666173934937, 0.5866666436195374
1.3600000143051147, 0.5644444227218628
1.195555567741394, 0.6711111068725586
1.195555567741394, 0.6711111068725586
0.8533333539962769, 0.9866666793823242
0.7866666913032532, 1.1555556058883667
0.7822222113609314, 1.1288888454437256
0.7822222113609314, 1.1288888454437256
0.7733333110809326, 1.3955554962158203
0.7733333110809326, 1.3955554962158203
0.7288888692855835, 1.9333332777023315
0.6888889074325562, 2.0
0.5600000023841858, 0.9288889169692993
0.5600000023841858, 0.9288889169692993
0.5600000023841858, 0.9288889169692993
0.5822222232818604, 1.048888921737671
0.5822222232818604, 1.048888921737671
0.6000000238418579, 0.995555579662323
0.6844444274902344, 0.6933333277702332
0.7822222113609314, 0.4888888895511627
0.7555555701255798, 0.23999999463558197
0.7555555701255798, 0.23999999463558197
0.7555555701255798, 0.23999999463558197
