actor_1,actor_2
0.9644444584846497, 1.355555534362793
1.1111111640930176, 2.0
1.0977777242660522, 1.7599999904632568
1.1377778053283691, 0.9200000166893005
1.288888931274414, 0.5377777814865112
1.448888897895813, 0.5866666436195374
1.1866666078567505, 0.5600000023841858
0.902222216129303, 0.35111111402511597
0.902222216129303, 0.35111111402511597
0.6133333444595337, 0.31111112236976624
0.3911111056804657, 0.40444445610046387
0.3911111056804657, 0.40444445610046387
0.47555556893348694, 0.6844444274902344
0.47555556893348694, 0.6844444274902344
0.7688888907432556, 1.2933332920074463
1.0133333206176758, 1.8799999952316284
0.9777777791023254, 1.6755555868148804
0.9777777791023254, 1.6755555868148804
0.9777777791023254, 1.6755555868148804
1.0977777242660522, 1.7599999904632568
1.1377778053283691, 0.9200000166893005
1.288888931274414, 0.5377777814865112
0.897777795791626, 0.35555556416511536
0.897777795791626, 0.35555556416511536
0.897777795791626, 0.35555556416511536
1.0044444799423218, 0.36444443464279175
0.8933333158493042, 0.41777777671813965
0.7688888907432556, 0.31111112236976624
0.7688888907432556, 0.31111112236976624
0.5688889026641846, 0.2933333218097687
0.5688889026641846, 0.2933333218097687
0.5688889026641846, 0.2933333218097687
0.6133333444595337, 0.31111112236976624
0.3911111056804657, 0.40444445610046387
0.31555554270744324, 0.4888888895511627
0.31555554270744324, 0.4888888895511627
0.31555554270744324, 0.4888888895511627
0.2933333218097687, 0.41333332657814026
0.4000000059604645, 0.5377777814865112
0.4000000059604645, 0.5377777814865112
0.644444465637207, 0.9244444370269775
0.8399999737739563, 1.2577778100967407
0.8266666531562805, 1.1377778053283691
0.8266666531562805, 1.1377778053283691
0.8266666531562805, 1.1377778053283691
0.9777777791023254, 1.6755555868148804
0.9777777791023254, 1.6755555868148804
0.9777777791023254, 1.6755555868148804
0.9777777791023254, 1.6755555868148804
1.0622222423553467, 1.2400000095367432
1.297777771949768, 0.4266666769981384
0.897777795791626, 0.35555556416511536
0.897777795791626, 0.35555556416511536
0.897777795791626, 0.35555556416511536
0.897777795791626, 0.35555556416511536
