actor_1,actor_2
0.6888889074325562, 2.0
1.1777777671813965, 2.0
0.9599999785423279, 1.4800000190734863
1.0800000429153442, 1.1822222471237183
1.1288888454437256, 0.7822222113609314
1.1288888454437256, 0.7822222113609314
1.0711110830307007, 0.5333333611488342
1.355555534362793, 0.7022222280502319
0.7822222113609314, 0.9288889169692993
1.355555534362793, 0.7022222280502319
0.7822222113609314, 0.9288889169692993
1.355555534362793, 0.7022222280502319
0.7644444704055786, 0.7822222113609314
1.355555534362793, 0.7022222280502319
0.9911110997200012, 0.6800000071525574
0.9822221994400024, 0.7155555486679077
1.151111125946045, 0.5911111235618591
0.8488888740539551, 0.6000000238418579
0.8488888740539551, 0.6000000238418579
0.8488888740539551, 0.6000000238418579
0.6977777481079102, 0.6800000071525574
0.6755555272102356, 0.8888888955116272
0.6311110854148865, 1.0177778005599976
0.6222222447395325, 0.9244444370269775
0.6222222447395325, 0.9244444370269775
0.6222222447395325, 0.9244444370269775
0.6577777862548828, 1.1111111640930176
0.644444465637207, 1.542222261428833
0.7244444489479065, 1.653333306312561
0.9555555582046509, 1.4977778196334839
0.8177777528762817, 1.0711110830307007
0.8177777528762817, 1.0711110830307007
0.8177777528762817, 1.0711110830307007
0.8177777528762817, 1.0711110830307007
0.8177777528762817, 1.0711110830307007
0.9599999785423279, 1.4800000190734863
1.1288888454437256, 0.7822222113609314
1.0711110830307007, 0.5333333611488342
1.0711110830307007, 0.5333333611488342
1.3511110544204712, 0.448888897895813
1.3511110544204712, 0.448888897895813
