actor_1,actor_2
0.5555555820465088, 2.0
1.0311111211776733, 1.7733333110809326
0.7688888907432556, 1.1866666078567505
0.8533333539962769, 0.9200000166893005
0.8933333158493042, 0.5111111402511597
0.8933333158493042, 0.5111111402511597
0.7244444489479065, 0.3333333432674408
1.0355556011199951, 0.47111111879348755
0.47555556893348694, 0.8177777528762817
1.0355556011199951, 0.47111111879348755
0.47555556893348694, 0.8177777528762817
1.0355556011199951, 0.47111111879348755
0.46666666865348816, 0.6711111068725586
1.0355556011199951, 0.47111111879348755
0.5555555820465088, 0.5822222232818604
1.3155555725097656, 0.40888887643814087
0.5555555820465088, 0.5822222232818604
1.3155555725097656, 0.40888887643814087
0.8222222328186035, 0.448888897895813
0.54666668176651, 0.7022222280502319
0.8222222328186035, 0.448888897895813
0.5555555820465088, 0.5822222232818604
0.8222222328186035, 0.448888897895813
0.5555555820465088, 0.5822222232818604
0.8222222328186035, 0.448888897895813
0.8222222328186035, 0.448888897895813
0.653333306312561, 0.6399999856948853
0.6399999856948853, 0.5600000023841858
0.6399999856948853, 0.5600000023841858
0.6399999856948853, 0.5600000023841858
0.6399999856948853, 0.5600000023841858
0.6399999856948853, 0.5600000023841858
0.6399999856948853, 0.5600000023841858
0.6088888645172119, 0.5111111402511597
0.5022222399711609, 0.5777778029441833
0.5199999809265137, 0.8533333539962769
0.5155555605888367, 0.9511111378669739
0.5155555605888367, 0.9511111378669739
0.5155555605888367, 0.9511111378669739
0.5155555605888367, 0.9511111378669739
0.5155555605888367, 0.9511111378669739
0.5288888812065125, 1.1377778053283691
0.551111102104187, 1.2844444513320923
0.6666666865348816, 1.2755556106567383
0.6666666865348816, 1.2755556106567383
0.8133333325386047, 1.2755556106567383
0.648888885974884, 0.8533333539962769
0.648888885974884, 0.8533333539962769
0.648888885974884, 0.8533333539962769
0.7244444489479065, 0.8666666746139526
0.7599999904632568, 0.4000000059604645
0.6266666650772095, 0.30222222208976746
0.6266666650772095, 0.30222222208976746
0.6266666650772095, 0.30222222208976746
0.6266666650772095, 0.30222222208976746
0.8355555534362793, 0.4000000059604645
0.6133333444595337, 0.4355555474758148
