actor_1,actor_2
1.4533333778381348, 2.0
1.9822221994400024, 1.3511110544204712
1.2488888502120972, 1.8533333539962769
1.9822221994400024, 1.551111102104187
1.2488888502120972, 1.8533333539962769
1.9822221994400024, 1.551111102104187
1.2488888502120972, 1.8533333539962769
1.9822221994400024, 1.551111102104187
1.3022222518920898, 1.1244444847106934
0.8666666746139526, 0.746666669845581
0.8666666746139526, 0.746666669845581
0.742222249507904, 0.551111102104187
0.6177777647972107, 0.5822222232818604
0.6177777647972107, 0.5822222232818604
0.5822222232818604, 0.40444445610046387
0.5822222232818604, 0.40444445610046387
