actor_1,actor_2
0.9200000166893005, 1.8355555534362793
0.5111111402511597, 1.399999976158142
0.4355555474758148, 0.9244444370269775
0.46222221851348877, 0.7200000286102295
0.5066666603088379, 0.5288888812065125
0.5066666603088379, 0.5288888812065125
0.40888887643814087, 0.4266666769981384
0.3377777636051178, 0.3822222352027893
0.3377777636051178, 0.3822222352027893
