actor_1,actor_2
1.693333387374878, 1.8355555534362793
1.4311110973358154, 1.840000033378601
1.2844444513320923, 1.7422221899032593
1.4977778196334839, 1.3111110925674438
1.755555510520935, 0.995555579662323
2.0, 1.2577778100967407
2.0, 1.399999976158142
1.7511111497879028, 1.2755556106567383
1.7511111497879028, 1.2755556106567383
1.1466666460037231, 1.1111111640930176
0.7955555319786072, 1.3288888931274414
0.7955555319786072, 1.3288888931274414
0.9866666793823242, 1.7066667079925537
0.9866666793823242, 1.7066667079925537
1.3244444131851196, 2.0
1.3511110544204712, 2.0
1.0177778005599976, 1.9288889169692993
1.0177778005599976, 1.9288889169692993
1.0177778005599976, 1.9288889169692993
1.2844444513320923, 1.7422221899032593
1.4977778196334839, 1.3111110925674438
1.755555510520935, 0.995555579662323
2.0, 0.7200000286102295
2.0, 0.7200000286102295
2.0, 0.7200000286102295
2.0, 0.9822221994400024
2.0, 1.159999966621399
2.0, 1.102222204208374
2.0, 1.102222204208374
1.3777778148651123, 0.9555555582046509
1.3777778148651123, 0.9555555582046509
1.3777778148651123, 0.9555555582046509
1.1466666460037231, 1.1111111640930176
0.7955555319786072, 1.3288888931274414
0.6355555653572083, 1.3600000143051147
0.6355555653572083, 1.3600000143051147
0.6355555653572083, 1.3600000143051147
0.47555556893348694, 1.1644444465637207
0.6844444274902344, 1.3955554962158203
0.6844444274902344, 1.3955554962158203
0.9422222375869751, 1.608888864517212
1.0133333206176758, 1.4800000190734863
0.7733333110809326, 1.1911110877990723
0.7733333110809326, 1.1911110877990723
0.7733333110809326, 1.1911110877990723
1.0177778005599976, 1.9288889169692993
1.0177778005599976, 1.9288889169692993
1.0177778005599976, 1.9288889169692993
1.0177778005599976, 1.9288889169692993
1.515555500984192, 1.7511111497879028
2.0, 0.9377777576446533
2.0, 0.7200000286102295
2.0, 0.7200000286102295
2.0, 0.7200000286102295
2.0, 0.7200000286102295
