actor_1,actor_2
1.3155555725097656, 2.0
1.7866666316986084, 1.737777829170227
1.2844444513320923, 2.0
1.804444432258606, 1.9155555963516235
1.7644444704055786, 1.3377777338027954
1.9244444370269775, 1.2222222089767456
1.399999976158142, 1.6799999475479126
1.9244444370269775, 1.2222222089767456
1.3422222137451172, 1.1822222471237183
0.9422222375869751, 0.7333333492279053
1.0, 0.9111111164093018
0.804444432258606, 0.7955555319786072
0.804444432258606, 0.7955555319786072
0.6933333277702332, 0.7688888907432556
0.6933333277702332, 0.7688888907432556
0.6888889074325562, 0.5644444227218628
0.6888889074325562, 0.5644444227218628
0.6888889074325562, 0.5644444227218628
