actor_1,actor_2
1.2577778100967407, 2.0
1.3688888549804688, 1.9377777576446533
1.0800000429153442, 1.795555591583252
1.3866666555404663, 1.2488888502120972
1.5688889026641846, 0.8533333539962769
2.0, 1.1244444847106934
1.7688888311386108, 1.5866667032241821
1.5911110639572144, 1.3377777338027954
1.5911110639572144, 1.3377777338027954
1.4044444561004639, 1.0800000429153442
0.8222222328186035, 1.5866667032241821
0.8222222328186035, 1.5866667032241821
0.7333333492279053, 2.0
0.7333333492279053, 2.0
0.8622221946716309, 2.0
1.0311111211776733, 2.0
0.8622221946716309, 1.8355555534362793
0.8622221946716309, 1.8355555534362793
0.8622221946716309, 1.8355555534362793
1.0800000429153442, 1.795555591583252
1.3866666555404663, 1.2488888502120972
1.5688889026641846, 0.8533333539962769
2.0, 0.20444443821907043
2.0, 0.20444443821907043
2.0, 0.20444443821907043
2.0, 0.41777777671813965
2.0, 0.9155555367469788
2.0, 0.8088889122009277
2.0, 0.8088889122009277
2.0, 0.653333306312561
2.0, 0.653333306312561
2.0, 0.653333306312561
1.4044444561004639, 1.0800000429153442
0.8222222328186035, 1.5866667032241821
0.644444465637207, 1.7200000286102295
0.644444465637207, 1.7200000286102295
0.644444465637207, 1.7200000286102295
0.5244444608688354, 1.0844444036483765
0.5866666436195374, 1.306666612625122
0.5866666436195374, 1.306666612625122
0.6755555272102356, 1.608888864517212
0.804444432258606, 1.399999976158142
0.6977777481079102, 1.244444489479065
0.6977777481079102, 1.244444489479065
0.6977777481079102, 1.244444489479065
0.8622221946716309, 1.8355555534362793
0.8622221946716309, 1.8355555534362793
0.8622221946716309, 1.8355555534362793
0.8622221946716309, 1.8355555534362793
1.306666612625122, 1.484444499015808
1.951111078262329, 0.6399999856948853
2.0, 0.20444443821907043
2.0, 0.20444443821907043
2.0, 0.20444443821907043
2.0, 0.20444443821907043
