actor_1,actor_2
2.0, 1.391111135482788
1.008888840675354, 0.7911111116409302
1.008888840675354, 0.7911111116409302
0.6977777481079102, 0.653333306312561
0.43111109733581543, 0.6088888645172119
0.3955555558204651, 0.4355555474758148
0.4888888895511627, 0.47999998927116394
0.3955555558204651, 0.4355555474758148
0.4888888895511627, 0.47999998927116394
0.3955555558204651, 0.4355555474758148
0.4888888895511627, 0.47999998927116394
