actor_1,actor_2
1.515555500984192, 2.0
1.3688888549804688, 1.7822222709655762
1.057777762413025, 0.8755555748939514
1.5377777814865112, 1.6577777862548828
1.0888888835906982, 0.6755555272102356
1.6266666650772095, 1.3288888931274414
1.551111102104187, 1.3022222518920898
1.3288888931274414, 0.6800000071525574
1.3288888931274414, 0.6800000071525574
1.0, 0.644444465637207
0.8711110949516296, 0.7955555319786072
0.5644444227218628, 0.8799999952316284
0.5644444227218628, 0.8799999952316284
0.4888888895511627, 0.6222222447395325
0.5866666436195374, 0.8577777743339539
0.5866666436195374, 0.8577777743339539
0.7777777910232544, 1.6977777481079102
0.9599999785423279, 1.5333333015441895
0.9599999785423279, 1.3822221755981445
0.7955555319786072, 0.7288888692855835
1.0222222805023193, 1.5866667032241821
0.7955555319786072, 0.7288888692855835
1.1911110877990723, 2.0
0.902222216129303, 1.0311111211776733
0.902222216129303, 1.0311111211776733
0.902222216129303, 1.0311111211776733
0.902222216129303, 1.0311111211776733
0.902222216129303, 1.0311111211776733
0.8355555534362793, 0.5644444227218628
0.8666666746139526, 0.448888897895813
0.8933333158493042, 0.3822222352027893
0.8444444537162781, 0.30666667222976685
0.8444444537162781, 0.30666667222976685
0.9377777576446533, 0.40444445610046387
1.1777777671813965, 0.7022222280502319
0.7822222113609314, 0.4444444477558136
0.8311111330986023, 0.48444443941116333
0.9599999785423279, 0.41777777671813965
0.9733333587646484, 0.5155555605888367
0.8888888955116272, 0.41333332657814026
0.6088888645172119, 0.5733333230018616
0.41333332657814026, 0.6355555653572083
0.41333332657814026, 0.6355555653572083
0.41333332657814026, 0.6355555653572083
0.5288888812065125, 0.9066666960716248
0.5288888812065125, 0.9066666960716248
0.5555555820465088, 1.1111111640930176
0.5822222232818604, 0.9644444584846497
