actor_1,actor_2
1.0133333206176758, 1.8888888359069824
0.5555555820465088, 2.0
0.43111109733581543, 1.515555500984192
0.4533333480358124, 0.8355555534362793
0.4355555474758148, 0.5866666436195374
0.4355555474758148, 0.5866666436195374
0.36444443464279175, 0.4533333480358124
0.5688889026641846, 0.5288888812065125
0.5688889026641846, 0.5288888812065125
0.5688889026641846, 0.5288888812065125
