actor_1,actor_2
1.3200000524520874, 2.0
0.9111111164093018, 2.0
0.7288888692855835, 1.5333333015441895
0.7955555319786072, 1.0755555629730225
0.8666666746139526, 0.9111111164093018
0.8666666746139526, 0.9111111164093018
0.8088889122009277, 0.6844444274902344
1.057777762413025, 0.6311110854148865
1.057777762413025, 0.6311110854148865
1.057777762413025, 0.6311110854148865
1.057777762413025, 0.6311110854148865
1.5777777433395386, 0.8666666746139526
2.0, 1.1155555248260498
2.0, 1.204444408416748
2.0, 1.2355555295944214
1.6399999856948853, 1.1244444847106934
1.6399999856948853, 1.1244444847106934
1.6399999856948853, 1.1244444847106934
1.6399999856948853, 1.1244444847106934
1.3511110544204712, 1.2488888502120972
1.3511110544204712, 1.2488888502120972
1.3511110544204712, 1.2488888502120972
1.2711111307144165, 1.4666666984558105
0.7866666913032532, 1.6666666269302368
0.6622222065925598, 1.7599999904632568
0.6622222065925598, 1.7599999904632568
0.6622222065925598, 1.7599999904632568
0.6622222065925598, 1.7599999904632568
0.6622222065925598, 1.7599999904632568
0.6622222065925598, 1.7599999904632568
0.8666666746139526, 2.0
0.8088889122009277, 1.9733333587646484
0.6222222447395325, 1.8266667127609253
0.5644444227218628, 1.7822222709655762
0.47999998927116394, 1.3377777338027954
0.47999998927116394, 1.3377777338027954
0.47999998927116394, 1.3377777338027954
0.47999998927116394, 1.3377777338027954
0.47999998927116394, 1.3377777338027954
0.5911111235618591, 1.1733332872390747
0.6177777647972107, 0.7066666483879089
0.47111111879348755, 0.47555556893348694
0.47111111879348755, 0.47555556893348694
