actor_1,actor_2
2.0, 2.0
1.755555510520935, 1.195555567741394
1.755555510520935, 1.195555567741394
1.4533333778381348, 0.8488888740539551
1.195555567741394, 0.9511111378669739
1.0755555629730225, 0.746666669845581
1.0755555629730225, 0.746666669845581
1.0755555629730225, 0.746666669845581
