actor_1,actor_2
1.5777777433395386, 2.0
1.9333332777023315, 1.6222221851348877
1.4666666984558105, 2.0
1.8222222328186035, 1.8755555152893066
1.840000033378601, 1.1555556058883667
1.8355555534362793, 1.4444444179534912
1.506666660308838, 1.644444465637207
1.8355555534362793, 1.4444444179534912
1.457777738571167, 1.1822222471237183
1.1466666460037231, 0.804444432258606
1.1377778053283691, 1.0711110830307007
0.9733333587646484, 0.9511111378669739
0.9733333587646484, 0.9511111378669739
0.8622221946716309, 1.0844444036483765
0.8622221946716309, 1.0844444036483765
0.8355555534362793, 0.7777777910232544
0.8355555534362793, 0.7777777910232544
0.8355555534362793, 0.7777777910232544
