actor_1,actor_2
1.3200000524520874, 2.0
1.0222222805023193, 1.6977777481079102
0.8222222328186035, 1.1555556058883667
1.0311111211776733, 0.800000011920929
1.1777777671813965, 0.648888885974884
1.7288888692855835, 1.09333336353302
1.90666663646698, 1.3244444131851196
1.848888874053955, 1.0800000429153442
1.848888874053955, 1.0800000429153442
1.5688889026641846, 0.8799999952316284
1.0444444417953491, 1.2266666889190674
1.0444444417953491, 1.2266666889190674
0.9200000166893005, 1.8844444751739502
0.9200000166893005, 1.8844444751739502
0.9599999785423279, 2.0
0.8444444537162781, 2.0
0.653333306312561, 1.3377777338027954
0.653333306312561, 1.3377777338027954
0.653333306312561, 1.3377777338027954
0.8222222328186035, 1.1555556058883667
1.0311111211776733, 0.800000011920929
1.1777777671813965, 0.648888885974884
1.3200000524520874, 0.4444444477558136
1.3200000524520874, 0.4444444477558136
1.3200000524520874, 0.4444444477558136
2.0, 0.7288888692855835
2.0, 0.8844444155693054
2.0, 0.7644444704055786
2.0, 0.7644444704055786
1.737777829170227, 0.6888889074325562
1.737777829170227, 0.6888889074325562
1.737777829170227, 0.6888889074325562
1.5688889026641846, 0.8799999952316284
1.0444444417953491, 1.2266666889190674
0.7822222113609314, 1.3733333349227905
0.7822222113609314, 1.3733333349227905
0.7822222113609314, 1.3733333349227905
0.742222249507904, 1.2666666507720947
0.8666666746139526, 1.6488889455795288
0.8666666746139526, 1.6488889455795288
0.9111111164093018, 2.0
0.8133333325386047, 1.8799999952316284
0.644444465637207, 1.1911110877990723
0.644444465637207, 1.1911110877990723
0.644444465637207, 1.1911110877990723
0.653333306312561, 1.3377777338027954
0.653333306312561, 1.3377777338027954
0.653333306312561, 1.3377777338027954
0.653333306312561, 1.3377777338027954
0.804444432258606, 0.8311111330986023
1.2088888883590698, 0.5333333611488342
1.3200000524520874, 0.4444444477558136
1.3200000524520874, 0.4444444477558136
1.3200000524520874, 0.4444444477558136
1.3200000524520874, 0.4444444477558136
