actor_1,actor_2
1.7688888311386108, 2.0
1.6355555057525635, 1.6755555868148804
1.4177777767181396, 1.151111125946045
1.9288889169692993, 1.2755556106567383
1.7511111497879028, 1.5911110639572144
1.3688888549804688, 0.9333333373069763
1.306666612625122, 1.262222170829773
0.9644444584846497, 0.7377777695655823
0.9644444584846497, 0.7377777695655823
0.8888888955116272, 0.8266666531562805
0.7911111116409302, 0.5688889026641846
0.7911111116409302, 0.5688889026641846
