{"score": 188.02380000000002, "_timestamp": 1709115354.6416247, "_runtime": 1046.5480337142944, "_step": 0, "_wandb": {"runtime": 1045}}