{"score": 7.0000054668207445, "_timestamp": 1707256885.6671598, "_runtime": 1.8965818881988525, "_step": 0, "_wandb": {"runtime": 0}}