{"score": 177.35029999999998, "_timestamp": 1709054889.0475392, "_runtime": 1923.3571753501892, "_step": 0, "_wandb": {"runtime": 1922}}