{"score": 9.4875, "_timestamp": 1709124735.0223832, "_runtime": 28.49348521232605, "_step": 0, "_wandb": {"runtime": 27}}