{"score": 451.5, "_timestamp": 1708985961.4788744, "_runtime": 328.0105035305023, "_step": 0, "_wandb": {"runtime": 327}}