{"score": 9.31, "_timestamp": 1709111791.416182, "_runtime": 89.70217299461365, "_step": 0, "_wandb": {"runtime": 89}}