{"score": 9.31, "_timestamp": 1709111689.9935226, "_runtime": 67.26383566856384, "_step": 0, "_wandb": {"runtime": 66}}