{"score": 200.04, "_timestamp": 1708994913.2046847, "_runtime": 122.6588876247406, "_step": 0, "_wandb": {"runtime": 121}}