{"score": 9.4345, "_timestamp": 1707332387.1948755, "_runtime": 1242.3267073631287, "_step": 0, "_wandb": {"runtime": 1241}}