actor_1,actor_2
27.80780792236328, 27.20720672607422
24.924924850463867, 26.726726531982422
27.80780792236328, 27.20720672607422
24.924924850463867, 26.726726531982422
26.846847534179688, 26.006006240844727
25.0450439453125, 24.924924850463867
25.52552604675293, 24.564563751220703
25.52552604675293, 24.44444465637207
26.006006240844727, 24.804805755615234
25.645645141601562, 25.165164947509766
25.645645141601562, 25.165164947509766
