actor_1,actor_2
29.72972869873047, 28.528528213500977
24.564563751220703, 27.087087631225586
29.72972869873047, 28.528528213500977
24.564563751220703, 27.087087631225586
27.687686920166016, 27.927928924560547
29.249248504638672, 25.405405044555664
28.168167114257812, 28.528528213500977
29.249248504638672, 25.405405044555664
28.168167114257812, 28.528528213500977
30.090089797973633, 24.924924850463867
28.168167114257812, 28.528528213500977
30.090089797973633, 24.924924850463867
28.168167114257812, 28.528528213500977
30.090089797973633, 24.924924850463867
28.168167114257812, 28.528528213500977
30.090089797973633, 25.645645141601562
28.168167114257812, 28.528528213500977
29.249248504638672, 25.88588523864746
26.36636734008789, 27.687686920166016
29.249248504638672, 25.88588523864746
25.165164947509766, 26.606605529785156
29.249248504638672, 25.88588523864746
25.165164947509766, 26.606605529785156
28.768768310546875, 26.726726531982422
25.165164947509766, 26.606605529785156
28.768768310546875, 26.726726531982422
25.165164947509766, 26.606605529785156
27.087087631225586, 26.96696662902832
24.324323654174805, 26.726726531982422
27.20720672607422, 26.96696662902832
24.324323654174805, 26.726726531982422
26.486486434936523, 27.087087631225586
27.80780792236328, 24.804805755615234
26.486486434936523, 27.087087631225586
27.80780792236328, 24.804805755615234
26.486486434936523, 27.087087631225586
27.567567825317383, 25.405405044555664
25.765766143798828, 26.846847534179688
27.567567825317383, 25.405405044555664
25.765766143798828, 26.846847534179688
26.846847534179688, 25.405405044555664
24.804805755615234, 26.606605529785156
25.765766143798828, 25.645645141601562
24.804805755615234, 26.606605529785156
25.28528594970703, 26.006006240844727
26.606605529785156, 24.804805755615234
25.645645141601562, 26.36636734008789
29.72972869873047, 26.606605529785156
28.528528213500977, 28.288288116455078
27.927928924560547, 28.408409118652344
28.04804801940918, 28.168167114257812
28.88888931274414, 27.327327728271484
28.04804801940918, 28.168167114257812
28.408409118652344, 27.80780792236328
28.04804801940918, 28.168167114257812
28.168167114257812, 27.927928924560547
28.04804801940918, 28.168167114257812
27.80780792236328, 28.04804801940918
29.72972869873047, 27.80780792236328
27.80780792236328, 28.04804801940918
29.249248504638672, 28.288288116455078
27.80780792236328, 28.04804801940918
29.009010314941406, 28.288288116455078
