{"score": 48.80639999999998, "_timestamp": 1709088694.79786, "_runtime": 1766.36678481102, "_step": 0, "_wandb": {"runtime": 1765}}