{"score": 173.581, "_timestamp": 1709121685.1349142, "_runtime": 1990.5855822563171, "_step": 0, "_wandb": {"runtime": 1989}}