{"score": 36.4364, "_timestamp": 1709067106.4540865, "_runtime": 2725.6121854782104, "_step": 0, "_wandb": {"runtime": 2724}}