{"score": 480.99, "_timestamp": 1709009134.6047826, "_runtime": 535.4725024700165, "_step": 0, "_wandb": {"runtime": 534}}