{"score": 37.342800000000004, "_timestamp": 1709089968.0340707, "_runtime": 1263.0893957614899, "_step": 0, "_wandb": {"runtime": 1262}}