{"score": 195.09, "_timestamp": 1709018860.4126203, "_runtime": 148.37508940696716, "_step": 0, "_wandb": {"runtime": 147}}